# dimensionless total lensed [l(l+1)/2pi] C_l's
# for l=2 to 2500, i.e. number of multipoles equal to 2499
#
# -> if you prefer output in CAMB/HealPix/LensPix units/order, set 'format' to 'camb' in input file
# -> if you don't want to see such a header, set 'headers' to 'no' in input file
# -> for CMB lensing (phi), these are C_l^phi-phi for the lensing potential.
#    Remember the conversion factors:
#    C_l^dd (deflection) = l(l+1) C_l^phi-phi
#    C_l^gg (shear/convergence) = 1/4 (l(l+1))^2 C_l^phi-phi
#
# 1:l     2:TT                     3:EE                     4:TE                     5:BB                     6:phiphi                 7:TPhi                   8:Ephi               
    2       1.342967770555e-10       4.099849378479e-15       3.511826292061e-13       1.542228971599e-19       7.971230082395e-09       4.246103965124e-10      -1.822572974679e-12 
    3       1.275631054804e-10       5.499298378775e-15       3.988579831894e-13       3.085070375345e-19       4.828656041361e-09       2.988969076963e-10      -1.417454670335e-12 
    4       1.210849162031e-10       5.009925034675e-15       3.777701749783e-13       5.143140335759e-19       3.319038199327e-09       2.247861614630e-10      -9.647087201217e-13 
    5       1.162447005412e-10       3.533648043526e-15       3.259858771759e-13       7.717242583719e-19       2.453705241180e-09       1.763331478280e-10      -5.713966677759e-13 
    6       1.129681742368e-10       2.070968311739e-15       2.658768968000e-13       1.080837047666e-18       1.900179226085e-09       1.424875342877e-10      -2.688776595077e-13 
    7       1.109272956169e-10       1.125906583944e-15       2.107485894104e-13       1.441769923315e-18       1.520812967163e-09       1.177615302802e-10      -6.296070634619e-14 
    8       1.098298052228e-10       6.930242178266e-16       1.667973167857e-13       1.854657642378e-18       1.247540575218e-09       9.905981425938e-11       5.527451118287e-14 
    9       1.094476397928e-10       5.422289152400e-16       1.359309417290e-13       2.319651065929e-18       1.043146627166e-09       8.454085007439e-11       1.031603737685e-13 
   10       1.095645696216e-10       4.724719139508e-16       1.174492556266e-13       2.836915844041e-18       8.857862539984e-10       7.308751973346e-11       1.019119513602e-13 
   11       1.101486547539e-10       4.040697358600e-16       1.091888587890e-13       3.406630916938e-18       7.562737397992e-10       6.472211405547e-11       7.297621306465e-14 
   12       1.110497582398e-10       3.428817421900e-16       1.083608317925e-13       4.028986836893e-18       6.578230248535e-10       5.698740173961e-11       3.411880578620e-14 
   13       1.121657322821e-10       3.113756870310e-16       1.123023971698e-13       4.704183920980e-18       5.772475816874e-10       5.069240921421e-11      -1.207791993452e-15 
   14       1.134788415885e-10       3.123141184331e-16       1.188941882021e-13       5.432430251004e-18       5.104126588437e-10       4.518823420768e-11      -2.599145852499e-14 
   15       1.150142102906e-10       3.326389563765e-16       1.266191722672e-13       6.213939543585e-18       4.543282292292e-10       4.058706809091e-11      -3.761957159993e-14 
   16       1.166479967490e-10       3.615819304148e-16       1.345297138279e-13       7.048928920110e-18       4.067860844674e-10       3.671802387766e-11      -3.763606400833e-14 
   17       1.184206176575e-10       3.995583595667e-16       1.423032999978e-13       7.937616612761e-18       3.661235972197e-10       3.336983612538e-11      -2.984374785567e-14 
   18       1.202777902205e-10       4.540044950003e-16       1.499768559802e-13       8.880219711525e-18       3.309385242841e-10       3.039634851940e-11      -1.888897478426e-14 
   19       1.222319068191e-10       5.286709788307e-16       1.577709878784e-13       9.876951559389e-18       3.006320004078e-10       2.778548145327e-11      -8.204689903273e-15 
   20       1.242772331346e-10       6.248047637391e-16       1.659480128660e-13       1.092802018333e-17       2.740196891386e-10       2.550181250546e-11      -1.012688285419e-15 
   21       1.264092606170e-10       7.407004191782e-16       1.746096673874e-13       1.203362549072e-17       2.506626860645e-10       2.350612468508e-11       1.823520286716e-15 
   22       1.285953759655e-10       8.733845728907e-16       1.837480862271e-13       1.319395780555e-17       2.299797257719e-10       2.172411195915e-11       5.999193186343e-16 
   23       1.308468601911e-10       1.023222157288e-15       1.931821081077e-13       1.440919620072e-17       2.116796786716e-10       2.012716213491e-11      -3.407357354822e-15 
   24       1.331657512046e-10       1.191343166348e-15       2.026025230923e-13       1.567950675367e-17       1.953304915178e-10       1.868419575120e-11      -8.311421811547e-15 
   25       1.355415735826e-10       1.377501766474e-15       2.116292438984e-13       1.700504166789e-17       1.806998827396e-10       1.739304469594e-11      -1.260057314587e-14 
   26       1.379482561641e-10       1.581103396628e-15       2.198574259528e-13       1.838593803512e-17       1.674912197772e-10       1.624663599811e-11      -1.493973227797e-14 
   27       1.403965291362e-10       1.803174809377e-15       2.271453450209e-13       1.982232038515e-17       1.556292302363e-10       1.522924156845e-11      -1.523465112458e-14 
   28       1.428945779447e-10       2.045398166920e-15       2.334419193893e-13       2.131429631231e-17       1.449632696070e-10       1.430537462141e-11      -1.391079927781e-14 
   29       1.454371398727e-10       2.309561221625e-15       2.387170993334e-13       2.286195665378e-17       1.352258522257e-10       1.343059288094e-11      -1.156985482149e-14 
   30       1.480292078117e-10       2.597034584096e-15       2.429721552171e-13       2.446538450418e-17       1.263586398306e-10       1.260960432006e-11      -8.831122988148e-15 
   31       1.506680893816e-10       2.909097052685e-15       2.462370072474e-13       2.612464753614e-17       1.182917306562e-10       1.185950368075e-11      -6.454942313889e-15 
   32       1.533417659376e-10       3.246992816241e-15       2.485564636734e-13       2.783979817160e-17       1.108925504342e-10       1.119090033581e-11      -5.184046292880e-15 
   33       1.560511562638e-10       3.611661376062e-15       2.499434885166e-13       2.961088662754e-17       1.041176112969e-10       1.059540043901e-11      -4.993876139430e-15 
   34       1.587936890840e-10       4.003899727383e-15       2.504105231452e-13       3.143795111259e-17       9.790370317914e-11       1.005219396037e-11      -5.561766671833e-15 
   35       1.615617670502e-10       4.424467140184e-15       2.499564570756e-13       3.332101960990e-17       9.215456622687e-11       9.537725504849e-12      -6.506415266706e-15 
   36       1.643616449576e-10       4.874229620140e-15       2.484772558496e-13       3.526013057658e-17       8.685323392637e-11       9.050929922028e-12      -7.572497899092e-15 
   37       1.671996319729e-10       5.354057652288e-15       2.458228449086e-13       3.725531867012e-17       8.198130236258e-11       8.596007003600e-12      -8.500584665627e-15 
   38       1.700762203525e-10       5.864783792997e-15       2.418185149140e-13       3.930660895849e-17       7.748503503881e-11       8.175496283368e-12      -8.973394873313e-15 
   39       1.729878465602e-10       6.407175115718e-15       2.363016265539e-13       4.141402346497e-17       7.329427208436e-11       7.789989285892e-12      -8.719851839753e-15 
   40       1.759345567745e-10       6.981847141033e-15       2.292511029960e-13       4.357760407307e-17       6.939480168714e-11       7.437607416739e-12      -7.879169122367e-15 
   41       1.789138127834e-10       7.589315122982e-15       2.206991181473e-13       4.579739702873e-17       6.577523748416e-11       7.114029971661e-12      -6.754554462451e-15 
   42       1.819177839807e-10       8.230010786229e-15       2.106975691084e-13       4.807344710203e-17       6.240546141466e-11       6.812383774589e-12      -5.720442923998e-15 
   43       1.849374836687e-10       8.904361777793e-15       1.992995520471e-13       5.040580101201e-17       5.924744965820e-11       6.525283473700e-12      -5.130385161060e-15 
   44       1.879779034299e-10       9.613071787663e-15       1.864941238775e-13       5.279451831324e-17       5.629549266037e-11       6.252181277031e-12      -4.995838874147e-15 
   45       1.910467550735e-10       1.035691911774e-14       1.722531655150e-13       5.523966437637e-17       5.354587720746e-11       5.993975452809e-12      -5.214731357107e-15 
   46       1.941500447162e-10       1.113667990874e-14       1.565492257071e-13       5.774130800392e-17       5.098482846473e-11       5.750917117979e-12      -5.657704328114e-15 
   47       1.972918667101e-10       1.195312836168e-14       1.393554411030e-13       6.029952190904e-17       4.858773022743e-11       5.522554204750e-12      -6.166456642001e-15 
   48       2.004742062535e-10       1.280694363128e-14       1.206427259683e-13       6.291437967215e-17       4.632654098895e-11       5.307995692430e-12      -6.589369990559e-15 
   49       2.036967622604e-10       1.369839895375e-14       1.003705910712e-13       6.558594447898e-17       4.419633358233e-11       5.106923124937e-12      -6.904128241415e-15 
   50       2.069567205050e-10       1.462758526848e-14       7.849359942338e-14       6.831427803052e-17       4.219489704249e-11       4.918767955924e-12      -7.126815583098e-15 
   51       2.102485400113e-10       1.559449246680e-14       5.496365683568e-14       7.109944407973e-17       4.031484127109e-11       4.742377461861e-12      -7.277890248665e-15 
   52       2.135637474237e-10       1.659900485180e-14       2.972979268385e-14       7.394150873063e-17       3.854323544151e-11       4.575975048650e-12      -7.382429421306e-15 
   53       2.168939891057e-10       1.764101616334e-14       2.744002423160e-15       7.684053025275e-17       3.686556568005e-11       4.417653066936e-12      -7.466339202600e-15 
   54       2.202415821594e-10       1.872081982845e-14      -2.601895643710e-14       7.979652476118e-17       3.527963523220e-11       4.267091402187e-12      -7.543276611805e-15 
   55       2.236113181432e-10       1.983881114821e-14      -5.657665200886e-14       8.280949223261e-17       3.378460841635e-11       4.124211627870e-12      -7.624791507572e-15 
   56       2.270073753434e-10       2.099537697886e-14      -8.894456006483e-14       8.587942608014e-17       3.237682778226e-11       3.988666203726e-12      -7.724141186535e-15 
   57       2.304332497379e-10       2.219089620482e-14      -1.231360291115e-13       8.900631301273e-17       3.104963361774e-11       3.859821109792e-12      -7.856366109149e-15 
   58       2.338916859592e-10       2.342574021181e-14      -1.591622454620e-13       9.219013289470e-17       2.979318345534e-11       3.736738480416e-12      -8.038365625523e-15 
   59       2.373846306698e-10       2.470018816554e-14      -1.970295240615e-13       9.543085200009e-17       2.859710566221e-11       3.618460652586e-12      -8.282674376466e-15 
   60       2.409132368403e-10       2.601414879807e-14      -2.367305255967e-13       9.872840126576e-17       2.745958976114e-11       3.504978782351e-12      -8.576931753459e-15 
   61       2.444777384539e-10       2.736737473325e-14      -2.782509343843e-13       1.020826927307e-16       2.638009190819e-11       3.396458877839e-12      -8.899769997416e-15 
   62       2.480773612985e-10       2.875953963471e-14      -3.215718302671e-13       1.054936253400e-16       2.535660372460e-11       3.292953160389e-12      -9.226559316834e-15 
   63       2.517102546898e-10       3.019023579101e-14      -3.666695630342e-13       1.089610845804e-16       2.438556787402e-11       3.194392916009e-12      -9.529270077192e-15 
   64       2.553734231940e-10       3.165897170076e-14      -4.135156268418e-13       1.124849421162e-16       2.346179363990e-11       3.100581346828e-12      -9.776334990359e-15 
   65       2.590638711888e-10       3.316518736969e-14      -4.620836490726e-13       1.160650678713e-16       2.257985489338e-11       3.011258155136e-12      -9.940123123619e-15 
   66       2.627824716434e-10       3.470830939143e-14      -5.123723593194e-13       1.197013700710e-16       2.173881773861e-11       2.926325249864e-12      -1.002151122665e-14 
   67       2.665307970485e-10       3.628770324956e-14      -5.643872747226e-13       1.233937630544e-16       2.093836614594e-11       2.845656203383e-12      -1.003028521281e-14 
   68       2.703099451669e-10       3.790265475144e-14      -6.181340868186e-13       1.271421555588e-16       2.017736575485e-11       2.769023690862e-12      -9.978061220768e-15 
   69       2.741205046820e-10       3.955236810876e-14      -6.736187349658e-13       1.309464507047e-16       1.945382091671e-11       2.696094348225e-12      -9.878360721866e-15 
   70       2.779625208463e-10       4.123596401815e-14      -7.308474797699e-13       1.348065459783e-16       1.876483173758e-11       2.626423630114e-12      -9.746685627602e-15 
   71       2.818354611297e-10       4.295247774171e-14      -7.898269765101e-13       1.387223332160e-16       1.810655112097e-11       2.559450667841e-12      -9.600593397049e-15 
   72       2.857387102978e-10       4.470093278682e-14      -8.505587826819e-13       1.426937262978e-16       1.747515447953e-11       2.494638227441e-12      -9.456142241730e-15 
   73       2.896732419997e-10       4.648058258414e-14      -9.130214969098e-13       1.467207504182e-16       1.687005982200e-11       2.431935112364e-12      -9.316269880378e-15 
   74       2.936402074567e-10       4.829071194696e-14      -9.771853083298e-13       1.508034700010e-16       1.629125100915e-11       2.371393639730e-12      -9.180309431746e-15 
   75       2.976404125770e-10       5.013056539222e-14      -1.043017205960e-12       1.549419631143e-16       1.573830035134e-11       2.313030606462e-12      -9.047414032574e-15 
   76       3.016742956915e-10       5.199934694710e-14      -1.110480925054e-12       1.591363220859e-16       1.521034877158e-11       2.256825460034e-12      -8.916549070541e-15 
   77       3.057419052897e-10       5.389621995561e-14      -1.179536893448e-12       1.633866541207e-16       1.470608596864e-11       2.202718469212e-12      -8.786484417207e-15 
   78       3.098428777559e-10       5.582030688512e-14      -1.250142177914e-12       1.676930819165e-16       1.422373058008e-11       2.150608894808e-12      -8.655786660964e-15 
   79       3.139764151044e-10       5.777068913301e-14      -1.322250430511e-12       1.720557442803e-16       1.376101034536e-11       2.100353160417e-12      -8.522811339978e-15 
   80       3.181416939685e-10       5.974637393038e-14      -1.395815445746e-12       1.764747988016e-16       1.331571531219e-11       2.051804896005e-12      -8.386287550435e-15 
   81       3.223392233418e-10       6.174618885964e-14      -1.470802661515e-12       1.809504290488e-16       1.288751173817e-11       2.004947101724e-12      -8.247205780453e-15 
   82       3.265696830909e-10       6.376886857934e-14      -1.547179566903e-12       1.854828397532e-16       1.247640846449e-11       1.959779704585e-12      -8.107245284941e-15 
   83       3.308334995881e-10       6.581308530963e-14      -1.624912281780e-12       1.900722555084e-16       1.208220276916e-11       1.916278686666e-12      -7.968213983424e-15 
   84       3.351308314338e-10       6.787744802947e-14      -1.703965570027e-12       1.947189214246e-16       1.170447114205e-11       1.874395031275e-12      -7.832051662907e-15 
   85       3.394615551783e-10       6.996050167393e-14      -1.784302852748e-12       1.994231037828e-16       1.134256005982e-11       1.834053669126e-12      -7.700833180730e-15 
   86       3.438252510441e-10       7.206072633146e-14      -1.865886221490e-12       2.041850906898e-16       1.099557676096e-11       1.795152424500e-12      -7.576771667431e-15 
   87       3.482211886477e-10       7.417653644115e-14      -1.948676451459e-12       2.090051927322e-16       1.066238002074e-11       1.757560961421e-12      -7.462221729603e-15 
   88       3.526483127219e-10       7.630627999000e-14      -2.032633014742e-12       2.138837436310e-16       1.034157092623e-11       1.721119729822e-12      -7.359682652751e-15 
   89       3.571056194247e-10       7.844829172691e-14      -2.117713495628e-12       2.188210665778e-16       1.003181981032e-11       1.685679352150e-12      -7.271179181958e-15 
   90       3.615933840407e-10       8.060106412100e-14      -2.203871702664e-12       2.238173657646e-16       9.732925937173e-12       1.651228161044e-12      -7.196285562009e-15 
   91       3.661121004564e-10       8.276310186686e-14      -2.291059283421e-12       2.288728189652e-16       9.444907824008e-12       1.617782819653e-12      -7.133795992533e-15 
   92       3.706620994086e-10       8.493287026163e-14      -2.379226300219e-12       2.339876104771e-16       9.167677749600e-12       1.585349220475e-12      -7.082313420583e-15 
   93       3.752435400576e-10       8.710879521147e-14      -2.468321234389e-12       2.391619312619e-16       8.901037565352e-12       1.553922037372e-12      -7.040243418820e-15 
   94       3.798564015612e-10       8.928926323813e-14      -2.558290990534e-12       2.443959790856e-16       8.644674506369e-12       1.523484277587e-12      -7.005788063696e-15 
   95       3.845004746479e-10       9.147262148537e-14      -2.649080900786e-12       2.496899586589e-16       8.398157002541e-12       1.494006833768e-12      -6.976939813632e-15 
   96       3.891753531906e-10       9.365717772555e-14      -2.740634729074e-12       2.550440817776e-16       8.160930489621e-12       1.465448035980e-12      -6.951475387204e-15 
   97       3.938804257801e-10       9.584120036608e-14      -2.832894675374e-12       2.604585674631e-16       7.932313220302e-12       1.437753203725e-12      -6.926949641325e-15 
   98       3.986148672987e-10       9.802291845597e-14      -2.925801379981e-12       2.659336421022e-16       7.711492075302e-12       1.410854197963e-12      -6.900689449423e-15 
   99       4.033778669819e-10       1.002005501901e-13      -3.019294582801e-12       2.714695545182e-16       7.497705525110e-12       1.384685894864e-12      -6.870345842272e-15 
  100       4.081693676772e-10       1.023723930152e-13      -3.113315198611e-12       2.770666233145e-16       7.290831139672e-12       1.359239237872e-12      -6.835652898376e-15 
  101       4.129894161283e-10       1.045367463580e-13      -3.207803545025e-12       2.827251965284e-16       7.090873899763e-12       1.334514902753e-12      -6.796907771745e-15 
  102       4.178379303384e-10       1.066918846135e-13      -3.302698725724e-12       2.884456376165e-16       6.897784574110e-12       1.310506806436e-12      -6.754435291982e-15 
  103       4.227146940108e-10       1.088360574971e-13      -3.397938642659e-12       2.942283257762e-16       6.711457798958e-12       1.287201864144e-12      -6.708588609283e-15 
  104       4.276193509886e-10       1.109674903963e-13      -3.493460008247e-12       3.000736562665e-16       6.531730157648e-12       1.264579746527e-12      -6.659749839440e-15 
  105       4.325513996948e-10       1.130843847230e-13      -3.589198357575e-12       3.059820407301e-16       6.358378260186e-12       1.242612636788e-12      -6.608330708841e-15 
  106       4.375101875725e-10       1.151849182650e-13      -3.685088060598e-12       3.119539075138e-16       6.191116822814e-12       1.221264987814e-12      -6.554773199474e-15 
  107       4.424949055248e-10       1.172672455381e-13      -3.781062334342e-12       3.179897019905e-16       6.029596747584e-12       1.200493279310e-12      -6.499550193926e-15 
  108       4.475045823551e-10       1.193294981382e-13      -3.877053255100e-12       3.240898868801e-16       5.873403201931e-12       1.180245774923e-12      -6.443166120392e-15 
  109       4.525380792068e-10       1.213697850930e-13      -3.972991770638e-12       3.302549425713e-16       5.722053698241e-12       1.160462279376e-12      -6.386157597666e-15 
  110       4.575943078821e-10       1.233862389208e-13      -4.068808520301e-12       3.364853784497e-16       5.575104942196e-12       1.141088446692e-12      -6.329004899486e-15 
  111       4.626729294808e-10       1.253771597503e-13      -4.164436388451e-12       3.427817678438e-16       5.432493039544e-12       1.122121307124e-12      -6.271852085791e-15 
  112       4.677737351827e-10       1.273408903894e-13      -4.259808302169e-12       3.491447181735e-16       5.294233437020e-12       1.103569139274e-12      -6.214752094786e-15 
  113       4.728964270411e-10       1.292757730593e-13      -4.354856472463e-12       3.555748607673e-16       5.160315203907e-12       1.085437341120e-12      -6.157752493032e-15 
  114       4.780406146225e-10       1.311801501955e-13      -4.449512414415e-12       3.620728512916e-16       5.030700180589e-12       1.067728330154e-12      -6.100895243981e-15 
  115       4.832058116478e-10       1.330523652493e-13      -4.543706967316e-12       3.686393701804e-16       4.905322127105e-12       1.050441443520e-12      -6.044216476507e-15 
  116       4.883914326318e-10       1.348907634883e-13      -4.637370314808e-12       3.752751230643e-16       4.784085871700e-12       1.033572838151e-12      -5.987746253443e-15 
  117       4.935967895241e-10       1.366936927981e-13      -4.730432005028e-12       3.819808412006e-16       4.666866459380e-12       1.017115390912e-12      -5.931508340109e-15 
  118       4.988210883493e-10       1.384595044833e-13      -4.822820970743e-12       3.887572819023e-16       4.553508300462e-12       1.001058598732e-12      -5.875519972852e-15 
  119       5.040634258472e-10       1.401865540685e-13      -4.914465549496e-12       3.956052289679e-16       4.443824319128e-12       9.853884787482e-13      -5.819791627576e-15 
  120       5.093227861134e-10       1.418732020996e-13      -5.005293503741e-12       4.025254931107e-16       4.337595101977e-12       9.700874684410e-13      -5.764326788274e-15 
  121       5.145980372393e-10       1.435178149449e-13      -5.095232040989e-12       4.095189123885e-16       4.234568046579e-12       9.551343257734e-13      -5.709121715565e-15 
  122       5.198879279529e-10       1.451187655960e-13      -5.184207833945e-12       4.165863526327e-16       4.134456510026e-12       9.405040293296e-13      -5.654165215225e-15 
  123       5.251912453283e-10       1.466744811528e-13      -5.272147771175e-12       4.237286477163e-16       4.037000675614e-12       9.261736103955e-13      -5.599439701747e-15 
  124       5.305073155871e-10       1.481835897460e-13      -5.358981263852e-12       4.309464116707e-16       3.942159884160e-12       9.121406205583e-13      -5.544925020411e-15 
  125       5.358355547661e-10       1.496447920815e-13      -5.444638243203e-12       4.382402056935e-16       3.849940896331e-12       8.984066073818e-13      -5.490594630126e-15 
  126       5.411753107308e-10       1.510568174255e-13      -5.529048479343e-12       4.456105963333e-16       3.760337791476e-12       8.849713198484e-13      -5.436414128734e-15 
  127       5.465258610824e-10       1.524184247725e-13      -5.612141607162e-12       4.530581554463e-16       3.673331601761e-12       8.718326551697e-13      -5.382341031731e-15 
  128       5.518864110659e-10       1.537284040143e-13      -5.693847152213e-12       4.605834601522e-16       3.588889946311e-12       8.589866055959e-13      -5.328324550993e-15 
  129       5.572560914771e-10       1.549855771078e-13      -5.774094556601e-12       4.681870927901e-16       3.506966665348e-12       8.464272052258e-13      -5.274305373491e-15 
  130       5.626339565709e-10       1.561887992441e-13      -5.852813204873e-12       4.758696408754e-16       3.427501454333e-12       8.341464768167e-13      -5.220215440023e-15 
  131       5.680189819684e-10       1.573369600164e-13      -5.929932449900e-12       4.836316970552e-16       3.350419498105e-12       8.221343785944e-13      -5.165977723929e-15 
  132       5.734100625648e-10       1.584289845889e-13      -6.005381638773e-12       4.914738590647e-16       3.275631105018e-12       8.103787510629e-13      -5.111506009816e-15 
  133       5.788060104369e-10       1.594638348646e-13      -6.079090138686e-12       4.993967296836e-16       3.203031341086e-12       7.988652638140e-13      -5.056704672283e-15 
  134       5.842055527507e-10       1.604405106545e-13      -6.150987362826e-12       5.074009166917e-16       3.132499664119e-12       7.875773623380e-13      -5.001468454640e-15 
  135       5.896073296690e-10       1.613580508455e-13      -6.221002796259e-12       5.154870328255e-16       3.063899557862e-12       7.764962148327e-13      -4.945682247632e-15 
  136       5.950098922592e-10       1.622155345689e-13      -6.289066021824e-12       5.236556957344e-16       2.997078166141e-12       7.656006590137e-13      -4.889220868160e-15 
  137       6.004118401360e-10       1.630121213831e-13      -6.355107543071e-12       5.319075453915e-16       2.931898191246e-12       7.548721922947e-13      -4.831985460527e-15 
  138       6.058122548939e-10       1.637471740398e-13      -6.419061294414e-12       5.402432984547e-16       2.868338088923e-12       7.443106377155e-13      -4.774017419792e-15 
  139       6.112103077677e-10       1.644201506957e-13      -6.480862441022e-12       5.486636994740e-16       2.806401596063e-12       7.339200058073e-13      -4.715395892441e-15 
  140       6.166051227273e-10       1.650305684417e-13      -6.540446635730e-12       5.571695040076e-16       2.746086237157e-12       7.237035756945e-13      -4.656202222681e-15 
  141       6.219957752717e-10       1.655780047189e-13      -6.597750049986e-12       5.657614786887e-16       2.687383163225e-12       7.136638739161e-13      -4.596519963621e-15 
  142       6.273812912242e-10       1.660620987344e-13      -6.652709404798e-12       5.744404012926e-16       2.630276990744e-12       7.038026532464e-13      -4.536434888436e-15 
  143       6.327606455266e-10       1.664825528775e-13      -6.705262001681e-12       5.832070608031e-16       2.574745640573e-12       6.941208715163e-13      -4.476035001547e-15 
  144       6.381327610338e-10       1.668391341360e-13      -6.755345753606e-12       5.920622574803e-16       2.520760176884e-12       6.846186704344e-13      -4.415410549790e-15 
  145       6.434965073082e-10       1.671316755119e-13      -6.802899215945e-12       6.010068029267e-16       2.468284646084e-12       6.752953544081e-13      -4.354654033589e-15 
  146       6.488506994145e-10       1.673600774375e-13      -6.847861617419e-12       6.100415201548e-16       2.417275915744e-12       6.661493693649e-13      -4.293860218127e-15 
  147       6.541940967141e-10       1.675243091920e-13      -6.890172891045e-12       6.191672436536e-16       2.367683513530e-12       6.571782815730e-13      -4.233126144524e-15 
  148       6.595254016595e-10       1.676244103167e-13      -6.929773705086e-12       6.283848194557e-16       2.319449466125e-12       6.483787564631e-13      -4.172551141004e-15 
  149       6.648432585894e-10       1.676604920319e-13      -6.966605493992e-12       6.376951052042e-16       2.272508138159e-12       6.397465374488e-13      -4.112236834071e-15 
  150       6.701462525223e-10       1.676327386523e-13      -7.000610489356e-12       6.470989702197e-16       2.226786071135e-12       6.312764247484e-13      -4.052287159679e-15 
  151       6.754329079519e-10       1.675414090035e-13      -7.031731750852e-12       6.565972955671e-16       2.182201822356e-12       6.229622542053e-13      -3.992808374407e-15 
  152       6.807016876412e-10       1.673868378380e-13      -7.059913197192e-12       6.661909741228e-16       2.138665803855e-12       6.147968761098e-13      -3.933909066631e-15 
  153       6.859511050663e-10       1.671694510891e-13      -7.085100172876e-12       6.758808432155e-16       2.096098523093e-12       6.067736459662e-13      -3.875677439270e-15 
  154       6.911800760431e-10       1.668898102496e-13      -7.107241142625e-12       6.856674753651e-16       2.054487551591e-12       5.988910972655e-13      -3.818110758848e-15 
  155       6.963875976334e-10       1.665485748367e-13      -7.126286214163e-12       6.955513681330e-16       2.013835568342e-12       5.911486646282e-13      -3.761179340410e-15 
  156       7.015726368115e-10       1.661464903987e-13      -7.142186649956e-12       7.055330095258e-16       1.974142367087e-12       5.835451975226e-13      -3.704848582942e-15 
  157       7.067341298377e-10       1.656843900019e-13      -7.154894900887e-12       7.156128777187e-16       1.935404788966e-12       5.760789467856e-13      -3.649078864795e-15 
  158       7.118709816314e-10       1.651631957165e-13      -7.164364639933e-12       7.257914407789e-16       1.897616655160e-12       5.687475511446e-13      -3.593825439098e-15 
  159       7.169820651446e-10       1.645839201038e-13      -7.170550795837e-12       7.360691563899e-16       1.860768699539e-12       5.615480237386e-13      -3.539038329180e-15 
  160       7.220662207352e-10       1.639476677021e-13      -7.173409586792e-12       7.464464715739e-16       1.824848501311e-12       5.544767386394e-13      -3.484662223983e-15 
  161       7.271222555404e-10       1.632556365138e-13      -7.172898554109e-12       7.569238224163e-16       1.789840417661e-12       5.475294173734e-13      -3.430636373487e-15 
  162       7.321489428499e-10       1.625091194917e-13      -7.168976595899e-12       7.675016337889e-16       1.755725516408e-12       5.407011154429e-13      -3.376894484120e-15 
  163       7.371450214796e-10       1.617095060256e-13      -7.161604000744e-12       7.781803190733e-16       1.722481508640e-12       5.339862088470e-13      -3.323364614183e-15 
  164       7.421091951444e-10       1.608582834286e-13      -7.150742481379e-12       7.889602798846e-16       1.690082681372e-12       5.273783806034e-13      -3.269969069263e-15 
  165       7.470401318320e-10       1.599570384240e-13      -7.136355208364e-12       7.998419057948e-16       1.658499830182e-12       5.208706072699e-13      -3.216624297653e-15 
  166       7.519364631761e-10       1.590074586316e-13      -7.118406843759e-12       8.108255740566e-16       1.627700191865e-12       5.144551454654e-13      -3.163240785771e-15 
  167       7.567967838298e-10       1.580113340546e-13      -7.096863574807e-12       8.219116493268e-16       1.597647377074e-12       5.081235183913e-13      -3.109722953576e-15 
  168       7.616196508388e-10       1.569705585655e-13      -7.071693147602e-12       8.331004833896e-16       1.568301302972e-12       5.018665023531e-13      -3.055969049989e-15 
  169       7.664035830149e-10       1.558871313932e-13      -7.042864900769e-12       8.443924148808e-16       1.539618125873e-12       4.956741132818e-13      -3.001871048305e-15 
  170       7.711470603093e-10       1.547631586094e-13      -7.010349799141e-12       8.557877690104e-16       1.511550173890e-12       4.895355932549e-13      -2.947314541618e-15 
  171       7.758486228295e-10       1.536008123403e-13      -6.974120432523e-12       8.672868493879e-16       1.484055445728e-12       4.834419870876e-13      -2.892209578116e-15 
  172       7.805071784674e-10       1.524022014738e-13      -6.934150941365e-12       8.788899133098e-16       1.457127136831e-12       4.773941414078e-13      -2.836586271103e-15 
  173       7.851217198400e-10       1.511694929702e-13      -6.890417149394e-12       8.905971938715e-16       1.430766457552e-12       4.713953498298e-13      -2.780506997757e-15 
  174       7.896912267365e-10       1.499049544706e-13      -6.842896631250e-12       9.024089073753e-16       1.404973260502e-12       4.654488200314e-13      -2.724036198330e-15 
  175       7.942146658982e-10       1.486109556111e-13      -6.791568746019e-12       9.143252530211e-16       1.379746012230e-12       4.595576708428e-13      -2.667240397802e-15 
  176       7.986909907981e-10       1.472899693368e-13      -6.736414670767e-12       9.263464125980e-16       1.355081764897e-12       4.537249293353e-13      -2.610188227527e-15 
  177       8.031191414210e-10       1.459445732158e-13      -6.677417434073e-12       9.384725501754e-16       1.330976127952e-12       4.479535279102e-13      -2.552950446890e-15 
  178       8.074980440435e-10       1.445774507536e-13      -6.614561949561e-12       9.507038117947e-16       1.307423239805e-12       4.422463013874e-13      -2.495599964957e-15 
  179       8.118266110137e-10       1.431913927065e-13      -6.547835049441e-12       9.630403251600e-16       1.284415739508e-12       4.366059840946e-13      -2.438211862123e-15 
  180       8.161037405311e-10       1.417892983965e-13      -6.477225518031e-12       9.754821993302e-16       1.261944738431e-12       4.310352069552e-13      -2.380863411772e-15 
  181       8.203283164266e-10       1.403741770245e-13      -6.402724125304e-12       9.880295244096e-16       1.239999791930e-12       4.255364945781e-13      -2.323634101921e-15 
  182       8.244992079422e-10       1.389491489850e-13      -6.324323660409e-12       1.000682371239e-15       1.218568871035e-12       4.201122623457e-13      -2.266605656873e-15 
  183       8.286152695111e-10       1.375174471801e-13      -6.242018965215e-12       1.013440791089e-15       1.197638334116e-12       4.147648135031e-13      -2.209862058875e-15 
  184       8.326753405376e-10       1.360824183332e-13      -6.155806967838e-12       1.026304815349e-15       1.177192898562e-12       4.094963362465e-13      -2.153489569759e-15 
  185       8.366782451768e-10       1.346475243032e-13      -6.065686716178e-12       1.039274455218e-15       1.157215612462e-12       4.043089008125e-13      -2.097576752604e-15 
  186       8.406227921147e-10       1.332163433990e-13      -5.971659411452e-12       1.052349701400e-15       1.137687826272e-12       3.992044565664e-13      -2.042214493381e-15 
  187       8.445077743477e-10       1.317925716929e-13      -5.873728441726e-12       1.065530523790e-15       1.118589164498e-12       3.941848290912e-13      -1.987496022608e-15 
  188       8.483319689631e-10       1.303800243350e-13      -5.771899415452e-12       1.078816871168e-15       1.099897497369e-12       3.892517172761e-13      -1.933516937000e-15 
  189       8.520941369186e-10       1.289826368674e-13      -5.666180194999e-12       1.092208670894e-15       1.081588912515e-12       3.844066904057e-13      -1.880375221121e-15 
  190       8.557930228221e-10       1.276044665380e-13      -5.556580930187e-12       1.105705828590e-15       1.063637686640e-12       3.796511852486e-13      -1.828171269037e-15 
  191       8.594274310184e-10       1.262495630767e-13      -5.443112955979e-12       1.119308193927e-15       1.046021296022e-12       3.749862282069e-13      -1.776987536318e-15 
  192       8.629964606807e-10       1.249215674608e-13      -5.325785323324e-12       1.133015455732e-15       1.028735926763e-12       3.704115845567e-13      -1.726825746387e-15 
  193       8.664992879693e-10       1.236240855141e-13      -5.204608072048e-12       1.146827238397e-15       1.011782076082e-12       3.659265396439e-13      -1.677665004994e-15 
  194       8.699350913409e-10       1.223608166191e-13      -5.079593372910e-12       1.160743134670e-15       9.951596063671e-13       3.615301642992e-13      -1.629481701610e-15 
  195       8.733030515775e-10       1.211355546039e-13      -4.950755557424e-12       1.174762705232e-15       9.788677333321e-13       3.572213110271e-13      -1.582249464416e-15 
  196       8.766023518163e-10       1.199521886295e-13      -4.818111147669e-12       1.188885478281e-15       9.629050141847e-13       3.529986101956e-13      -1.535939115309e-15 
  197       8.798321775794e-10       1.188147040763e-13      -4.681678886112e-12       1.203110949111e-15       9.472693357891e-13       3.488604662244e-13      -1.490518624892e-15 
  198       8.829917168030e-10       1.177271834311e-13      -4.541479765424e-12       1.217438579691e-15       9.319579028313e-13       3.448050537748e-13      -1.445953067475e-15 
  199       8.860801598675e-10       1.166938071740e-13      -4.397537058292e-12       1.231867798246e-15       9.169672259827e-13       3.408303139384e-13      -1.402204576068e-15 
  200       8.890966996267e-10       1.157188546656e-13      -4.249876347244e-12       1.246397998840e-15       9.022931100646e-13       3.369339504262e-13      -1.359232297386e-15 
  201       8.920405314374e-10       1.148067050335e-13      -4.098525554458e-12       1.261028540951e-15       8.879306422125e-13       3.331134257579e-13      -1.316992346836e-15 
  202       8.949108531892e-10       1.139618380594e-13      -3.943514971584e-12       1.275758749058e-15       8.738741800403e-13       3.293659574509e-13      -1.275437763521e-15 
  203       8.977068653340e-10       1.131888350660e-13      -3.784877289559e-12       1.290587912214e-15       8.601173398047e-13       3.256885142092e-13      -1.234518465237e-15 
  204       9.004277709153e-10       1.124923798040e-13      -3.622647628426e-12       1.305515283632e-15       8.466529845694e-13       3.220778121128e-13      -1.194181203466e-15 
  205       9.030727755983e-10       1.118772593389e-13      -3.456863567147e-12       1.320540080265e-15       8.334732123692e-13       3.185303108069e-13      -1.154369518375e-15 
  206       9.056410876993e-10       1.113483649377e-13      -3.287565173423e-12       1.335661482381e-15       8.205693443748e-13       3.150422096904e-13      -1.115023693816e-15 
  207       9.081319182148e-10       1.109106929565e-13      -3.114795033511e-12       1.350878633151e-15       8.079319130563e-13       3.116094441057e-13      -1.076080712317e-15 
  208       9.105444808520e-10       1.105693457265e-13      -2.938598282039e-12       1.366190638223e-15       7.955506503484e-13       3.082276815273e-13      -1.037474210086e-15 
  209       9.128779920574e-10       1.103295324415e-13      -2.759022631826e-12       1.381596565306e-15       7.834144758137e-13       3.048923177512e-13      -9.991344320030e-16 
  210       9.151316710472e-10       1.101965700449e-13      -2.576118403694e-12       1.397095443747e-15       7.715114848077e-13       3.015984730839e-13      -9.609881866182e-16 
  211       9.173047398364e-10       1.101758841160e-13      -2.389938556290e-12       1.412686264118e-15       7.598289366429e-13       2.983409885315e-13      -9.229588011508e-16 
  212       9.193964232686e-10       1.102730097577e-13      -2.200538715901e-12       1.428367977787e-15       7.483532427530e-13       2.951144219886e-13      -8.849660764844e-16 
  213       9.214060022634e-10       1.104933435675e-13      -2.007974386207e-12       1.444139516162e-15       7.370725800820e-13       2.919141339671e-13      -8.469429635373e-16 
  214       9.233329774978e-10       1.108413790816e-13      -1.812292306080e-12       1.459999850716e-15       7.259849521239e-13       2.887396342456e-13      -8.088869384416e-16 
  215       9.251769168403e-10       1.113214213908e-13      -1.613538565527e-12       1.475947936204e-15       7.150906496219e-13       2.855914539578e-13      -7.708120113478e-16 
  216       9.269374032952e-10       1.119378316459e-13      -1.411761395566e-12       1.491982691003e-15       7.043896693732e-13       2.824700754282e-13      -7.327323158854e-16 
  217       9.286140351725e-10       1.126950272892e-13      -1.207011190613e-12       1.508102996750e-15       6.938817093043e-13       2.793759312293e-13      -6.946621081817e-16 
  218       9.302064262572e-10       1.135974822860e-13      -9.993405308756e-13       1.524307697969e-15       6.835661635470e-13       2.763094032393e-13      -6.566157658789e-16 
  219       9.317142059792e-10       1.146497273562e-13      -7.888042047483e-13       1.540595601703e-15       6.734421175134e-13       2.732708216997e-13      -6.186077871530e-16 
  220       9.331370195830e-10       1.158563502063e-13      -5.754592312025e-13       1.556965477150e-15       6.635083429717e-13       2.702604642721e-13      -5.806527897314e-16 
  221       9.344745282972e-10       1.172219957603e-13      -3.593648821806e-13       1.573416055291e-15       6.537632931216e-13       2.672785550963e-13      -5.427655099111e-16 
  222       9.357264095046e-10       1.187513663922e-13      -1.405827049886e-13       1.589946028525e-15       6.442050976697e-13       2.643252638474e-13      -5.049608015770e-16 
  223       9.368923569113e-10       1.204492221569e-13       8.082345531120e-14       1.606554050300e-15       6.348315579050e-13       2.614007047934e-13      -4.672536352194e-16 
  224       9.379720807169e-10       1.223203810219e-13       3.047874335073e-13       1.623238734743e-15       6.256401417748e-13       2.585049358525e-13      -4.296590969529e-16 
  225       9.389653077840e-10       1.243697190994e-13       5.312407218461e-13       1.639998656298e-15       6.166279789594e-13       2.556379576507e-13      -3.921923875336e-16 
  226       9.398717818079e-10       1.266021708774e-13       7.601124476396e-13       1.656832349349e-15       6.077918559484e-13       2.527997125789e-13      -3.548688213778e-16 
  227       9.406912634860e-10       1.290227294514e-13       9.913293508721e-13       1.673738307863e-15       5.991282111155e-13       2.499900838510e-13      -3.177038255799e-16 
  228       9.414235306881e-10       1.316364467564e-13       1.224815761807e-12       1.690714985011e-15       5.906331297948e-13       2.472088945605e-13      -2.807129389304e-16 
  229       9.420683786256e-10       1.344484337980e-13       1.460493578597e-12       1.707760792809e-15       5.823023393553e-13       2.444559067389e-13      -2.439118109338e-16 
  230       9.426256200212e-10       1.374638608842e-13       1.698282244885e-12       1.724874101745e-15       5.741312042773e-13       2.417308204120e-13      -2.073162008273e-16 
  231       9.430950852791e-10       1.406879578572e-13       1.938098727418e-12       1.742053240414e-15       5.661147212273e-13       2.390332726585e-13      -1.709419765980e-16 
  232       9.434766226538e-10       1.441260143246e-13       2.179857493651e-12       1.759296495147e-15       5.582475141337e-13       2.363628366666e-13      -1.348051140017e-16 
  233       9.437700984207e-10       1.477833798917e-13       2.423470489354e-12       1.776602109646e-15       5.505238292625e-13       2.337190207918e-13      -9.892169558074e-17 
  234       9.439753970453e-10       1.516654643922e-13       2.668847116222e-12       1.793968284613e-15       5.429375302922e-13       2.311012676144e-13      -6.330790968190e-17 
  235       9.440924213528e-10       1.557777381205e-13       2.915894209477e-12       1.811393177388e-15       5.354820933900e-13       2.285089529968e-13      -2.798004947465e-17 
  236       9.441210926980e-10       1.601257320632e-13       3.164516015482e-12       1.828874901573e-15       5.281506022868e-13       2.259413851408e-13       7.045488030786e-18 
  237       9.440613511352e-10       1.647150381305e-13       3.414614169340e-12       1.846411526670e-15       5.209357433530e-13       2.233978036454e-13       4.175220296540e-17 
  238       9.439131749116e-10       1.695509483594e-13       3.666092757837e-12       1.864001146964e-15       5.138311935803e-13       2.208775802649e-13       7.612565397702e-17 
  239       9.436766399083e-10       1.746373477893e-13       3.918873894890e-12       1.881642093569e-15       5.068358880185e-13       2.183808366283e-13       1.101600856298e-16 
  240       9.433518641301e-10       1.799777549619e-13       4.172883046283e-12       1.899332734514e-15       4.999500013245e-13       2.159078621159e-13       1.438522044202e-16 
  241       9.429389889141e-10       1.855756763906e-13       4.428044017603e-12       1.917071406428e-15       4.931735761326e-13       2.134589150093e-13       1.771990600037e-16 
  242       9.424381791400e-10       1.914346060299e-13       4.684278942578e-12       1.934856414316e-15       4.865065210689e-13       2.110342219749e-13       2.101980507347e-16 
  243       9.418496234410e-10       1.975580247460e-13       4.941508271412e-12       1.952686031335e-15       4.799486087650e-13       2.086339775466e-13       2.428469292060e-16 
  244       9.411735344139e-10       2.039493997860e-13       5.199650759119e-12       1.970558498578e-15       4.734994738722e-13       2.062583436089e-13       2.751438077881e-16 
  245       9.404101488299e-10       2.106121842487e-13       5.458623453860e-12       1.988472024845e-15       4.671586110755e-13       2.039074488796e-13       3.070871641694e-16 
  246       9.395597278445e-10       2.175498165539e-13       5.718341685279e-12       2.006424786428e-15       4.609253731074e-13       2.015813883933e-13       3.386758468949e-16 
  247       9.386225572087e-10       2.247657199129e-13       5.978719052834e-12       2.024414926885e-15       4.547989687622e-13       1.992802229837e-13       3.699090809065e-16 
  248       9.375989474787e-10       2.322633017981e-13       6.239667414137e-12       2.042440556818e-15       4.487784609097e-13       1.970039787669e-13       4.007864730821e-16 
  249       9.364892342269e-10       2.400459534130e-13       6.501096873289e-12       2.060499753656e-15       4.428627645097e-13       1.947526466244e-13       4.313080177753e-16 
  250       9.352937782521e-10       2.481170491624e-13       6.762915769212e-12       2.078590561426e-15       4.370506446255e-13       1.925261816859e-13       4.614741023550e-16 
  251       9.340129657902e-10       2.564799461224e-13       7.025030663989e-12       2.096710990537e-15       4.313407144380e-13       1.903245028123e-13       4.912855127452e-16 
  252       9.326472087241e-10       2.651379835100e-13       7.287346331195e-12       2.114859017556e-15       4.257314332600e-13       1.881474920788e-13       5.207434389638e-16 
  253       9.311969447949e-10       2.740944821535e-13       7.549765744235e-12       2.133032584984e-15       4.202211045499e-13       1.859949942575e-13       5.498494806630e-16 
  254       9.296626378118e-10       2.833527439620e-13       7.812190064678e-12       2.151229601040e-15       4.148078739260e-13       1.838668163010e-13       5.786056526685e-16 
  255       9.280447778627e-10       2.929160513961e-13       8.074518630594e-12       2.169447939433e-15       4.094897271802e-13       1.817627268244e-13       6.070143905188e-16 
  256       9.263438815248e-10       3.027876669369e-13       8.336648944887e-12       2.187685439143e-15       4.042644882922e-13       1.796824555893e-13       6.350785560054e-16 
  257       9.245604920749e-10       3.129708325571e-13       8.598476663634e-12       2.205939904200e-15       3.991298174435e-13       1.776256929859e-13       6.628014427116e-16 
  258       9.226951796998e-10       3.234687691898e-13       8.859895584416e-12       2.224209103461e-15       3.940832090313e-13       1.755920895166e-13       6.901867815528e-16 
  259       9.207485417071e-10       3.342846761996e-13       9.120797634658e-12       2.242490770388e-15       3.891219896826e-13       1.735812552785e-13       7.172387463155e-16 
  260       9.187212027353e-10       3.454217308516e-13       9.381072859958e-12       2.260782602827e-15       3.842433162683e-13       1.715927594465e-13       7.439619591971e-16 
  261       9.166138149641e-10       3.568830877821e-13       9.640609412429e-12       2.279082262785e-15       3.794441739170e-13       1.696261297564e-13       7.703614963454e-16 
  262       9.144270583255e-10       3.686718784682e-13       9.899293539032e-12       2.297387376210e-15       3.747213740292e-13       1.676808519877e-13       7.964428933981e-16 
  263       9.121616407138e-10       3.807912106977e-13       1.015700956991e-11       2.315695532766e-15       3.700715522912e-13       1.657563694467e-13       8.222121510228e-16 
  264       9.098182981959e-10       3.932441680396e-13       1.041363990672e-11       2.334004285616e-15       3.654911666890e-13       1.638520824490e-13       8.476757404557e-16 
  265       9.073977952221e-10       4.060338093134e-13       1.066906501099e-11       2.352311151196e-15       3.609764955227e-13       1.619673478032e-13       8.728406090420e-16 
  266       9.049008994060e-10       4.191628021918e-13       1.092317048154e-11       2.370613739618e-15       3.565243335085e-13       1.601016202335e-13       8.977124649199e-16 
  267       9.023283039133e-10       4.326323030604e-13       1.117586873670e-11       2.388910154170e-15       3.521341260485e-13       1.582548862222e-13       9.222905164847e-16 
  268       8.996807012679e-10       4.464430153003e-13       1.142707848681e-11       2.407198613080e-15       3.478059469931e-13       1.564272527196e-13       9.465724580432e-16 
  269       8.969588085696e-10       4.605955485365e-13       1.167671775140e-11       2.425477320843e-15       3.435398101849e-13       1.546188070499e-13       9.705561675678e-16 
  270       8.941633676617e-10       4.750904174900e-13       1.192470385955e-11       2.443744468217e-15       3.393356686519e-13       1.528296166334e-13       9.942397093290e-16 
  271       8.912951452985e-10       4.899280408292e-13       1.217095345016e-11       2.461998232230e-15       3.351934138012e-13       1.510597287096e-13       1.017621336528e-15 
  272       8.883549333127e-10       5.051087400221e-13       1.241538247228e-11       2.480236776169e-15       3.311128746124e-13       1.493091700595e-13       1.040699493926e-15 
  273       8.853435487829e-10       5.206327381879e-13       1.265790618539e-11       2.498458249587e-15       3.270938168314e-13       1.475779467291e-13       1.063472820480e-15 
  274       8.822618342011e-10       5.365001589488e-13       1.289843915980e-11       2.516660788298e-15       3.231359421634e-13       1.458660437515e-13       1.085940151972e-15 
  275       8.791106576401e-10       5.527110252818e-13       1.313689527685e-11       2.534842514375e-15       3.192388874670e-13       1.441734248701e-13       1.108100523643e-15 
  276       8.758909129213e-10       5.692652583706e-13       1.337318772933e-11       2.553001536152e-15       3.154022239472e-13       1.425000322612e-13       1.129953172823e-15 
  277       8.726035197817e-10       5.861626764573e-13       1.360722902169e-11       2.571135948221e-15       3.116254563492e-13       1.408457862569e-13       1.151497541562e-15 
  278       8.692494240419e-10       6.034029936941e-13       1.383893097045e-11       2.589243831430e-15       3.079080221519e-13       1.392105850677e-13       1.172733279267e-15 
  279       8.658295977731e-10       6.209858189955e-13       1.406820470445e-11       2.607323252886e-15       3.042492907614e-13       1.375943045055e-13       1.193660245330e-15 
  280       8.623450394650e-10       6.389106548895e-13       1.429496066519e-11       2.625372265948e-15       3.006485627042e-13       1.359967977061e-13       1.214278511758e-15 
  281       8.587967741931e-10       6.571768963699e-13       1.451910860712e-11       2.643388910230e-15       2.971050688214e-13       1.344178948524e-13       1.234588365810e-15 
  282       8.551858537861e-10       6.757838297480e-13       1.474055759800e-11       2.661371211598e-15       2.936179694615e-13       1.328574028968e-13       1.254590312628e-15 
  283       8.515133569934e-10       6.947306315040e-13       1.495921601916e-11       2.679317182172e-15       2.901863536742e-13       1.313151052841e-13       1.274285077864e-15 
  284       8.477803896530e-10       7.140163671396e-13       1.517499156582e-11       2.697224820319e-15       2.868092384041e-13       1.297907616742e-13       1.293673610320e-15 
  285       8.439880848583e-10       7.336399900288e-13       1.538779124747e-11       2.715092110659e-15       2.834855676839e-13       1.282841076653e-13       1.312757084570e-15 
  286       8.401376031261e-10       7.536003402705e-13       1.559752138808e-11       2.732917024057e-15       2.802142118281e-13       1.267948545160e-13       1.331536903603e-15 
  287       8.362301325640e-10       7.738961435401e-13       1.580408762651e-11       2.750697517629e-15       2.769939666264e-13       1.253226888687e-13       1.350014701447e-15 
  288       8.322668890377e-10       7.945260099410e-13       1.600739491673e-11       2.768431534732e-15       2.738235525374e-13       1.238672724720e-13       1.368192345803e-15 
  289       8.282491163386e-10       8.154884328567e-13       1.620734752824e-11       2.786117004974e-15       2.707016138818e-13       1.224282419035e-13       1.386071940679e-15 
  290       8.241780863513e-10       8.367817878025e-13       1.640384904627e-11       2.803751844201e-15       2.676267180362e-13       1.210052082930e-13       1.403655829019e-15 
  291       8.200550992212e-10       8.584043312773e-13       1.659680237219e-11       2.821333954506e-15       2.645973546266e-13       1.195977570445e-13       1.420946595337e-15 
  292       8.158814835217e-10       8.803541996155e-13       1.678610972376e-11       2.838861224222e-15       2.616119347216e-13       1.182054475600e-13       1.437947068349e-15 
  293       8.116585964219e-10       9.026294078385e-13       1.697167263548e-11       2.856331527922e-15       2.586687900264e-13       1.168278129611e-13       1.454660323604e-15 
  294       8.073878238541e-10       9.252278485070e-13       1.715339195889e-11       2.873742726420e-15       2.557661720757e-13       1.154643598131e-13       1.471089686115e-15 
  295       8.030705806811e-10       9.481472905723e-13       1.733116786285e-11       2.891092666767e-15       2.529022514279e-13       1.141145678464e-13       1.487238732994e-15 
  296       7.987083108639e-10       9.713853782284e-13       1.750489983393e-11       2.908379182251e-15       2.500751168580e-13       1.127778896805e-13       1.503111296081e-15 
  297       7.943024135906e-10       9.949394846189e-13       1.767449433321e-11       2.925600255149e-15       2.472831301192e-13       1.114538661514e-13       1.518710727927e-15 
  298       7.898540173404e-10       1.018806267436e-12       1.783988817876e-11       2.942754513749e-15       2.445260109937e-13       1.101424790794e-13       1.534037654775e-15 
  299       7.853641951407e-10       1.042982089433e-12       1.800102630281e-11       2.959840759533e-15       2.418038035224e-13       1.088438151443e-13       1.549092119259e-15 
  300       7.808340376805e-10       1.067463160280e-12       1.815785420843e-11       2.976857806831e-15       2.391165248775e-13       1.075579517089e-13       1.563874308816e-15 
  301       7.762646533779e-10       1.092245535221e-12       1.831031798030e-11       2.993804483035e-15       2.364641650381e-13       1.062849566983e-13       1.578384557322e-15 
  302       7.716571684466e-10       1.117325113722e-12       1.845836429533e-11       3.010679628823e-15       2.338466864657e-13       1.050248884794e-13       1.592623346721e-15 
  303       7.670127269636e-10       1.142697638134e-12       1.860194043341e-11       3.027482098376e-15       2.312640237802e-13       1.037777957408e-13       1.606591308660e-15 
  304       7.623324909358e-10       1.168358692344e-12       1.874099428808e-11       3.044210759598e-15       2.287160834350e-13       1.025437173716e-13       1.620289226125e-15 
  305       7.576176403676e-10       1.194303700430e-12       1.887547437721e-11       3.060864494337e-15       2.262027433929e-13       1.013226823419e-13       1.633718035071e-15 
  306       7.528693733274e-10       1.220527925318e-12       1.900532985374e-11       3.077442198601e-15       2.237238528017e-13       1.001147095814e-13       1.646878826054e-15 
  307       7.480889060153e-10       1.247026467433e-12       1.913051051632e-11       3.093942782783e-15       2.212792316697e-13       9.891980785942e-14       1.659772845868e-15 
  308       7.432774728299e-10       1.273794263358e-12       1.925096682004e-11       3.110365171874e-15       2.188686705413e-13       9.773797566435e-14       1.672401499176e-15 
  309       7.384363264352e-10       1.300826084489e-12       1.936664988713e-11       3.126708305689e-15       2.164919301729e-13       9.656920108311e-14       1.684766350144e-15 
  310       7.335667378282e-10       1.328116535687e-12       1.947751151761e-11       3.142971139082e-15       2.141487412078e-13       9.541346168073e-14       1.696869124072e-15 
  311       7.286699964057e-10       1.355660053934e-12       1.958350420003e-11       3.159152642167e-15       2.118388038528e-13       9.427072437984e-14       1.708711709030e-15 
  312       7.237474100313e-10       1.383450906991e-12       1.968458112215e-11       3.175251800539e-15       2.095617875529e-13       9.314094534018e-14       1.720296157491e-15 
  313       7.188003051028e-10       1.411483192049e-12       1.978069618163e-11       3.191267615492e-15       2.073173306674e-13       9.202406983816e-14       1.731624687962e-15 
  314       7.138300266191e-10       1.439750834385e-12       1.987180399672e-11       3.207199104236e-15       2.051050401454e-13       9.092003214638e-14       1.742699686619e-15 
  315       7.088379382473e-10       1.468247586019e-12       1.995785991697e-11       3.223045300123e-15       2.029244912014e-13       8.982875541314e-14       1.753523708939e-15 
  316       7.038254223899e-10       1.496967024368e-12       2.003882003391e-11       3.238805252862e-15       2.007752269908e-13       8.875015154194e-14       1.764099481334e-15 
  317       6.987938802519e-10       1.525902550899e-12       2.011464119175e-11       3.254478028738e-15       1.986567582858e-13       8.768412107106e-14       1.774429902786e-15 
  318       6.937447319078e-10       1.555047389787e-12       2.018528099808e-11       3.270062710834e-15       1.965685631505e-13       8.663055305303e-14       1.784518046474e-15 
  319       6.886794163687e-10       1.584394586569e-12       2.025069783454e-11       3.285558399249e-15       1.945100866172e-13       8.558932493420e-14       1.794367161416e-15 
  320       6.835993916497e-10       1.613937006797e-12       2.031085086756e-11       3.300964211319e-15       1.924807403612e-13       8.456030243422e-14       1.803980674095e-15 
  321       6.785061348364e-10       1.643667334695e-12       2.036570005900e-11       3.316279281836e-15       1.904799023771e-13       8.354333942559e-14       1.813362190094e-15 
  322       6.734011421527e-10       1.673578071816e-12       2.041520617689e-11       3.331502763265e-15       1.885069166540e-13       8.253827781318e-14       1.822515495733e-15 
  323       6.682859290275e-10       1.703661535692e-12       2.045933080610e-11       3.346633825968e-15       1.865610928514e-13       8.154494741374e-14       1.831444559697e-15 
  324       6.631620301616e-10       1.733909858493e-12       2.049803635904e-11       3.361671658421e-15       1.846417059745e-13       8.056316583546e-14       1.840153534672e-15 
  325       6.580309995955e-10       1.764314985681e-12       2.053128608635e-11       3.376615467433e-15       1.827479960498e-13       7.959273835744e-14       1.848646758976e-15 
  326       6.528944107758e-10       1.794868674663e-12       2.055904408761e-11       3.391464478366e-15       1.808791678011e-13       7.863345780926e-14       1.856928758196e-15 
  327       6.477538566225e-10       1.825562493450e-12       2.058127532202e-11       3.406217935357e-15       1.790343903247e-13       7.768510445047e-14       1.865004246818e-15 
  328       6.426109495966e-10       1.856387819309e-12       2.059794561908e-11       3.420875101534e-15       1.772127967653e-13       7.674744585013e-14       1.872878129860e-15 
  329       6.374673217663e-10       1.887335837417e-12       2.060902168933e-11       3.435435259238e-15       1.754134839913e-13       7.582023676636e-14       1.880555504509e-15 
  330       6.323246248749e-10       1.918397539521e-12       2.061447113499e-11       3.449897710241e-15       1.736355122707e-13       7.490321902579e-14       1.888041661748e-15 
  331       6.271845304075e-10       1.949563722586e-12       2.061426246071e-11       3.464261775966e-15       1.718779049464e-13       7.399612140316e-14       1.895342087996e-15 
  332       6.220486203004e-10       1.980825395924e-12       2.060836978144e-11       3.478526903104e-15       1.701398286076e-13       7.309871095653e-14       1.902461317889e-15 
  333       6.169180536650e-10       2.012175024931e-12       2.059678715132e-11       3.492692985110e-15       1.684211429495e-13       7.221094975371e-14       1.909399434012e-15 
  334       6.117938856518e-10       2.043605338992e-12       2.057951488100e-11       3.506760055160e-15       1.667218742740e-13       7.133284474946e-14       1.916155417619e-15 
  335       6.066771754443e-10       2.075108927008e-12       2.055655491259e-11       3.520728182365e-15       1.650420370303e-13       7.046439688226e-14       1.922728284084e-15 
  336       6.015689862079e-10       2.106678236499e-12       2.052791083543e-11       3.534597472092e-15       1.633816336868e-13       6.960560100975e-14       1.929117083289e-15 
  337       5.964703850384e-10       2.138305572698e-12       2.049358790185e-11       3.548368066306e-15       1.617406546023e-13       6.875644584402e-14       1.935320900011e-15 
  338       5.913824429098e-10       2.169983097650e-12       2.045359304304e-11       3.562040143902e-15       1.601190778977e-13       6.791691388706e-14       1.941338854305e-15 
  339       5.863062346234e-10       2.201702829314e-12       2.040793488476e-11       3.575613921039e-15       1.585168693273e-13       6.708698136609e-14       1.947170101893e-15 
  340       5.812428387558e-10       2.233456640658e-12       2.035662376320e-11       3.589089651471e-15       1.569339821508e-13       6.626661816896e-14       1.952813834550e-15 
  341       5.761933376072e-10       2.265236258756e-12       2.029967174071e-11       3.602467626887e-15       1.553703570042e-13       6.545578777951e-14       1.958269280489e-15 
  342       5.711588171502e-10       2.297033263892e-12       2.023709262164e-11       3.615748177240e-15       1.538259217718e-13       6.465444721294e-14       1.963535704748e-15 
  343       5.661403669779e-10       2.328839088653e-12       2.016890196815e-11       3.628931671080e-15       1.523005914575e-13       6.386254695120e-14       1.968612409577e-15 
  344       5.611390802525e-10       2.360645017028e-12       2.009511711591e-11       3.642018515896e-15       1.507942680562e-13       6.308003087837e-14       1.973498734821e-15 
  345       5.561560536534e-10       2.392442183511e-12       2.001575719002e-11       3.655009158438e-15       1.493068404257e-13       6.230683621600e-14       1.978194058309e-15 
  346       5.511923873260e-10       2.424221572193e-12       1.993084312068e-11       3.667904085062e-15       1.478381841579e-13       6.154289345852e-14       1.982697796243e-15 
  347       5.462491848299e-10       2.455974015865e-12       1.984039765907e-11       3.680703822058e-15       1.463881614505e-13       6.078812630860e-14       1.987009403575e-15 
  348       5.413275530871e-10       2.487690195114e-12       1.974444539312e-11       3.693408935984e-15       1.449566209782e-13       6.004245161254e-14       1.991128374405e-15 
  349       5.364286023308e-10       2.519360637422e-12       1.964301276327e-11       3.706020034002e-15       1.435433977647e-13       5.930577929560e-14       1.995054242356e-15 
  350       5.315534460535e-10       2.550975716265e-12       1.953612807831e-11       3.718537764212e-15       1.421483130538e-13       5.857801229745e-14       1.998786580970e-15 
  351       5.267032009557e-10       2.582525650210e-12       1.942382153114e-11       3.730962815983e-15       1.407711741813e-13       5.785904650747e-14       2.002325004086e-15 
  352       5.218789868939e-10       2.614000502017e-12       1.930612521459e-11       3.743295920292e-15       1.394117744460e-13       5.714877070016e-14       2.005669166232e-15 
  353       5.170819268293e-10       2.645390177729e-12       1.918307313717e-11       3.755537850052e-15       1.380698929819e-13       5.644706647053e-14       2.008818763008e-15 
  354       5.123131467763e-10       2.676684425782e-12       1.905470123892e-11       3.767689420451e-15       1.367452946290e-13       5.575380816942e-14       2.011773531475e-15 
  355       5.075737757503e-10       2.707872836094e-12       1.892104740714e-11       3.779751489283e-15       1.354377298054e-13       5.506886283895e-14       2.014533250537e-15 
  356       5.028649457171e-10       2.738944839166e-12       1.878215149226e-11       3.791724957283e-15       1.341469343785e-13       5.439209014784e-14       2.017097741331e-15 
  357       4.981877915403e-10       2.769889705183e-12       1.863805532354e-11       3.803610768461e-15       1.328726295366e-13       5.372334232678e-14       2.019466867612e-15 
  358       4.935434509302e-10       2.800696543110e-12       1.848880272495e-11       3.815409910435e-15       1.316145216603e-13       5.306246410386e-14       2.021640536139e-15 
  359       4.889330643924e-10       2.831354299790e-12       1.833443953091e-11       3.827123414768e-15       1.303723021945e-13       5.240929263988e-14       2.023618697062e-15 
  360       4.843577751756e-10       2.861851759044e-12       1.817501360208e-11       3.838752357298e-15       1.291456475192e-13       5.176365746378e-14       2.025401344305e-15 
  361       4.798187292206e-10       2.892177540767e-12       1.801057484120e-11       3.850297858472e-15       1.279342188215e-13       5.112538040797e-14       2.026988515957e-15 
  362       4.753170751084e-10       2.922320100029e-12       1.784117520884e-11       3.861761083685e-15       1.267376619670e-13       5.049427554372e-14       2.028380294655e-15 
  363       4.708539640085e-10       2.952267726173e-12       1.766686873921e-11       3.873143243608e-15       1.255556073714e-13       4.987014911656e-14       2.029576807972e-15 
  364       4.664305496276e-10       2.982008541911e-12       1.748771155593e-11       3.884445594526e-15       1.243876698719e-13       4.925279948161e-14       2.030578228801e-15 
  365       4.620479881580e-10       3.011530502424e-12       1.730376188786e-11       3.895669438670e-15       1.232334485986e-13       4.864201703900e-14       2.031384775744e-15 
  366       4.577074382255e-10       3.040821394462e-12       1.711508008487e-11       3.906816124551e-15       1.220925268464e-13       4.803758416921e-14       2.031996713496e-15 
  367       4.534100608384e-10       3.069868835439e-12       1.692172863365e-11       3.917887047295e-15       1.209644719462e-13       4.743927516846e-14       2.032414353230e-15 
  368       4.491570193357e-10       3.098660272533e-12       1.672377217346e-11       3.928883648975e-15       1.198488351364e-13       4.684685618408e-14       2.032638052989e-15 
  369       4.449494793353e-10       3.127182981786e-12       1.652127751198e-11       3.939807418949e-15       1.187451514347e-13       4.626008514989e-14       2.032668218066e-15 
  370       4.407886086828e-10       3.155424067200e-12       1.631431364106e-11       3.950659894189e-15       1.176529395093e-13       4.567871172158e-14       2.032505301392e-15 
  371       4.366754838255e-10       3.183371502369e-12       1.610294913041e-11       3.961442590474e-15       1.165717881992e-13       4.510252569326e-14       2.032149869496e-15 
  372       4.326108050036e-10       3.211017302142e-12       1.588724416385e-11       3.972156792307e-15       1.155016200674e-13       4.453150446732e-14       2.031602802430e-15 
  373       4.285951698216e-10       3.238354473208e-12       1.566725822265e-11       3.982803755441e-15       1.144424379007e-13       4.396567122411e-14       2.030865102420e-15 
  374       4.246291656846e-10       3.265375982762e-12       1.544305269298e-11       3.993384775549e-15       1.133942389390e-13       4.340504693883e-14       2.029937829436e-15 
  375       4.207133696654e-10       3.292074758512e-12       1.521469087943e-11       4.003901188500e-15       1.123570148214e-13       4.284965035912e-14       2.028822101640e-15 
  376       4.168483483713e-10       3.318443688681e-12       1.498223801853e-11       4.014354370633e-15       1.113307515339e-13       4.229949798254e-14       2.027519095825e-15 
  377       4.130346578115e-10       3.344475622012e-12       1.474576129228e-11       4.024745739029e-15       1.103154293556e-13       4.175460403409e-14       2.026030047864e-15 
  378       4.092728432638e-10       3.370163367775e-12       1.450532984163e-11       4.035076751790e-15       1.093110228060e-13       4.121498044380e-14       2.024356253146e-15 
  379       4.055634391417e-10       3.395499695769e-12       1.426101478000e-11       4.045348908305e-15       1.083175005914e-13       4.068063682420e-14       2.022499067024e-15 
  380       4.019069688617e-10       3.420477336331e-12       1.401288920681e-11       4.055563749532e-15       1.073348255522e-13       4.015158044787e-14       2.020459905260e-15 
  381       3.983039447100e-10       3.445088980336e-12       1.376102822100e-11       4.065722858264e-15       1.063629546098e-13       3.962781622498e-14       2.018240244462e-15 
  382       3.947548677100e-10       3.469327279205e-12       1.350550893449e-11       4.075827859410e-15       1.054018387129e-13       3.910934668079e-14       2.015841622530e-15 
  383       3.912602274887e-10       3.493184844909e-12       1.324641048577e-11       4.085880420264e-15       1.044514227847e-13       3.859617193320e-14       2.013265639104e-15 
  384       3.878205021442e-10       3.516654249972e-12       1.298381405334e-11       4.095882250780e-15       1.035116456702e-13       3.808828967029e-14       2.010513955999e-15 
  385       3.844361581127e-10       3.539728027482e-12       1.271780286928e-11       4.105835103847e-15       1.025824400821e-13       3.758569512780e-14       2.007588297654e-15 
  386       3.811076500354e-10       3.562398671086e-12       1.244846223271e-11       4.115740775561e-15       1.016637325486e-13       3.708838106673e-14       2.004490451573e-15 
  387       3.778354206257e-10       3.584658635003e-12       1.217587952336e-11       4.125601105503e-15       1.007554433595e-13       3.659633775080e-14       2.001222268768e-15 
  388       3.746199005362e-10       3.606500334028e-12       1.190014421504e-11       4.135417977006e-15       9.985748651360e-14       3.610955292401e-14       1.997785664206e-15 
  389       3.714615082253e-10       3.627916143531e-12       1.162134788916e-11       4.145193317434e-15       9.896976966538e-14       3.562801178820e-14       1.994182617244e-15 
  390       3.683606498252e-10       3.648898399469e-12       1.133958424828e-11       4.154929098455e-15       9.809219407177e-14       3.515169698051e-14       1.990415172082e-15 
  391       3.653177190080e-10       3.669439398385e-12       1.105494912955e-11       4.164627336313e-15       9.722465453907e-14       3.468058855095e-14       1.986485438198e-15 
  392       3.623330968532e-10       3.689531397418e-12       1.076754051831e-11       4.174290092104e-15       9.636703936986e-14       3.421466393994e-14       1.982395590798e-15 
  393       3.594071517148e-10       3.709166614303e-12       1.047745856152e-11       4.183919472049e-15       9.551923030977e-14       3.375389795580e-14       1.978147871254e-15 
  394       3.565402390880e-10       3.728337227381e-12       1.018480558133e-11       4.193517627768e-15       9.468110249443e-14       3.329826275233e-14       1.973744587549e-15 
  395       3.537327014765e-10       3.747035375597e-12       9.889686088592e-12       4.203086756552e-15       9.385252439626e-14       3.284772780628e-14       1.969188114721e-15 
  396       3.509848682596e-10       3.765253158513e-12       9.592206796322e-12       4.212629101639e-15       9.303335777135e-14       3.240225989493e-14       1.964480895305e-15 
  397       3.482970555590e-10       3.782982636306e-12       9.292476633267e-12       4.222146952488e-15       9.222345760634e-14       3.196182307357e-14       1.959625439779e-15 
  398       3.456695661061e-10       3.800215829775e-12       8.990606757394e-12       4.231642645053e-15       9.142267206523e-14       3.152637865308e-14       1.954624327003e-15 
  399       3.431026891087e-10       3.816944720350e-12       8.686710569404e-12       4.241118562053e-15       9.063084243630e-14       3.109588517742e-14       1.949480204664e-15 
  400       3.405967001185e-10       3.833161250089e-12       8.380903726252e-12       4.250577133252e-15       8.984780307892e-14       3.067029840119e-14       1.944195789721e-15 
  401       3.381518608977e-10       3.848857321689e-12       8.073304154650e-12       4.260020835726e-15       8.907338137044e-14       3.024957126712e-14       1.938773868846e-15 
  402       3.357684192864e-10       3.864024798489e-12       7.764032064590e-12       4.269452194144e-15       8.830739765303e-14       2.983365388363e-14       1.933217298868e-15 
  403       3.334466090692e-10       3.878655504474e-12       7.453209962850e-12       4.278873781037e-15       8.754966518052e-14       2.942249350235e-14       1.927529007216e-15 
  404       3.311866498429e-10       3.892741224281e-12       7.140962666510e-12       4.288288217071e-15       8.679999006533e-14       2.901603449563e-14       1.921711992362e-15 
  405       3.289887468828e-10       3.906273703203e-12       6.827417316463e-12       4.297698171326e-15       8.605817122525e-14       2.861421833412e-14       1.915769324265e-15 
  406       3.268530910103e-10       3.919244647194e-12       6.512703390931e-12       4.307106361565e-15       8.532400033034e-14       2.821698356424e-14       1.909704144815e-15 
  407       3.247798584598e-10       3.931645722875e-12       6.196952718975e-12       4.316515554510e-15       8.459726174978e-14       2.782426578573e-14       1.903519668274e-15 
  408       3.227692107454e-10       3.943468557536e-12       5.880299494008e-12       4.325928566117e-15       8.387773249873e-14       2.743599762920e-14       1.897219181719e-15 
  409       3.208212945286e-10       3.954704739146e-12       5.562880287310e-12       4.335348261844e-15       8.316518218518e-14       2.705210873362e-14       1.890806045488e-15 
  410       3.189362169706e-10       3.965346951725e-12       5.244823877010e-12       4.344777308758e-15       8.245941302815e-14       2.667253847679e-14       1.884283222259e-15 
  411       3.171139711010e-10       3.975392425782e-12       4.926220310556e-12       4.354217421585e-15       8.176038158227e-14       2.629727470928e-14       1.877651845015e-15 
  412       3.153545075449e-10       3.984839610099e-12       4.607150773033e-12       4.363670090492e-15       8.106808122008e-14       2.592631634820e-14       1.870912599228e-15 
  413       3.136577586482e-10       3.993687048206e-12       4.287697678954e-12       4.373136826944e-15       8.038250242563e-14       2.555966073491e-14       1.864066189748e-15 
  414       3.120236383272e-10       4.001933379196e-12       3.967944678520e-12       4.382619163802e-15       7.970363276986e-14       2.519730362161e-14       1.857113340914e-15 
  415       3.104520419181e-10       4.009577338537e-12       3.647976663883e-12       4.392118655422e-15       7.903145688600e-14       2.483923915796e-14       1.850054796656e-15 
  416       3.089428460268e-10       4.016617758885e-12       3.327879775404e-12       4.401636877751e-15       7.836595644495e-14       2.448545987768e-14       1.842891320606e-15 
  417       3.074959083782e-10       4.023053570902e-12       3.007741407913e-12       4.411175428420e-15       7.770711013073e-14       2.413595668515e-14       1.835623696205e-15 
  418       3.061110676660e-10       4.028883804060e-12       2.687650216971e-12       4.420735926851e-15       7.705489361577e-14       2.379071884207e-14       1.828252726811e-15 
  419       3.047881434024e-10       4.034107587465e-12       2.367696125128e-12       4.430320014343e-15       7.640927953643e-14       2.344973395399e-14       1.820779235803e-15 
  420       3.035269357672e-10       4.038724150662e-12       2.047970328186e-12       4.439929354175e-15       7.577023746829e-14       2.311298795700e-14       1.813204066696e-15 
  421       3.023272254579e-10       4.042732824454e-12       1.728565301457e-12       4.449565631705e-15       7.513773390161e-14       2.278046510429e-14       1.805528083241e-15 
  422       3.011887735389e-10       4.046133041712e-12       1.409574806025e-12       4.459230554462e-15       7.451173221669e-14       2.245214795278e-14       1.797752169534e-15 
  423       3.001113212915e-10       4.048924338189e-12       1.091093895004e-12       4.468925852245e-15       7.389219265928e-14       2.212801734973e-14       1.789877230129e-15 
  424       2.990945900629e-10       4.051106353335e-12       7.732189198017e-13       4.478653277221e-15       7.327907231597e-14       2.180805241934e-14       1.781904190139e-15 
  425       2.981382811166e-10       4.052678831108e-12       4.560475363766e-13       4.488414604023e-15       7.267232508959e-14       2.149223054938e-14       1.773833995347e-15 
  426       2.972420754810e-10       4.053641620789e-12       1.396787114999e-13       4.498211629844e-15       7.207190167459e-14       2.118052737775e-14       1.765667612311e-15 
  427       2.964056337998e-10       4.053994677796e-12      -1.757872709846e-13       4.508046174537e-15       7.147774953245e-14       2.087291677918e-14       1.757406028477e-15 
  428       2.956285961812e-10       4.053738064495e-12      -4.902488039001e-13       4.517920080709e-15       7.088981286707e-14       2.056937085176e-14       1.749050252280e-15 
  429       2.949105820477e-10       4.052871951014e-12      -8.036029504766e-13       4.527835213823e-15       7.030803260016e-14       2.026985990357e-14       1.740601313254e-15 
  430       2.942511899853e-10       4.051396616059e-12      -1.115745438091e-12       4.537793462290e-15       6.973234634665e-14       1.997435243931e-14       1.732060262142e-15 
  431       2.936499975934e-10       4.049312447724e-12      -1.426570652005e-12       4.547796737569e-15       6.916268839006e-14       1.968281514690e-14       1.723428171000e-15 
  432       2.931065613345e-10       4.046619944306e-12      -1.735971629108e-12       4.557846974262e-15       6.859898965792e-14       1.939521288409e-14       1.714706133305e-15 
  433       2.926204163835e-10       4.043319715118e-12      -2.043840051655e-12       4.567946130215e-15       6.804117769713e-14       1.911150866507e-14       1.705895264067e-15 
  434       2.921910764772e-10       4.039412481304e-12      -2.350066241004e-12       4.578096186611e-15       6.748917664940e-14       1.883166364706e-14       1.696996699930e-15 
  435       2.918180337643e-10       4.034899076647e-12      -2.654539151360e-12       4.588299148068e-15       6.694290722660e-14       1.855563711698e-14       1.688011599284e-15 
  436       2.915007586547e-10       4.029780448391e-12      -2.957146363514e-12       4.598557042738e-15       6.640228668621e-14       1.828338647798e-14       1.678941142370e-15 
  437       2.912386996692e-10       4.024057658046e-12      -3.257774078578e-12       4.608871922402e-15       6.586722880664e-14       1.801486723610e-14       1.669786531390e-15 
  438       2.910312832888e-10       4.017731882206e-12      -3.556307111731e-12       4.619245862568e-15       6.533764386270e-14       1.775003298690e-14       1.660548990614e-15 
  439       2.908779138047e-10       4.010804413362e-12      -3.852628885955e-12       4.629680962570e-15       6.481343860093e-14       1.748883540201e-14       1.651229766486e-15 
  440       2.907779731677e-10       4.003276660714e-12      -4.146621425775e-12       4.640179345661e-15       6.429451621504e-14       1.723122421577e-14       1.641830127730e-15 
  441       2.907308208377e-10       3.995150150985e-12      -4.438165351000e-12       4.650743159111e-15       6.378077632129e-14       1.697714721187e-14       1.632351365464e-15 
  442       2.907357936334e-10       3.986426529235e-12      -4.727139870462e-12       4.661374574310e-15       6.327211493388e-14       1.672655020991e-14       1.622794793302e-15 
  443       2.907922055818e-10       3.977107559672e-12      -5.013422775756e-12       4.672075786855e-15       6.276842444035e-14       1.647937705204e-14       1.613161747462e-15 
  444       2.908993477678e-10       3.967195126470e-12      -5.296890434979e-12       4.682849016657e-15       6.226959357697e-14       1.623556958955e-14       1.603453586875e-15 
  445       2.910564881840e-10       3.956691234577e-12      -5.577417786470e-12       4.693696508032e-15       6.177550740414e-14       1.599506766952e-14       1.593671693294e-15 
  446       2.912628715798e-10       3.945598010531e-12      -5.854878332551e-12       4.704620529799e-15       6.128604728179e-14       1.575780912137e-14       1.583817471397e-15 
  447       2.915177193117e-10       3.933917703275e-12      -6.129144133263e-12       4.715623375378e-15       6.080109084474e-14       1.552372974354e-14       1.573892348899e-15 
  448       2.918202291920e-10       3.921652684967e-12      -6.400085800111e-12       4.726707362889e-15       6.032051197815e-14       1.529276329004e-14       1.563897776658e-15 
  449       2.921696311213e-10       3.908805992498e-12      -6.667585711688e-12       4.737874535514e-15       5.984420213402e-14       1.506485213076e-14       1.553835244948e-15 
  450       2.925653562718e-10       3.895382969685e-12      -6.931578144242e-12       4.749125751723e-15       5.937213509058e-14       1.483997963948e-14       1.543706332651e-15 
  451       2.930068730841e-10       3.881389679833e-12      -7.192010427806e-12       4.760461565793e-15       5.890430424073e-14       1.461813882789e-14       1.533512659868e-15 
  452       2.934936318632e-10       3.866832370972e-12      -7.448829843305e-12       4.771882524793e-15       5.844070142848e-14       1.439932175966e-14       1.523255872016e-15 
  453       2.940250646610e-10       3.851717476989e-12      -7.701983624147e-12       4.783389168509e-15       5.798131693698e-14       1.418351954338e-14       1.512937639945e-15 
  454       2.946005851594e-10       3.836051618762e-12      -7.951418957812e-12       4.794982029357e-15       5.752613947665e-14       1.397072232551e-14       1.502559660053e-15 
  455       2.952195885526e-10       3.819841605298e-12      -8.197082987448e-12       4.806661632307e-15       5.707515617317e-14       1.376091928334e-14       1.492123654403e-15 
  456       2.958814514301e-10       3.803094434863e-12      -8.438922813463e-12       4.818428494800e-15       5.662835255563e-14       1.355409861791e-14       1.481631370844e-15 
  457       2.965855316591e-10       3.785817296119e-12      -8.676885495113e-12       4.830283126665e-15       5.618571254454e-14       1.335024754699e-14       1.471084583125e-15 
  458       2.973311682676e-10       3.768017569258e-12      -8.910918052102e-12       4.842226030042e-15       5.574721843991e-14       1.314935229803e-14       1.460485091012e-15 
  459       2.981176813270e-10       3.749702827138e-12      -9.140967466168e-12       4.854257699300e-15       5.531285090936e-14       1.295139810107e-14       1.449834720406e-15 
  460       2.989443718345e-10       3.730880836414e-12      -9.366980682678e-12       4.866378620952e-15       5.488258897614e-14       1.275636918175e-14       1.439135323460e-15 
  461       2.998105215962e-10       3.711559558676e-12      -9.588904612218e-12       4.878589273582e-15       5.445641000721e-14       1.256424875420e-14       1.428388778698e-15 
  462       3.007153931096e-10       3.691747151580e-12      -9.806686132191e-12       4.890890127756e-15       5.403428970134e-14       1.237501901404e-14       1.417596991127e-15 
  463       3.016582294466e-10       3.671451969987e-12      -1.002027208840e-11       4.903281645947e-15       5.361620207715e-14       1.218866113129e-14       1.406761892361e-15 
  464       3.026382541357e-10       3.650682567093e-12      -1.022960929666e-11       4.915764282449e-15       5.320211946117e-14       1.200515524334e-14       1.395885440732e-15 
  465       3.036546710453e-10       3.629447695567e-12      -1.043464454435e-11       4.928338483302e-15       5.279201247594e-14       1.182448044789e-14       1.384969621412e-15 
  466       3.047066642658e-10       3.607756308684e-12      -1.063532459205e-11       4.941004686206e-15       5.238585002807e-14       1.164661479593e-14       1.374016446526e-15 
  467       3.057933979930e-10       3.585617561458e-12      -1.083159617512e-11       4.953763320443e-15       5.198359929630e-14       1.147153528464e-14       1.363027955273e-15 
  468       3.069140164102e-10       3.563040811779e-12      -1.102340600528e-11       4.966614806793e-15       5.158522571956e-14       1.129921785037e-14       1.352006214039e-15 
  469       3.080676435712e-10       3.540035621547e-12      -1.121070077220e-11       4.979559557458e-15       5.119069298508e-14       1.112963736158e-14       1.340953316520e-15 
  470       3.092533832832e-10       3.516611757804e-12      -1.139342714512e-11       4.992597975976e-15       5.079996301642e-14       1.096276761180e-14       1.329871383832e-15 
  471       3.104703189890e-10       3.492779193873e-12      -1.157153177442e-11       5.005730457145e-15       5.041299596154e-14       1.079858131258e-14       1.318762564633e-15 
  472       3.117175136502e-10       3.468548110489e-12      -1.174496129319e-11       5.018957386936e-15       5.002975018090e-14       1.063705008642e-14       1.307629035239e-15 
  473       3.129940096297e-10       3.443928896934e-12      -1.191366231890e-11       5.032279142418e-15       4.965018223550e-14       1.047814445972e-14       1.296472999742e-15 
  474       3.142988285744e-10       3.418932152172e-12      -1.207758145489e-11       5.045696091674e-15       4.927424687497e-14       1.032183385578e-14       1.285296690125e-15 
  475       3.156309712981e-10       3.393568685984e-12      -1.223666529205e-11       5.059208593721e-15       4.890189702562e-14       1.016808658768e-14       1.274102366381e-15 
  476       3.169894176637e-10       3.367849520101e-12      -1.239086041035e-11       5.072816998429e-15       4.853308377852e-14       1.001686985126e-14       1.262892316628e-15 
  477       3.183731264667e-10       3.341785889341e-12      -1.254011338049e-11       5.086521646437e-15       4.816775637757e-14       9.868149718088e-15       1.251668857230e-15 
  478       3.197810353174e-10       3.315389242741e-12      -1.268437076543e-11       5.100322869080e-15       4.780586220758e-14       9.721891128378e-15       1.240434332911e-15 
  479       3.212120605234e-10       3.288671244692e-12      -1.282357912203e-11       5.114220988299e-15       4.744734678231e-14       9.578057883960e-15       1.229191116871e-15 
  480       3.226650969731e-10       3.261643776075e-12      -1.295768500261e-11       5.128216316566e-15       4.709215373257e-14       9.436612641218e-15       1.217941610908e-15 
  481       3.241390180176e-10       3.234318935393e-12      -1.308663495659e-11       5.142309156801e-15       4.674022479426e-14       9.297516904048e-15       1.206688245531e-15 
  482       3.256326753539e-10       3.206709039909e-12      -1.321037553201e-11       5.156499802290e-15       4.639149979646e-14       9.160731016802e-15       1.195433480078e-15 
  483       3.271448989074e-10       3.178826626776e-12      -1.332885327720e-11       5.170788536609e-15       4.604591664952e-14       9.026214157239e-15       1.184179802834e-15 
  484       3.286744967148e-10       3.150684454176e-12      -1.344201474230e-11       5.185175633535e-15       4.570341133306e-14       8.893924329477e-15       1.172929731148e-15 
  485       3.302202548064e-10       3.122295502451e-12      -1.354980648091e-11       5.199661356972e-15       4.536391788412e-14       8.763818356938e-15       1.161685811550e-15 
  486       3.317809370896e-10       3.093672975240e-12      -1.365217505166e-11       5.214245960869e-15       4.502736838518e-14       8.635851875302e-15       1.150450619867e-15 
  487       3.333552852306e-10       3.064830300612e-12      -1.374906701979e-11       5.228929689134e-15       4.469369295224e-14       8.509979325453e-15       1.139226761342e-15 
  488       3.349421330272e-10       3.035780594644e-12      -1.384043896753e-11       5.243712591608e-15       4.436283111289e-14       8.386159544942e-15       1.128016455555e-15 
  489       3.365407535119e-10       3.006535032264e-12      -1.392628785017e-11       5.258593966091e-15       4.403476633786e-14       8.264372740025e-15       1.116820277342e-15 
  490       3.381505219627e-10       2.977104430088e-12      -1.400662154783e-11       5.273572899521e-15       4.370949251513e-14       8.144604005575e-15       1.105638378581e-15 
  491       3.397708022896e-10       2.947499780448e-12      -1.408144894517e-11       5.288648450255e-15       4.338700264684e-14       8.026837768083e-15       1.094470899902e-15 
  492       3.414009469746e-10       2.917732252255e-12      -1.415077993797e-11       5.303819647890e-15       4.306728884309e-14       7.911057781422e-15       1.083317970597e-15 
  493       3.430402970127e-10       2.887813191863e-12      -1.421462543977e-11       5.319085493094e-15       4.275034231568e-14       7.797247122614e-15       1.072179708526e-15 
  494       3.446881818516e-10       2.857754123937e-12      -1.427299738849e-11       5.334444957429e-15       4.243615337199e-14       7.685388187594e-15       1.061056220028e-15 
  495       3.463439193320e-10       2.827566752312e-12      -1.432590875305e-11       5.349896983180e-15       4.212471140872e-14       7.575462686974e-15       1.049947599827e-15 
  496       3.480068156283e-10       2.797262960860e-12      -1.437337354003e-11       5.365440483183e-15       4.181600490569e-14       7.467451641810e-15       1.038853930943e-15 
  497       3.496761651884e-10       2.766854814353e-12      -1.441540680024e-11       5.381074340646e-15       4.151002141965e-14       7.361335379365e-15       1.027775284596e-15 
  498       3.513512506745e-10       2.736354559328e-12      -1.445202463540e-11       5.396797408980e-15       4.120674757810e-14       7.257093528872e-15       1.016711720121e-15 
  499       3.530313429027e-10       2.705774624953e-12      -1.448324420473e-11       5.412608511626e-15       4.090616907304e-14       7.154705017303e-15       1.005663284869e-15 
  500       3.547157007841e-10       2.675127623887e-12      -1.450908373158e-11       5.428506441880e-15       4.060827065479e-14       7.054148065134e-15       9.946300141213e-16 
  501       3.564035712645e-10       2.644426353146e-12      -1.452956251006e-11       5.444489962718e-15       4.031303612580e-14       6.955400182104e-15       9.836119309942e-16 
  502       3.580941892648e-10       2.613683794968e-12      -1.454470091169e-11       5.460557806627e-15       4.002044833443e-14       6.858438162986e-15       9.726090463490e-16 
  503       3.597867776213e-10       2.582913117679e-12      -1.455452039197e-11       5.476708675427e-15       3.973048916875e-14       6.763238083348e-15       9.616213587002e-16 
  504       3.614805470264e-10       2.552127676552e-12      -1.455904349707e-11       5.492941240099e-15       3.944313955033e-14       6.669775295321e-15       9.506488541233e-16 
  505       3.631746959681e-10       2.521341014674e-12      -1.455829387039e-11       5.509254140615e-15       3.915837942805e-14       6.578024423362e-15       9.396915061637e-16 
  506       3.648684106709e-10       2.490566863812e-12      -1.455229625924e-11       5.525645985759e-15       3.887618777190e-14       6.487959360017e-15       9.287492757449e-16 
  507       3.665608650360e-10       2.459819145274e-12      -1.454107652144e-11       5.542115352958e-15       3.859654256675e-14       6.399553261691e-15       9.178221110770e-16 
  508       3.682512205813e-10       2.429111970776e-12      -1.452466163195e-11       5.558660788106e-15       3.831942080620e-14       6.312778544407e-15       9.069099475645e-16 
  509       3.699386263819e-10       2.398459643303e-12      -1.450307968948e-11       5.575280805391e-15       3.804479848630e-14       6.227606879574e-15       8.960127077155e-16 
  510       3.716222190104e-10       2.367876657976e-12      -1.447635992316e-11       5.591973887124e-15       3.777265059943e-14       6.144009189754e-15       8.851303010495e-16 
  511       3.733011224772e-10       2.337377702915e-12      -1.444453269911e-11       5.608738483563e-15       3.750295112803e-14       6.061955644422e-15       8.742626240059e-16 
  512       3.749744481707e-10       2.306977660102e-12      -1.440762952710e-11       5.625573012738e-15       3.723567303844e-14       5.981415655732e-15       8.634095598523e-16 
  513       3.766412947976e-10       2.276691606249e-12      -1.436568306717e-11       5.642475860282e-15       3.697078827467e-14       5.902357874286e-15       8.525709785932e-16 
  514       3.783007483231e-10       2.246534813658e-12      -1.431872713624e-11       5.659445379256e-15       3.670826775221e-14       5.824750184893e-15       8.417467368777e-16 
  515       3.799518819115e-10       2.216522751086e-12      -1.426679671475e-11       5.676479889973e-15       3.644808135183e-14       5.748559702340e-15       8.309366779087e-16 
  516       3.815937558661e-10       2.186671084612e-12      -1.420992795331e-11       5.693577679828e-15       3.619019791337e-14       5.673752767150e-15       8.201406313506e-16 
  517       3.832254175699e-10       2.156995678497e-12      -1.414815817925e-11       5.710737003122e-15       3.593458522955e-14       5.600294941351e-15       8.093584132379e-16 
  518       3.848459014253e-10       2.127512596052e-12      -1.408152590334e-11       5.727956080892e-15       3.568121003974e-14       5.528151004243e-15       7.985898258837e-16 
  519       3.864542287950e-10       2.098238100500e-12      -1.401007082633e-11       5.745233100732e-15       3.543003802378e-14       5.457284948158e-15       7.878346577877e-16 
  520       3.880494079420e-10       2.069188655840e-12      -1.393383384565e-11       5.762566216627e-15       3.518103379577e-14       5.387659974225e-15       7.770926835451e-16 
  521       3.896304339699e-10       2.040380927713e-12      -1.385285706198e-11       5.779953548772e-15       3.493416089787e-14       5.319238488141e-15       7.663636637545e-16 
  522       3.911962887632e-10       2.011831784264e-12      -1.376718378588e-11       5.797393183403e-15       3.468938179410e-14       5.251982095928e-15       7.556473449262e-16 
  523       3.927459409274e-10       1.983558297008e-12      -1.367685854447e-11       5.814883172623e-15       3.444665786410e-14       5.185851599703e-15       7.449434593913e-16 
  524       3.942783457298e-10       1.955577741692e-12      -1.358192708799e-11       5.832421534230e-15       3.420594939701e-14       5.120806993441e-15       7.342517252091e-16 
  525       3.957924450393e-10       1.927907599164e-12      -1.348243639645e-11       5.850006251539e-15       3.396721558517e-14       5.056807458741e-15       7.235718460761e-16 
  526       3.972871672668e-10       1.900565556229e-12      -1.337843468627e-11       5.867635273212e-15       3.373041451799e-14       4.993811360588e-15       7.129035112342e-16 
  527       3.987615528801e-10       1.873567996163e-12      -1.326997317447e-11       5.885306556157e-15       3.349550978815e-14       4.931784101231e-15       7.022465566991e-16 
  528       4.002151348803e-10       1.846925422646e-12      -1.315711141143e-11       5.903018195868e-15       3.326249052352e-14       4.870721928848e-15       6.916014540266e-16 
  529       4.016475687146e-10       1.820646911159e-12      -1.303991210848e-11       5.920768299341e-15       3.303135189621e-14       4.810628778020e-15       6.809688348630e-16 
  530       4.030585076470e-10       1.794741608123e-12      -1.291843940100e-11       5.938554942174e-15       3.280208855681e-14       4.751508470250e-15       6.703493308245e-16 
  531       4.044476027521e-10       1.769218731114e-12      -1.279275885577e-11       5.956376168412e-15       3.257469463107e-14       4.693364713112e-15       6.597435734744e-16 
  532       4.058145029102e-10       1.744087569074e-12      -1.266293747841e-11       5.974229990392e-15       3.234916371654e-14       4.636201099411e-15       6.491521943017e-16 
  533       4.071588548015e-10       1.719357482522e-12      -1.252904372072e-11       5.992114388588e-15       3.212548887919e-14       4.580021106334e-15       6.385758246984e-16 
  534       4.084803029002e-10       1.695037903773e-12      -1.239114748807e-11       6.010027311456e-15       3.190366265009e-14       4.524828094603e-15       6.280150959382e-16 
  535       4.097784894695e-10       1.671138337144e-12      -1.224932014683e-11       6.027966675280e-15       3.168367702206e-14       4.470625307629e-15       6.174706391536e-16 
  536       4.110530545559e-10       1.647668359170e-12      -1.210363453165e-11       6.045930364016e-15       3.146552344629e-14       4.417415870668e-15       6.069430853145e-16 
  537       4.123036359832e-10       1.624637618818e-12      -1.195416495297e-11       6.063916229139e-15       3.124919282900e-14       4.365202789971e-15       5.964330652057e-16 
  538       4.135298693474e-10       1.602055837697e-12      -1.180098720429e-11       6.081922089487e-15       3.103467552813e-14       4.313988951941e-15       5.859412094051e-16 
  539       4.147313880113e-10       1.579932810272e-12      -1.164417856965e-11       6.099945731104e-15       3.082196134991e-14       4.263777122284e-15       5.754681482615e-16 
  540       4.159078230982e-10       1.558278404078e-12      -1.148381783093e-11       6.117984907090e-15       3.061103954559e-14       4.214569945165e-15       5.650145118727e-16 
  541       4.170588034871e-10       1.537102559932e-12      -1.131998527530e-11       6.136037337442e-15       3.040189880802e-14       4.166369942360e-15       5.545809300632e-16 
  542       4.181839558068e-10       1.516415292144e-12      -1.115276270254e-11       6.154100708901e-15       3.019452726834e-14       4.119179512412e-15       5.441680323622e-16 
  543       4.192829044303e-10       1.496226688732e-12      -1.098223343250e-11       6.172172674796e-15       2.998891249264e-14       4.073000929782e-15       5.337764479817e-16 
  544       4.203552714694e-10       1.476546911636e-12      -1.080848231241e-11       6.190250854892e-15       2.978504147855e-14       4.027836344002e-15       5.234068057942e-16 
  545       4.214006767691e-10       1.457386196927e-12      -1.063159572431e-11       6.208332835231e-15       2.958290065195e-14       3.983687778836e-15       5.130597343110e-16 
  546       4.224187379018e-10       1.438754855023e-12      -1.045166159241e-11       6.226416167980e-15       2.938247586359e-14       3.940557131422e-15       5.027358616595e-16 
  547       4.234090701622e-10       1.420663270901e-12      -1.026876939049e-11       6.244498371275e-15       2.918375238573e-14       3.898446171436e-15       4.924358155620e-16 
  548       4.243712865614e-10       1.403121904307e-12      -1.008301014927e-11       6.262576929069e-15       2.898671490882e-14       3.857356540242e-15       4.821602233127e-16 
  549       4.253049978214e-10       1.386141289976e-12      -9.894476463792e-12       6.280649290971e-15       2.879134753813e-14       3.817289750043e-15       4.719097117563e-16 
  550       4.262098123697e-10       1.369732037836e-12      -9.703262500819e-12       6.298712872098e-15       2.859763379038e-14       3.778247183038e-15       4.616849072659e-16 
  551       4.270853363333e-10       1.353904833227e-12      -9.509464006208e-12       6.316765052914e-15       2.840555659042e-14       3.740230090577e-15       4.514864357204e-16 
  552       4.279311735340e-10       1.338670437113e-12      -9.313178312291e-12       6.334803179083e-15       2.821509826787e-14       3.703239592309e-15       4.413149224831e-16 
  553       4.287469254817e-10       1.324039686290e-12      -9.114504345266e-12       6.352824561304e-15       2.802624055375e-14       3.667276675344e-15       4.311709923792e-16 
  554       4.295321913699e-10       1.310023493605e-12      -8.913542632573e-12       6.370826475164e-15       2.783896457718e-14       3.632342193397e-15       4.210552696739e-16 
  555       4.302865680694e-10       1.296632848168e-12      -8.710395310282e-12       6.388806160983e-15       2.765325086194e-14       3.598436865950e-15       4.109683780503e-16 
  556       4.310096501232e-10       1.283878815560e-12      -8.505166130477e-12       6.406760823652e-15       2.746907932320e-14       3.565561277401e-15       4.009109405873e-16 
  557       4.317010297408e-10       1.271772538050e-12      -8.297960468634e-12       6.424687632488e-15       2.728642926416e-14       3.533715876221e-15       3.908835797377e-16 
  558       4.323602967924e-10       1.260325234807e-12      -8.088885331010e-12       6.442583721070e-15       2.710527937264e-14       3.502900974105e-15       3.808869173060e-16 
  559       4.329870388038e-10       1.249548202113e-12      -7.878049362025e-12       6.460446187091e-15       2.692560771778e-14       3.473116745124e-15       3.709215744261e-16 
  560       4.335808409503e-10       1.239452813575e-12      -7.665562851644e-12       6.478272092199e-15       2.674739174669e-14       3.444363224887e-15       3.609881715397e-16 
  561       4.341412860518e-10       1.230050520339e-12      -7.451537742760e-12       6.496058461845e-15       2.657060828107e-14       3.416640309683e-15       3.510873283740e-16 
  562       4.346679545665e-10       1.221352851300e-12      -7.236087638582e-12       6.513802285127e-15       2.639523351388e-14       3.389947755645e-15       3.412196639197e-16 
  563       4.351604245860e-10       1.213371413320e-12      -7.019327810011e-12       6.531500514633e-15       2.622124300598e-14       3.364285177898e-15       3.313857964087e-16 
  564       4.356182718294e-10       1.206117891435e-12      -6.801375203030e-12       6.549150066289e-15       2.604861168278e-14       3.339652049714e-15       3.215863432924e-16 
  565       4.360410696377e-10       1.199604049071e-12      -6.582348446083e-12       6.566747819205e-15       2.587731383089e-14       3.316047701666e-15       3.118219212194e-16 
  566       4.364284750930e-10       1.193839975917e-12      -6.362360548865e-12       6.584290865441e-15       2.570732700187e-14       3.293469532332e-15       3.020931521651e-16 
  567       4.367804898208e-10       1.188828781564e-12      -6.141496777311e-12       6.601777266690e-15       2.553864384067e-14       3.271907591543e-15       2.924006820383e-16 
  568       4.370972058866e-10       1.184571765772e-12      -5.919836223982e-12       6.619205316761e-15       2.537126055486e-14       3.251349856109e-15       2.827451625100e-16 
  569       4.373787203040e-10       1.181070158017e-12      -5.697459069798e-12       6.636573293349e-15       2.520517303321e-14       3.231784004148e-15       2.731272448850e-16 
  570       4.376251350624e-10       1.178325117045e-12      -5.474446588693e-12       6.653879457977e-15       2.504037684378e-14       3.213197413575e-15       2.635475800822e-16 
  571       4.378365571529e-10       1.176337730433e-12      -5.250881152259e-12       6.671122055935e-15       2.487686723203e-14       3.195577160579e-15       2.540068186150e-16 
  572       4.380130985956e-10       1.175109014146e-12      -5.026846234401e-12       6.688299316217e-15       2.471463911895e-14       3.178910018118e-15       2.445056105711e-16 
  573       4.381548764655e-10       1.174639912095e-12      -4.802426415987e-12       6.705409451460e-15       2.455368709912e-14       3.163182454396e-15       2.350446055935e-16 
  574       4.382620129197e-10       1.174931295691e-12      -4.577707389497e-12       6.722450657882e-15       2.439400543889e-14       3.148380631350e-15       2.256244528600e-16 
  575       4.383346352239e-10       1.175983963409e-12      -4.352775963674e-12       6.739421115224e-15       2.423558807442e-14       3.134490403137e-15       2.162458010637e-16 
  576       4.383728757790e-10       1.177798640340e-12      -4.127720068175e-12       6.756318986683e-15       2.407842860984e-14       3.121497314619e-15       2.069092983935e-16 
  577       4.383768721478e-10       1.180375977751e-12      -3.902628758224e-12       6.773142418855e-15       2.392252031534e-14       3.109386599844e-15       1.976155925138e-16 
  578       4.383467670815e-10       1.183716552642e-12      -3.677592219256e-12       6.789889541674e-15       2.376785612528e-14       3.098143180535e-15       1.883653305452e-16 
  579       4.382827085466e-10       1.187820867303e-12      -3.452701771574e-12       6.806558468346e-15       2.361442863630e-14       3.087751664574e-15       1.791591590445e-16 
  580       4.381848497513e-10       1.192689348875e-12      -3.228049874998e-12       6.823147295291e-15       2.346223010542e-14       3.078196344486e-15       1.699977239852e-16 
  581       4.380533491724e-10       1.198322348902e-12      -3.003730133512e-12       6.839654102084e-15       2.331125244819e-14       3.069461195924e-15       1.608816707372e-16 
  582       4.378883705815e-10       1.204720142894e-12      -2.779837299920e-12       6.856076951387e-15       2.316148723673e-14       3.061529876156e-15       1.518116440475e-16 
  583       4.376900830723e-10       1.211882929879e-12      -2.556467280492e-12       6.872413888894e-15       2.301292569791e-14       3.054385722548e-15       1.427882880204e-16 
  584       4.374586610867e-10       1.219810831966e-12      -2.333717139617e-12       6.888662943265e-15       2.286555871141e-14       3.048011751049e-15       1.338122460976e-16 
  585       4.371942844416e-10       1.228503893901e-12      -2.111685104453e-12       6.904822126068e-15       2.271937680787e-14       3.042390654676e-15       1.248841610384e-16 
  586       4.368971383557e-10       1.237962082621e-12      -1.890470569578e-12       6.920889431715e-15       2.257437016696e-14       3.037504802001e-15       1.160046749000e-16 
  587       4.365674134759e-10       1.248185286817e-12      -1.670174101637e-12       6.936862837403e-15       2.243052861550e-14       3.033336235633e-15       1.071744290180e-16 
  588       4.362053059041e-10       1.259173316487e-12      -1.450897444001e-12       6.952740303050e-15       2.228784162561e-14       3.029866670705e-15       9.839406398598e-17 
  589       4.358110172240e-10       1.270925902497e-12      -1.232743521406e-12       6.968519771237e-15       2.214629831276e-14       3.027077493359e-15       8.966421963644e-17 
  590       4.353847545273e-10       1.283442696137e-12      -1.015816444616e-12       6.984199167142e-15       2.200588743392e-14       3.024949759229e-15       8.098553502061e-17 
  591       4.349267304408e-10       1.296723268678e-12      -8.002215150611e-13       6.999776398484e-15       2.186659738565e-14       3.023464191928e-15       7.235864838884e-17 
  592       4.344371631526e-10       1.310767110932e-12      -5.860652294984e-13       7.015249355457e-15       2.172841620221e-14       3.022601181533e-15       6.378419717078e-17 
  593       4.339162764394e-10       1.325573632805e-12      -3.734552846568e-13       7.030615910671e-15       2.159133155369e-14       3.022340783068e-15       5.526281795566e-17 
  594       4.333642996924e-10       1.341142162860e-12      -1.625005818890e-13       7.045873919090e-15       2.145533074411e-14       3.022662714990e-15       4.679514647249e-17 
  595       4.327814679445e-10       1.357471947872e-12       4.668876817740e-14       7.061021217971e-15       2.132040070949e-14       3.023546357675e-15       3.838181757031e-17 
  596       4.321680218965e-10       1.374562152384e-12       2.540014409902e-13       7.076055626802e-15       2.118652801605e-14       3.024970751904e-15       3.002346519842e-17 
  597       4.315242079443e-10       1.392411858267e-12       4.593248934215e-13       7.090974947240e-15       2.105369885821e-14       3.026914597342e-15       2.172072238664e-17 
  598       4.308502782050e-10       1.411020064278e-12       6.625453591174e-13       7.105776963052e-15       2.092189905679e-14       3.029356251030e-15       1.347422122550e-17 
  599       4.301464905437e-10       1.430385685615e-12       8.635478438472e-13       7.120459440053e-15       2.079111405707e-14       3.032273725867e-15       5.284592846501e-18 
  600       4.294131086006e-10       1.450507553476e-12       1.062216120853e-12       7.135020126040e-15       2.066132892691e-14       3.035644689095e-15      -2.847532597634e-18 
  601       4.286504018169e-10       1.471384414617e-12       1.258432726200e-12       7.149456750738e-15       2.053252835488e-14       3.039446460782e-15      -1.092152595275e-17 
  602       4.278586454618e-10       1.493014930910e-12       1.452078954123e-12       7.163767025734e-15       2.040469664833e-14       3.043656012311e-15      -1.893675908303e-17 
  603       4.270381206595e-10       1.515397678899e-12       1.643034852381e-12       7.177948644415e-15       2.027781773155e-14       3.048249964863e-15      -2.689260489072e-17 
  604       4.261891144152e-10       1.538531149357e-12       1.831179217601e-12       7.191999281910e-15       2.015187514382e-14       3.053204587902e-15      -3.478843733595e-17 
  605       4.253119394239e-10       1.562412717805e-12       2.016402157268e-12       7.205916910607e-15       2.002685445534e-14       3.058499086462e-15      -4.262372606080e-17 
  606       4.244069939647e-10       1.587035529725e-12       2.198643117324e-12       7.219700755177e-15       1.990275058259e-14       3.064125553025e-15      -5.039832272422e-17 
  607       4.234747035015e-10       1.612391539469e-12       2.377853761058e-12       7.233350360424e-15       1.977956064537e-14       3.070079252283e-15      -5.811218160089e-17 
  608       4.225155010645e-10       1.638472531736e-12       2.553985484805e-12       7.246865277832e-15       1.965728156386e-14       3.076355353587e-15      -6.576526565159e-17 
  609       4.215298272834e-10       1.665270120791e-12       2.726989417413e-12       7.260245065600e-15       1.953591005754e-14       3.082948930512e-15      -7.335754657385e-17 
  610       4.205181304205e-10       1.692775749688e-12       2.896816419704e-12       7.273489288691e-15       1.941544264407e-14       3.089854960413e-15      -8.088900485277e-17 
  611       4.194808664039e-10       1.720980689486e-12       3.063417083938e-12       7.286597518870e-15       1.929587563823e-14       3.097068323991e-15      -8.835962981167e-17 
  612       4.184184988608e-10       1.749876038478e-12       3.226741733273e-12       7.299569334745e-15       1.917720515078e-14       3.104583804850e-15      -9.576941966287e-17 
  613       4.173314991500e-10       1.779452721403e-12       3.386740421231e-12       7.312404321813e-15       1.905942708738e-14       3.112396089064e-15      -1.031183815584e-16 
  614       4.162203463957e-10       1.809701488673e-12       3.543362931157e-12       7.325102072497e-15       1.894253714749e-14       3.120499764732e-15      -1.104065316407e-16 
  615       4.150855275203e-10       1.840612915591e-12       3.696558775683e-12       7.337662186192e-15       1.882653082326e-14       3.128889321546e-15      -1.176338950934e-16 
  616       4.139275372775e-10       1.872177401571e-12       3.846277196193e-12       7.350084269305e-15       1.871140339844e-14       3.137559150346e-15      -1.248005061920e-16 
  617       4.127468782856e-10       1.904385169362e-12       3.992467162281e-12       7.362367935297e-15       1.859714994730e-14       3.146503542686e-15      -1.319064083547e-16 
  618       4.115440610605e-10       1.937226264265e-12       4.135077371217e-12       7.374512804724e-15       1.848376533350e-14       3.155716690394e-15      -1.389516541931e-16 
  619       4.103196040486e-10       1.970690553357e-12       4.274056247410e-12       7.386518505282e-15       1.837124420898e-14       3.165192685134e-15      -1.459363055626e-16 
  620       4.090740336604e-10       2.004767724709e-12       4.409351941867e-12       7.398384671845e-15       1.825958101294e-14       3.174925517965e-15      -1.528604336137e-16 
  621       4.078078843034e-10       2.039447286610e-12       4.540912331658e-12       7.410110946510e-15       1.814876997062e-14       3.184909078906e-15      -1.597241188424e-16 
  622       4.065216984150e-10       2.074718566785e-12       4.668685019379e-12       7.421696978636e-15       1.803880509230e-14       3.195137156495e-15      -1.665274511409e-16 
  623       4.052160264958e-10       2.110570711615e-12       4.792617332614e-12       7.433142424890e-15       1.792968017218e-14       3.205603437349e-15      -1.732705298485e-16 
  624       4.038914271429e-10       2.146992685363e-12       4.912656323397e-12       7.444446949285e-15       1.782138878724e-14       3.216301505732e-15      -1.799534638020e-16 
  625       4.025484670828e-10       2.183973269387e-12       5.028748767675e-12       7.455610223223e-15       1.771392429618e-14       3.227224843107e-15      -1.865763713869e-16 
  626       4.011877212045e-10       2.221501061368e-12       5.140841164771e-12       7.466631925539e-15       1.760727983831e-14       3.238366827704e-15      -1.931393805879e-16 
  627       3.998097725927e-10       2.259564474528e-12       5.248879736845e-12       7.477511742538e-15       1.750144833246e-14       3.249720734083e-15      -1.996426290394e-16 
  628       3.984152125610e-10       2.298151736848e-12       5.352810428360e-12       7.488249368044e-15       1.739642247584e-14       3.261279732686e-15      -2.060862640767e-16 
  629       3.970046406848e-10       2.337250890293e-12       5.452578905540e-12       7.498844503435e-15       1.729219474301e-14       3.273036889409e-15      -2.124704427862e-16 
  630       3.955786648347e-10       2.376849790031e-12       5.548130555837e-12       7.509296857689e-15       1.718875738473e-14       3.284985165159e-15      -2.187953320567e-16 
  631       3.941379012093e-10       2.416936103653e-12       5.639410487389e-12       7.519606147425e-15       1.708610242687e-14       3.297117415412e-15      -2.250611086297e-16 
  632       3.926829743688e-10       2.457497310396e-12       5.726363528488e-12       7.529772096945e-15       1.698422166932e-14       3.309426389781e-15      -2.312679591502e-16 
  633       3.912145172673e-10       2.498520700361e-12       5.808934227038e-12       7.539794438273e-15       1.688310668489e-14       3.321904731572e-15      -2.374160802176e-16 
  634       3.897331712870e-10       2.539993373737e-12       5.887066850018e-12       7.549672911204e-15       1.678274881820e-14       3.334544977350e-15      -2.435056784363e-16 
  635       3.882395862703e-10       2.581902240017e-12       5.960705382948e-12       7.559407263338e-15       1.668313918459e-14       3.347339556496e-15      -2.495369704664e-16 
  636       3.867344205537e-10       2.624234017225e-12       6.029793529349e-12       7.568997250125e-15       1.658426866903e-14       3.360280790771e-15      -2.555101830745e-16 
  637       3.852183410004e-10       2.666975231130e-12       6.094274710204e-12       7.578442634911e-15       1.648612792500e-14       3.373360893877e-15      -2.614255531845e-16 
  638       3.836920230336e-10       2.710112214474e-12       6.154092063426e-12       7.587743188971e-15       1.638870737341e-14       3.386571971018e-15      -2.672833279281e-16 
  639       3.821561506698e-10       2.753631106185e-12       6.209188443315e-12       7.596898691560e-15       1.629199720148e-14       3.399906018462e-15      -2.730837646958e-16 
  640       3.806114165517e-10       2.797517850606e-12       6.259506420021e-12       7.605908929949e-15       1.619598736168e-14       3.413354923103e-15      -2.788271311874e-16 
  641       3.790585219812e-10       2.841758196708e-12       6.304988279012e-12       7.614773699469e-15       1.610066757056e-14       3.426910462020e-15      -2.845137054629e-16 
  642       3.774981769530e-10       2.886337697317e-12       6.345576020530e-12       7.623492803554e-15       1.600602730775e-14       3.440564302040e-15      -2.901437759931e-16 
  643       3.759311001871e-10       2.931241708329e-12       6.381211359058e-12       7.632066053780e-15       1.591205581476e-14       3.454307999300e-15      -2.957176417103e-16 
  644       3.743579758541e-10       2.976455716917e-12       6.411847112877e-12       7.640493472089e-15       1.581874361151e-14       3.468134113059e-15      -3.012354691098e-16 
  645       3.727793226072e-10       3.021966335859e-12       6.437481656807e-12       7.648775902391e-15       1.572608708552e-14       3.482039575691e-15      -3.066968598999e-16 
  646       3.711956216517e-10       3.067760330169e-12       6.458125248080e-12       7.656914412884e-15       1.563408400438e-14       3.496022398088e-15      -3.121012736677e-16 
  647       3.696073598055e-10       3.113824289467e-12       6.473788709572e-12       7.664910095230e-15       1.554273200693e-14       3.510080562198e-15      -3.174481699523e-16 
  648       3.680150295197e-10       3.160144627304e-12       6.484483432565e-12       7.672764064651e-15       1.545202860261e-14       3.524212020908e-15      -3.227370082546e-16 
  649       3.664191288993e-10       3.206707580467e-12       6.490221379490e-12       7.680477460035e-15       1.536197117078e-14       3.538414697926e-15      -3.279672480461e-16 
  650       3.648201617237e-10       3.253499208303e-12       6.491015086688e-12       7.688051444031e-15       1.527255696007e-14       3.552686487666e-15      -3.331383487789e-16 
  651       3.632186374675e-10       3.300505392030e-12       6.486877667160e-12       7.695487203152e-15       1.518378308775e-14       3.567025255131e-15      -3.382497698946e-16 
  652       3.616150713209e-10       3.347711834055e-12       6.477822813320e-12       7.702785947875e-15       1.509564653900e-14       3.581428835794e-15      -3.433009708344e-16 
  653       3.600099842102e-10       3.395104057291e-12       6.463864799747e-12       7.709948912742e-15       1.500814416633e-14       3.595895035487e-15      -3.482914110478e-16 
  654       3.584039028190e-10       3.442667404467e-12       6.445018485940e-12       7.716977356458e-15       1.492127268885e-14       3.610421630277e-15      -3.532205500026e-16 
  655       3.567973596080e-10       3.490387037453e-12       6.421299319073e-12       7.723872561994e-15       1.483502869165e-14       3.625006366354e-15      -3.580878471940e-16 
  656       3.551908928364e-10       3.538247936566e-12       6.392723336742e-12       7.730635836684e-15       1.474940862512e-14       3.639646959915e-15      -3.628927621543e-16 
  657       3.535850465817e-10       3.586234899895e-12       6.359307169723e-12       7.737268512331e-15       1.466440880433e-14       3.654341097042e-15      -3.676347544620e-16 
  658       3.519803707610e-10       3.634332542609e-12       6.321068044725e-12       7.743771945301e-15       1.458002540829e-14       3.669086433593e-15      -3.723132837515e-16 
  659       3.503774211514e-10       3.682525296278e-12       6.278023787140e-12       7.750147516626e-15       1.449625447937e-14       3.683880595079e-15      -3.769278097225e-16 
  660       3.487767594103e-10       3.730797408187e-12       6.230192823799e-12       7.756396632105e-15       1.441309192259e-14       3.698721176548e-15      -3.814777921493e-16 
  661       3.471789530964e-10       3.779132940650e-12       6.177594185724e-12       7.762520722405e-15       1.433053350499e-14       3.713605742474e-15      -3.859626908902e-16 
  662       3.455845756903e-10       3.827515770329e-12       6.120247510881e-12       7.768521243158e-15       1.424857485494e-14       3.728531826631e-15      -3.903819658974e-16 
  663       3.439942066147e-10       3.875929587550e-12       6.058173046932e-12       7.774399675063e-15       1.416721146151e-14       3.743496931985e-15      -3.947350772256e-16 
  664       3.424084312554e-10       3.924357895614e-12       5.991391653991e-12       7.780157523989e-15       1.408643867377e-14       3.758498530574e-15      -3.990214850424e-16 
  665       3.408278409819e-10       3.972784010118e-12       5.919924807375e-12       7.785796321070e-15       1.400625170017e-14       3.773534063389e-15      -4.032406496369e-16 
  666       3.392530331678e-10       4.021191058269e-12       5.843794600356e-12       7.791317622811e-15       1.392664560787e-14       3.788600940259e-15      -4.073920314294e-16 
  667       3.376846112115e-10       4.069561978198e-12       5.763023746918e-12       7.796723011183e-15       1.384761532205e-14       3.803696539738e-15      -4.114750909813e-16 
  668       3.361231845568e-10       4.117879518280e-12       5.677635584506e-12       7.802014093727e-15       1.376915562529e-14       3.818818208982e-15      -4.154892890039e-16 
  669       3.345693687137e-10       4.166126236446e-12       5.587654076780e-12       7.807192503654e-15       1.369126115688e-14       3.833963263637e-15      -4.194340863679e-16 
  670       3.330237852786e-10       4.214284499500e-12       5.493103816370e-12       7.812259899943e-15       1.361392641218e-14       3.849128987719e-15      -4.233089441133e-16 
  671       3.314870619553e-10       4.262336482434e-12       5.394010027629e-12       7.817217967443e-15       1.353714574193e-14       3.864312633500e-15      -4.271133234583e-16 
  672       3.299598325753e-10       4.310264167747e-12       5.290398569382e-12       7.822068416974e-15       1.346091335164e-14       3.879511421391e-15      -4.308466858092e-16 
  673       3.284427371189e-10       4.358049344757e-12       5.182295937685e-12       7.826812985425e-15       1.338522330087e-14       3.894722539823e-15      -4.345084927695e-16 
  674       3.269364217351e-10       4.405673608918e-12       5.069729268572e-12       7.831453435858e-15       1.331006950262e-14       3.909943145134e-15      -4.380982061492e-16 
  675       3.254415387628e-10       4.453118361138e-12       4.952726340815e-12       7.835991557603e-15       1.323544572262e-14       3.925170361447e-15      -4.416152879748e-16 
  676       3.239587467511e-10       4.500364807091e-12       4.831315578671e-12       7.840429166363e-15       1.316134557872e-14       3.940401280560e-15      -4.450592004981e-16 
  677       3.224887104800e-10       4.547393956536e-12       4.705526054637e-12       7.844768104313e-15       1.308776254019e-14       3.955632961824e-15      -4.484294062063e-16 
  678       3.210321009811e-10       4.594186622631e-12       4.575387492205e-12       7.849010240200e-15       1.301468992710e-14       3.970862432028e-15      -4.517253678307e-16 
  679       3.195895955580e-10       4.640723421250e-12       4.440930268612e-12       7.853157469441e-15       1.294212090961e-14       3.986086685284e-15      -4.549465483567e-16 
  680       3.181618778071e-10       4.686984770298e-12       4.302185417596e-12       7.857211714228e-15       1.287004850734e-14       4.001302682907e-15      -4.580924110328e-16 
  681       3.167496376382e-10       4.732950889027e-12       4.159184632147e-12       7.861174923625e-15       1.279846558871e-14       4.016507353301e-15      -4.611624193805e-16 
  682       3.153535712948e-10       4.778601797350e-12       4.011960267261e-12       7.865049073669e-15       1.272736487027e-14       4.031697591841e-15      -4.641560372034e-16 
  683       3.139743071453e-10       4.823918907622e-12       3.860549932937e-12       7.868836144120e-15       1.265673991729e-14       4.046870183256e-15      -4.670728970435e-16 
  684       3.126121812745e-10       4.868889838630e-12       3.705010375195e-12       7.872538047956e-15       1.258658817031e-14       4.062021567193e-15      -4.699133094770e-16 
  685       3.112674571426e-10       4.913503703004e-12       3.545403896806e-12       7.876156700571e-15       1.251690798187e-14       4.077148067416e-15      -4.726777647085e-16 
  686       3.099403993824e-10       4.957749523788e-12       3.381793797801e-12       7.879694043085e-15       1.244769762075e-14       4.092245968721e-15      -4.753667651612e-16 
  687       3.086312738015e-10       5.001616234166e-12       3.214244379411e-12       7.883152042436e-15       1.237895527153e-14       4.107311516797e-15      -4.779808255297e-16 
  688       3.073403473835e-10       5.045092677184e-12       3.042820947990e-12       7.886532691475e-15       1.231067903421e-14       4.122340918088e-15      -4.805204728327e-16 
  689       3.060678882894e-10       5.088167605478e-12       2.867589818954e-12       7.889838009063e-15       1.224286692378e-14       4.137330339661e-15      -4.829862464652e-16 
  690       3.048141658595e-10       5.130829680995e-12       2.688618320709e-12       7.893070040161e-15       1.217551686985e-14       4.152275909065e-15      -4.853786982522e-16 
  691       3.035794506147e-10       5.173067474722e-12       2.505974798585e-12       7.896230855927e-15       1.210862671622e-14       4.167173714199e-15      -4.876983925005e-16 
  692       3.023640142578e-10       5.214869466409e-12       2.319728618768e-12       7.899322553812e-15       1.204219422048e-14       4.182019803169e-15      -4.899459060517e-16 
  693       3.011681296759e-10       5.256224044293e-12       2.129950172233e-12       7.902347257648e-15       1.197621705364e-14       4.196810184157e-15      -4.921218283351e-16 
  694       2.999920709409e-10       5.297119504825e-12       1.936710878674e-12       7.905307117750e-15       1.191069279967e-14       4.211540825282e-15      -4.942267614201e-16 
  695       2.988361133117e-10       5.337544052391e-12       1.740083190437e-12       7.908204311006e-15       1.184561895513e-14       4.226207654464e-15      -4.962613200691e-16 
  696       2.977005332355e-10       5.377485799043e-12       1.540140596454e-12       7.911041040970e-15       1.178099292878e-14       4.240806559288e-15      -4.982261317900e-16 
  697       2.965856083496e-10       5.416932764218e-12       1.336957626172e-12       7.913819537961e-15       1.171681204115e-14       4.255333386865e-15      -5.001218368892e-16 
  698       2.954916174825e-10       5.455872874466e-12       1.130609853488e-12       7.916542059153e-15       1.165307352414e-14       4.269783943699e-15      -5.019490885240e-16 
  699       2.944188406558e-10       5.494293963174e-12       9.211739006795e-13       7.919210888672e-15       1.158977452062e-14       4.284153995545e-15      -5.037085527555e-16 
  700       2.933675590856e-10       5.532183770290e-12       7.087274423372e-13       7.921828337689e-15       1.152691208406e-14       4.298439267281e-15      -5.054009086012e-16 
  701       2.923380551840e-10       5.569529942049e-12       4.933492092970e-13       7.924396744513e-15       1.146448317804e-14       4.312635442763e-15      -5.070268480878e-16 
  702       2.913306125610e-10       5.606320030699e-12       2.751189925722e-13       7.926918474690e-15       1.140248467596e-14       4.326738164691e-15      -5.085870763036e-16 
  703       2.903455160254e-10       5.642541494223e-12       5.411764728586e-14       7.929395921091e-15       1.134091336053e-14       4.340743034475e-15      -5.100823114517e-16 
  704       2.893830515868e-10       5.678181696067e-12      -1.695729033973e-13       7.931831504013e-15       1.127976592346e-14       4.354645612097e-15      -5.115132849023e-16 
  705       2.884435064572e-10       5.713227904860e-12      -3.958696643386e-13       7.934227671268e-15       1.121903896498e-14       4.368441415971e-15      -5.128807412455e-16 
  706       2.875271690522e-10       5.747667294145e-12      -6.246885644933e-13       7.936586898277e-15       1.115872899348e-14       4.382125922812e-15      -5.141854383442e-16 
  707       2.866343289928e-10       5.781486942101e-12      -8.559444529785e-13       7.938911688171e-15       1.109883242508e-14       4.395694567497e-15      -5.154281473864e-16 
  708       2.857652771069e-10       5.814673831265e-12      -1.089551095141e-12       7.941204571878e-15       1.103934558328e-14       4.409142742925e-15      -5.166096529382e-16 
  709       2.849203054306e-10       5.847214848261e-12      -1.325421168624e-12       7.943468108220e-15       1.098026469848e-14       4.422465799886e-15      -5.177307529965e-16 
  710       2.840997072103e-10       5.879096783526e-12      -1.563466259438e-12       7.945704884008e-15       1.092158590762e-14       4.435659046923e-15      -5.187922590417e-16 
  711       2.833037769035e-10       5.910306331027e-12      -1.803596858026e-12       7.947917514137e-15       1.086330525380e-14       4.448717750192e-15      -5.197949960901e-16 
  712       2.825328101810e-10       5.940830087997e-12      -2.045722355329e-12       7.950108641677e-15       1.080541868582e-14       4.461637133328e-15      -5.207398027470e-16 
  713       2.817871039282e-10       5.970654554650e-12      -2.289751038862e-12       7.952280937971e-15       1.074792205781e-14       4.474412377309e-15      -5.216275312592e-16 
  714       2.810669562463e-10       5.999766133911e-12      -2.535590088773e-12       7.954437102726e-15       1.069081112882e-14       4.487038620319e-15      -5.224590475677e-16 
  715       2.803726664545e-10       6.028151131141e-12      -2.783145573915e-12       7.956579864111e-15       1.063408156243e-14       4.499510957611e-15      -5.232352313605e-16 
  716       2.797045350910e-10       6.055795753858e-12      -3.032322447915e-12       7.958711978848e-15       1.057772892633e-14       4.511824441368e-15      -5.239569761251e-16 
  717       2.790628639149e-10       6.082686111467e-12      -3.283024545238e-12       7.960836232307e-15       1.052174869191e-14       4.523974080573e-15      -5.246251892015e-16 
  718       2.784479559073e-10       6.108808214981e-12      -3.535154577258e-12       7.962955438603e-15       1.046613623387e-14       4.535954840864e-15      -5.252407918346e-16 
  719       2.778601152735e-10       6.134147976747e-12      -3.788614128326e-12       7.965072440686e-15       1.041088682984e-14       4.547761644404e-15      -5.258047192271e-16 
  720       2.772996474439e-10       6.158691210172e-12      -4.043303651834e-12       7.967190110440e-15       1.035599565991e-14       4.559389369741e-15      -5.263179205920e-16 
  721       2.767668590759e-10       6.182423629447e-12      -4.299122466288e-12       7.969311348773e-15       1.030145780630e-14       4.570832851675e-15      -5.267813592057e-16 
  722       2.762619940731e-10       6.205332896240e-12      -4.555972944432e-12       7.971438854829e-15       1.024726890325e-14       4.582087763698e-15      -5.271958376666e-16 
  723       2.757850402226e-10       6.227414805693e-12      -4.813773181412e-12       7.973574428318e-15       1.019342710205e-14       4.593153285180e-15      -5.275614696932e-16 
  724       2.753359186549e-10       6.248667224834e-12      -5.072444574714e-12       7.975719653278e-15       1.013993114495e-14       4.604029487786e-15      -5.278781977613e-16 
  725       2.749145474595e-10       6.269088057120e-12      -5.331907651320e-12       7.977876127727e-15       1.008677971809e-14       4.614716457850e-15      -5.281459669439e-16 
  726       2.745208416713e-10       6.288675242631e-12      -5.592082064739e-12       7.980045463705e-15       1.003397145130e-14       4.625214296432e-15      -5.283647249234e-16 
  727       2.741547132580e-10       6.307426758267e-12      -5.852886592038e-12       7.982229287311e-15       9.981504917853e-15       4.635523119387e-15      -5.285344220043e-16 
  728       2.738160711064e-10       6.325340617944e-12      -6.114239130877e-12       7.984429238749e-15       9.929378634154e-15       4.645643057434e-15      -5.286550111256e-16 
  729       2.735048210095e-10       6.342414872787e-12      -6.376056696535e-12       7.986646972366e-15       9.877591059541e-15       4.655574256221e-15      -5.287264478738e-16 
  730       2.732208656532e-10       6.358647611328e-12      -6.638255418947e-12       7.988884156695e-15       9.826140596008e-15       4.665316876387e-15      -5.287486904945e-16 
  731       2.729641046036e-10       6.374036959700e-12      -6.900750539734e-12       7.991142474497e-15       9.775025587954e-15       4.674871093636e-15      -5.287216999059e-16 
  732       2.727344342929e-10       6.388581081831e-12      -7.163456409234e-12       7.993423622797e-15       9.724244321930e-15       4.684237098796e-15      -5.286454397106e-16 
  733       2.725317480072e-10       6.402278179644e-12      -7.426286483533e-12       7.995729312932e-15       9.673795026385e-15       4.693415097889e-15      -5.285198762085e-16 
  734       2.723559358727e-10       6.415126493247e-12      -7.689153321501e-12       7.998061270591e-15       9.623675871412e-15       4.702405312200e-15      -5.283449784093e-16 
  735       2.722068848430e-10       6.427124301132e-12      -7.951968581819e-12       8.000421235850e-15       9.573884968492e-15       4.711207978335e-15      -5.281207180448e-16 
  736       2.720844786854e-10       6.438269920369e-12      -8.214643020011e-12       8.002810963221e-15       9.524420370244e-15       4.719823348295e-15      -5.278470695816e-16 
  737       2.719885979682e-10       6.448561706802e-12      -8.477086485482e-12       8.005232221690e-15       9.475280070169e-15       4.728251689542e-15      -5.275240102334e-16 
  738       2.719191200474e-10       6.457998055245e-12      -8.739207918540e-12       8.007686794757e-15       9.426462002396e-15       4.736493285057e-15      -5.271515199739e-16 
  739       2.718759190532e-10       6.466577399674e-12      -9.000915347436e-12       8.010176480480e-15       9.377964041427e-15       4.744548433419e-15      -5.267295815491e-16 
  740       2.718588658775e-10       6.474298213429e-12      -9.262115885391e-12       8.012703091512e-15       9.329784001887e-15       4.752417448859e-15      -5.262581804897e-16 
  741       2.718678281601e-10       6.481159009401e-12      -9.522715727630e-12       8.015268455149e-15       9.281919638264e-15       4.760100661335e-15      -5.257373051238e-16 
  742       2.719026702759e-10       6.487158340236e-12      -9.782620148414e-12       8.017874413365e-15       9.234368644663e-15       4.767598416594e-15      -5.251669465892e-16 
  743       2.719632533216e-10       6.492294798523e-12      -1.004173349807e-11       8.020522822854e-15       9.187128654543e-15       4.774911076239e-15      -5.245470988464e-16 
  744       2.720494351026e-10       6.496567016994e-12      -1.029995920002e-11       8.023215555076e-15       9.140197240472e-15       4.782039017799e-15      -5.238777586906e-16 
  745       2.721610701196e-10       6.499973668719e-12      -1.055719974783e-11       8.025954496293e-15       9.093571913865e-15       4.788982634787e-15      -5.231589257643e-16 
  746       2.722980095559e-10       6.502513467299e-12      -1.081335670220e-11       8.028741547612e-15       9.047250124738e-15       4.795742336774e-15      -5.223906025700e-16 
  747       2.724601012638e-10       6.504185167064e-12      -1.106833068806e-11       8.031578625028e-15       9.001229261447e-15       4.802318549454e-15      -5.215727944829e-16 
  748       2.726471897516e-10       6.504987563266e-12      -1.132202139154e-11       8.034467659462e-15       8.955506650438e-15       4.808711714707e-15      -5.207055097628e-16 
  749       2.728591161704e-10       6.504919492279e-12      -1.157432755703e-11       8.037410596805e-15       8.910079555992e-15       4.814922290667e-15      -5.197887595671e-16 
  750       2.730957183010e-10       6.503979831787e-12      -1.182514698422e-11       8.040409397957e-15       8.864945179973e-15       4.820950751789e-15      -5.188225579634e-16 
  751       2.733568305408e-10       6.502167500986e-12      -1.207437652511e-11       8.043466038871e-15       8.820100661571e-15       4.826797588916e-15      -5.178069219416e-16 
  752       2.736422838903e-10       6.499481460777e-12      -1.232191208106e-11       8.046582510591e-15       8.775543077049e-15       4.832463309343e-15      -5.167418714267e-16 
  753       2.739519059403e-10       6.495920713962e-12      -1.256764859981e-11       8.049760819296e-15       8.731269439491e-15       4.837948436884e-15      -5.156274292912e-16 
  754       2.742855208586e-10       6.491484305437e-12      -1.281148007253e-11       8.053002986339e-15       8.687276698545e-15       4.843253511940e-15      -5.144636213677e-16 
  755       2.746429493767e-10       6.486171322390e-12      -1.305329953081e-11       8.056311048291e-15       8.643561740174e-15       4.848379091563e-15      -5.132504764616e-16 
  756       2.750240087770e-10       6.479980894498e-12      -1.329299904374e-11       8.059687056979e-15       8.600121386396e-15       4.853325749523e-15      -5.119880263630e-16 
  757       2.754285128792e-10       6.472912194116e-12      -1.353046971491e-11       8.063133079529e-15       8.556952395033e-15       4.858094076377e-15      -5.106763058601e-16 
  758       2.758562720272e-10       6.464964436481e-12      -1.376560167948e-11       8.066651198408e-15       8.514051459459e-15       4.862684679530e-15      -5.093153527508e-16 
  759       2.763070930764e-10       6.456136879900e-12      -1.399828410114e-11       8.070243511463e-15       8.471415208343e-15       4.867098183306e-15      -5.079052078561e-16 
  760       2.767807793800e-10       6.446428825948e-12      -1.422840516923e-11       8.073912131966e-15       8.429040205396e-15       4.871335229011e-15      -5.064459150317e-16 
  761       2.772771074370e-10       6.435841043775e-12      -1.445586249862e-11       8.077658883791e-15       8.386923391846e-15       4.875396211082e-15      -5.049376304019e-16 
  762       2.777957563713e-10       6.424380072562e-12      -1.468059455425e-11       8.081484380481e-15       8.345063423673e-15       4.879280479836e-15      -5.033809523288e-16 
  763       2.783363770747e-10       6.412054001925e-12      -1.490254982315e-11       8.085388928610e-15       8.303459359502e-15       4.882987123567e-15      -5.017765977931e-16 
  764       2.788986154054e-10       6.398871055770e-12      -1.512167646523e-11       8.089372831024e-15       8.262110220041e-15       4.886515231096e-15      -5.001252937814e-16 
  765       2.794821121702e-10       6.384839592780e-12      -1.533792231251e-11       8.093436386818e-15       8.221014987913e-15       4.889863891780e-15      -4.984277773211e-16 
  766       2.800865031062e-10       6.369968106907e-12      -1.555123486830e-11       8.097579891311e-15       8.180172607499e-15       4.893032195526e-15      -4.966847955162e-16 
  767       2.807114188631e-10       6.354265227862e-12      -1.576156130636e-11       8.101803636028e-15       8.139581984771e-15       4.896019232799e-15      -4.948971055818e-16 
  768       2.813564849849e-10       6.337739721602e-12      -1.596884847011e-11       8.106107908679e-15       8.099241987132e-15       4.898824094638e-15      -4.930654748796e-16 
  769       2.820213218923e-10       6.320400490826e-12      -1.617304287179e-11       8.110492993131e-15       8.059151443254e-15       4.901445872667e-15      -4.911906809527e-16 
  770       2.827055448643e-10       6.302256575460e-12      -1.637409069167e-11       8.114959169394e-15       8.019309142915e-15       4.903883659103e-15      -4.892735115609e-16 
  771       2.834087640205e-10       6.283317153150e-12      -1.657193777720e-11       8.119506713592e-15       7.979713836838e-15       4.906136546772e-15      -4.873147647160e-16 
  772       2.841305843030e-10       6.263591539751e-12      -1.676652964225e-11       8.124135897947e-15       7.940364236526e-15       4.908203629117e-15      -4.853152487165e-16 
  773       2.848706054582e-10       6.243089189816e-12      -1.695781146624e-11       8.128846990754e-15       7.901259014101e-15       4.910084000215e-15      -4.832757821831e-16 
  774       2.856284220193e-10       6.221819697089e-12      -1.714572809335e-11       8.133640256359e-15       7.862396802145e-15       4.911776754781e-15      -4.811971940936e-16 
  775       2.864036232878e-10       6.199792794993e-12      -1.733022403170e-11       8.138515955139e-15       7.823776193531e-15       4.913280988187e-15      -4.790803238181e-16 
  776       2.871957933156e-10       6.177018357120e-12      -1.751124345254e-11       8.143474343478e-15       7.785395741267e-15       4.914595796470e-15      -4.769260211541e-16 
  777       2.880045108874e-10       6.153506397722e-12      -1.768873018941e-11       8.148515673747e-15       7.747253958330e-15       4.915720276344e-15      -4.747351463616e-16 
  778       2.888293495023e-10       6.129267072201e-12      -1.786262773737e-11       8.153640194281e-15       7.709349317506e-15       4.916653525211e-15      -4.725085701983e-16 
  779       2.896698773557e-10       6.104310677601e-12      -1.803287925214e-11       8.158848149358e-15       7.671680251225e-15       4.917394641176e-15      -4.702471739546e-16 
  780       2.905256573218e-10       6.078647653091e-12      -1.819942754932e-11       8.164139779176e-15       7.634245151403e-15       4.917942723055e-15      -4.679518494890e-16 
  781       2.913962469352e-10       6.052288580466e-12      -1.836221510353e-11       8.169515319832e-15       7.597042369273e-15       4.918296870387e-15      -4.656234992627e-16 
  782       2.922811983731e-10       6.025244184629e-12      -1.852118404766e-11       8.174975003301e-15       7.560070215230e-15       4.918456183449e-15      -4.632630363753e-16 
  783       2.931800584371e-10       5.997525334081e-12      -1.867627617198e-11       8.180519057412e-15       7.523326958665e-15       4.918419763264e-15      -4.608713845994e-16 
  784       2.940923685354e-10       5.969143041417e-12      -1.882743292338e-11       8.186147705827e-15       7.486810827803e-15       4.918186711615e-15      -4.584494784162e-16 
  785       2.950176646648e-10       5.940108463812e-12      -1.897459540452e-11       8.191861168021e-15       7.450520009539e-15       4.917756131054e-15      -4.559982630502e-16 
  786       2.959554773926e-10       5.910432903512e-12      -1.911770437307e-11       8.197659659257e-15       7.414452649279e-15       4.917127124917e-15      -4.535186945046e-16 
  787       2.969053318386e-10       5.880127808322e-12      -1.925670024080e-11       8.203543390566e-15       7.378606850779e-15       4.916298797334e-15      -4.510117395964e-16 
  788       2.978667476571e-10       5.849204772100e-12      -1.939152307285e-11       8.209512568726e-15       7.342980675975e-15       4.915270253240e-15      -4.484783759914e-16 
  789       2.988392390192e-10       5.817675535246e-12      -1.952211258689e-11       8.215567396238e-15       7.307572144828e-15       4.914040598389e-15      -4.459195922392e-16 
  790       2.998223145943e-10       5.785551985188e-12      -1.964840815227e-11       8.221708071306e-15       7.272379235162e-15       4.912608939364e-15      -4.433363878087e-16 
  791       3.008154775324e-10       5.752846156880e-12      -1.977034878926e-11       8.227934787813e-15       7.237399882494e-15       4.910974383586e-15      -4.407297731230e-16 
  792       3.018182254462e-10       5.719570233283e-12      -1.988787316820e-11       8.234247735301e-15       7.202631979882e-15       4.909136039332e-15      -4.381007695944e-16 
  793       3.028300503929e-10       5.685736545863e-12      -2.000091960868e-11       8.240647098949e-15       7.168073377754e-15       4.907093015743e-15      -4.354504096597e-16 
  794       3.038504388562e-10       5.651357575076e-12      -2.010942607874e-11       8.247133059552e-15       7.133721883750e-15       4.904844422833e-15      -4.327797368154e-16 
  795       3.048788717284e-10       5.616445950861e-12      -2.021333019406e-11       8.253705793496e-15       7.099575262561e-15       4.902389371507e-15      -4.300898056526e-16 
  796       3.059148242925e-10       5.581014453130e-12      -2.031256921713e-11       8.260365472738e-15       7.065631235761e-15       4.899726973567e-15      -4.273816818921e-16 
  797       3.069577662039e-10       5.545076012254e-12      -2.040708005645e-11       8.267112264785e-15       7.031887481653e-15       4.896856341727e-15      -4.246564424197e-16 
  798       3.080071614728e-10       5.508643709559e-12      -2.049679926567e-11       8.273946332673e-15       6.998341635098e-15       4.893776589624e-15      -4.219151753214e-16 
  799       3.090624684457e-10       5.471730777813e-12      -2.058166304285e-11       8.280867834939e-15       6.964991287360e-15       4.890486831828e-15      -4.191589799182e-16 
  800       3.101231640125e-10       5.434350643949e-12      -2.066161828161e-11       8.287876716677e-15       6.931834288553e-15       4.886986600505e-15      -4.163887736346e-16 
  801       3.111888167462e-10       5.396517057092e-12      -2.073665594751e-11       8.294972078532e-15       6.898869661379e-15       4.883277103705e-15      -4.136047086699e-16 
  802       3.122590150615e-10       5.358243963841e-12      -2.080677830885e-11       8.302152796148e-15       6.866096703736e-15       4.879359990045e-15      -4.108067447565e-16 
  803       3.133333430974e-10       5.319545466741e-12      -2.087198794106e-11       8.309417727998e-15       6.833514687511e-15       4.875236934235e-15      -4.079948413618e-16 
  804       3.144113807039e-10       5.280435824786e-12      -2.093228772795e-11       8.316765715319e-15       6.801122858469e-15       4.870909637161e-15      -4.051689576873e-16 
  805       3.154927034284e-10       5.240929453909e-12      -2.098768086297e-11       8.324195582056e-15       6.768920436153e-15       4.866379825979e-15      -4.023290526674e-16 
  806       3.165768825026e-10       5.201040927490e-12      -2.103817085045e-11       8.331706134798e-15       6.736906613776e-15       4.861649254201e-15      -3.994750849681e-16 
  807       3.176634848285e-10       5.160784976845e-12      -2.108376150686e-11       8.339296162715e-15       6.705080558115e-15       4.856719701790e-15      -3.966070129864e-16 
  808       3.187520729655e-10       5.120176491732e-12      -2.112445696209e-11       8.346964437504e-15       6.673441409406e-15       4.851592975246e-15      -3.937247948490e-16 
  809       3.198422051165e-10       5.079230520841e-12      -2.116026166066e-11       8.354709713319e-15       6.641988281238e-15       4.846270907695e-15      -3.908283884111e-16 
  810       3.209334351146e-10       5.037962272299e-12      -2.119118036299e-11       8.362530726718e-15       6.610720260447e-15       4.840755358982e-15      -3.879177512558e-16 
  811       3.220253124098e-10       4.996387114165e-12      -2.121721814669e-11       8.370426196597e-15       6.579636407012e-15       4.835048215757e-15      -3.849928406926e-16 
  812       3.231173820552e-10       4.954520574927e-12      -2.123838040776e-11       8.378394824131e-15       6.548735753948e-15       4.829151391569e-15      -3.820536137566e-16 
  813       3.242091846939e-10       4.912378344002e-12      -2.125467286188e-11       8.386435292713e-15       6.518017307201e-15       4.823066826951e-15      -3.791000272073e-16 
  814       3.253002565452e-10       4.869976272232e-12      -2.126610154563e-11       8.394546267891e-15       6.487480045542e-15       4.816796489512e-15      -3.761320375276e-16 
  815       3.263901293915e-10       4.827330372386e-12      -2.127267281780e-11       8.402726397312e-15       6.457122920460e-15       4.810342374029e-15      -3.731496009228e-16 
  816       3.274783305646e-10       4.784456819652e-12      -2.127439336058e-11       8.410974310654e-15       6.426944856061e-15       4.803706502533e-15      -3.701526733195e-16 
  817       3.285643829321e-10       4.741371952142e-12      -2.127127018088e-11       8.419288619572e-15       6.396944748956e-15       4.796890924399e-15      -3.671412103646e-16 
  818       3.296478048843e-10       4.698092271383e-12      -2.126331061151e-11       8.427667917632e-15       6.367121468161e-15       4.789897716438e-15      -3.641151674240e-16 
  819       3.307281103207e-10       4.654634442820e-12      -2.125052231250e-11       8.436110780251e-15       6.337473854987e-15       4.782728982987e-15      -3.610744995821e-16 
  820       3.318048086361e-10       4.611015296313e-12      -2.123291327232e-11       8.444615764640e-15       6.308000722939e-15       4.775386855994e-15      -3.580191616400e-16 
  821       3.328774047077e-10       4.567251826633e-12      -2.121049180915e-11       8.453181409737e-15       6.278700857606e-15       4.767873495113e-15      -3.549491081152e-16 
  822       3.339453988813e-10       4.523361193963e-12      -2.118326657211e-11       8.461806236150e-15       6.249573016557e-15       4.760191087791e-15      -3.518642932398e-16 
  823       3.350082869579e-10       4.479360724394e-12      -2.115124654253e-11       8.470488746094e-15       6.220615929236e-15       4.752341849360e-15      -3.487646709602e-16 
  824       3.360655601804e-10       4.435267910422e-12      -2.111444103522e-11       8.479227423332e-15       6.191828296856e-15       4.744328023122e-15      -3.456501949354e-16 
  825       3.371167052198e-10       4.391100411451e-12      -2.107285969971e-11       8.488020733114e-15       6.163208792293e-15       4.736151880444e-15      -3.425208185364e-16 
  826       3.381612041622e-10       4.346876054285e-12      -2.102651252148e-11       8.496867122112e-15       6.134756059982e-15       4.727815720845e-15      -3.393764948448e-16 
  827       3.391985344948e-10       4.302612833629e-12      -2.097540982326e-11       8.505765018363e-15       6.106468715808e-15       4.719321872086e-15      -3.362171766522e-16 
  828       3.402281690931e-10       4.258328912587e-12      -2.091956226625e-11       8.514712831210e-15       6.078345347004e-15       4.710672690260e-15      -3.330428164586e-16 
  829       3.412495762068e-10       4.214042623160e-12      -2.085898085139e-11       8.523708951234e-15       6.050384512044e-15       4.701870559881e-15      -3.298533664716e-16 
  830       3.422622194466e-10       4.169772466745e-12      -2.079367692060e-11       8.532751750200e-15       6.022584740535e-15       4.692917893976e-15      -3.266487786056e-16 
  831       3.432655577710e-10       4.125537114628e-12      -2.072366215805e-11       8.541839580991e-15       5.994944533117e-15       4.683817134170e-15      -3.234290044803e-16 
  832       3.442590454724e-10       4.081355408490e-12      -2.064894859141e-11       8.550970777550e-15       5.967462361350e-15       4.674570750783e-15      -3.201939954199e-16 
  833       3.452421321638e-10       4.037246360898e-12      -2.056954859311e-11       8.560143654818e-15       5.940136667616e-15       4.665181242911e-15      -3.169437024520e-16 
  834       3.462142627654e-10       3.993229155808e-12      -2.048547488156e-11       8.569356508675e-15       5.912965865008e-15       4.655651138523e-15      -3.136780763066e-16 
  835       3.471748774914e-10       3.949323149059e-12      -2.039674052247e-11       8.578607615874e-15       5.885948337227e-15       4.645982994547e-15      -3.103970674149e-16 
  836       3.481234118357e-10       3.905547868875e-12      -2.030335893002e-11       8.587895233986e-15       5.859082438473e-15       4.636179396960e-15      -3.071006259083e-16 
  837       3.490592965596e-10       3.861923016359e-12      -2.020534386819e-11       8.597217601334e-15       5.832366493346e-15       4.626242960879e-15      -3.037887016176e-16 
  838       3.499819576773e-10       3.818468465993e-12      -2.010270945197e-11       8.606572936936e-15       5.805798796732e-15       4.616176330650e-15      -3.004612440715e-16 
  839       3.508908714037e-10       3.775202901893e-12      -1.999547633693e-11       8.615959436825e-15       5.779377822856e-15       4.605981679729e-15      -2.971183054510e-16 
  840       3.517857300714e-10       3.732139699544e-12      -1.988369040334e-11       8.625375263063e-15       5.753102856611e-15       4.595659200609e-15      -2.937603514179e-16 
  841       3.526662790729e-10       3.689290973410e-12      -1.976740439955e-11       8.634818554418e-15       5.726973372998e-15       4.585208588804e-15      -2.903879556908e-16 
  842       3.535322621579e-10       3.646668934950e-12      -1.964667178546e-11       8.644287429897e-15       5.700988828903e-15       4.574629540676e-15      -2.870016975975e-16 
  843       3.543834214288e-10       3.604285892887e-12      -1.952154673486e-11       8.653779988690e-15       5.675148663025e-15       4.563921753446e-15      -2.836021620905e-16 
  844       3.552194973369e-10       3.562154253469e-12      -1.939208413768e-11       8.663294310101e-15       5.649452295805e-15       4.553084925194e-15      -2.801899397640e-16 
  845       3.560402286780e-10       3.520286520739e-12      -1.925833960233e-11       8.672828453496e-15       5.623899129358e-15       4.542118754863e-15      -2.767656268705e-16 
  846       3.568453525886e-10       3.478695296797e-12      -1.912036945801e-11       8.682380458231e-15       5.598488547405e-15       4.531022942268e-15      -2.733298253367e-16 
  847       3.576346045414e-10       3.437393282070e-12      -1.897823075702e-11       8.691948343600e-15       5.573219915195e-15       4.519797188096e-15      -2.698831427804e-16 
  848       3.584077183418e-10       3.396393275575e-12      -1.883198127704e-11       8.701530108766e-15       5.548092579446e-15       4.508441193913e-15      -2.664261925270e-16 
  849       3.591644261231e-10       3.355708175185e-12      -1.868167952349e-11       8.711123732704e-15       5.523105868265e-15       4.496954662169e-15      -2.629595936258e-16 
  850       3.599044583429e-10       3.315350977894e-12      -1.852738473177e-11       8.720727174137e-15       5.498259091085e-15       4.485337296199e-15      -2.594839708664e-16 
  851       3.606275437789e-10       3.275334780086e-12      -1.836915686962e-11       8.730338371475e-15       5.473551538590e-15       4.473588800232e-15      -2.559999547957e-16 
  852       3.613334095246e-10       3.235672777796e-12      -1.820705663942e-11       8.739955242755e-15       5.448982482649e-15       4.461708879394e-15      -2.525081817336e-16 
  853       3.620217809855e-10       3.196378266980e-12      -1.804114548048e-11       8.749575685576e-15       5.424551176245e-15       4.449697239709e-15      -2.490092937900e-16 
  854       3.626923818746e-10       3.157464643778e-12      -1.787148557136e-11       8.759197577042e-15       5.400256853401e-15       4.437553588110e-15      -2.455039388812e-16 
  855       3.633449342087e-10       3.118945404782e-12      -1.769813983217e-11       8.768818773696e-15       5.376098729118e-15       4.425277632437e-15      -2.419927707463e-16 
  856       3.639791583042e-10       3.080834147298e-12      -1.752117192690e-11       8.778437111460e-15       5.352075999296e-15       4.412869081449e-15      -2.384764489638e-16 
  857       3.645947727727e-10       3.043144569618e-12      -1.734064626568e-11       8.788050405576e-15       5.328187840670e-15       4.400327644819e-15      -2.349556389678e-16 
  858       3.651914945174e-10       3.005890471278e-12      -1.715662800716e-11       8.797656450538e-15       5.304433410738e-15       4.387653033147e-15      -2.314310120647e-16 
  859       3.657690387284e-10       2.969085753330e-12      -1.696918306073e-11       8.807253020040e-15       5.280811847693e-15       4.374844957962e-15      -2.279032454497e-16 
  860       3.663271188792e-10       2.932744418604e-12      -1.677837808892e-11       8.816837866904e-15       5.257322270349e-15       4.361903131722e-15      -2.243730222233e-16 
  861       3.668654467223e-10       2.896880571978e-12      -1.658428050964e-11       8.826408723025e-15       5.233963778073e-15       4.348827267827e-15      -2.208410314074e-16 
  862       3.673837322849e-10       2.861508420636e-12      -1.638695849850e-11       8.835963299309e-15       5.210735450717e-15       4.335617080615e-15      -2.173079679623e-16 
  863       3.678816838653e-10       2.826642274343e-12      -1.618648099115e-11       8.845499285609e-15       5.187636348545e-15       4.322272285372e-15      -2.137745328029e-16 
  864       3.683590080284e-10       2.792296545705e-12      -1.598291768556e-11       8.855014350663e-15       5.164665512166e-15       4.308792598336e-15      -2.102414328153e-16 
  865       3.688154096016e-10       2.758485750435e-12      -1.577633904433e-11       8.864506142038e-15       5.141821962459e-15       4.295177736698e-15      -2.067093808729e-16 
  866       3.692505916711e-10       2.725224507622e-12      -1.556681629700e-11       8.873972286060e-15       5.119104700510e-15       4.281427418612e-15      -2.031790958534e-16 
  867       3.696642555771e-10       2.692527539992e-12      -1.535442144236e-11       8.883410387759e-15       5.096512707534e-15       4.267541363195e-15      -1.996513026551e-16 
  868       3.700561009105e-10       2.660409674179e-12      -1.513922725077e-11       8.892818030805e-15       5.074044944814e-15       4.253519290532e-15      -1.961267322133e-16 
  869       3.704258255083e-10       2.628885840986e-12      -1.492130726644e-11       8.902192777446e-15       5.051700353622e-15       4.239360921683e-15      -1.926061215165e-16 
  870       3.707731254494e-10       2.597971075654e-12      -1.470073580977e-11       8.911532168448e-15       5.029477855155e-15       4.225065978686e-15      -1.890902136236e-16 
  871       3.710976950510e-10       2.567680518126e-12      -1.447758797962e-11       8.920833723031e-15       5.007376350464e-15       4.210634184562e-15      -1.855797576798e-16 
  872       3.713992268641e-10       2.538029413313e-12      -1.425193965565e-11       8.930094938810e-15       4.985394720381e-15       4.196065263318e-15      -1.820755089331e-16 
  873       3.716774116694e-10       2.509033111361e-12      -1.402386750063e-11       8.939313291732e-15       4.963531825453e-15       4.181358939955e-15      -1.785782287510e-16 
  874       3.719319384734e-10       2.480707067914e-12      -1.379344896271e-11       8.948486236014e-15       4.941786505870e-15       4.166514940468e-15      -1.750886846371e-16 
  875       3.721624945042e-10       2.453066844385e-12      -1.356076227777e-11       8.957611204082e-15       4.920157581394e-15       4.151532991855e-15      -1.716076502469e-16 
  876       3.723687652075e-10       2.426128108215e-12      -1.332588647171e-11       8.966685606511e-15       4.898643851291e-15       4.136412822116e-15      -1.681359054052e-16 
  877       3.725504342421e-10       2.399906633142e-12      -1.308890136275e-11       8.975706831959e-15       4.877244094261e-15       4.121154160265e-15      -1.646742361219e-16 
  878       3.727072392610e-10       2.374416260049e-12      -1.284988614250e-11       8.984672439254e-15       4.855957213147e-15       4.105757374072e-15      -1.612232965648e-16 
  879       3.728391402772e-10       2.349662741799e-12      -1.260891508858e-11       8.993580737253e-15       4.834782671861e-15       4.090225394928e-15      -1.577831924284e-16 
  880       3.729461540891e-10       2.325649796586e-12      -1.236606178528e-11       9.002430214500e-15       4.813720065585e-15       4.074561824995e-15      -1.543538906707e-16 
  881       3.730282987536e-10       2.302381138024e-12      -1.212140054044e-11       9.011219347926e-15       4.792768976599e-15       4.058770302467e-15      -1.509353569239e-16 
  882       3.730855935915e-10       2.279860475096e-12      -1.187500638756e-11       9.019946602815e-15       4.771928974239e-15       4.042854501676e-15      -1.475275554896e-16 
  883       3.731180591911e-10       2.258091512105e-12      -1.162695508783e-11       9.028610432772e-15       4.751199614844e-15       4.026818133191e-15      -1.441304493337e-16 
  884       3.731257174138e-10       2.237077948623e-12      -1.137732313227e-11       9.037209279694e-15       4.730580441710e-15       4.010664943926e-15      -1.407440000816e-16 
  885       3.731085913977e-10       2.216823479435e-12      -1.112618774381e-11       9.045741573736e-15       4.710070985043e-15       3.994398717242e-15      -1.373681680131e-16 
  886       3.730667055629e-10       2.197331794493e-12      -1.087362687933e-11       9.054205733280e-15       4.689670761914e-15       3.978023273049e-15      -1.340029120574e-16 
  887       3.730000856156e-10       2.178606578860e-12      -1.061971923183e-11       9.062600164905e-15       4.669379276204e-15       3.961542467913e-15      -1.306481897880e-16 
  888       3.729087585532e-10       2.160651512664e-12      -1.036454423243e-11       9.070923263351e-15       4.649196018567e-15       3.944960195157e-15      -1.273039574180e-16 
  889       3.727927526681e-10       2.143470271041e-12      -1.010818205252e-11       9.079173411493e-15       4.629120466372e-15       3.928280384968e-15      -1.239701697949e-16 
  890       3.726520975531e-10       2.127066524087e-12      -9.850713605799e-12       9.087348980302e-15       4.609152083664e-15       3.911507004496e-15      -1.206467803958e-16 
  891       3.724868241053e-10       2.111443936807e-12      -9.592220550409e-12       9.095448328823e-15       4.589290321111e-15       3.894644057961e-15      -1.173337413219e-16 
  892       3.722969645311e-10       2.096606169061e-12      -9.332785290987e-12       9.103469804133e-15       4.569534615959e-15       3.877695586755e-15      -1.140310032943e-16 
  893       3.720825523506e-10       2.082556875514e-12      -9.072490980769e-12       9.111411741316e-15       4.549884391985e-15       3.860665669550e-15      -1.107385156484e-16 
  894       3.718436224022e-10       2.069299705586e-12      -8.811421523666e-12       9.119272463429e-15       4.530339059446e-15       3.843558422393e-15      -1.074562263292e-16 
  895       3.715802108472e-10       2.056838303398e-12      -8.549661576360e-12       9.127050281472e-15       4.510898015037e-15       3.826377998819e-15      -1.041840818862e-16 
  896       3.712923551743e-10       2.045176307724e-12      -8.287296550387e-12       9.134743494352e-15       4.491560641837e-15       3.809128589950e-15      -1.009220274684e-16 
  897       3.709800942043e-10       2.034317351935e-12      -8.024412614223e-12       9.142350388858e-15       4.472326309269e-15       3.791814424598e-15      -9.767000681937e-17 
  898       3.706434680944e-10       2.024265063953e-12      -7.761096695373e-12       9.149869239622e-15       4.453194373044e-15       3.774439769370e-15      -9.442796227231e-17 
  899       3.702825183432e-10       2.015023066194e-12      -7.497436482455e-12       9.157298309092e-15       4.434164175123e-15       3.757008928774e-15      -9.119583474495e-17 
  900       3.698972877949e-10       2.006594975523e-12      -7.233520427292e-12       9.164635847501e-15       4.415235043660e-15       3.739526245319e-15      -8.797356373462e-17 
  901       3.694878206440e-10       1.998984403197e-12      -6.969437746993e-12       9.171880092830e-15       4.396406292962e-15       3.721996099619e-15      -8.476108731326e-17 
  902       3.690541624400e-10       1.992194954815e-12      -6.705278426044e-12       9.179029270782e-15       4.377677223437e-15       3.704422910500e-15      -8.155834212242e-17 
  903       3.685963600917e-10       1.986230230269e-12      -6.441133218393e-12       9.186081594747e-15       4.359047121548e-15       3.686811135101e-15      -7.836526336829e-17 
  904       3.681144618719e-10       1.981093823691e-12      -6.177093649536e-12       9.193035265771e-15       4.340515259767e-15       3.669165268977e-15      -7.518178481670e-17 
  905       3.676085174223e-10       1.976789323402e-12      -5.913252018608e-12       9.199888472525e-15       4.322080896524e-15       3.651489846204e-15      -7.200783878814e-17 
  906       3.670785777574e-10       1.973320311859e-12      -5.649701400464e-12       9.206639391273e-15       4.303743276163e-15       3.633789439486e-15      -6.884335615277e-17 
  907       3.665246952696e-10       1.970690365607e-12      -5.386535647772e-12       9.213286185839e-15       4.285501628892e-15       3.616068660250e-15      -6.568826632541e-17 
  908       3.659469237336e-10       1.968903055223e-12      -5.123849393094e-12       9.219827007578e-15       4.267355170737e-15       3.598332158759e-15      -6.254249726061e-17 
  909       3.653453183111e-10       1.967961945269e-12      -4.861738050978e-12       9.226259995340e-15       4.249303103495e-15       3.580584624211e-15      -5.940597544760e-17 
  910       3.647199355550e-10       1.967870594238e-12      -4.600297820041e-12       9.232583275443e-15       4.231344614685e-15       3.562830784843e-15      -5.627862590534e-17 
  911       3.640708334145e-10       1.968632554506e-12      -4.339625685059e-12       9.238794961640e-15       4.213478877500e-15       3.545075408034e-15      -5.316037217751e-17 
  912       3.633980712392e-10       1.970251372275e-12      -4.079819419052e-12       9.244893155083e-15       4.195705050761e-15       3.527323300412e-15      -5.005113632756e-17 
  913       3.627017097840e-10       1.972730587526e-12      -3.820977585369e-12       9.250875944298e-15       4.178022278870e-15       3.509579307954e-15      -4.695083893367e-17 
  914       3.619818112134e-10       1.976073733967e-12      -3.563199539781e-12       9.256741405148e-15       4.160429691761e-15       3.491848316092e-15      -4.385939908381e-17 
  915       3.612384391065e-10       1.980284338980e-12      -3.306585432561e-12       9.262487600806e-15       4.142926404853e-15       3.474135249816e-15      -4.077673437071e-17 
  916       3.604716584609e-10       1.985365923572e-12      -3.051236210576e-12       9.268112581717e-15       4.125511519003e-15       3.456445073776e-15      -3.770276088692e-17 
  917       3.596815663341e-10       1.991320348700e-12      -2.797245816548e-12       9.273614658986e-15       4.108184227915e-15       3.438781821532e-15      -3.463748445406e-17 
  918       3.588683842904e-10       1.998142825506e-12      -2.544677646531e-12       9.278993229354e-15       4.090944142340e-15       3.421145666140e-15      -3.158127591251e-17 
  919       3.580323674346e-10       2.005826825531e-12      -2.293587721710e-12       9.284247963290e-15       4.073790970946e-15       3.403535803125e-15      -2.853460020529e-17 
  920       3.571737739187e-10       2.014365726844e-12      -2.044032458216e-12       9.289378532781e-15       4.056724413295e-15       3.385951417076e-15      -2.549792554906e-17 
  921       3.562928649503e-10       2.023752813758e-12      -1.796068668103e-12       9.294384611334e-15       4.039744159808e-15       3.368391681610e-15      -2.247172344221e-17 
  922       3.553899048020e-10       2.033981276542e-12      -1.549753560318e-12       9.299265873988e-15       4.022849891739e-15       3.350855759338e-15      -1.945646867281e-17 
  923       3.544651608201e-10       2.045044211133e-12      -1.305144741680e-12       9.304021997317e-15       4.006041281137e-15       3.333342801832e-15      -1.645263932667e-17 
  924       3.535189034335e-10       2.056934618852e-12      -1.062300217853e-12       9.308652659440e-15       3.989317990818e-15       3.315851949587e-15      -1.346071679536e-17 
  925       3.525514061628e-10       2.069645406111e-12      -8.212783943209e-13       9.313157540026e-15       3.972679674329e-15       3.298382331988e-15      -1.048118578420e-17 
  926       3.515629456293e-10       2.083169384133e-12      -5.821380773601e-13       9.317536320303e-15       3.956125975918e-15       3.280933067277e-15      -7.514534320299e-18 
  927       3.505538015635e-10       2.097499268660e-12      -3.449384750172e-13       9.321788683066e-15       3.939656530504e-15       3.263503262514e-15      -4.561253760565e-18 
  928       3.495242568145e-10       2.112627679666e-12      -1.097391980817e-13       9.325914312682e-15       3.923270963640e-15       3.246092013548e-15      -1.621838799731e-18 
  929       3.484745973589e-10       2.128547141074e-12       1.233997389391e-13       9.329912895099e-15       3.906968891485e-15       3.228698404976e-15       1.303212521634e-18 
  930       3.474051123094e-10       2.145250080464e-12       3.544179168453e-13       9.333784117852e-15       3.890749920768e-15       3.211321510113e-15       4.213398809106e-18 
  931       3.463160939241e-10       2.162728828790e-12       5.832545107700e-13       9.337527670071e-15       3.874613648760e-15       3.193960390957e-15       7.108215306384e-18 
  932       3.452078376152e-10       2.180975620089e-12       8.098482892045e-13       9.341143242489e-15       3.858559663239e-15       3.176614098152e-15       9.987153887276e-18 
  933       3.440806419583e-10       2.199982591197e-12       1.034137613024e-12       9.344630527447e-15       3.842587542459e-15       3.159281670953e-15       1.284970304768e-17 
  934       3.429348087007e-10       2.219741781461e-12       1.256060434513e-12       9.347989218904e-15       3.826696855117e-15       3.141962137195e-15       1.569534789756e-17 
  935       3.417706427709e-10       2.240245132452e-12       1.475554296390e-12       9.351219012441e-15       3.810887160321e-15       3.124654513256e-15       1.852357015295e-17 
  936       3.405884522875e-10       2.261484487675e-12       1.692556330835e-12       9.354319605273e-15       3.795158007557e-15       3.107357804020e-15       2.133384812789e-17 
  937       3.393885485677e-10       2.283451592288e-12       1.907003258510e-12       9.357290696250e-15       3.779508936662e-15       3.090071002846e-15       2.412565672645e-17 
  938       3.381712461369e-10       2.306138092810e-12       2.118831387593e-12       9.360131985871e-15       3.763939477782e-15       3.072793091533e-15       2.689846743472e-17 
  939       3.369368627369e-10       2.329535536836e-12       2.327976612794e-12       9.362843176287e-15       3.748449151351e-15       3.055523040283e-15       2.965174831275e-17 
  940       3.356857193354e-10       2.353635372747e-12       2.534374414385e-12       9.365423971306e-15       3.733037468050e-15       3.038259807667e-15       3.238496398654e-17 
  941       3.344181401348e-10       2.378428949428e-12       2.737959857228e-12       9.367874076409e-15       3.717703928778e-15       3.021002340592e-15       3.509757564005e-17 
  942       3.331344525811e-10       2.403907515977e-12       2.938667589794e-12       9.370193198748e-15       3.702448024622e-15       3.003749574264e-15       3.778904100717e-17 
  943       3.318349873726e-10       2.430062221419e-12       3.136431843195e-12       9.372381047158e-15       3.687269236821e-15       2.986500432157e-15       4.045881436370e-17 
  944       3.305200784694e-10       2.456884114418e-12       3.331186430204e-12       9.374437332162e-15       3.672167036738e-15       2.969253825972e-15       4.310634651931e-17 
  945       3.291900631019e-10       2.484364142993e-12       3.522864744283e-12       9.376361765982e-15       3.657140885823e-15       2.952008655608e-15       4.573108480955e-17 
  946       3.278452817796e-10       2.512493154226e-12       3.711399758609e-12       9.378154062541e-15       3.642190235584e-15       2.934763809125e-15       4.833247308784e-17 
  947       3.264860783007e-10       2.541261893981e-12       3.896724025099e-12       9.379813937476e-15       3.627314527555e-15       2.917518162711e-15       5.090995171742e-17 
  948       3.251127997604e-10       2.570661006610e-12       4.078769673433e-12       9.381341108140e-15       3.612513193262e-15       2.900270580644e-15       5.346295756334e-17 
  949       3.237257965600e-10       2.600681034671e-12       4.257468410083e-12       9.382735293612e-15       3.597785654193e-15       2.883019915260e-15       5.599092398447e-17 
  950       3.223254224162e-10       2.631312418641e-12       4.432751517336e-12       9.383996214705e-15       3.583131321763e-15       2.865765006918e-15       5.849328082544e-17 
  951       3.209120343694e-10       2.662545496624e-12       4.604549852322e-12       9.385123593970e-15       3.568549597284e-15       2.848504683963e-15       6.096945440867e-17 
  952       3.194859927932e-10       2.694370504070e-12       4.772793846034e-12       9.386117155707e-15       3.554039871932e-15       2.831237762696e-15       6.341886752628e-17 
  953       3.180476614032e-10       2.726777573484e-12       4.937413502360e-12       9.386976625970e-15       3.539601526717e-15       2.813963047334e-15       6.584093943217e-17 
  954       3.165974072657e-10       2.759756734140e-12       5.098338397104e-12       9.387701732574e-15       3.525233932446e-15       2.796679329979e-15       6.823508583391e-17 
  955       3.151356008067e-10       2.793297911793e-12       5.255497677015e-12       9.388292205106e-15       3.510936449696e-15       2.779385390582e-15       7.060071888477e-17 
  956       3.136626098911e-10       2.827390489774e-12       5.408829965198e-12       9.388747979999e-15       3.496708499518e-15       2.762080395289e-15       7.293739431358e-17 
  957       3.121787819406e-10       2.862021985497e-12       5.558313245114e-12       9.389069819198e-15       3.482549776804e-15       2.744765098216e-15       7.524525529285e-17 
  958       3.106844615604e-10       2.897179353162e-12       5.703935431158e-12       9.389258700963e-15       3.468460040119e-15       2.727440657964e-15       7.752459533534e-17 
  959       3.091799964520e-10       2.932849420199e-12       5.845684503985e-12       9.389315615685e-15       3.454439041231e-15       2.710108240922e-15       7.977571178210e-17 
  960       3.076657374222e-10       2.969018886925e-12       5.983548510826e-12       9.389241565922e-15       3.440486525087e-15       2.692769021280e-15       8.199890581381e-17 
  961       3.061420383906e-10       3.005674326196e-12       6.117515565819e-12       9.389037566435e-15       3.426602229795e-15       2.675424181049e-15       8.419448246198e-17 
  962       3.046092563980e-10       3.042802183066e-12       6.247573850333e-12       9.388704644215e-15       3.412785886596e-15       2.658074910079e-15       8.636275062030e-17 
  963       3.030677516146e-10       3.080388774440e-12       6.373711613289e-12       9.388243838528e-15       3.399037219843e-15       2.640722406077e-15       8.850402305589e-17 
  964       3.015178873483e-10       3.118420288731e-12       6.495917171491e-12       9.387656200938e-15       3.385355946980e-15       2.623367874621e-15       9.061861642060e-17 
  965       2.999600300523e-10       3.156882785513e-12       6.614178909944e-12       9.386942795349e-15       3.371741778515e-15       2.606012529183e-15       9.270685126225e-17 
  966       2.983945493342e-10       3.195762195178e-12       6.728485282183e-12       9.386104698035e-15       3.358194418002e-15       2.588657591142e-15       9.476905203596e-17 
  967       2.968218179630e-10       3.235044318593e-12       6.838824810598e-12       9.385142997678e-15       3.344713562013e-15       2.571304289804e-15       9.680554711540e-17 
  968       2.952422118784e-10       3.274714826752e-12       6.945186086755e-12       9.384058795398e-15       3.331298900120e-15       2.553953862418e-15       9.881666880409e-17 
  969       2.936561101981e-10       3.314759260433e-12       7.047557771726e-12       9.382853204788e-15       3.317950114869e-15       2.536607554194e-15       1.008027533467e-16 
  970       2.920638952265e-10       3.355163029854e-12       7.145928596408e-12       9.381527351951e-15       3.304666881757e-15       2.519266618323e-15       1.027641409401e-16 
  971       2.904659524626e-10       3.395911414328e-12       7.240287361854e-12       9.380082375531e-15       3.291448869210e-15       2.501932315989e-15       1.047011757453e-16 
  972       2.888626706081e-10       3.436989561917e-12       7.330622939592e-12       9.378519426751e-15       3.278295738562e-15       2.484605916395e-15       1.066142058977e-16 
  973       2.872544415759e-10       3.478382489090e-12       7.416924271954e-12       9.376839669440e-15       3.265207144028e-15       2.467288696770e-15       1.085035835194e-16 
  974       2.856416604979e-10       3.520075080376e-12       7.499180372398e-12       9.375044280076e-15       3.252182732684e-15       2.449981942396e-15       1.103696647298e-16 
  975       2.840247257333e-10       3.562052088019e-12       7.577380325835e-12       9.373134447814e-15       3.239222144445e-15       2.432686946620e-15       1.122128096571e-16 
  976       2.824040388768e-10       3.604298131638e-12       7.651513288952e-12       9.371111374521e-15       3.226325012037e-15       2.415405010873e-15       1.140333824498e-16 
  977       2.807800047668e-10       3.646797697875e-12       7.721568490536e-12       9.368976274814e-15       3.213490960981e-15       2.398137444690e-15       1.158317512875e-16 
  978       2.791530314935e-10       3.689535140058e-12       7.787535231802e-12       9.366730376090e-15       3.200719609565e-15       2.380885565722e-15       1.176082883925e-16 
  979       2.775235304069e-10       3.732494677851e-12       7.849402886716e-12       9.364374918560e-15       3.188010568823e-15       2.363650699759e-15       1.193633700413e-16 
  980       2.758919161251e-10       3.775660396910e-12       7.907160902319e-12       9.361911155286e-15       3.175363442513e-15       2.346434180745e-15       1.210973765752e-16 
  981       2.742586065428e-10       3.819016248543e-12       7.960798799052e-12       9.359340352216e-15       3.162777827090e-15       2.329237350797e-15       1.228106924124e-16 
  982       2.726240228388e-10       3.862546049358e-12       8.010306171082e-12       9.356663788211e-15       3.150253311689e-15       2.312061560219e-15       1.245037060585e-16 
  983       2.709885894846e-10       3.906233480925e-12       8.055672686626e-12       9.353882755089e-15       3.137789478100e-15       2.294908167524e-15       1.261768101184e-16 
  984       2.693527342525e-10       3.950062089427e-12       8.096888088275e-12       9.350998557652e-15       3.125385900740e-15       2.277778539450e-15       1.278304013072e-16 
  985       2.677168882238e-10       3.994015285319e-12       8.133942193320e-12       9.348012513722e-15       3.113042146639e-15       2.260674050976e-15       1.294648804618e-16 
  986       2.660814857966e-10       4.038076342979e-12       8.166824894076e-12       9.344925954178e-15       3.100757775409e-15       2.243596085342e-15       1.310806525518e-16 
  987       2.644469646946e-10       4.082228400368e-12       8.195526158209e-12       9.341740222985e-15       3.088532339227e-15       2.226546034063e-15       1.326781266910e-16 
  988       2.628137659746e-10       4.126454458682e-12       8.220036029055e-12       9.338456677232e-15       3.076365382810e-15       2.209525296951e-15       1.342577161488e-16 
  989       2.611823340353e-10       4.170737382009e-12       8.240344625952e-12       9.335076687166e-15       3.064256443389e-15       2.192535282130e-15       1.358198383612e-16 
  990       2.595531166248e-10       4.215059896983e-12       8.256442144559e-12       9.331601636223e-15       3.052205050691e-15       2.175577406054e-15       1.373649149423e-16 
  991       2.579265648493e-10       4.259404592442e-12       8.268318857186e-12       9.328032921069e-15       3.040210726914e-15       2.158653093524e-15       1.388933716955e-16 
  992       2.563031331809e-10       4.303753919080e-12       8.275965113112e-12       9.324371951623e-15       3.028272986704e-15       2.141763777707e-15       1.404056386246e-16 
  993       2.546832794661e-10       4.348090189106e-12       8.279371338917e-12       9.320620151104e-15       3.016391337132e-15       2.124910900151e-15       1.419021499456e-16 
  994       2.530674649337e-10       4.392395575895e-12       8.278528038802e-12       9.316778956054e-15       3.004565277671e-15       2.108095910806e-15       1.433833440974e-16 
  995       2.514561195711e-10       4.436653066396e-12       8.273432909847e-12       9.312849851406e-15       2.992794357371e-15       2.091320279783e-15       1.448495129092e-16 
  996       2.498495376798e-10       4.480849334356e-12       8.264112301545e-12       9.308834476153e-15       2.981078347346e-15       2.074585532790e-15       1.463003466537e-16 
  997       2.482479808032e-10       4.524971908588e-12       8.250600071938e-12       9.304734519293e-15       2.969417070775e-15       2.057893216252e-15       1.477353823381e-16 
  998       2.466517122228e-10       4.569008223817e-12       8.232930502424e-12       9.300551684987e-15       2.957810345914e-15       2.041244885634e-15       1.491541539348e-16 
  999       2.450609969627e-10       4.612945620453e-12       8.211138298953e-12       9.296287692592e-15       2.946257986085e-15       2.024642105457e-15       1.505561923755e-16 
 1000       2.434761017935e-10       4.656771344362e-12       8.185258593204e-12       9.291944276704e-15       2.934759799657e-15       2.008086449320e-15       1.519410255435e-16 
 1001       2.418972952362e-10       4.700472546634e-12       8.155326943777e-12       9.287523187193e-15       2.923315590030e-15       1.991579499919e-15       1.533081782670e-16 
 1002       2.403248475658e-10       4.744036283355e-12       8.121379337379e-12       9.283026189243e-15       2.911925155621e-15       1.975122849062e-15       1.546571723120e-16 
 1003       2.387590308159e-10       4.787449515379e-12       8.083452190007e-12       9.278455063390e-15       2.900588289846e-15       1.958718097694e-15       1.559875263754e-16 
 1004       2.372001187824e-10       4.830699108097e-12       8.041582348138e-12       9.273811605561e-15       2.889304781106e-15       1.942366855909e-15       1.572987560780e-16 
 1005       2.356483870273e-10       4.873771831210e-12       7.995807089911e-12       9.269097627111e-15       2.878074412768e-15       1.926070742977e-15       1.585903739576e-16 
 1006       2.341041128829e-10       4.916654358495e-12       7.946164126318e-12       9.264314954864e-15       2.866896963152e-15       1.909831387355e-15       1.598618894617e-16 
 1007       2.325675754556e-10       4.959333267582e-12       7.892691602388e-12       9.259465431148e-15       2.855772205514e-15       1.893650426712e-15       1.611128089408e-16 
 1008       2.310390556300e-10       5.001795039720e-12       7.835428098374e-12       9.254550913835e-15       2.844699908031e-15       1.877529507945e-15       1.623426356416e-16 
 1009       2.295188360729e-10       5.044026059551e-12       7.774412630936e-12       9.249573276382e-15       2.833679833782e-15       1.861470287199e-15       1.635508696994e-16 
 1010       2.280072012371e-10       5.086012614878e-12       7.709684654334e-12       9.244534407864e-15       2.822711740735e-15       1.845474429885e-15       1.647370081317e-16 
 1011       2.265044373654e-10       5.127740896436e-12       7.641284061608e-12       9.239436213017e-15       2.811795381730e-15       1.829543610700e-15       1.659005448309e-16 
 1012       2.250108324947e-10       5.169196997666e-12       7.569251185766e-12       9.234280612273e-15       2.800930504463e-15       1.813679513646e-15       1.670409705575e-16 
 1013       2.235266764599e-10       5.210366914482e-12       7.493626800972e-12       9.229069541803e-15       2.790116851470e-15       1.797883832047e-15       1.681577729330e-16 
 1014       2.220522608978e-10       5.251236545043e-12       7.414452123732e-12       9.223804953549e-15       2.779354160112e-15       1.782158268572e-15       1.692504364328e-16 
 1015       2.205878792511e-10       5.291791689524e-12       7.331768814079e-12       9.218488815270e-15       2.768642162557e-15       1.766504535249e-15       1.703184423796e-16 
 1016       2.191338267726e-10       5.332018049887e-12       7.245618976759e-12       9.213123110572e-15       2.757980585766e-15       1.750924353489e-15       1.713612689360e-16 
 1017       2.176904005287e-10       5.371901229653e-12       7.156045162419e-12       9.207709838953e-15       2.747369151475e-15       1.735419454100e-15       1.723783910977e-16 
 1018       2.162578994038e-10       5.411426733667e-12       7.063090368791e-12       9.202251015840e-15       2.736807576183e-15       1.719991577309e-15       1.733692806867e-16 
 1019       2.148366241040e-10       5.450579967877e-12       6.966798041882e-12       9.196748672624e-15       2.726295571130e-15       1.704642472783e-15       1.743334063438e-16 
 1020       2.134268771612e-10       5.489346239098e-12       6.867212077157e-12       9.191204856702e-15       2.715832842286e-15       1.689373899642e-15       1.752702335222e-16 
 1021       2.120289629370e-10       5.527710754787e-12       6.764376820725e-12       9.185621631516e-15       2.705419090334e-15       1.674187626484e-15       1.761792244801e-16 
 1022       2.106431876269e-10       5.565658622812e-12       6.658337070529e-12       9.180001076587e-15       2.695054010652e-15       1.659085431398e-15       1.770598382739e-16 
 1023       2.092698592638e-10       5.603174851221e-12       6.549138077528e-12       9.174345287558e-15       2.684737293298e-15       1.644069101991e-15       1.779115307514e-16 
 1024       2.079092877225e-10       5.640244348016e-12       6.436825546886e-12       9.168656376229e-15       2.674468622996e-15       1.629140435398e-15       1.787337545441e-16 
 1025       2.065617847230e-10       5.676851920923e-12       6.321445639156e-12       9.162936470598e-15       2.664247679119e-15       1.614301238308e-15       1.795259590613e-16 
 1026       2.052276638354e-10       5.712982277161e-12       6.203044971471e-12       9.157187714898e-15       2.654074135669e-15       1.599553326979e-15       1.802875904821e-16 
 1027       2.039072404829e-10       5.748620023214e-12       6.081670618724e-12       9.151412269635e-15       2.643947661268e-15       1.584898527259e-15       1.810180917490e-16 
 1028       2.026008319466e-10       5.783749664602e-12       5.957370114759e-12       9.145612311629e-15       2.633867919137e-15       1.570338674603e-15       1.817169025607e-16 
 1029       2.013087573686e-10       5.818355605652e-12       5.830191453554e-12       9.139790034048e-15       2.623834567083e-15       1.555875614095e-15       1.823834593654e-16 
 1030       2.000313377570e-10       5.852422149265e-12       5.700183090411e-12       9.133947646451e-15       2.613847257479e-15       1.541511200463e-15       1.830171953533e-16 
 1031       1.987688959889e-10       5.885933496694e-12       5.567393943140e-12       9.128087374822e-15       2.603905637252e-15       1.527247298103e-15       1.836175404501e-16 
 1032       1.975217568149e-10       5.918873747308e-12       5.431873393244e-12       9.122211461614e-15       2.594009347867e-15       1.513085781092e-15       1.841839213097e-16 
 1033       1.962902468630e-10       5.951226898365e-12       5.293671287107e-12       9.116322165780e-15       2.584158025307e-15       1.499028533211e-15       1.847157613074e-16 
 1034       1.950746511231e-10       5.982978627847e-12       5.152839142087e-12       9.110421624610e-15       2.574351339257e-15       1.485076795480e-15       1.852127009246e-16 
 1035       1.938750817187e-10       6.014121671012e-12       5.009433781056e-12       9.104511436994e-15       2.564589111274e-15       1.471229198619e-15       1.856752623277e-16 
 1036       1.926916072893e-10       6.044650519346e-12       4.863513751566e-12       9.098593074347e-15       2.554871198255e-15       1.457483702825e-15       1.861041941645e-16 
 1037       1.915242963404e-10       6.074559644358e-12       4.715138126918e-12       9.092668018301e-15       2.545197453376e-15       1.443838247684e-15       1.865002520419e-16 
 1038       1.903732172426e-10       6.103843497558e-12       4.564366507480e-12       9.086737760732e-15       2.535567726086e-15       1.430290752113e-15       1.868641985436e-16 
 1039       1.892384382311e-10       6.132496510416e-12       4.411259022017e-12       9.080803803783e-15       2.525981862094e-15       1.416839114307e-15       1.871968032474e-16 
 1040       1.881200274043e-10       6.160513094345e-12       4.255876329001e-12       9.074867659885e-15       2.516439703354e-15       1.403481211689e-15       1.874988427436e-16 
 1041       1.870180527232e-10       6.187887640660e-12       4.098279617943e-12       9.068930851780e-15       2.506941088059e-15       1.390214900849e-15       1.877711006520e-16 
 1042       1.859325820103e-10       6.214614520559e-12       3.938530610709e-12       9.062994912545e-15       2.497485850625e-15       1.377038017495e-15       1.880143676402e-16 
 1043       1.848636829489e-10       6.240688085087e-12       3.776691562840e-12       9.057061385615e-15       2.488073821681e-15       1.363948376395e-15       1.882294414412e-16 
 1044       1.838114230819e-10       6.266102665107e-12       3.612825264878e-12       9.051131824804e-15       2.478704828057e-15       1.350943771328e-15       1.884171268709e-16 
 1045       1.827758698112e-10       6.290852571277e-12       3.446995043683e-12       9.045207794332e-15       2.469378692775e-15       1.338021975023e-15       1.885782358460e-16 
 1046       1.817570903965e-10       6.314932094011e-12       3.279264763759e-12       9.039290868842e-15       2.460095235033e-15       1.325180739112e-15       1.887135874016e-16 
 1047       1.807551519548e-10       6.338335503457e-12       3.109698828572e-12       9.033382633427e-15       2.450854270195e-15       1.312417794070e-15       1.888240077094e-16 
 1048       1.797701214588e-10       6.361057049467e-12       2.938362181870e-12       9.027484683654e-15       2.441655609784e-15       1.299730849162e-15       1.889103300945e-16 
 1049       1.788020657368e-10       6.383090961564e-12       2.765320309009e-12       9.021598625582e-15       2.432499061461e-15       1.287117592394e-15       1.889733950543e-16 
 1050       1.778510514712e-10       6.404431448914e-12       2.590639238271e-12       9.015726075789e-15       2.423384429024e-15       1.274575690450e-15       1.890140502752e-16 
 1051       1.769171451977e-10       6.425072700299e-12       2.414385542188e-12       9.009868661395e-15       2.414311512389e-15       1.262102788646e-15       1.890331506508e-16 
 1052       1.760004133047e-10       6.445008884087e-12       2.236626338859e-12       9.004028020081e-15       2.405280107580e-15       1.249696510870e-15       1.890315582997e-16 
 1053       1.751009220320e-10       6.464234148200e-12       2.057429293277e-12       8.998205800117e-15       2.396290006720e-15       1.237354459532e-15       1.890101425830e-16 
 1054       1.742187374700e-10       6.482742620086e-12       1.876862618646e-12       8.992403660380e-15       2.387340998016e-15       1.225074215506e-15       1.889697801222e-16 
 1055       1.733539255591e-10       6.500528406693e-12       1.694995077706e-12       8.986623270381e-15       2.378432865750e-15       1.212853338079e-15       1.889113548168e-16 
 1056       1.725065520882e-10       6.517585594434e-12       1.511895984048e-12       8.980866310285e-15       2.369565390266e-15       1.200689364896e-15       1.888357578621e-16 
 1057       1.716766826942e-10       6.533908249162e-12       1.327635203446e-12       8.975134470937e-15       2.360738347961e-15       1.188579811904e-15       1.887438877670e-16 
 1058       1.708643828612e-10       6.549490416138e-12       1.142283155167e-12       8.969429453880e-15       2.351951511268e-15       1.176522173300e-15       1.886366503714e-16 
 1059       1.700697179192e-10       6.564326120005e-12       9.559108133001e-13       8.963752971384e-15       2.343204648648e-15       1.164513921476e-15       1.885149588645e-16 
 1060       1.692927530433e-10       6.578409364754e-12       7.685897080753e-13       8.958106746464e-15       2.334497524582e-15       1.152552506966e-15       1.883797338019e-16 
 1061       1.685335532532e-10       6.591734133700e-12       5.803919271847e-13       8.952492512905e-15       2.325829899552e-15       1.140635358387e-15       1.882319031238e-16 
 1062       1.677921834115e-10       6.604294389446e-12       3.913901171042e-13       8.946912015285e-15       2.317201530033e-15       1.128759882392e-15       1.880724021725e-16 
 1063       1.670687082236e-10       6.616084073862e-12       2.016574844149e-13       8.941367008996e-15       2.308612168483e-15       1.116923463612e-15       1.879021737102e-16 
 1064       1.663631922363e-10       6.627097108049e-12       1.126779712486e-14       8.935859260271e-15       2.300061563330e-15       1.105123464600e-15       1.877221679366e-16 
 1065       1.656756998370e-10       6.637327392311e-12      -1.797046140102e-13       8.930390546202e-15       2.291549458958e-15       1.093357225780e-15       1.875333425070e-16 
 1066       1.650062952529e-10       6.646768806128e-12      -3.711848541649e-13       8.924962654766e-15       2.283075595701e-15       1.081622065392e-15       1.873366625495e-16 
 1067       1.643550425498e-10       6.655415208127e-12      -5.630974631231e-13       8.919577384847e-15       2.274639709824e-15       1.069915279438e-15       1.871331006830e-16 
 1068       1.637220056315e-10       6.663260436046e-12      -7.553664139565e-13       8.914236546259e-15       2.266241533520e-15       1.058234141625e-15       1.869236370352e-16 
 1069       1.631072482389e-10       6.670298306715e-12      -9.479151117031e-13       8.908941959770e-15       2.257880794891e-15       1.046575903316e-15       1.867092592597e-16 
 1070       1.625108339487e-10       6.676522616019e-12      -1.140666392046e-12       8.903695457122e-15       2.249557217940e-15       1.034937793472e-15       1.864909625544e-16 
 1071       1.619328261730e-10       6.681927138870e-12      -1.333542519991e-12       8.898498881057e-15       2.241270522560e-15       1.023317018597e-15       1.862697496786e-16 
 1072       1.613732881580e-10       6.686505629180e-12      -1.526465188548e-12       8.893354085338e-15       2.233020424519e-15       1.011710762689e-15       1.860466309712e-16 
 1073       1.608322518925e-10       6.690253503493e-12      -1.719360153945e-12       8.888262709244e-15       2.224806665409e-15       1.000117166063e-15       1.858223887440e-16 
 1074       1.603096243713e-10       6.693172917047e-12      -1.912171213068e-12       8.883225497645e-15       2.216629102946e-15       9.885382765541e-16       1.855968669132e-16 
 1075       1.598052800537e-10       6.695267756772e-12      -2.104846413724e-12       8.878242971715e-15       2.208487621877e-15       9.769771383960e-16       1.853696717300e-16 
 1076       1.593190918342e-10       6.696541964044e-12      -2.297333434526e-12       8.873315653618e-15       2.200382104122e-15       9.654368170282e-16       1.851404065212e-16 
 1077       1.588509310385e-10       6.696999534830e-12      -2.489579584056e-12       8.868444066510e-15       2.192312428769e-15       9.539203991443e-16       1.849086716824e-16 
 1078       1.584006674189e-10       6.696644519830e-12      -2.681531800021e-12       8.863628734538e-15       2.184278472065e-15       9.424309927400e-16       1.846740646708e-16 
 1079       1.579681691508e-10       6.695481024630e-12      -2.873136648418e-12       8.858870182836e-15       2.176280107405e-15       9.309717271606e-16       1.844361799990e-16 
 1080       1.575533028282e-10       6.693513209844e-12      -3.064340322697e-12       8.854168937530e-15       2.168317205328e-15       9.195457531486e-16       1.841946092275e-16 
 1081       1.571559334594e-10       6.690745291259e-12      -3.255088642917e-12       8.849525525733e-15       2.160389633505e-15       9.081562428916e-16       1.839489409585e-16 
 1082       1.567759244632e-10       6.687181539982e-12      -3.445327054914e-12       8.844940475546e-15       2.152497256730e-15       8.968063900699e-16       1.836987608288e-16 
 1083       1.564131376646e-10       6.682826282590e-12      -3.635000629457e-12       8.840414316058e-15       2.144639936916e-15       8.854994099046e-16       1.834436515029e-16 
 1084       1.560674332906e-10       6.677683901268e-12      -3.824054061412e-12       8.835947577345e-15       2.136817533083e-15       8.742385392050e-16       1.831831926666e-16 
 1085       1.557386699660e-10       6.671758833963e-12      -4.012431668903e-12       8.831540790468e-15       2.129029901348e-15       8.630270364164e-16       1.829169610197e-16 
 1086       1.554267047094e-10       6.665055574523e-12      -4.200077392473e-12       8.827194487475e-15       2.121276894921e-15       8.518681816679e-16       1.826445302693e-16 
 1087       1.551313929291e-10       6.657578672850e-12      -4.386934794247e-12       8.822909201397e-15       2.113558364095e-15       8.407652768201e-16       1.823654711235e-16 
 1088       1.548525884187e-10       6.649332735041e-12      -4.572947057091e-12       8.818685466252e-15       2.105874156234e-15       8.297216455131e-16       1.820793512838e-16 
 1089       1.545901433532e-10       6.640322423534e-12      -4.758056983774e-12       8.814523817040e-15       2.098224115770e-15       8.187406332138e-16       1.817857354390e-16 
 1090       1.543439082846e-10       6.630552457258e-12      -4.942206996131e-12       8.810424789745e-15       2.090608084191e-15       8.078256072639e-16       1.814841852578e-16 
 1091       1.541137321381e-10       6.620027611774e-12      -5.125339134222e-12       8.806388921335e-15       2.083025900034e-15       7.969799569278e-16       1.811742593825e-16 
 1092       1.538994622075e-10       6.608752719425e-12      -5.307395055498e-12       8.802416749757e-15       2.075477398874e-15       7.862070934399e-16       1.808555134219e-16 
 1093       1.537009441516e-10       6.596732669481e-12      -5.488316033955e-12       8.798508813943e-15       2.067962413321e-15       7.755104500529e-16       1.805274999445e-16 
 1094       1.535180219894e-10       6.583972408282e-12      -5.668042959301e-12       8.794665653803e-15       2.060480773005e-15       7.648934820849e-16       1.801897684717e-16 
 1095       1.533505380965e-10       6.570476939388e-12      -5.846516336118e-12       8.790887810230e-15       2.053032304573e-15       7.543596669679e-16       1.798418654714e-16 
 1096       1.531983332008e-10       6.556251323725e-12      -6.023676283019e-12       8.787175825094e-15       2.045616831676e-15       7.439125042948e-16       1.794833343503e-16 
 1097       1.530612463783e-10       6.541300679726e-12      -6.199462531812e-12       8.783530241246e-15       2.038234174965e-15       7.335555158677e-16       1.791137154480e-16 
 1098       1.529391150486e-10       6.525630183482e-12      -6.373814426662e-12       8.779951602517e-15       2.030884152079e-15       7.232922457453e-16       1.787325460297e-16 
 1099       1.528317749717e-10       6.509245068888e-12      -6.546670923251e-12       8.776440453712e-15       2.023566577638e-15       7.131262602909e-16       1.783393602796e-16 
 1100       1.527390602427e-10       6.492150627786e-12      -6.717970587941e-12       8.772997340617e-15       2.016281263234e-15       7.030611482200e-16       1.779336892939e-16 
 1101       1.526608032884e-10       6.474352210112e-12      -6.887651596933e-12       8.769622809995e-15       2.009028017425e-15       6.931005206480e-16       1.775150610742e-16 
 1102       1.525968348632e-10       6.455855224043e-12      -7.055651735430e-12       8.766317409582e-15       2.001806645721e-15       6.832480111380e-16       1.770830005205e-16 
 1103       1.525469840443e-10       6.436665136141e-12      -7.221908396799e-12       8.763081688092e-15       1.994616950582e-15       6.735072757486e-16       1.766370294244e-16 
 1104       1.525110782283e-10       6.416787471504e-12      -7.386358581732e-12       8.759916195215e-15       1.987458731404e-15       6.638819930817e-16       1.761766664627e-16 
 1105       1.524889431264e-10       6.396227813906e-12      -7.548938897404e-12       8.756821481613e-15       1.980331784517e-15       6.543758643300e-16       1.757014271899e-16 
 1106       1.524804027608e-10       6.374991805944e-12      -7.709585556642e-12       8.753798098925e-15       1.973235903169e-15       6.449926133250e-16       1.752108240319e-16 
 1107       1.524852794601e-10       6.353085149188e-12      -7.868234377078e-12       8.750846599760e-15       1.966170877521e-15       6.357359865846e-16       1.747043662793e-16 
 1108       1.525033938556e-10       6.330513604323e-12      -8.024820780315e-12       8.747967537703e-15       1.959136494642e-15       6.266097533607e-16       1.741815600799e-16 
 1109       1.525345648768e-10       6.307282991297e-12      -8.179279791090e-12       8.745161467309e-15       1.952132538495e-15       6.176177056876e-16       1.736419084326e-16 
 1110       1.525786097472e-10       6.283399189467e-12      -8.331546036430e-12       8.742428944106e-15       1.945158789930e-15       6.087636584287e-16       1.730849111803e-16 
 1111       1.526353439806e-10       6.258868137744e-12      -8.481553744818e-12       8.739770524591e-15       1.938215026679e-15       6.000514493253e-16       1.725100650031e-16 
 1112       1.527045750274e-10       6.233696589701e-12      -8.629244358900e-12       8.737186576520e-15       1.931301045952e-15       5.914839959796e-16       1.719169826583e-16 
 1113       1.527860831324e-10       6.207894389482e-12      -8.774589484832e-12       8.734676707030e-15       1.924416732589e-15       5.830604531423e-16       1.713057524287e-16 
 1114       1.528796402175e-10       6.181472226090e-12      -8.917568242845e-12       8.732240326996e-15       1.917561991786e-15       5.747790181638e-16       1.706765833846e-16 
 1115       1.529850162030e-10       6.154440881357e-12      -9.058159680947e-12       8.729876840049e-15       1.910736726566e-15       5.666378706275e-16       1.700296865696e-16 
 1116       1.531019790028e-10       6.126811230165e-12      -9.196342774818e-12       8.727585642555e-15       1.903940837771e-15       5.586351723055e-16       1.693652750054e-16 
 1117       1.532302945202e-10       6.098594240663e-12      -9.332096427715e-12       8.725366123594e-15       1.897174224052e-15       5.507690671152e-16       1.686835636971e-16 
 1118       1.533697266422e-10       6.069800974486e-12      -9.465399470370e-12       8.723217664945e-15       1.890436781869e-15       5.430376810753e-16       1.679847696373e-16 
 1119       1.535200372356e-10       6.040442586978e-12      -9.596230660889e-12       8.721139641064e-15       1.883728405479e-15       5.354391222627e-16       1.672691118112e-16 
 1120       1.536809861416e-10       6.010530327405e-12      -9.724568684651e-12       8.719131419066e-15       1.877048986934e-15       5.279714807680e-16       1.665368112013e-16 
 1121       1.538523311715e-10       5.980075539178e-12      -9.850392154208e-12       8.717192358706e-15       1.870398416072e-15       5.206328286526e-16       1.657880907922e-16 
 1122       1.540338281016e-10       5.949089660074e-12      -9.973679609187e-12       8.715321812359e-15       1.863776580511e-15       5.134212199044e-16       1.650231755751e-16 
 1123       1.542252306688e-10       5.917584222451e-12      -1.009440951619e-11       8.713519125004e-15       1.857183365645e-15       5.063346903946e-16       1.642422925531e-16 
 1124       1.544262905653e-10       5.885570853468e-12      -1.021256026868e-11       8.711783634203e-15       1.850618654635e-15       4.993712578335e-16       1.634456707451e-16 
 1125       1.546367574344e-10       5.853061275308e-12      -1.032811018690e-11       8.710114670079e-15       1.844082328406e-15       4.925289217272e-16       1.626335411916e-16 
 1126       1.548563788653e-10       5.820067305392e-12      -1.044103751777e-11       8.708511555304e-15       1.837574265635e-15       4.858056633339e-16       1.618061369586e-16 
 1127       1.550849003888e-10       5.786600856602e-12      -1.055132043477e-11       8.706973605073e-15       1.831094342752e-15       4.791994456198e-16       1.609636931426e-16 
 1128       1.553220654718e-10       5.752673937498e-12      -1.065893703786e-11       8.705500127091e-15       1.824642433927e-15       4.727082132159e-16       1.601064468757e-16 
 1129       1.555676155134e-10       5.718298652540e-12      -1.076386535336e-11       8.704090421549e-15       1.818218411069e-15       4.663298923741e-16       1.592346373298e-16 
 1130       1.558212898395e-10       5.683487202303e-12      -1.086608333386e-11       8.702743781108e-15       1.811822143818e-15       4.600623909234e-16       1.583485057219e-16 
 1131       1.560828256983e-10       5.648251883699e-12      -1.096556885814e-11       8.701459490878e-15       1.805453499535e-15       4.539035982265e-16       1.574482953183e-16 
 1132       1.563519582557e-10       5.612605090196e-12      -1.106229973102e-11       8.700236828404e-15       1.799112343303e-15       4.478513851357e-16       1.565342514398e-16 
 1133       1.566284205899e-10       5.576559312037e-12      -1.115625368331e-11       8.699075063638e-15       1.792798537915e-15       4.419036039496e-16       1.556066214663e-16 
 1134       1.569119436874e-10       5.540127136459e-12      -1.124740837168e-11       8.697973458929e-15       1.786511943868e-15       4.360580883691e-16       1.546656548415e-16 
 1135       1.572022564379e-10       5.503321247912e-12      -1.133574137856e-11       8.696931269000e-15       1.780252419361e-15       4.303126534541e-16       1.537116030776e-16 
 1136       1.574990856293e-10       5.466154428278e-12      -1.142123021207e-11       8.695947740927e-15       1.774019820285e-15       4.246650955793e-16       1.527447197605e-16 
 1137       1.578021559434e-10       5.428639557091e-12      -1.150385230586e-11       8.695022114124e-15       1.767814000217e-15       4.191131923908e-16       1.517652605538e-16 
 1138       1.581111899507e-10       5.390789611757e-12      -1.158358501909e-11       8.694153620324e-15       1.761634810414e-15       4.136547027625e-16       1.507734832042e-16 
 1139       1.584259081061e-10       5.352617667770e-12      -1.166040563625e-11       8.693341483555e-15       1.755482099810e-15       4.082873667522e-16       1.497696475460e-16 
 1140       1.587460287436e-10       5.314136898935e-12      -1.173429136711e-11       8.692584920126e-15       1.749355715004e-15       4.030089055581e-16       1.487540155057e-16 
 1141       1.590712680721e-10       5.275360577583e-12      -1.180521934662e-11       8.691883138607e-15       1.743255500258e-15       3.978170214747e-16       1.477268511072e-16 
 1142       1.594013401700e-10       5.236302074797e-12      -1.187316663477e-11       8.691235339809e-15       1.737181297488e-15       3.927093978498e-16       1.466884204760e-16 
 1143       1.597359569810e-10       5.196974860622e-12      -1.193811021653e-11       8.690640716766e-15       1.731132946262e-15       3.876836990401e-16       1.456389918445e-16 
 1144       1.600748283092e-10       5.157392504291e-12      -1.200002700172e-11       8.690098454714e-15       1.725110283787e-15       3.827375703679e-16       1.445788355562e-16 
 1145       1.604176618140e-10       5.117568674444e-12      -1.205889382494e-11       8.689607731075e-15       1.719113144910e-15       3.778686380775e-16       1.435082240711e-16 
 1146       1.607641630058e-10       5.077517139342e-12      -1.211468744545e-11       8.689167715436e-15       1.713141362107e-15       3.730745092912e-16       1.424274319698e-16 
 1147       1.611140352408e-10       5.037251767092e-12      -1.216738454706e-11       8.688777569531e-15       1.707194765478e-15       3.683527719656e-16       1.413367359586e-16 
 1148       1.614669797168e-10       4.996786525864e-12      -1.221696173805e-11       8.688436447221e-15       1.701273182740e-15       3.637009948483e-16       1.402364148744e-16 
 1149       1.618226954677e-10       4.956135484109e-12      -1.226339555107e-11       8.688143494475e-15       1.695376439223e-15       3.591167274339e-16       1.391267496890e-16 
 1150       1.621808793594e-10       4.915312810779e-12      -1.230666244303e-11       8.687897849353e-15       1.689504357862e-15       3.545974999202e-16       1.380080235143e-16 
 1151       1.625412434034e-10       4.874332308107e-12      -1.234674545167e-11       8.687698580656e-15       1.683656777470e-15       3.501411152917e-16       1.368805159184e-16 
 1152       1.629035669496e-10       4.833206003010e-12      -1.238365425805e-11       8.687544503066e-15       1.677833607836e-15       3.457465297166e-16       1.357444857870e-16 
 1153       1.632676451466e-10       4.791945538238e-12      -1.241740537864e-11       8.687434359619e-15       1.672034775312e-15       3.414129832417e-16       1.346001882536e-16 
 1154       1.636332716804e-10       4.750562638362e-12      -1.244801553217e-11       8.687366882803e-15       1.666260204598e-15       3.371397086617e-16       1.334478803729e-16 
 1155       1.640002387707e-10       4.709069109960e-12      -1.247550164023e-11       8.687340794527e-15       1.660509818733e-15       3.329259315023e-16       1.322878211250e-16 
 1156       1.643683371679e-10       4.667476841786e-12      -1.249988082767e-11       8.687354806100e-15       1.654783539091e-15       3.287708700026e-16       1.311202714191e-16 
 1157       1.647373561502e-10       4.625797804949e-12      -1.252117042319e-11       8.687407618207e-15       1.649081285378e-15       3.246737350984e-16       1.299454940983e-16 
 1158       1.651070835198e-10       4.584044053094e-12      -1.253938795979e-11       8.687497920881e-15       1.643402975627e-15       3.206337304045e-16       1.287637539438e-16 
 1159       1.654773056002e-10       4.542227722574e-12      -1.255455117528e-11       8.687624393482e-15       1.637748526191e-15       3.166500521975e-16       1.275753176787e-16 
 1160       1.658478072327e-10       4.500361032628e-12      -1.256667801280e-11       8.687785704672e-15       1.632117851742e-15       3.127218893985e-16       1.263804539728e-16 
 1161       1.662183717733e-10       4.458456285558e-12      -1.257578662131e-11       8.687980512389e-15       1.626510865264e-15       3.088484235563e-16       1.251794334464e-16 
 1162       1.665887810898e-10       4.416525866910e-12      -1.258189535608e-11       8.688207463821e-15       1.620927478048e-15       3.050288288295e-16       1.239725286747e-16 
 1163       1.669588155580e-10       4.374582245643e-12      -1.258502277921e-11       8.688465195387e-15       1.615367599691e-15       3.012622719697e-16       1.227600141922e-16 
 1164       1.673282540590e-10       4.332637974312e-12      -1.258518766013e-11       8.688752332707e-15       1.609831138086e-15       2.975479123039e-16       1.215421664966e-16 
 1165       1.676968739758e-10       4.290705689242e-12      -1.258240897610e-11       8.689067490580e-15       1.604317999422e-15       2.938849017178e-16       1.203192640533e-16 
 1166       1.680644511901e-10       4.248798110709e-12      -1.257670591271e-11       8.689409272960e-15       1.598828088176e-15       2.902723846378e-16       1.190915872998e-16 
 1167       1.684307600793e-10       4.206928043111e-12      -1.256809786438e-11       8.689776272928e-15       1.593361307112e-15       2.867094980143e-16       1.178594186492e-16 
 1168       1.687955735129e-10       4.165108375148e-12      -1.255660443486e-11       8.690167072673e-15       1.587917557272e-15       2.831953713043e-16       1.166230424954e-16 
 1169       1.691586628498e-10       4.123352079999e-12      -1.254224543774e-11       8.690580243463e-15       1.582496737976e-15       2.797291264541e-16       1.153827452168e-16 
 1170       1.695197979346e-10       4.081672215498e-12      -1.252504089696e-11       8.691014345621e-15       1.577098746814e-15       2.763098778821e-16       1.141388151804e-16 
 1171       1.698787470947e-10       4.040081924314e-12      -1.250501104728e-11       8.691467928502e-15       1.571723479641e-15       2.729367324614e-16       1.128915427464e-16 
 1172       1.702352771373e-10       3.998594434122e-12      -1.248217633481e-11       8.691939530470e-15       1.566370830578e-15       2.696087895027e-16       1.116412202725e-16 
 1173       1.705891533456e-10       3.957223057784e-12      -1.245655741752e-11       8.692427678867e-15       1.561040691998e-15       2.663251407370e-16       1.103881421176e-16 
 1174       1.709401394763e-10       3.915981193527e-12      -1.242817516571e-11       8.692930889997e-15       1.555732954532e-15       2.630848702985e-16       1.091326046466e-16 
 1175       1.712879977558e-10       3.874882325116e-12      -1.239705066253e-11       8.693447669095e-15       1.550447507054e-15       2.598870547070e-16       1.078749062344e-16 
 1176       1.716324888773e-10       3.833940022033e-12      -1.236320520449e-11       8.693976510305e-15       1.545184236686e-15       2.567307628510e-16       1.066153472700e-16 
 1177       1.719733719977e-10       3.793167939656e-12      -1.232666030194e-11       8.694515896656e-15       1.539943028786e-15       2.536150559700e-16       1.053542301612e-16 
 1178       1.723104047342e-10       3.752579819430e-12      -1.228743767960e-11       8.695064300036e-15       1.534723766947e-15       2.505389876378e-16       1.040918593383e-16 
 1179       1.726433431611e-10       3.712189489051e-12      -1.224555927703e-11       8.695620181167e-15       1.529526332992e-15       2.475016037450e-16       1.028285412587e-16 
 1180       1.729719418067e-10       3.672010862638e-12      -1.220104724916e-11       8.696181989585e-15       1.524350606969e-15       2.445019424816e-16       1.015645844108e-16 
 1181       1.732959536502e-10       3.632057940911e-12      -1.215392396679e-11       8.696748163609e-15       1.519196467144e-15       2.415390343198e-16       1.003002993188e-16 
 1182       1.736151301183e-10       3.592344811369e-12      -1.210421201706e-11       8.697317130320e-15       1.514063790004e-15       2.386119019970e-16       9.903599854638e-17 
 1183       1.739292210819e-10       3.552885648465e-12      -1.205193420399e-11       8.697887305538e-15       1.508952450241e-15       2.357195604983e-16       9.777199670120e-17 
 1184       1.742379748535e-10       3.513694713786e-12      -1.199711354896e-11       8.698457093793e-15       1.503862320759e-15       2.328610170391e-16       9.650861043911e-17 
 1185       1.745411381831e-10       3.474786356226e-12      -1.193977329123e-11       8.699024888305e-15       1.498793272660e-15       2.300352710484e-16       9.524615846838e-17 
 1186       1.748384562558e-10       3.436175012166e-12      -1.187993688842e-11       8.699589070956e-15       1.493745175246e-15       2.272413141509e-16       9.398496155391e-17 
 1187       1.751296726883e-10       3.397875205650e-12      -1.181762801703e-11       8.700148012267e-15       1.488717896010e-15       2.244781301503e-16       9.272534252152e-17 
 1188       1.754145295256e-10       3.359901548561e-12      -1.175287057294e-11       8.700700071376e-15       1.483711300634e-15       2.217446950115e-16       9.146762626217e-17 
 1189       1.756927672378e-10       3.322268740797e-12      -1.168568867188e-11       8.701243596007e-15       1.478725252983e-15       2.190399768439e-16       9.021213973617e-17 
 1190       1.759641539345e-10       3.284990213305e-12      -1.161610931876e-11       8.701777006905e-15       1.473759627619e-15       2.163633896786e-16       8.895916541617e-17 
 1191       1.762285734067e-10       3.248074038560e-12      -1.154417045035e-11       8.702299052307e-15       1.468814347515e-15       2.137161609380e-16       8.770880098138e-17 
 1192       1.764859381596e-10       3.211526970205e-12      -1.146991299233e-11       8.702808556545e-15       1.463889346793e-15       2.110999807278e-16       8.646109790846e-17 
 1193       1.767361602927e-10       3.175355795705e-12      -1.139337820024e-11       8.703304335858e-15       1.458984558248e-15       2.085165495874e-16       8.521610787676e-17 
 1194       1.769791514994e-10       3.139567336406e-12      -1.131460766021e-11       8.703785198379e-15       1.454099913343e-15       2.059675785105e-16       8.397388276865e-17 
 1195       1.772148230660e-10       3.104168447602e-12      -1.123364328966e-11       8.704249944111e-15       1.449235342204e-15       2.034547889665e-16       8.273447466980e-17 
 1196       1.774430858709e-10       3.069166018592e-12      -1.115052733805e-11       8.704697364917e-15       1.444390773618e-15       2.009799129218e-16       8.149793586948e-17 
 1197       1.776638503840e-10       3.034566972745e-12      -1.106530238760e-11       8.705126244495e-15       1.439566135032e-15       1.985446928606e-16       8.026431886087e-17 
 1198       1.778770266662e-10       3.000378267559e-12      -1.097801135403e-11       8.705535358367e-15       1.434761352543e-15       1.961508818063e-16       7.903367634132e-17 
 1199       1.780825243681e-10       2.966606894729e-12      -1.088869748726e-11       8.705923473859e-15       1.429976350899e-15       1.938002433429e-16       7.780606121272e-17 
 1200       1.782802527298e-10       2.933259880202e-12      -1.079740437216e-11       8.706289350081e-15       1.425211053497e-15       1.914945516356e-16       7.658152658169e-17 
 1201       1.784701205801e-10       2.900344284242e-12      -1.070417592928e-11       8.706631737916e-15       1.420465382373e-15       1.892355914525e-16       7.536012575999e-17 
 1202       1.786520363355e-10       2.867867201494e-12      -1.060905641557e-11       8.706949379997e-15       1.415739258207e-15       1.870251581855e-16       7.414191226475e-17 
 1203       1.788259079997e-10       2.835835761042e-12      -1.051209042512e-11       8.707241010691e-15       1.411032600312e-15       1.848650578714e-16       7.292693981876e-17 
 1204       1.789916431629e-10       2.804257126475e-12      -1.041332288985e-11       8.707505356084e-15       1.406345326633e-15       1.827571072132e-16       7.171526235082e-17 
 1205       1.791491490008e-10       2.773138495944e-12      -1.031279908028e-11       8.707741133959e-15       1.401677353747e-15       1.807031336016e-16       7.050693399599e-17 
 1206       1.792983322745e-10       2.742487102229e-12      -1.021056460627e-11       8.707947053785e-15       1.397028596852e-15       1.787049751353e-16       6.930200909590e-17 
 1207       1.794390993288e-10       2.712310212799e-12      -1.010666541767e-11       8.708121816692e-15       1.392398969771e-15       1.767644806431e-16       6.810054219908e-17 
 1208       1.795713560925e-10       2.682615129875e-12      -1.000114780514e-11       8.708264115462e-15       1.387788384944e-15       1.748835097045e-16       6.690258806118e-17 
 1209       1.796950080769e-10       2.653409190487e-12      -9.894058400826e-12       8.708372634504e-15       1.383196753426e-15       1.730639326710e-16       6.570820164537e-17 
 1210       1.798099603756e-10       2.624699766544e-12      -9.785444179091e-12       8.708446049841e-15       1.378623984883e-15       1.713076306873e-16       6.451743812253e-17 
 1211       1.799161176634e-10       2.596494264889e-12      -9.675352457261e-12       8.708483029092e-15       1.374069987588e-15       1.696164957125e-16       6.333035287164e-17 
 1212       1.800133841959e-10       2.568800127367e-12      -9.563830896341e-12       8.708482231453e-15       1.369534668418e-15       1.679924305413e-16       6.214700148001e-17 
 1213       1.801016638085e-10       2.541624830880e-12      -9.450927501746e-12       8.708442307682e-15       1.365017932851e-15       1.664373488249e-16       6.096743974363e-17 
 1214       1.801808599158e-10       2.514975887456e-12      -9.336690624027e-12       8.708361900079e-15       1.360519684962e-15       1.649531750925e-16       5.979172366742e-17 
 1215       1.802508755109e-10       2.488860844306e-12      -9.221168959601e-12       8.708239642472e-15       1.356039827419e-15       1.635418447724e-16       5.861990946556e-17 
 1216       1.803116131646e-10       2.463287283889e-12      -9.104411551481e-12       8.708074160195e-15       1.351578261479e-15       1.622053042130e-16       5.745205356176e-17 
 1217       1.803629750248e-10       2.438262823973e-12      -8.986467789997e-12       8.707864070077e-15       1.347134886987e-15       1.609455107040e-16       5.628821258960e-17 
 1218       1.804048628156e-10       2.413795117694e-12      -8.867387413533e-12       8.707607980417e-15       1.342709602368e-15       1.597644324978e-16       5.512844339277e-17 
 1219       1.804371778367e-10       2.389891853625e-12      -8.747220509247e-12       8.707304490972e-15       1.338302304630e-15       1.586640488305e-16       5.397280302542e-17 
 1220       1.804598209627e-10       2.366560755830e-12      -8.626017513805e-12       8.706952192939e-15       1.333912889353e-15       1.576463499428e-16       5.282134875243e-17 
 1221       1.804726926424e-10       2.343809583932e-12      -8.503829214104e-12       8.706549668936e-15       1.329541250690e-15       1.567133371018e-16       5.167413804970e-17 
 1222       1.804756928977e-10       2.321646133172e-12      -8.380706748006e-12       8.706095492986e-15       1.325187281364e-15       1.558670226216e-16       5.053122860447e-17 
 1223       1.804687213236e-10       2.300078234472e-12      -8.256701605058e-12       8.705588230497e-15       1.320850872661e-15       1.551094298847e-16       4.939267831559e-17 
 1224       1.804516770866e-10       2.279113754497e-12      -8.131865627228e-12       8.705026438249e-15       1.316531914429e-15       1.544425933633e-16       4.825854529387e-17 
 1225       1.804244589249e-10       2.258760595715e-12      -8.006251009627e-12       8.704408664374e-15       1.312230295074e-15       1.538685586400e-16       4.712888786230e-17 
 1226       1.803869651468e-10       2.239026696463e-12      -7.879910301243e-12       8.703733448336e-15       1.307945901557e-15       1.533893824295e-16       4.600376455641e-17 
 1227       1.803390936306e-10       2.219920031006e-12      -7.752896405660e-12       8.702999320921e-15       1.303678619387e-15       1.530071325996e-16       4.488323412453e-17 
 1228       1.802807418236e-10       2.201448609598e-12      -7.625262581797e-12       8.702204804212e-15       1.299428332624e-15       1.527238881922e-16       4.376735552812e-17 
 1229       1.802118324221e-10       2.183618974245e-12      -7.497060421648e-12       8.701348582515e-15       1.295194935244e-15       1.525408982742e-16       4.265617218760e-17 
 1230       1.801323907466e-10       2.166431666275e-12      -7.368333755740e-12       8.700430017386e-15       1.290978365416e-15       1.524560474970e-16       4.154966451429e-17 
 1231       1.800424682853e-10       2.149885704981e-12      -7.239124676636e-12       8.699448638694e-15       1.286778571629e-15       1.524663604344e-16       4.044779681447e-17 
 1232       1.799421170986e-10       2.133980086975e-12      -7.109475555907e-12       8.698403974235e-15       1.282595501349e-15       1.525688399723e-16       3.935053299169e-17 
 1233       1.798313898201e-10       2.118713786130e-12      -6.979429044698e-12       8.697295549727e-15       1.278429101019e-15       1.527604672639e-16       3.825783654575e-17 
 1234       1.797103396581e-10       2.104085753523e-12      -6.849028074295e-12       8.696122888803e-15       1.274279316055e-15       1.530382016835e-16       3.716967057182e-17 
 1235       1.795790203967e-10       2.090094917380e-12      -6.718315856692e-12       8.694885513016e-15       1.270146090843e-15       1.533989807814e-16       3.608599775943e-17 
 1236       1.794374863975e-10       2.076740183015e-12      -6.587335885162e-12       8.693582941825e-15       1.266029368738e-15       1.538397202376e-16       3.500678039155e-17 
 1237       1.792857926004e-10       2.064020432773e-12      -6.456131934821e-12       8.692214692598e-15       1.261929092060e-15       1.543573138170e-16       3.393198034363e-17 
 1238       1.791239945255e-10       2.051934525976e-12      -6.324748063194e-12       8.690780280605e-15       1.257845202091e-15       1.549486333231e-16       3.286155908263e-17 
 1239       1.789521482739e-10       2.040481298862e-12      -6.193228610786e-12       8.689279219017e-15       1.253777639073e-15       1.556105285529e-16       3.179547766608e-17 
 1240       1.787703105292e-10       2.029659564528e-12      -6.061618201651e-12       8.687711018897e-15       1.249726342206e-15       1.563398272509e-16       3.073369674114e-17 
 1241       1.785785385590e-10       2.019468112875e-12      -5.929961743951e-12       8.686075189204e-15       1.245691249644e-15       1.571333350639e-16       2.967617654360e-17 
 1242       1.783768902160e-10       2.009905710547e-12      -5.798304430534e-12       8.684371236780e-15       1.241672298494e-15       1.579878354950e-16       2.862287689700e-17 
 1243       1.781654239393e-10       2.000971100877e-12      -5.666691739492e-12       8.682598666355e-15       1.237669424812e-15       1.589000898581e-16       2.757375721159e-17 
 1244       1.779441987559e-10       1.992663003828e-12      -5.535169434735e-12       8.680756980538e-15       1.233682563599e-15       1.598668372327e-16       2.652877648347e-17 
 1245       1.777132742817e-10       1.984980115934e-12      -5.403783566556e-12       8.678845679812e-15       1.229711648802e-15       1.608847944175e-16       2.548789329354e-17 
 1246       1.774727107232e-10       1.977921110246e-12      -5.272580472197e-12       8.676864262536e-15       1.225756613310e-15       1.619506558855e-16       2.445106580662e-17 
 1247       1.772225688786e-10       1.971484636272e-12      -5.141606776420e-12       8.674812224936e-15       1.221817388949e-15       1.630610937382e-16       2.341825177047e-17 
 1248       1.769629101391e-10       1.965669319921e-12      -5.010909392072e-12       8.672689061103e-15       1.217893906482e-15       1.642127576599e-16       2.238940851483e-17 
 1249       1.766937964902e-10       1.960473763443e-12      -4.880535520649e-12       8.670494262989e-15       1.213986095605e-15       1.654022748719e-16       2.136449295049e-17 
 1250       1.764152905133e-10       1.955896545376e-12      -4.750532652872e-12       8.668227320404e-15       1.210093884946e-15       1.666262500874e-16       2.034346156830e-17 
 1251       1.761274553866e-10       1.951936220484e-12      -4.620948569247e-12       8.665887721010e-15       1.206217202060e-15       1.678812654655e-16       1.932627043824e-17 
 1252       1.758303548865e-10       1.948591319703e-12      -4.491831340635e-12       8.663474950322e-15       1.202355973429e-15       1.691638805657e-16       1.831287520848e-17 
 1253       1.755240533894e-10       1.945860350081e-12      -4.363229328819e-12       8.660988491697e-15       1.198510124455e-15       1.704706323023e-16       1.730323110440e-17 
 1254       1.752086158722e-10       1.943741794723e-12      -4.235191187074e-12       8.658427826335e-15       1.194679579464e-15       1.717980348988e-16       1.629729292764e-17 
 1255       1.748841079143e-10       1.942234112732e-12      -4.107765860728e-12       8.655792433278e-15       1.190864261697e-15       1.731425798424e-16       1.529501505516e-17 
 1256       1.745505956986e-10       1.941335739150e-12      -3.981002587737e-12       8.653081789397e-15       1.187064093310e-15       1.745007358381e-16       1.429635143829e-17 
 1257       1.742081460129e-10       1.941045084906e-12      -3.854950899247e-12       8.650295369397e-15       1.183278995373e-15       1.758689487634e-16       1.330125560174e-17 
 1258       1.738568262513e-10       1.941360536752e-12      -3.729660620165e-12       8.647432645809e-15       1.179508887865e-15       1.772436416226e-16       1.230968064271e-17 
 1259       1.734967044151e-10       1.942280457210e-12      -3.605181869723e-12       8.644493088987e-15       1.175753689671e-15       1.786212145010e-16       1.132157922987e-17 
 1260       1.731278491147e-10       1.943803184513e-12      -3.481565062048e-12       8.641476167104e-15       1.172013318581e-15       1.799980445196e-16       1.033690360243e-17 
 1261       1.727503295706e-10       1.945927032548e-12      -3.358860906728e-12       8.638381346150e-15       1.168287691287e-15       1.813704857893e-16       9.355605569235e-18 
 1262       1.723642156147e-10       1.948650290797e-12      -3.237120409381e-12       8.635208089925e-15       1.164576723379e-15       1.827348693653e-16       8.377636507726e-18 
 1263       1.719695776916e-10       1.951971224283e-12      -3.116394872219e-12       8.631955860036e-15       1.160880329346e-15       1.840875032018e-16       7.402947363050e-18 
 1264       1.715664868601e-10       1.955888073509e-12      -2.996735894620e-12       8.628624115897e-15       1.157198422568e-15       1.854246721057e-16       6.431488647083e-18 
 1265       1.711550147944e-10       1.960399054403e-12      -2.878195373693e-12       8.625212314719e-15       1.153530915318e-15       1.867426376918e-16       5.463210437480e-18 
 1266       1.707352337854e-10       1.965502358258e-12      -2.760825504845e-12       8.621719911512e-15       1.149877718755e-15       1.880376383366e-16       4.498062376720e-18 
 1267       1.703072167419e-10       1.971196151679e-12      -2.644678782347e-12       8.618146359076e-15       1.146238742927e-15       1.893058891330e-16       3.535993671157e-18 
 1268       1.698710481428e-10       1.977477661984e-12      -2.529802869662e-12       8.614491268902e-15       1.142613904799e-15       1.905445425127e-16       2.576975958711e-18 
 1269       1.694268570283e-10       1.984340422010e-12      -2.416225144536e-12       8.610754895894e-15       1.139003152469e-15       1.917545823263e-16       1.621072202432e-18 
 1270       1.689747843914e-10       1.991776993429e-12      -2.303967976846e-12       8.606937659224e-15       1.135406441224e-15       1.929379630399e-16       6.683685893470e-19 
 1271       1.685149722642e-10       1.999779878278e-12      -2.193053842864e-12       8.603039981949e-15       1.131823725536e-15       1.940966521195e-16      -2.810482653797e-19 
 1272       1.680475637198e-10       2.008341518832e-12      -2.083505325442e-12       8.599062291022e-15       1.128254959052e-15       1.952326300575e-16      -1.227091317696e-18 
 1273       1.675727028746e-10       2.017454297479e-12      -1.975345114195e-12       8.595005017295e-15       1.124700094596e-15       1.963478903985e-16      -2.169673093909e-18 
 1274       1.670905348902e-10       2.027110536597e-12      -1.868596005689e-12       8.590868595529e-15       1.121159084168e-15       1.974444397653e-16      -3.108705689934e-18 
 1275       1.666012059761e-10       2.037302498422e-12      -1.763280903626e-12       8.586653464405e-15       1.117631878938e-15       1.985242978852e-16      -4.044100770543e-18 
 1276       1.661048633909e-10       2.048022384929e-12      -1.659422819023e-12       8.582360066528e-15       1.114118429246e-15       1.995894976156e-16      -4.975769568610e-18 
 1277       1.656016554453e-10       2.059262337703e-12      -1.557044870405e-12       8.577988848439e-15       1.110618684601e-15       2.006420849704e-16      -5.903622884362e-18 
 1278       1.650917315038e-10       2.071014437813e-12      -1.456170283982e-12       8.573540260619e-15       1.107132593678e-15       2.016841191461e-16      -6.827571084624e-18 
 1279       1.645752419869e-10       2.083270705689e-12      -1.356822393841e-12       8.569014757502e-15       1.103660104316e-15       2.027176725475e-16      -7.747524102071e-18 
 1280       1.640523383732e-10       2.096023100993e-12      -1.259024642124e-12       8.564412797478e-15       1.100201163515e-15       2.037448308137e-16      -8.663391434471e-18 
 1281       1.635231732018e-10       2.109263522495e-12      -1.162800579220e-12       8.559734842907e-15       1.096755717435e-15       2.047676928448e-16      -9.575082143938e-18 
 1282       1.629879000739e-10       2.122983807950e-12      -1.068173863942e-12       8.554981360121e-15       1.093323711395e-15       2.057883708272e-16      -1.048250485618e-17 
 1283       1.624466736556e-10       2.137175733967e-12      -9.751682637186e-13       8.550152819438e-15       1.089905089868e-15       2.068089902598e-16      -1.138556775973e-17 
 1284       1.618996496792e-10       2.151831015887e-12      -8.838076547747e-13       8.545249695167e-15       1.086499796481e-15       2.078316899804e-16      -1.228417860523e-17 
 1285       1.613469849463e-10       2.166941307658e-12      -7.941160223179e-13       8.540272465614e-15       1.083107774014e-15       2.088586221913e-16      -1.317824470465e-17 
 1286       1.607888373292e-10       2.182498201705e-12      -7.061174607229e-13       8.535221613096e-15       1.079728964396e-15       2.098919524857e-16      -1.406767293053e-17 
 1287       1.602253657733e-10       2.198493228811e-12      -6.198361737166e-13       8.530097623945e-15       1.076363308702e-15       2.109338598733e-16      -1.495236971526e-17 
 1288       1.596567302991e-10       2.214917857983e-12      -5.352964745625e-13       8.524900988517e-15       1.073010747154e-15       2.119865368069e-16      -1.583224105030e-17 
 1289       1.590830920047e-10       2.231763496336e-12      -4.525227862459e-13       8.519632201201e-15       1.069671219118e-15       2.130521892078e-16      -1.670719248544e-17 
 1290       1.585046130675e-10       2.249021488959e-12      -3.715396416584e-13       8.514291760426e-15       1.066344663099e-15       2.141330364925e-16      -1.757712912805e-17 
 1291       1.579214567464e-10       2.266683118793e-12      -2.923716837828e-13       8.508880168670e-15       1.063031016744e-15       2.152313115982e-16      -1.844195564230e-17 
 1292       1.573337873842e-10       2.284739606507e-12      -2.150436658782e-13       8.503397932468e-15       1.059730216836e-15       2.163492610091e-16      -1.930157624847e-17 
 1293       1.567417704095e-10       2.303182110370e-12      -1.395804516644e-13       8.497845562421e-15       1.056442199292e-15       2.174891447823e-16      -2.015589472213e-17 
 1294       1.561455723389e-10       2.322001726124e-12      -6.600701550676e-14       8.492223573202e-15       1.053166899166e-15       2.186532365740e-16      -2.100481439343e-17 
 1295       1.555453607791e-10       2.341189486861e-12       5.651557398629e-15       8.486532483568e-15       1.049904250638e-15       2.198438236655e-16      -2.184823814632e-17 
 1296       1.549413044291e-10       2.360736362899e-12       7.537007084054e-14       8.480772816362e-15       1.046654187021e-15       2.210632069891e-16      -2.268606841784e-17 
 1297       1.543335730823e-10       2.380633261651e-12       1.431232174076e-13       8.474945098528e-15       1.043416640754e-15       2.223137011542e-16      -2.351820719733e-17 
 1298       1.537223376285e-10       2.400871027503e-12       2.088855783036e-13       8.469049861116e-15       1.040191543401e-15       2.235976344734e-16      -2.434455602567e-17 
 1299       1.531077700563e-10       2.421440441689e-12       2.726316231624e-13       8.463087639288e-15       1.036978825647e-15       2.249173489885e-16      -2.516501599457e-17 
 1300       1.524900434550e-10       2.442332222162e-12       3.343357098637e-13       8.457058972332e-15       1.033778417301e-15       2.262752004966e-16      -2.597948774578e-17 
 1301       1.518693320169e-10       2.463537023473e-12       3.939720843475e-13       8.450964403665e-15       1.030590247290e-15       2.276735585760e-16      -2.678787147038e-17 
 1302       1.512458110392e-10       2.485045436641e-12       4.515148804298e-13       8.444804480842e-15       1.027414243656e-15       2.291148066123e-16      -2.759006690798e-17 
 1303       1.506196569264e-10       2.506847989030e-12       5.069381196176e-13       8.438579755566e-15       1.024250333557e-15       2.306013418245e-16      -2.838597334597e-17 
 1304       1.499910471922e-10       2.528935144221e-12       5.602157109242e-13       8.432290783696e-15       1.021098443265e-15       2.321355752908e-16      -2.917548961884e-17 
 1305       1.493601604620e-10       2.551297301890e-12       6.113214506844e-13       8.425938125253e-15       1.017958498159e-15       2.337199319752e-16      -2.995851410732e-17 
 1306       1.487271764744e-10       2.573924797680e-12       6.602290223694e-13       8.419522344432e-15       1.014830422732e-15       2.353568507527e-16      -3.073494473772e-17 
 1307       1.480922699511e-10       2.596807954561e-12       7.069173379855e-13       8.413044081063e-15       1.011714147526e-15       2.370480955550e-16      -3.150468970452e-17 
 1308       1.474555921249e-10       2.619937237806e-12       7.513866280285e-13       8.406504265866e-15       1.008609630072e-15       2.387926803197e-16      -3.226769977102e-17 
 1309       1.468172890092e-10       2.643303101496e-12       7.936425311524e-13       8.399903907625e-15       1.005516834181e-15       2.405889208803e-16      -3.302393632857e-17 
 1310       1.461775075133e-10       2.666895937077e-12       8.336907691045e-13       8.393244021956e-15       1.002435723025e-15       2.424351217184e-16      -3.377336070590e-17 
 1311       1.455363954450e-10       2.690706073231e-12       8.715371469161e-13       8.386525631327e-15       9.993662591265e-16       2.443295759420e-16      -3.451593416916e-17 
 1312       1.448941015112e-10       2.714723775757e-12       9.071875530925e-13       8.379749765067e-15       9.963084043645e-16       2.462705652631e-16      -3.525161792192e-17 
 1313       1.442507753206e-10       2.738939247452e-12       9.406479598028e-13       8.372917459380e-15       9.932621199677e-16       2.482563599751e-16      -3.598037310515e-17 
 1314       1.436065673848e-10       2.763342627980e-12       9.719244230707e-13       8.366029757360e-15       9.902273665154e-16       2.502852189308e-16      -3.670216079722e-17 
 1315       1.429616291202e-10       2.787923993760e-12       1.001023082964e-12       8.359087709001e-15       9.872041039353e-16       2.523553895198e-16      -3.741694201394e-17 
 1316       1.423161128495e-10       2.812673357839e-12       1.027950163785e-12       8.352092371213e-15       9.841922915020e-16       2.544651076462e-16      -3.812467770851e-17 
 1317       1.416701718039e-10       2.837580669769e-12       1.052711974261e-12       8.345044807835e-15       9.811918878355e-16       2.566125977068e-16      -3.882532877154e-17 
 1318       1.410239601243e-10       2.862635815487e-12       1.075314907733e-12       8.337946089646e-15       9.782028508994e-16       2.587960725679e-16      -3.951885603109e-17 
 1319       1.403776328631e-10       2.887828617195e-12       1.095765442348e-12       8.330797294380e-15       9.752251379997e-16       2.610137335439e-16      -4.020522025258e-17 
 1320       1.397313459861e-10       2.913148833232e-12       1.114070141248e-12       8.323599506740e-15       9.722587057832e-16       2.632637703741e-16      -4.088438213890e-17 
 1321       1.390852563739e-10       2.938586157958e-12       1.130235652760e-12       8.316353818408e-15       9.693035102354e-16       2.655443612012e-16      -4.155630233033e-17 
 1322       1.384395218241e-10       2.964130221629e-12       1.144268710586e-12       8.309061328063e-15       9.663595066797e-16       2.678536725483e-16      -4.222094140456e-17 
 1323       1.377943010524e-10       2.989770590275e-12       1.156176133993e-12       8.301723141388e-15       9.634266497753e-16       2.701898592972e-16      -4.287825987670e-17 
 1324       1.371497536947e-10       3.015496765579e-12       1.165964828005e-12       8.294340371090e-15       9.605048935159e-16       2.725510646654e-16      -4.352821819930e-17 
 1325       1.365060403086e-10       3.041298184754e-12       1.173641783590e-12       8.286914136908e-15       9.575941912281e-16       2.749354201845e-16      -4.417077676231e-17 
 1326       1.358633223753e-10       3.067164220421e-12       1.179214077853e-12       8.279445565628e-15       9.546944955695e-16       2.773410456772e-16      -4.480589589311e-17 
 1327       1.352217623010e-10       3.093084180491e-12       1.182688874226e-12       8.271935791098e-15       9.518057585279e-16       2.797660492356e-16      -4.543353585648e-17 
 1328       1.345815234191e-10       3.119047308034e-12       1.184073422654e-12       8.264385954238e-15       9.489279314188e-16       2.822085271984e-16      -4.605365685465e-17 
 1329       1.339427699912e-10       3.145042781166e-12       1.183375059792e-12       8.256797203055e-15       9.460609648848e-16       2.846665641289e-16      -4.666621902724e-17 
 1330       1.333056672095e-10       3.171059712922e-12       1.180601209188e-12       8.249170692657e-15       9.432048088931e-16       2.871382327924e-16      -4.727118245133e-17 
 1331       1.326703811980e-10       3.197087151137e-12       1.175759381478e-12       8.241507585262e-15       9.403594127346e-16       2.896215941342e-16      -4.786850714139e-17 
 1332       1.320370790146e-10       3.223114078320e-12       1.168857174575e-12       8.233809050219e-15       9.375247250223e-16       2.921146972570e-16      -4.845815304934e-17 
 1333       1.314059286522e-10       3.249129411537e-12       1.159902273860e-12       8.226076264012e-15       9.347006936892e-16       2.946155793988e-16      -4.904008006450e-17 
 1334       1.307770990413e-10       3.275122002284e-12       1.148902452367e-12       8.218310410282e-15       9.318872659874e-16       2.971222659104e-16      -4.961424801363e-17 
 1335       1.301507600507e-10       3.301080636368e-12       1.135865570982e-12       8.210512679832e-15       9.290843884861e-16       2.996327702331e-16      -5.018061666092e-17 
 1336       1.295270824902e-10       3.326994033785e-12       1.120799578623e-12       8.202684270647e-15       9.262920070703e-16       3.021450938767e-16      -5.073914570798e-17 
 1337       1.289062381113e-10       3.352850848597e-12       1.103712512441e-12       8.194826387903e-15       9.235100669390e-16       3.046572263966e-16      -5.128979479384e-17 
 1338       1.282883996097e-10       3.378639668810e-12       1.084612497999e-12       8.186940243982e-15       9.207385126038e-16       3.071671453721e-16      -5.183252349497e-17 
 1339       1.276737406266e-10       3.404349016253e-12       1.063507749471e-12       8.179027058485e-15       9.179772878874e-16       3.096728163835e-16      -5.236729132527e-17 
 1340       1.270624357506e-10       3.429967346453e-12       1.040406569829e-12       8.171088058244e-15       9.152263359218e-16       3.121721929904e-16      -5.289405773606e-17 
 1341       1.264546605191e-10       3.455483048518e-12       1.015317351031e-12       8.163124477339e-15       9.124855991470e-16       3.146632167087e-16      -5.341278211609e-17 
 1342       1.258505914204e-10       3.480884445010e-12       9.882485742134e-13       8.155137557104e-15       9.097550193093e-16       3.171438169890e-16      -5.392342379155e-17 
 1343       1.252504058951e-10       3.506159791828e-12       9.592088098818e-13       8.147128546148e-15       9.070345374596e-16       3.196119111936e-16      -5.442594202606e-17 
 1344       1.246542823380e-10       3.531297278079e-12       9.282067180994e-13       8.139098700365e-15       9.043240939523e-16       3.220654045746e-16      -5.492029602066e-17 
 1345       1.240624000996e-10       3.556285025965e-12       8.952510486778e-13       8.131049282944e-15       9.016236284432e-16       3.245021902515e-16      -5.540644491385e-17 
 1346       1.234749222492e-10       3.581111972182e-12       8.603536501116e-13       8.122981522932e-15       8.989330851521e-16       3.269204564777e-16      -5.588435426737e-17 
 1347       1.228919436565e-10       3.605770522874e-12       8.235385317662e-13       8.114896490374e-15       8.962524287161e-16       3.293196121363e-16      -5.635401560083e-17 
 1348       1.223135423490e-10       3.630253927283e-12       7.848329005139e-13       8.106795219842e-15       8.935816285052e-16       3.316993712542e-16      -5.681542706934e-17 
 1349       1.217397967008e-10       3.654555398769e-12       7.442641613100e-13       8.098678751776e-15       8.909206533730e-16       3.340594466228e-16      -5.726858699734e-17 
 1350       1.211707854328e-10       3.678668114749e-12       7.018599175826e-13       8.090548132495e-15       8.882694716557e-16       3.363995497966e-16      -5.771349387899e-17 
 1351       1.206065876130e-10       3.702585216635e-12       6.576479716217e-13       8.082404414206e-15       8.856280511704e-16       3.387193910910e-16      -5.815014637870e-17 
 1352       1.200472826577e-10       3.726299809766e-12       6.116563249680e-13       8.074248655018e-15       8.829963592144e-16       3.410186795801e-16      -5.857854333144e-17 
 1353       1.194929503314e-10       3.749804963348e-12       5.639131788028e-13       8.066081918950e-15       8.803743625636e-16       3.432971230953e-16      -5.899868374328e-17 
 1354       1.189436707480e-10       3.773093710386e-12       5.144469343371e-13       8.057905275942e-15       8.777620274715e-16       3.455544282227e-16      -5.941056679173e-17 
 1355       1.183995243707e-10       3.796159047628e-12       4.632861932005e-13       8.049719801864e-15       8.751593196679e-16       3.477903003014e-16      -5.981419182623e-17 
 1356       1.178605920131e-10       3.818993935491e-12       4.104597578311e-13       8.041526578530e-15       8.725662043577e-16       3.500044434217e-16      -6.020955836856e-17 
 1357       1.173269548393e-10       3.841591298008e-12       3.559966318641e-13       8.033326693704e-15       8.699826462198e-16       3.521965604228e-16      -6.059666611326e-17 
 1358       1.167986943651e-10       3.863944022755e-12       2.999260205218e-13       8.025121241115e-15       8.674086094057e-16       3.543663528908e-16      -6.097551492808e-17 
 1359       1.162758924578e-10       3.886044960795e-12       2.422773310023e-13       8.016911320465e-15       8.648440575383e-16       3.565135211571e-16      -6.134610485438e-17 
 1360       1.157586313373e-10       3.907886926607e-12       1.830801728689e-13       8.008698037437e-15       8.622889537110e-16       3.586377642962e-16      -6.170843610761e-17 
 1361       1.152469935765e-10       3.929462698029e-12       1.223643584394e-13       8.000482503712e-15       8.597432604859e-16       3.607387801234e-16      -6.206250907768e-17 
 1362       1.147410621016e-10       3.950765016191e-12       6.015990317573e-14       7.992265836974e-15       8.572069398933e-16       3.628162651935e-16      -6.240832432942e-17 
 1363       1.142409201933e-10       3.971786585451e-12      -3.502973927417e-15       7.984049160920e-15       8.546799534299e-16       3.648699147982e-16      -6.274588260305e-17 
 1364       1.137466514867e-10       3.992520073334e-12      -6.859384995284e-14       7.975833605276e-15       8.521622620579e-16       3.668994229645e-16      -6.307518481451e-17 
 1365       1.132583399721e-10       4.012958110463e-12      -1.350820976717e-13       7.967620305803e-15       8.496538262036e-16       3.689044824524e-16      -6.339623205599e-17 
 1366       1.127760699958e-10       4.033093290502e-12      -2.029368851544e-13       7.959410404307e-15       8.471546057564e-16       3.708847847534e-16      -6.370902559630e-17 
 1367       1.122999262603e-10       4.052918170088e-12      -2.721271753809e-13       7.951205048652e-15       8.446645600675e-16       3.728400200879e-16      -6.401356688134e-17 
 1368       1.118299938250e-10       4.072425268768e-12      -3.426217258519e-13       7.943005392770e-15       8.421836479484e-16       3.747698774038e-16      -6.430985753448e-17 
 1369       1.113663581068e-10       4.091607068937e-12      -4.143890881993e-13       7.934812596671e-15       8.397118276703e-16       3.766740443741e-16      -6.459789935704e-17 
 1370       1.109091048806e-10       4.110456015771e-12      -4.873976077971e-13       7.926627826451e-15       8.372490569624e-16       3.785522073952e-16      -6.487769432869e-17 
 1371       1.104583202800e-10       4.128964517168e-12      -5.616154233718e-13       7.918452254307e-15       8.347952930107e-16       3.804040515847e-16      -6.514924460790e-17 
 1372       1.100140907975e-10       4.147124943680e-12      -6.370104666136e-13       7.910287058546e-15       8.323504924570e-16       3.822292607796e-16      -6.541255253234e-17 
 1373       1.095765032856e-10       4.164929628451e-12      -7.135504617867e-13       7.902133423592e-15       8.299146113976e-16       3.840275175343e-16      -6.566762061934e-17 
 1374       1.091456449569e-10       4.182370867155e-12      -7.912029253402e-13       7.893992540002e-15       8.274876053822e-16       3.857985031184e-16      -6.591445156632e-17 
 1375       1.087216033849e-10       4.199440917929e-12      -8.699351655190e-13       7.885865604472e-15       8.250694294124e-16       3.875418975151e-16      -6.615304825118e-17 
 1376       1.083044665044e-10       4.216132001312e-12      -9.497142819742e-13       7.877753819849e-15       8.226600379408e-16       3.892573794187e-16      -6.638341373278e-17 
 1377       1.078943226122e-10       4.232436300181e-12      -1.030507165374e-12       7.869658395142e-15       8.202593848694e-16       3.909446262332e-16      -6.660555125136e-17 
 1378       1.074912603676e-10       4.248345959685e-12      -1.112280497014e-12       7.861580545533e-15       8.178674235489e-16       3.926033140700e-16      -6.681946422892e-17 
 1379       1.070953687929e-10       4.263853087184e-12      -1.195000748430e-12       7.853521492386e-15       8.154841067772e-16       3.942331177458e-16      -6.702515626972e-17 
 1380       1.067067372743e-10       4.278949752185e-12      -1.278634181005e-12       7.845482463257e-15       8.131093867981e-16       3.958337107810e-16      -6.722263116068e-17 
 1381       1.063254555619e-10       4.293627986277e-12      -1.363146845582e-12       7.837464691906e-15       8.107432153001e-16       3.974047653973e-16      -6.741189287178e-17 
 1382       1.059516137706e-10       4.307879783067e-12      -1.448504582077e-12       7.829469418307e-15       8.083855434156e-16       3.989459525161e-16      -6.759294555655e-17 
 1383       1.055853023806e-10       4.321697098120e-12      -1.534673019085e-12       7.821497888660e-15       8.060363217191e-16       4.004569417563e-16      -6.776579355245e-17 
 1384       1.052266122382e-10       4.335071848891e-12      -1.621617573494e-12       7.813551355396e-15       8.036955002264e-16       4.019374014322e-16      -6.793044138134e-17 
 1385       1.048756164026e-10       4.347997106772e-12      -1.709303885842e-12       7.805630958806e-15       8.013630326903e-16       4.033872610648e-16      -6.808690206929e-17 
 1386       1.045323154777e-10       4.360470687135e-12      -1.797699132201e-12       7.797737370511e-15       7.990388895407e-16       4.048075019506e-16      -6.823522220155e-17 
 1387       1.041966917042e-10       4.372491597065e-12      -1.886770725367e-12       7.789871146243e-15       7.967230450790e-16       4.061993749358e-16      -6.837545713300e-17 
 1388       1.038687270605e-10       4.384058846706e-12      -1.976485880013e-12       7.782032843899e-15       7.944154731919e-16       4.075641386752e-16      -6.850766269365e-17 
 1389       1.035484032616e-10       4.395171449266e-12      -2.066811612324e-12       7.774223023543e-15       7.921161473510e-16       4.089030596464e-16      -6.863189518966e-17 
 1390       1.032357017588e-10       4.405828421035e-12      -2.157714739637e-12       7.766442247406e-15       7.898250406115e-16       4.102174121645e-16      -6.874821140420e-17 
 1391       1.029306037392e-10       4.416028781389e-12      -2.249161880076e-12       7.758691079893e-15       7.875421256114e-16       4.115084783965e-16      -6.885666859847e-17 
 1392       1.026330901247e-10       4.425771552804e-12      -2.341119452193e-12       7.750970087586e-15       7.852673745707e-16       4.127775483755e-16      -6.895732451262e-17 
 1393       1.023431415720e-10       4.435055760869e-12      -2.433553674605e-12       7.743279839244e-15       7.830007592901e-16       4.140259200154e-16      -6.905023736671e-17 
 1394       1.020607384715e-10       4.443880434292e-12      -2.526430565630e-12       7.735620905806e-15       7.807422511502e-16       4.152548991251e-16      -6.913546586162e-17 
 1395       1.017858609472e-10       4.452244604913e-12      -2.619715942928e-12       7.727993860399e-15       7.784918211108e-16       4.164657994233e-16      -6.921306918008e-17 
 1396       1.015184888557e-10       4.460147307718e-12      -2.713375423138e-12       7.720399278336e-15       7.762494397096e-16       4.176599425524e-16      -6.928310698755e-17 
 1397       1.012586017858e-10       4.467587580844e-12      -2.807374421514e-12       7.712837737122e-15       7.740150770616e-16       4.188386580933e-16      -6.934563943319e-17 
 1398       1.010061790581e-10       4.474564465594e-12      -2.901678151566e-12       7.705309816455e-15       7.717887028578e-16       4.200032835798e-16      -6.940072715083e-17 
 1399       1.007611997241e-10       4.481077006448e-12      -2.996251624695e-12       7.697816098229e-15       7.695702863644e-16       4.211551645130e-16      -6.944843125989e-17 
 1400       1.005236425659e-10       4.487124251070e-12      -3.091059649835e-12       7.690357166541e-15       7.673597964221e-16       4.222956543755e-16      -6.948881336636e-17 
 1401       1.002934860956e-10       4.492705250323e-12      -3.186066833086e-12       7.682933607689e-15       7.651572014447e-16       4.234261146463e-16      -6.952193556371e-17 
 1402       1.000707085543e-10       4.497819058278e-12      -3.281237577355e-12       7.675546010177e-15       7.629624694185e-16       4.245479148147e-16      -6.954786043389e-17 
 1403       9.985528791230e-11       4.502464732226e-12      -3.376536081994e-12       7.668194964720e-15       7.607755679013e-16       4.256624323952e-16      -6.956665104825e-17 
 1404       9.964720186774e-11       4.506641332687e-12      -3.471926342437e-12       7.660881064244e-15       7.585964640214e-16       4.267710529416e-16      -6.957837096847e-17 
 1405       9.944642784654e-11       4.510347923420e-12      -3.567372149838e-12       7.653604903890e-15       7.564251244766e-16       4.278751700616e-16      -6.958308424756e-17 
 1406       9.925294300164e-11       4.513583571440e-12      -3.662837090711e-12       7.646367081019e-15       7.542615155333e-16       4.289761854312e-16      -6.958085543079e-17 
 1407       9.906672421246e-11       4.516347347020e-12      -3.758284546563e-12       7.639168195212e-15       7.521056030257e-16       4.300755088091e-16      -6.957174955660e-17 
 1408       9.888774808427e-11       4.518638323710e-12      -3.853677693539e-12       7.632008848275e-15       7.499573523546e-16       4.311745580510e-16      -6.955583215763e-17 
 1409       9.871599094770e-11       4.520455578342e-12      -3.948979502052e-12       7.624889644242e-15       7.478167284866e-16       4.322747591244e-16      -6.953316926158e-17 
 1410       9.855142885809e-11       4.521798191044e-12      -4.044152736429e-12       7.617811189378e-15       7.456836959533e-16       4.333775461228e-16      -6.950382739224e-17 
 1411       9.839403759498e-11       4.522665245249e-12      -4.139159954543e-12       7.610774092182e-15       7.435582188500e-16       4.344843612799e-16      -6.946787357038e-17 
 1412       9.824379266148e-11       4.523055827707e-12      -4.233963507453e-12       7.603778963387e-15       7.414402608350e-16       4.355966549844e-16      -6.942537531475e-17 
 1413       9.810066928373e-11       4.522969028498e-12      -4.328525539043e-12       7.596826415970e-15       7.393297851288e-16       4.367158857944e-16      -6.937640064298e-17 
 1414       9.796464241032e-11       4.522403941036e-12      -4.422807985659e-12       7.589917065148e-15       7.372267545127e-16       4.378435204515e-16      -6.932101807256e-17 
 1415       9.783568671168e-11       4.521359662088e-12      -4.516772575746e-12       7.583051528385e-15       7.351311313283e-16       4.389810338957e-16      -6.925929662180e-17 
 1416       9.771377657958e-11       4.519835291780e-12      -4.610380829488e-12       7.576230425394e-15       7.330428774763e-16       4.401299092795e-16      -6.919130581075e-17 
 1417       9.759888612648e-11       4.517829933609e-12      -4.703594058444e-12       7.569454378141e-15       7.309619544157e-16       4.412916379822e-16      -6.911711566218e-17 
 1418       9.749098918499e-11       4.515342694453e-12      -4.796373365187e-12       7.562724010845e-15       7.288883231627e-16       4.424677196248e-16      -6.903679670249e-17 
 1419       9.739005930731e-11       4.512372684585e-12      -4.888679642943e-12       7.556039949987e-15       7.268219442900e-16       4.436596620841e-16      -6.895041996271e-17 
 1420       9.729606976460e-11       4.508919017678e-12      -4.980473575226e-12       7.549402824305e-15       7.247627779255e-16       4.448689815073e-16      -6.885805697941e-17 
 1421       9.720899354649e-11       4.504980810824e-12      -5.071715635479e-12       7.542813264804e-15       7.227107837517e-16       4.460972023262e-16      -6.875977979568e-17 
 1422       9.712880336043e-11       4.500557184536e-12      -5.162366086710e-12       7.536271904756e-15       7.206659210046e-16       4.473458572717e-16      -6.865566096204e-17 
 1423       9.705547163113e-11       4.495647262765e-12      -5.252384981132e-12       7.529779379703e-15       7.186281484727e-16       4.486164873886e-16      -6.854577353745e-17 
 1424       9.698896024756e-11       4.490251070134e-12      -5.341735330869e-12       7.523336200525e-15       7.165974280078e-16       4.499100454488e-16      -6.843017499792e-17 
 1425       9.692918968965e-11       4.484372233702e-12      -5.430392656440e-12       7.516942371201e-15       7.145737350978e-16       4.512250994609e-16      -6.830885877991e-17 
 1426       9.687606958339e-11       4.478015308968e-12      -5.518335535620e-12       7.510597767130e-15       7.125570484006e-16       4.525596107398e-16      -6.818180224119e-17 
 1427       9.682950892328e-11       4.471184885231e-12      -5.605542441093e-12       7.504302261703e-15       7.105473462415e-16       4.539115288118e-16      -6.804898270796e-17 
 1428       9.678941607116e-11       4.463885585647e-12      -5.691991740274e-12       7.498055726299e-15       7.085446066125e-16       4.552787913946e-16      -6.791037747488e-17 
 1429       9.675569875509e-11       4.456122067301e-12      -5.777661695139e-12       7.491858030285e-15       7.065488071715e-16       4.566593243756e-16      -6.776596380501e-17 
 1430       9.672826406807e-11       4.447899021264e-12      -5.862530462049e-12       7.485709041004e-15       7.045599252419e-16       4.580510417916e-16      -6.761571892988e-17 
 1431       9.670701846696e-11       4.439221172663e-12      -5.946576091574e-12       7.479608623778e-15       7.025779378113e-16       4.594518458079e-16      -6.745962004941e-17 
 1432       9.669186777122e-11       4.430093280738e-12      -6.029776528320e-12       7.473556641899e-15       7.006028215313e-16       4.608596266971e-16      -6.729764433200e-17 
 1433       9.668271716178e-11       4.420520138914e-12      -6.112109610754e-12       7.467552956624e-15       6.986345527164e-16       4.622722628188e-16      -6.712976891442e-17 
 1434       9.667947117983e-11       4.410506574858e-12      -6.193553071030e-12       7.461597427176e-15       6.966731073435e-16       4.636876205980e-16      -6.695597090191e-17 
 1435       9.668203372565e-11       4.400057450546e-12      -6.274084534813e-12       7.455689910733e-15       6.947184610510e-16       4.651035545052e-16      -6.677622736812e-17 
 1436       9.669030805744e-11       4.389177662327e-12      -6.353681521107e-12       7.449830262428e-15       6.927705891381e-16       4.665179070346e-16      -6.659051535511e-17 
 1437       9.670419679010e-11       4.377872140987e-12      -6.432321442077e-12       7.444018335343e-15       6.908294665641e-16       4.679285086839e-16      -6.639881187337e-17 
 1438       9.672360189411e-11       4.366145851810e-12      -6.509981602880e-12       7.438253980503e-15       6.888950679478e-16       4.693331779333e-16      -6.620109390183e-17 
 1439       9.674842469430e-11       4.354003794647e-12      -6.586639201484e-12       7.432537046876e-15       6.869673675664e-16       4.707297212244e-16      -6.599733838781e-17 
 1440       9.677856586867e-11       4.341451003975e-12      -6.662271328497e-12       7.426867381363e-15       6.850463393552e-16       4.721159329396e-16      -6.578752224705e-17 
 1441       9.681392544725e-11       4.328492548965e-12      -6.736854966993e-12       7.421244828797e-15       6.831319569064e-16       4.734895953813e-16      -6.557162236372e-17 
 1442       9.685440281088e-11       4.315133533542e-12      -6.810366992336e-12       7.415669231939e-15       6.812241934687e-16       4.748484787508e-16      -6.534961559039e-17 
 1443       9.689989669004e-11       4.301379096453e-12      -6.882784172006e-12       7.410140431472e-15       6.793230219466e-16       4.761903411275e-16      -6.512147874804e-17 
 1444       9.695030516367e-11       4.287234411327e-12      -6.954083165424e-12       7.404658265995e-15       6.774284148995e-16       4.775129284484e-16      -6.488718862608e-17 
 1445       9.700552565800e-11       4.272704686740e-12      -7.024240523779e-12       7.399222572023e-15       6.755403445407e-16       4.788139744869e-16      -6.464672198229e-17 
 1446       9.706545494535e-11       4.257795166283e-12      -7.093232689853e-12       7.393833183979e-15       6.736587827375e-16       4.800912008317e-16      -6.440005554290e-17 
 1447       9.712998914296e-11       4.242511128619e-12      -7.161035997844e-12       7.388489934190e-15       6.717837010094e-16       4.813423168668e-16      -6.414716600252e-17 
 1448       9.719902371181e-11       4.226857887553e-12      -7.227626673194e-12       7.383192652884e-15       6.699150705282e-16       4.825650197498e-16      -6.388803002416e-17 
 1449       9.727245345544e-11       4.210840792091e-12      -7.292980832415e-12       7.377941168186e-15       6.680528621168e-16       4.837569943914e-16      -6.362262423925e-17 
 1450       9.735017251874e-11       4.194465226508e-12      -7.357074482913e-12       7.372735306109e-15       6.661970462488e-16       4.849159134346e-16      -6.335092524761e-17 
 1451       9.743207438683e-11       4.177736610409e-12      -7.419883522814e-12       7.367574890555e-15       6.643475930475e-16       4.860394372337e-16      -6.307290961746e-17 
 1452       9.751805188383e-11       4.160660398795e-12      -7.481383740790e-12       7.362459743308e-15       6.625044722850e-16       4.871252138338e-16      -6.278855388541e-17 
 1453       9.760799717167e-11       4.143242082125e-12      -7.541550815881e-12       7.357389684031e-15       6.606676533821e-16       4.881708789492e-16      -6.249783455647e-17 
 1454       9.770180174898e-11       4.125487186383e-12      -7.600360317328e-12       7.352364530259e-15       6.588371054070e-16       4.891740559435e-16      -6.220072810405e-17 
 1455       9.779935644981e-11       4.107401273136e-12      -7.657787704390e-12       7.347384097395e-15       6.570127970747e-16       4.901323558079e-16      -6.189721096996e-17 
 1456       9.790055144253e-11       4.088989939606e-12      -7.713808326176e-12       7.342448198711e-15       6.551946967462e-16       4.910433771410e-16      -6.158725956437e-17 
 1457       9.800527622862e-11       4.070258818726e-12      -7.768397421467e-12       7.337556645334e-15       6.533827724282e-16       4.919047061275e-16      -6.127085026587e-17 
 1458       9.811341964146e-11       4.051213579209e-12      -7.821530118541e-12       7.332709246249e-15       6.515769917717e-16       4.927139165176e-16      -6.094795942141e-17 
 1459       9.822486984521e-11       4.031859925612e-12      -7.873181435003e-12       7.327905808294e-15       6.497773220717e-16       4.934685696060e-16      -6.061856334636e-17 
 1460       9.833951433358e-11       4.012203598395e-12      -7.923326277604e-12       7.323146136152e-15       6.479837302664e-16       4.941662142113e-16      -6.028263832444e-17 
 1461       9.845723992867e-11       3.992250373991e-12      -7.971939442072e-12       7.318430032347e-15       6.461961829364e-16       4.948043866548e-16      -5.994016060778e-17 
 1462       9.857793277977e-11       3.972006064865e-12      -8.018995612935e-12       7.313757297243e-15       6.444146463039e-16       4.953806107398e-16      -5.959110641688e-17 
 1463       9.870147959441e-11       3.951476735766e-12      -8.064473375897e-12       7.309127656360e-15       6.426390892036e-16       4.958930395884e-16      -5.923548729462e-17 
 1464       9.882777134721e-11       3.930669354696e-12      -8.108367299192e-12       7.304540541536e-15       6.408694920280e-16       4.963423882127e-16      -5.887345655502e-17 
 1465       9.895669960572e-11       3.909591148575e-12      -8.150675972663e-12       7.299995307572e-15       6.391058378703e-16       4.967300202217e-16      -5.850520389866e-17 
 1466       9.908815530051e-11       3.888249387721e-12      -8.191398006217e-12       7.295491304696e-15       6.373481095599e-16       4.970573077325e-16      -5.813092015718e-17 
 1467       9.922202872404e-11       3.866651385931e-12      -8.230532029879e-12       7.291027878558e-15       6.355962896622e-16       4.973256313852e-16      -5.775079729533e-17 
 1468       9.935820952954e-11       3.844804500548e-12      -8.268076693838e-12       7.286604370220e-15       6.338503604777e-16       4.975363803577e-16      -5.736502841286e-17 
 1469       9.949658672993e-11       3.822716132549e-12      -8.304030668503e-12       7.282220116152e-15       6.321103040420e-16       4.976909523813e-16      -5.697380774659e-17 
 1470       9.963704869667e-11       3.800393726609e-12      -8.338392644547e-12       7.277874448216e-15       6.303761021245e-16       4.977907537556e-16      -5.657733067233e-17 
 1471       9.977948315867e-11       3.777844771186e-12      -8.371161332963e-12       7.273566693663e-15       6.286477362285e-16       4.978371993636e-16      -5.617579370685e-17 
 1472       9.992377720117e-11       3.755076798592e-12      -8.402335465111e-12       7.269296175122e-15       6.269251875903e-16       4.978317126866e-16      -5.576939450991e-17 
 1473       1.000698172646e-10       3.732097385072e-12      -8.431913792769e-12       7.265062210594e-15       6.252084371785e-16       4.977757258199e-16      -5.535833188621e-17 
 1474       1.002174891437e-10       3.708914150879e-12      -8.459895088184e-12       7.260864113441e-15       6.234974656937e-16       4.976706794873e-16      -5.494280578737e-17 
 1475       1.003666779858e-10       3.685534760347e-12      -8.486278144120e-12       7.256701192377e-15       6.217922535679e-16       4.975180230565e-16      -5.452301731389e-17 
 1476       1.005172682905e-10       3.661966921973e-12      -8.511061773913e-12       7.252572751463e-15       6.200927809638e-16       4.973192145542e-16      -5.409916871719e-17 
 1477       1.006691439080e-10       3.638218388487e-12      -8.534244811514e-12       7.248478090095e-15       6.183990277742e-16       4.970757206811e-16      -5.367146340151e-17 
 1478       1.008221880382e-10       3.614296956934e-12      -8.555826111549e-12       7.244416502997e-15       6.167109736216e-16       4.967890168271e-16      -5.324010592596e-17 
 1479       1.009762832296e-10       3.590210468743e-12      -8.575804549359e-12       7.240387280211e-15       6.150285978576e-16       4.964605870865e-16      -5.280530200644e-17 
 1480       1.011313113780e-10       3.565966809811e-12      -8.594179021059e-12       7.236389707093e-15       6.133518795622e-16       4.960919242729e-16      -5.236725851766e-17 
 1481       1.012871537256e-10       3.541573910571e-12      -8.610948443581e-12       7.232423064299e-15       6.116807975433e-16       4.956845299345e-16      -5.192618349511e-17 
 1482       1.014436908599e-10       3.517039746074e-12      -8.626111754732e-12       7.228486627777e-15       6.100153303363e-16       4.952399143690e-16      -5.148228613703e-17 
 1483       1.016008027123e-10       3.492372336063e-12      -8.639667913236e-12       7.224579668764e-15       6.083554562031e-16       4.947595966389e-16      -5.103577680639e-17 
 1484       1.017583685575e-10       3.467579745047e-12      -8.651615898791e-12       7.220701453771e-15       6.067011531320e-16       4.942451045866e-16      -5.058686703288e-17 
 1485       1.019162670118e-10       3.442670082382e-12      -8.661954712116e-12       7.216851244578e-15       6.050523988369e-16       4.936979748494e-16      -5.013576951488e-17 
 1486       1.020743760323e-10       3.417651502342e-12      -8.670683375002e-12       7.213028298224e-15       6.034091707568e-16       4.931197528746e-16      -4.968269812144e-17 
 1487       1.022325729159e-10       3.392532204197e-12      -8.677800930363e-12       7.209231867001e-15       6.017714460549e-16       4.925119929349e-16      -4.922786789427e-17 
 1488       1.023907342979e-10       3.367320432288e-12      -8.683306442285e-12       7.205461198442e-15       6.001392016188e-16       4.918762581432e-16      -4.877149504969e-17 
 1489       1.025487361512e-10       3.342024476108e-12      -8.687198996076e-12       7.201715535313e-15       5.985124140591e-16       4.912141204675e-16      -4.831379698066e-17 
 1490       1.027064537848e-10       3.316652670370e-12      -8.689477698319e-12       7.197994115608e-15       5.968910597092e-16       4.905271607468e-16      -4.785499225869e-17 
 1491       1.028637618431e-10       3.291213395088e-12      -8.690141676921e-12       7.194296172538e-15       5.952751146249e-16       4.898169687053e-16      -4.739530063589e-17 
 1492       1.030205343045e-10       3.265715075653e-12      -8.689190081160e-12       7.190620934520e-15       5.936645545834e-16       4.890851429683e-16      -4.693494304689e-17 
 1493       1.031766444803e-10       3.240166182908e-12      -8.686622081742e-12       7.186967625173e-15       5.920593550833e-16       4.883332910767e-16      -4.647414161088e-17 
 1494       1.033319650139e-10       3.214575233223e-12      -8.682436870843e-12       7.183335463307e-15       5.904594913434e-16       4.875630295023e-16      -4.601311963353e-17 
 1495       1.034863678792e-10       3.188950788574e-12      -8.676633662167e-12       7.179723662916e-15       5.888649383025e-16       4.867759836633e-16      -4.555210160899e-17 
 1496       1.036397243800e-10       3.163301456616e-12      -8.669211690993e-12       7.176131433167e-15       5.872756706188e-16       4.859737879386e-16      -4.509131322189e-17 
 1497       1.037919051485e-10       3.137635890760e-12      -8.660170214225e-12       7.172557978393e-15       5.856916626694e-16       4.851580856838e-16      -4.463098134930e-17 
 1498       1.039427801442e-10       3.111962790250e-12      -8.649508510440e-12       7.169002498087e-15       5.841128885494e-16       4.843305292457e-16      -4.417133406270e-17 
 1499       1.040922186533e-10       3.086290900237e-12      -8.637225879946e-12       7.165464186886e-15       5.825393220716e-16       4.834927799777e-16      -4.371260062997e-17 
 1500       1.042400892867e-10       3.060629011857e-12      -8.623321644822e-12       7.161942234573e-15       5.809709367661e-16       4.826465082546e-16      -4.325501151740e-17 
 1501       1.043862599798e-10       3.034985962308e-12      -8.607795148979e-12       7.158435826059e-15       5.794077058794e-16       4.817933934883e-16      -4.279879839160e-17 
 1502       1.045306082711e-10       3.009370156032e-12      -8.590648591221e-12       7.154944151407e-15       5.778496043987e-16       4.809348842878e-16      -4.234414426722e-17 
 1503       1.046730522523e-10       2.983788123024e-12      -8.571895554546e-12       7.151466436006e-15       5.762966151487e-16       4.800714763565e-16      -4.189103341484e-17 
 1504       1.048135199173e-10       2.958245946639e-12      -8.551552560011e-12       7.148001910673e-15       5.747487227532e-16       4.792034275937e-16      -4.143939999538e-17 
 1505       1.049519389094e-10       2.932749741256e-12      -8.529636241444e-12       7.144549801643e-15       5.732059116149e-16       4.783309973125e-16      -4.098917778111e-17 
 1506       1.050882365198e-10       2.907305652327e-12      -8.506163345651e-12       7.141109330565e-15       5.716681659153e-16       4.774544462427e-16      -4.054030015499e-17 
 1507       1.052223396878e-10       2.881919856434e-12      -8.481150732615e-12       7.137679714486e-15       5.701354696141e-16       4.765740365331e-16      -4.009270010998e-17 
 1508       1.053541750000e-10       2.856598561332e-12      -8.454615375694e-12       7.134260165853e-15       5.686078064488e-16       4.756900317536e-16      -3.964631024837e-17 
 1509       1.054836686894e-10       2.831348006004e-12      -8.426574361826e-12       7.130849892496e-15       5.670851599338e-16       4.748026968981e-16      -3.920106278114e-17 
 1510       1.056107466353e-10       2.806174460711e-12      -8.397044891726e-12       7.127448097628e-15       5.655675133606e-16       4.739122983861e-16      -3.875688952725e-17 
 1511       1.057353343626e-10       2.781084227042e-12      -8.366044280092e-12       7.124053979830e-15       5.640548497969e-16       4.730191040657e-16      -3.831372191300e-17 
 1512       1.058573570410e-10       2.756083637963e-12      -8.333589955801e-12       7.120666733047e-15       5.625471520863e-16       4.721233832156e-16      -3.787149097133e-17 
 1513       1.059767394848e-10       2.731179057871e-12      -8.299699462111e-12       7.117285546581e-15       5.610444028479e-16       4.712254065477e-16      -3.743012734119e-17 
 1514       1.060934061521e-10       2.706376882643e-12      -8.264390456865e-12       7.113909605077e-15       5.595465844755e-16       4.703254462093e-16      -3.698956126680e-17 
 1515       1.062072811441e-10       2.681683539684e-12      -8.227680712687e-12       7.110538088524e-15       5.580536791375e-16       4.694237757855e-16      -3.654972259707e-17 
 1516       1.063182882049e-10       2.657105487983e-12      -8.189588117187e-12       7.107170172239e-15       5.565656687765e-16       4.685206703016e-16      -3.611054078486e-17 
 1517       1.064263507209e-10       2.632649218158e-12      -8.150130673161e-12       7.103805026864e-15       5.550825351083e-16       4.676164062254e-16      -3.567194488632e-17 
 1518       1.065313917198e-10       2.608321252510e-12      -8.109326498788e-12       7.100441818354e-15       5.536042596220e-16       4.667112614696e-16      -3.523386356026e-17 
 1519       1.066333338704e-10       2.584128145072e-12      -8.067193827838e-12       7.097079707974e-15       5.521308235794e-16       4.658055153941e-16      -3.479622506742e-17 
 1520       1.067320994821e-10       2.560076481662e-12      -8.023751009866e-12       7.093717852285e-15       5.506622080142e-16       4.648994488086e-16      -3.435895726984e-17 
 1521       1.068276105041e-10       2.536172879929e-12      -7.979016510418e-12       7.090355403144e-15       5.491983937321e-16       4.639933439745e-16      -3.392198763019e-17 
 1522       1.069197885249e-10       2.512423989408e-12      -7.933008911230e-12       7.086991507686e-15       5.477393613098e-16       4.630874846078e-16      -3.348524321107e-17 
 1523       1.070085547718e-10       2.488836491569e-12      -7.885746910426e-12       7.083625308326e-15       5.462850910949e-16       4.621821558809e-16      -3.304865067435e-17 
 1524       1.070938301103e-10       2.465417099867e-12      -7.837249322724e-12       7.080255942742e-15       5.448355632054e-16       4.612776444257e-16      -3.261213628054e-17 
 1525       1.071755350435e-10       2.442172559791e-12      -7.787535079634e-12       7.076882543875e-15       5.433907575290e-16       4.603742383350e-16      -3.217562588803e-17 
 1526       1.072535897115e-10       2.419109648921e-12      -7.736623229659e-12       7.073504239916e-15       5.419506537228e-16       4.594722271658e-16      -3.173904495253e-17 
 1527       1.073279138912e-10       2.396235176970e-12      -7.684532938497e-12       7.070120154298e-15       5.405152312129e-16       4.585719019410e-16      -3.130231852630e-17 
 1528       1.073984269950e-10       2.373555985840e-12      -7.631283489240e-12       7.066729405692e-15       5.390844691938e-16       4.576735551521e-16      -3.086537125753e-17 
 1529       1.074650480711e-10       2.351078949672e-12      -7.576894282577e-12       7.063331107995e-15       5.376583466282e-16       4.567774807614e-16      -3.042812738969e-17 
 1530       1.075276958022e-10       2.328810974896e-12      -7.521384836993e-12       7.059924370323e-15       5.362368422460e-16       4.558839742044e-16      -2.999051076079e-17 
 1531       1.075862885053e-10       2.306759000279e-12      -7.464774788972e-12       7.056508297004e-15       5.348199345445e-16       4.549933323924e-16      -2.955244480277e-17 
 1532       1.076407441312e-10       2.284929996981e-12      -7.407083893197e-12       7.053081987570e-15       5.334076017875e-16       4.541058537144e-16      -2.911385254080e-17 
 1533       1.076909802637e-10       2.263330968600e-12      -7.348332022749e-12       7.049644536748e-15       5.319998220049e-16       4.532218380398e-16      -2.867465659262e-17 
 1534       1.077369141192e-10       2.241968951227e-12      -7.288539169311e-12       7.046195034452e-15       5.305965729923e-16       4.523415867206e-16      -2.823477916788e-17 
 1535       1.077784625459e-10       2.220851013492e-12      -7.227725443367e-12       7.042732565776e-15       5.291978323106e-16       4.514654025939e-16      -2.779414206742e-17 
 1536       1.078155420237e-10       2.199984256621e-12      -7.165911074403e-12       7.039256210987e-15       5.278035772856e-16       4.505935899843e-16      -2.735266668267e-17 
 1537       1.078480686632e-10       2.179375814480e-12      -7.103116411108e-12       7.035765045512e-15       5.264137850070e-16       4.497264547058e-16      -2.691027399493e-17 
 1538       1.078759582052e-10       2.159032853629e-12      -7.039361921577e-12       7.032258139937e-15       5.250284323288e-16       4.488643040650e-16      -2.646688457470e-17 
 1539       1.078991260204e-10       2.138962573372e-12      -6.974668193507e-12       7.028734559994e-15       5.236474958681e-16       4.480074468625e-16      -2.602241858104e-17 
 1540       1.079174871085e-10       2.119172205807e-12      -6.909055934403e-12       7.025193366556e-15       5.222709520050e-16       4.471561933960e-16      -2.557679576088e-17 
 1541       1.079309691977e-10       2.099668163256e-12      -6.842546478785e-12       7.021633693063e-15       5.208987789361e-16       4.463106618984e-16      -2.512996090960e-17 
 1542       1.079395521799e-10       2.080453471591e-12      -6.775163314673e-12       7.018054978641e-15       5.195309628580e-16       4.454701958391e-16      -2.468196051852e-17 
 1543       1.079432290484e-10       2.061530312645e-12      -6.706930571993e-12       7.014456737179e-15       5.181674918414e-16       4.446339410960e-16      -2.423286685364e-17 
 1544       1.079419928327e-10       2.042900874629e-12      -6.637872517108e-12       7.010838480093e-15       5.168083537822e-16       4.438010390107e-16      -2.378275256106e-17 
 1545       1.079358365979e-10       2.024567352141e-12      -6.568013553046e-12       7.007199716322e-15       5.154535364012e-16       4.429706263805e-16      -2.333169066754e-17 
 1546       1.079247534454e-10       2.006531946171e-12      -6.497378219726e-12       7.003539952318e-15       5.141030272438e-16       4.421418354514e-16      -2.287975458114e-17 
 1547       1.079087365127e-10       1.988796864111e-12      -6.425991194183e-12       6.999858692050e-15       5.127568136793e-16       4.413137939102e-16      -2.242701809184e-17 
 1548       1.078877789734e-10       1.971364319760e-12      -6.353877290798e-12       6.996155436994e-15       5.114148829009e-16       4.404856248776e-16      -2.197355537216e-17 
 1549       1.078618740377e-10       1.954236533334e-12      -6.281061461521e-12       6.992429686131e-15       5.100772219252e-16       4.396564469007e-16      -2.151944097775e-17 
 1550       1.078310149521e-10       1.937415731474e-12      -6.207568796100e-12       6.988680935942e-15       5.087438175919e-16       4.388253739453e-16      -2.106474984801e-17 
 1551       1.077951949995e-10       1.920904147249e-12      -6.133424522304e-12       6.984908680408e-15       5.074146565633e-16       4.379915153885e-16      -2.060955730675e-17 
 1552       1.077544074995e-10       1.904704020168e-12      -6.058654006156e-12       6.981112410999e-15       5.060897253240e-16       4.371539760118e-16      -2.015393906274e-17 
 1553       1.077086458087e-10       1.888817596186e-12      -5.983282752151e-12       6.977291616676e-15       5.047690101806e-16       4.363118559930e-16      -1.969797121037e-17 
 1554       1.076579033201e-10       1.873247127712e-12      -5.907336403490e-12       6.973445783882e-15       5.034524972615e-16       4.354642508992e-16      -1.924173023023e-17 
 1555       1.076021734638e-10       1.857994873615e-12      -5.830840742301e-12       6.969574396544e-15       5.021401725161e-16       4.346102516793e-16      -1.878529298976e-17 
 1556       1.075414497071e-10       1.843063099234e-12      -5.753821689872e-12       6.965676936063e-15       5.008320217148e-16       4.337489446567e-16      -1.832873674385e-17 
 1557       1.074757255540e-10       1.828454076381e-12      -5.676305306868e-12       6.961752881312e-15       4.995280304485e-16       4.328794115216e-16      -1.787213913544e-17 
 1558       1.074049945461e-10       1.814170083355e-12      -5.598317793566e-12       6.957801708633e-15       4.982281841285e-16       4.320007293237e-16      -1.741557819617e-17 
 1559       1.073292502620e-10       1.800213404944e-12      -5.519885490079e-12       6.953822891834e-15       4.969324679856e-16       4.311119704650e-16      -1.695913234696e-17 
 1560       1.072484863180e-10       1.786586332436e-12      -5.441034876580e-12       6.949815902180e-15       4.956408670702e-16       4.302122026922e-16      -1.650288039863e-17 
 1561       1.071626963675e-10       1.773291163624e-12      -5.361792573531e-12       6.945780208393e-15       4.943533662520e-16       4.293004890892e-16      -1.604690155255e-17 
 1562       1.070718741019e-10       1.760330202814e-12      -5.282185341910e-12       6.941715276649e-15       4.930699502190e-16       4.283758880698e-16      -1.559127540120e-17 
 1563       1.069760132500e-10       1.747705760834e-12      -5.202240083435e-12       6.937620570568e-15       4.917906034781e-16       4.274374533704e-16      -1.513608192884e-17 
 1564       1.068751075785e-10       1.735420155042e-12      -5.121983840792e-12       6.933495551219e-15       4.905153103538e-16       4.264842340423e-16      -1.468140151207e-17 
 1565       1.067691508919e-10       1.723475709329e-12      -5.041443797863e-12       6.929339677105e-15       4.892440549886e-16       4.255152744447e-16      -1.422731492050e-17 
 1566       1.066581370328e-10       1.711874754131e-12      -4.960647279948e-12       6.925152404169e-15       4.879768213420e-16       4.245296142366e-16      -1.377390331732e-17 
 1567       1.065420598817e-10       1.700619626437e-12      -4.879621753997e-12       6.920933185783e-15       4.867135931908e-16       4.235262883703e-16      -1.332124825995e-17 
 1568       1.064209133575e-10       1.689712669792e-12      -4.798394828833e-12       6.916681472749e-15       4.854543541282e-16       4.225043270833e-16      -1.286943170062e-17 
 1569       1.062946914171e-10       1.679156234308e-12      -4.716994255379e-12       6.912396713291e-15       4.841990875635e-16       4.214627558909e-16      -1.241853598701e-17 
 1570       1.061633880559e-10       1.668952676670e-12      -4.635447926886e-12       6.908078353052e-15       4.829477767223e-16       4.204005955794e-16      -1.196864386286e-17 
 1571       1.060269973078e-10       1.659104360146e-12      -4.553783879156e-12       6.903725835090e-15       4.817004046452e-16       4.193168621978e-16      -1.151983846858e-17 
 1572       1.058855132451e-10       1.649613654591e-12      -4.472030290774e-12       6.899338599876e-15       4.804569541884e-16       4.182105670512e-16      -1.107220334188e-17 
 1573       1.057389299788e-10       1.640482936457e-12      -4.390215483329e-12       6.894916085287e-15       4.792174080226e-16       4.170807166930e-16      -1.062582241835e-17 
 1574       1.055872416588e-10       1.631714588798e-12      -4.308367921644e-12       6.890457726604e-15       4.779817486332e-16       4.159263129173e-16      -1.018078003212e-17 
 1575       1.054304424736e-10       1.623311001282e-12      -4.226516214001e-12       6.885962956505e-15       4.767499583195e-16       4.147463527518e-16      -9.737160916432e-18 
 1576       1.052685266508e-10       1.615274570194e-12      -4.144689112368e-12       6.881431205065e-15       4.755220191945e-16       4.135398284505e-16      -9.295050204293e-18 
 1577       1.051014884570e-10       1.607607698445e-12      -4.062915512626e-12       6.876861899750e-15       4.742979131849e-16       4.123057274859e-16      -8.854533429065e-18 
 1578       1.049293221978e-10       1.600312795579e-12      -3.981224454793e-12       6.872254465410e-15       4.730776220299e-16       4.110430325416e-16      -8.415696525085e-18 
 1579       1.047520222182e-10       1.593392277784e-12      -3.899645123255e-12       6.867608324281e-15       4.718611272818e-16       4.097507215054e-16      -7.978625828286e-18 
 1580       1.045695922453e-10       1.586847793905e-12      -3.818205145172e-12       6.862922994445e-15       4.706484117374e-16       4.084280567370e-16      -7.543396548832e-18 
 1581       1.043820735121e-10       1.580677895647e-12      -3.736925468032e-12       6.858198386224e-15       4.694394637499e-16       4.070754558173e-16      -7.110038071072e-18 
 1582       1.041895168942e-10       1.574880345820e-12      -3.655825435121e-12       6.853434508524e-15       4.682342729563e-16       4.056936288465e-16      -6.678568333535e-18 
 1583       1.039919735915e-10       1.569452890338e-12      -3.574924483183e-12       6.848631370618e-15       4.670328288484e-16       4.042832899066e-16      -6.249005327810e-18 
 1584       1.037894951283e-10       1.564393258193e-12      -3.494242142563e-12       6.843788982140e-15       4.658351207728e-16       4.028451570680e-16      -5.821367098608e-18 
 1585       1.035821333542e-10       1.559699161421e-12      -3.413798037351e-12       6.838907353093e-15       4.646411379301e-16       4.013799523954e-16      -5.395671743819e-18 
 1586       1.033699404445e-10       1.555368295075e-12      -3.333611885527e-12       6.833986493845e-15       4.634508693749e-16       3.998884019553e-16      -4.971937414580e-18 
 1587       1.031529689006e-10       1.551398337196e-12      -3.253703499108e-12       6.829026415130e-15       4.622643040157e-16       3.983712358215e-16      -4.550182315328e-18 
 1588       1.029312715509e-10       1.547786948781e-12      -3.174092784288e-12       6.824027128052e-15       4.610814306141e-16       3.968291880820e-16      -4.130424703867e-18 
 1589       1.027049015511e-10       1.544531773755e-12      -3.094799741589e-12       6.818988644083e-15       4.599022377850e-16       3.952629968456e-16      -3.712682891429e-18 
 1590       1.024739123847e-10       1.541630438942e-12      -3.015844466001e-12       6.813910975064e-15       4.587267139959e-16       3.936734042483e-16      -3.296975242731e-18 
 1591       1.022383578637e-10       1.539080554032e-12      -2.937247147126e-12       6.808794133204e-15       4.575548475669e-16       3.920611564595e-16      -2.883320176039e-18 
 1592       1.019982921290e-10       1.536879711555e-12      -2.859028069329e-12       6.803638131085e-15       4.563866266706e-16       3.904270036890e-16      -2.471736163230e-18 
 1593       1.017537696511e-10       1.535025486849e-12      -2.781207611875e-12       6.798442981658e-15       4.552220393310e-16       3.887717001929e-16      -2.062241729851e-18 
 1594       1.015048452305e-10       1.533515438032e-12      -2.703806249081e-12       6.793208698248e-15       4.540610734243e-16       3.870960042806e-16      -1.654855455180e-18 
 1595       1.012515739984e-10       1.532347105972e-12      -2.626844550453e-12       6.787935294549e-15       4.529037166776e-16       3.854006783209e-16      -1.249595972291e-18 
 1596       1.009940114170e-10       1.531518014254e-12      -2.550343180838e-12       6.782622784633e-15       4.517499566694e-16       3.836864887488e-16      -8.464819681091e-19 
 1597       1.007322132805e-10       1.531025669157e-12      -2.474322900565e-12       6.777271182941e-15       4.505997808288e-16       3.819542060717e-16      -4.455321834766e-19 
 1598       1.004662357149e-10       1.530867559617e-12      -2.398804565590e-12       6.771880504290e-15       4.494531764354e-16       3.802046048760e-16      -4.676541321165e-20 
 1599       1.001961351795e-10       1.531041157203e-12      -2.323809127641e-12       6.766450763873e-15       4.483101306190e-16       3.784384638337e-16       3.497994938298e-19 
 1600       9.992196846643e-11       1.531543916085e-12      -2.249357634363e-12       6.760981977258e-15       4.471706303595e-16       3.766565657088e-16       7.441436346930e-19 
 1601       9.964379270210e-11       1.532373273003e-12      -2.175471229463e-12       6.755474160389e-15       4.460346624861e-16       3.748596973635e-16       1.136248052263e-18 
 1602       9.936166534715e-11       1.533526647240e-12      -2.102171152853e-12       6.749927329587e-15       4.449022136775e-16       3.730486497651e-16       1.526093735206e-18 
 1603       9.907564419723e-11       1.535001440590e-12      -2.029478740799e-12       6.744341501551e-15       4.437732704616e-16       3.712242179924e-16       1.913661617902e-18 
 1604       9.878578738350e-11       1.536795037331e-12      -1.957415426061e-12       6.738716693359e-15       4.426478192147e-16       3.693872012420e-16       2.298932580392e-18 
 1605       9.849215337319e-11       1.538904804194e-12      -1.886002738038e-12       6.733052922467e-15       4.415258461617e-16       3.675384028349e-16       2.681887448309e-18 
 1606       9.819480097014e-11       1.541328090329e-12      -1.815262302917e-12       6.727350206710e-15       4.404073373759e-16       3.656786302230e-16       3.062506992824e-18 
 1607       9.789378931532e-11       1.544062227286e-12      -1.745215843814e-12       6.721608564305e-15       4.392922787782e-16       3.638086949954e-16       3.440771930578e-18 
 1608       9.758917788741e-11       1.547104528972e-12      -1.675885180921e-12       6.715828013849e-15       4.381806561371e-16       3.619294128852e-16       3.816662923626e-18 
 1609       9.728102650333e-11       1.550452291633e-12      -1.607292231647e-12       6.710008574321e-15       4.370724550687e-16       3.600416037757e-16       4.190160579375e-18 
 1610       9.696939531877e-11       1.554102793818e-12      -1.539459010768e-12       6.704150265082e-15       4.359676610356e-16       3.581460917072e-16       4.561245450521e-18 
 1611       9.665434482878e-11       1.558053296349e-12      -1.472407630567e-12       6.698253105875e-15       4.348662593477e-16       3.562437048829e-16       4.929898034987e-18 
 1612       9.633593586826e-11       1.562301042294e-12      -1.406160300983e-12       6.692317116828e-15       4.337682351609e-16       3.543352756762e-16       5.296098775867e-18 
 1613       9.601422961253e-11       1.566843256938e-12      -1.340739329752e-12       6.686342318454e-15       4.326735734774e-16       3.524216406363e-16       5.659828061360e-18 
 1614       9.568928757788e-11       1.571677147750e-12      -1.276167122554e-12       6.680328731648e-15       4.315822591452e-16       3.505036404955e-16       6.021066224710e-18 
 1615       9.536117162213e-11       1.576799904355e-12      -1.212466183155e-12       6.674276377693e-15       4.304942768581e-16       3.485821201752e-16       6.379793544146e-18 
 1616       9.502994394511e-11       1.582208698505e-12      -1.149659113558e-12       6.668185278257e-15       4.294096111548e-16       3.466579287922e-16       6.735990242821e-18 
 1617       9.469566708930e-11       1.587900684049e-12      -1.087768614140e-12       6.662055455396e-15       4.283282464193e-16       3.447319196660e-16       7.089636488748e-18 
 1618       9.435840394028e-11       1.593872996901e-12      -1.026817483802e-12       6.655886931552e-15       4.272501668801e-16       3.428049503242e-16       7.440712394744e-18 
 1619       9.401821968831e-11       1.600122412636e-12      -9.668258288828e-13       6.649679798245e-15       4.261753579591e-16       3.408777885119e-16       7.789199040146e-18 
 1620       9.367518773110e-11       1.606644315940e-12      -9.078026620405e-13       6.643434422814e-15       4.251038103317e-16       3.389508292740e-16       8.135081546203e-18 
 1621       9.332938382542e-11       1.613433721786e-12      -8.497542277456e-13       6.637151243543e-15       4.240355159025e-16       3.370243753292e-16       8.478346028354e-18 
 1622       9.298088413166e-11       1.620485616923e-12      -7.926867866370e-13       6.630830701147e-15       4.229704664599e-16       3.350987308376e-16       8.818978576955e-18 
 1623       9.262976521441e-11       1.627794959830e-12      -7.366066155392e-13       6.624473238778e-15       4.219086536756e-16       3.331742014033e-16       9.156965257263e-18 
 1624       9.227610404311e-11       1.635356680671e-12      -6.815200074791e-13       6.618079302024e-15       4.208500691046e-16       3.312510940767e-16       9.492292109421e-18 
 1625       9.191997799272e-11       1.643165681249e-12      -6.274332717031e-13       6.611649338917e-15       4.197947041848e-16       3.293297173561e-16       9.824945148445e-18 
 1626       9.156146484430e-11       1.651216834962e-12      -5.743527336941e-13       6.605183799934e-15       4.187425502365e-16       3.274103811904e-16       1.015491036421e-17 
 1627       9.120064278569e-11       1.659504986757e-12      -5.222847351886e-13       6.598683138004e-15       4.176935984630e-16       3.254933969811e-16       1.048217372143e-17 
 1628       9.083759041212e-11       1.668024953084e-12      -4.712356341937e-13       6.592147808507e-15       4.166478399493e-16       3.235790775847e-16       1.080672115966e-17 
 1629       9.047238672685e-11       1.676771521851e-12      -4.212118050042e-13       6.585578269284e-15       4.156052656629e-16       3.216677373143e-16       1.112853859326e-17 
 1630       9.010511114181e-11       1.685739452379e-12      -3.722196382195e-13       6.578974980634e-15       4.145658664528e-16       3.197596919424e-16       1.144761191139e-17 
 1631       8.973584347822e-11       1.694923475358e-12      -3.242655407607e-13       6.572338405324e-15       4.135296330497e-16       3.178552587028e-16       1.176392697800e-17 
 1632       8.936466396725e-11       1.704318292797e-12      -2.773559358877e-13       6.565669008589e-15       4.124965560656e-16       3.159547562930e-16       1.207746963182e-17 
 1633       8.899165325063e-11       1.713918577984e-12      -2.314972632163e-13       6.558967258136e-15       4.114666259935e-16       3.140585048759e-16       1.238822568632e-17 
 1634       8.861689238130e-11       1.723718975439e-12      -1.866959787349e-13       6.552233624149e-15       4.104398332074e-16       3.121668260824e-16       1.269618092972e-17 
 1635       8.824046282403e-11       1.733714100866e-12      -1.429585548221e-13       6.545468579295e-15       4.094161679620e-16       3.102800430137e-16       1.300132112497e-17 
 1636       8.786244645607e-11       1.743898541113e-12      -1.002914802631e-13       6.538672598721e-15       4.083956203923e-16       3.083984802428e-16       1.330363200975e-17 
 1637       8.748292556778e-11       1.754266854120e-12      -5.870126026720e-14       6.531846160065e-15       4.073781805135e-16       3.065224638176e-16       1.360309929641e-17 
 1638       8.710198286326e-11       1.764813568879e-12      -1.819441648476e-14       6.524989743456e-15       4.063638382210e-16       3.046523212624e-16       1.389970867201e-17 
 1639       8.671970146099e-11       1.775533185387e-12       2.122251297596e-14       6.518103831518e-15       4.053525832896e-16       3.027883815803e-16       1.419344579827e-17 
 1640       8.633616489446e-11       1.786420174600e-12       5.954297353156e-14       6.511188909376e-15       4.043444053739e-16       3.009309752553e-16       1.448429631156e-17 
 1641       8.595145711282e-11       1.797468978388e-12       9.676039410655e-14       6.504245464657e-15       4.033392940076e-16       2.990804342548e-16       1.477224582292e-17 
 1642       8.556566248148e-11       1.808674009490e-12       1.328681871163e-13       6.497273987495e-15       4.023372386035e-16       2.972370920314e-16       1.505727991798e-17 
 1643       8.517886578277e-11       1.820029651468e-12       1.678597484500e-13       6.490274970535e-15       4.013382284532e-16       2.954012835251e-16       1.533938415702e-17 
 1644       8.479115221659e-11       1.831530258662e-12       2.017284574536e-13       6.483248908937e-15       4.003422527271e-16       2.935733451658e-16       1.561854407489e-17 
 1645       8.440260740101e-11       1.843170156147e-12       2.344676769127e-13       6.476196300380e-15       3.993493004738e-16       2.917536148752e-16       1.589474518105e-17 
 1646       8.401331737292e-11       1.854943639682e-12       2.660707530358e-13       6.469117645063e-15       3.983593606200e-16       2.899424320692e-16       1.616797295951e-17 
 1647       8.362336858868e-11       1.866844975670e-12       2.965310154369e-13       6.462013445715e-15       3.973724219704e-16       2.881401376598e-16       1.643821286884e-17 
 1648       8.323284792471e-11       1.878868401111e-12       3.258417771187e-13       6.454884207590e-15       3.963884732075e-16       2.863470740575e-16       1.670545034218e-17 
 1649       8.284184267820e-11       1.891008123555e-12       3.539963344554e-13       6.447730438479e-15       3.954075028909e-16       2.845635851733e-16       1.696967078715e-17 
 1650       8.245044056765e-11       1.903258321061e-12       3.809879671759e-13       6.440552648710e-15       3.944294994579e-16       2.827900164212e-16       1.723085958591e-17 
 1651       8.205872973359e-11       1.915613142144e-12       4.068099383464e-13       6.433351351152e-15       3.934544512225e-16       2.810267147200e-16       1.748900209513e-17 
 1652       8.166679873916e-11       1.928066705740e-12       4.314554943537e-13       6.426127061218e-15       3.924823463756e-16       2.792740284958e-16       1.774408364594e-17 
 1653       8.127473657077e-11       1.940613101150e-12       4.549178648879e-13       6.418880296870e-15       3.915131729846e-16       2.775323076839e-16       1.799608954395e-17 
 1654       8.088263263873e-11       1.953246388002e-12       4.771902629258e-13       6.411611578625e-15       3.905469189932e-16       2.758019037312e-16       1.824500506923e-17 
 1655       8.049057677787e-11       1.965960596205e-12       4.982658847132e-13       6.404321429554e-15       3.895835722212e-16       2.740831695984e-16       1.849081547629e-17 
 1656       8.009865924820e-11       1.978749725898e-12       5.181379097483e-13       6.397010375290e-15       3.886231203644e-16       2.723764597620e-16       1.873350599406e-17 
 1657       7.970697073553e-11       1.991607747413e-12       5.367995007648e-13       6.389678944027e-15       3.876655509940e-16       2.706821302164e-16       1.897306182588e-17 
 1658       7.931559735478e-11       2.004528785118e-12       5.542462047685e-13       6.382327676959e-15       3.867108522549e-16       2.690004014428e-16       1.920947051774e-17 
 1659       7.892460561044e-11       2.017507670836e-12       5.704831793542e-13       6.374957159658e-15       3.857590149654e-16       2.673309459875e-16       1.944272908576e-17 
 1660       7.853405730468e-11       2.030539395223e-12       5.855180301215e-13       6.367567990978e-15       3.848100305356e-16       2.656732972481e-16       1.967283695155e-17 
 1661       7.814401452302e-11       2.043618924275e-12       5.993584154953e-13       6.360160772655e-15       3.838638902705e-16       2.640269861739e-16       1.989979357981e-17 
 1662       7.775453963475e-11       2.056741199295e-12       6.120120468140e-13       6.352736109310e-15       3.829205853696e-16       2.623915412613e-16       2.012359847836e-17 
 1663       7.736569529336e-11       2.069901136855e-12       6.234866884170e-13       6.345294608455e-15       3.819801069274e-16       2.607664885504e-16       2.034425119828e-17 
 1664       7.697754443696e-11       2.083093628754e-12       6.337901577324e-13       6.337836880496e-15       3.810424459325e-16       2.591513516212e-16       2.056175133396e-17 
 1665       7.659015028868e-11       2.096313541988e-12       6.429303253647e-13       6.330363538738e-15       3.801075932678e-16       2.575456515896e-16       2.077609852322e-17 
 1666       7.620357635709e-11       2.109555718706e-12       6.509151151825e-13       6.322875199390e-15       3.791755397102e-16       2.559489071040e-16       2.098729244738e-17 
 1667       7.581788643662e-11       2.122814976176e-12       6.577525044065e-13       6.315372481566e-15       3.782462759303e-16       2.543606343409e-16       2.119533283136e-17 
 1668       7.543314460797e-11       2.136086106749e-12       6.634505236966e-13       6.307856007295e-15       3.773197924923e-16       2.527803470017e-16       2.140021944376e-17 
 1669       7.504941523856e-11       2.149363877819e-12       6.680172572404e-13       6.300326401518e-15       3.763960798539e-16       2.512075563085e-16       2.160195209695e-17 
 1670       7.466676298289e-11       2.162643031785e-12       6.714608428401e-13       6.292784292099e-15       3.754751283660e-16       2.496417710007e-16       2.180053064716e-17 
 1671       7.428525278300e-11       2.175918286017e-12       6.737894720008e-13       6.285230309826e-15       3.745569282723e-16       2.480824973306e-16       2.199595499459e-17 
 1672       7.390494986888e-11       2.189184332818e-12       6.750113900181e-13       6.277665088413e-15       3.736414697096e-16       2.465292390603e-16       2.218822508345e-17 
 1673       7.352591975886e-11       2.202435839383e-12       6.751348960656e-13       6.270089264510e-15       3.727287427070e-16       2.449814974574e-16       2.237734090210e-17 
 1674       7.314822826006e-11       2.215667447766e-12       6.741683432826e-13       6.262503477703e-15       3.718187371863e-16       2.434387712913e-16       2.256330248311e-17 
 1675       7.277194146881e-11       2.228873774841e-12       6.721201388622e-13       6.254908370518e-15       3.709114429613e-16       2.419005568295e-16       2.274610990336e-17 
 1676       7.239712577101e-11       2.242049412264e-12       6.689987441386e-13       6.247304588430e-15       3.700068497378e-16       2.403663478340e-16       2.292576328411e-17 
 1677       7.202384784262e-11       2.255188926437e-12       6.648126746750e-13       6.239692779859e-15       3.691049471137e-16       2.388356355570e-16       2.310226279113e-17 
 1678       7.165217465003e-11       2.268286858470e-12       6.595705003514e-13       6.232073596184e-15       3.682057245781e-16       2.373079087376e-16       2.327560863474e-17 
 1679       7.128217345050e-11       2.281337724144e-12       6.532808454520e-13       6.224447691740e-15       3.673091715119e-16       2.357826535975e-16       2.344580106994e-17 
 1680       7.091391179254e-11       2.294336013872e-12       6.459523887532e-13       6.216815723823e-15       3.664152771869e-16       2.342593538377e-16       2.361284039646e-17 
 1681       7.054745751639e-11       2.307276192664e-12       6.375938636112e-13       6.209178352700e-15       3.655240307663e-16       2.327374906346e-16       2.377672695889e-17 
 1682       7.018287875437e-11       2.320152700091e-12       6.282140580498e-13       6.201536241606e-15       3.646354213037e-16       2.312165426357e-16       2.393746114674e-17 
 1683       6.982024393134e-11       2.332959950242e-12       6.178218148477e-13       6.193890056752e-15       3.637494377438e-16       2.296959859567e-16       2.409504339454e-17 
 1684       6.945962176511e-11       2.345692331693e-12       6.064260316271e-13       6.186240467330e-15       3.628660689212e-16       2.281752941768e-16       2.424947418193e-17 
 1685       6.910108126683e-11       2.358344207464e-12       5.940356609403e-13       6.178588145514e-15       3.619853035612e-16       2.266539383354e-16       2.440075403373e-17 
 1686       6.874469174144e-11       2.370909914987e-12       5.806597103583e-13       6.170933766467e-15       3.611071302788e-16       2.251313869284e-16       2.454888352007e-17 
 1687       6.839052278808e-11       2.383383766066e-12       5.663072425582e-13       6.163278008345e-15       3.602315375792e-16       2.236071059039e-16       2.469386325643e-17 
 1688       6.803864430048e-11       2.395760046838e-12       5.509873754106e-13       6.155621552301e-15       3.593585138569e-16       2.220805586591e-16       2.483569390376e-17 
 1689       6.768912646741e-11       2.408033017740e-12       5.347092820679e-13       6.147965082486e-15       3.584880473960e-16       2.205512060357e-16       2.497437616858e-17 
 1690       6.734203977308e-11       2.420196913468e-12       5.174821910516e-13       6.140309286060e-15       3.576201263699e-16       2.190185063168e-16       2.510991080302e-17 
 1691       6.699745499757e-11       2.432245942940e-12       4.993153863400e-13       6.132654853191e-15       3.567547388409e-16       2.174819152227e-16       2.524229860495e-17 
 1692       6.665544321721e-11       2.444174289263e-12       4.802182074563e-13       6.125002477059e-15       3.558918727603e-16       2.159408859074e-16       2.537154041807e-17 
 1693       6.631607580505e-11       2.455976109689e-12       4.602000495557e-13       6.117352853866e-15       3.550315159680e-16       2.143948689544e-16       2.549763713198e-17 
 1694       6.597942443124e-11       2.467645535582e-12       4.392703635137e-13       6.109706682831e-15       3.541736561922e-16       2.128433123732e-16       2.562058968228e-17 
 1695       6.564556106345e-11       2.479176672380e-12       4.174386560136e-13       6.102064666203e-15       3.533182810498e-16       2.112856615955e-16       2.574039905064e-17 
 1696       6.531455796730e-11       2.490563599558e-12       3.947144896339e-13       6.094427509262e-15       3.524653780452e-16       2.097213594714e-16       2.585706626491e-17 
 1697       6.498647928756e-11       2.501800921611e-12       3.711084669651e-13       6.086795877257e-15       3.516149358530e-16       2.081500137679e-16       2.597059371588e-17 
 1698       6.466135571162e-11       2.512885426282e-12       3.466351920597e-13       6.079170265809e-15       3.507669481750e-16       2.065719012519e-16       2.608098911964e-17 
 1699       6.433920958838e-11       2.523814440559e-12       3.213103346898e-13       6.071551129405e-15       3.499214099159e-16       2.049874679460e-16       2.618826158959e-17 
 1700       6.402006332773e-11       2.534585280932e-12       2.951496487648e-13       6.063938924354e-15       3.490783159038e-16       2.033971620235e-16       2.629242032295e-17 
 1701       6.370393940061e-11       2.545195253386e-12       2.681689724597e-13       6.056334108799e-15       3.482376608903e-16       2.018014338115e-16       2.639347460092e-17 
 1702       6.339086033907e-11       2.555641653378e-12       2.403842283441e-13       6.048737142712e-15       3.473994395503e-16       2.002007357946e-16       2.649143378887e-17 
 1703       6.308084873633e-11       2.565921765829e-12       2.118114235109e-13       6.041148487900e-15       3.465636464820e-16       1.985955226174e-16       2.658630733642e-17 
 1704       6.277392724687e-11       2.576032865109e-12       1.824666497047e-13       6.033568608010e-15       3.457302762065e-16       1.969862510879e-16       2.667810477762e-17 
 1705       6.247011858647e-11       2.585972215018e-12       1.523660834510e-13       6.025997968523e-15       3.448993231679e-16       1.953733801810e-16       2.676683573111e-17 
 1706       6.216944553229e-11       2.595737068777e-12       1.215259861842e-13       6.018437036768e-15       3.440707817329e-16       1.937573710414e-16       2.685250990020e-17 
 1707       6.187193092292e-11       2.605324669012e-12       8.996270437712e-14       6.010886281913e-15       3.432446461910e-16       1.921386869867e-16       2.693513707309e-17 
 1708       6.157759765848e-11       2.614732247736e-12       5.769266966883e-14       6.003346174977e-15       3.424209107538e-16       1.905177935107e-16       2.701472712295e-17 
 1709       6.128646870065e-11       2.623957026342e-12       2.473239899401e-14       5.995817188825e-15       3.415995695557e-16       1.888951582867e-16       2.709129000813e-17 
 1710       6.099856707274e-11       2.632996215580e-12      -8.901505288707e-15       5.988299798177e-15       3.407806166529e-16       1.872712511704e-16       2.716483577223e-17 
 1711       6.071391585979e-11       2.641847015551e-12      -4.319235526791e-14       5.980794479604e-15       3.399640460237e-16       1.856465442033e-16       2.723537454429e-17 
 1712       6.043253820861e-11       2.650506615686e-12      -7.812337735079e-14       5.973301711537e-15       3.391498515683e-16       1.840215116159e-16       2.730291653893e-17 
 1713       6.015445732782e-11       2.658972194734e-12      -1.136777121344e-13       5.965821974263e-15       3.383380271087e-16       1.823966298307e-16       2.736747205649e-17 
 1714       5.987969648797e-11       2.667240920750e-12      -1.498384142770e-13       5.958355749932e-15       3.375285663885e-16       1.807723774653e-16       2.742905148315e-17 
 1715       5.960827902159e-11       2.675309951077e-12      -1.865884523693e-13       5.950903522559e-15       3.367214630725e-16       1.791492353362e-16       2.748766529113e-17 
 1716       5.934022832321e-11       2.683176432334e-12      -2.239107088059e-13       5.943465778025e-15       3.359167107472e-16       1.775276864610e-16       2.754332403876e-17 
 1717       5.907556784950e-11       2.690837500399e-12      -2.617879796564e-13       5.936043004079e-15       3.351143029198e-16       1.759082160625e-16       2.759603837069e-17 
 1718       5.881432111927e-11       2.698290280399e-12      -3.002029745370e-13       5.928635690342e-15       3.343142330190e-16       1.742913115712e-16       2.764581901799e-17 
 1719       5.855651171358e-11       2.705531886691e-12      -3.391383164814e-13       5.921244328309e-15       3.335164943939e-16       1.726774626290e-16       2.769267679833e-17 
 1720       5.830216327580e-11       2.712559422851e-12      -3.785765418126e-13       5.913869411353e-15       3.327210803147e-16       1.710671610920e-16       2.773662261608e-17 
 1721       5.805129951163e-11       2.719369981657e-12      -4.185001000138e-13       5.906511434723e-15       3.319279839720e-16       1.694609010339e-16       2.777766746248e-17 
 1722       5.780394418925e-11       2.725960645077e-12      -4.588913535999e-13       5.899170895551e-15       3.311371984768e-16       1.678591787489e-16       2.781582241581e-17 
 1723       5.756012113931e-11       2.732328484253e-12      -4.997325779887e-13       5.891848292852e-15       3.303487168605e-16       1.662624927555e-16       2.785109864147e-17 
 1724       5.731985425502e-11       2.738470559487e-12      -5.410059613725e-13       5.884544127528e-15       3.295625320746e-16       1.646713437988e-16       2.788350739218e-17 
 1725       5.708316749224e-11       2.744383920229e-12      -5.826936045889e-13       5.877258902371e-15       3.287786369907e-16       1.630862348544e-16       2.791306000809e-17 
 1726       5.685008486951e-11       2.750065605056e-12      -6.247775209926e-13       5.869993122060e-15       3.279970244000e-16       1.615076711311e-16       2.793976791694e-17 
 1727       5.662063046816e-11       2.755512641667e-12      -6.672396363264e-13       5.862747293172e-15       3.272176870138e-16       1.599361600747e-16       2.796364263421e-17 
 1728       5.639482843231e-11       2.760722046860e-12      -7.100617885928e-13       5.855521924178e-15       3.264406174626e-16       1.583722113703e-16       2.798469576324e-17 
 1729       5.617270296900e-11       2.765690826523e-12      -7.532257279249e-13       5.848317525448e-15       3.256658082965e-16       1.568163369463e-16       2.800293899540e-17 
 1730       5.595427834824e-11       2.770415975619e-12      -7.967131164581e-13       5.841134609253e-15       3.248932519850e-16       1.552690509770e-16       2.801838411020e-17 
 1731       5.573957890303e-11       2.774894478168e-12      -8.405055282012e-13       5.833973689766e-15       3.241229409165e-16       1.537308698862e-16       2.803104297549e-17 
 1732       5.552862902951e-11       2.779123307237e-12      -8.845844489077e-13       5.826835283069e-15       3.233548673985e-16       1.522023123500e-16       2.804092754753e-17 
 1733       5.532145318693e-11       2.783099424924e-12      -9.289312759472e-13       5.819719907151e-15       3.225890236575e-16       1.506838993003e-16       2.804804987121e-17 
 1734       5.511807589781e-11       2.786819782342e-12      -9.735273181767e-13       5.812628081910e-15       3.218254018384e-16       1.491761539278e-16       2.805242208013e-17 
 1735       5.491852174794e-11       2.790281319609e-12      -1.018353795812e-12       5.805560329161e-15       3.210639940050e-16       1.476796016852e-16       2.805405639677e-17 
 1736       5.472280799190e-11       2.793481571736e-12      -1.063392481481e-12       5.798517106471e-15       3.203047924634e-16       1.461946820536e-16       2.805296558241e-17 
 1737       5.453092230130e-11       2.796420491931e-12      -1.108627629555e-12       5.791498608082e-15       3.195477907380e-16       1.447214830211e-16       2.804916429065e-17 
 1738       5.434284482913e-11       2.799098643638e-12      -1.154044062822e-12       5.784504962316e-15       3.187929826037e-16       1.432600043725e-16       2.804266772556e-17 
 1739       5.415855558705e-11       2.801516596031e-12      -1.199626532679e-12       5.777536297586e-15       3.180403617625e-16       1.418102457228e-16       2.803349119313e-17 
 1740       5.397803444519e-11       2.803674924027e-12      -1.245359719028e-12       5.770592742396e-15       3.172899218428e-16       1.403722065166e-16       2.802165010144e-17 
 1741       5.380126113190e-11       2.805574208293e-12      -1.291228230172e-12       5.763674425340e-15       3.165416564003e-16       1.389458860279e-16       2.800715996078e-17 
 1742       5.362821523355e-11       2.807215035257e-12      -1.337216602714e-12       5.756781475100e-15       3.157955589168e-16       1.375312833601e-16       2.799003638388e-17 
 1743       5.345887619426e-11       2.808597997120e-12      -1.383309301451e-12       5.749914020448e-15       3.150516228009e-16       1.361283974449e-16       2.797029508601e-17 
 1744       5.329322331570e-11       2.809723691860e-12      -1.429490719273e-12       5.743072190247e-15       3.143098413872e-16       1.347372270429e-16       2.794795188515e-17 
 1745       5.313123575686e-11       2.810592723246e-12      -1.475745177061e-12       5.736256113447e-15       3.135702079367e-16       1.333577707424e-16       2.792302270220e-17 
 1746       5.297289253381e-11       2.811205700849e-12      -1.522056923578e-12       5.729465919088e-15       3.128327156363e-16       1.319900269598e-16       2.789552356108e-17 
 1747       5.281817251951e-11       2.811563240047e-12      -1.568410135373e-12       5.722701736299e-15       3.120973575989e-16       1.306339939386e-16       2.786547058894e-17 
 1748       5.266705444350e-11       2.811665962038e-12      -1.614788916675e-12       5.715963694299e-15       3.113641268633e-16       1.292896697498e-16       2.783288001628e-17 
 1749       5.251951689177e-11       2.811514493851e-12      -1.661177299286e-12       5.709251922392e-15       3.106330163938e-16       1.279570522908e-16       2.779776817715e-17 
 1750       5.237553830645e-11       2.811109468352e-12      -1.707559242485e-12       5.702566549972e-15       3.099040190803e-16       1.266361392856e-16       2.776015150928e-17 
 1751       5.223509698564e-11       2.810451524255e-12      -1.753918632918e-12       5.695907706524e-15       3.091771277379e-16       1.253269282843e-16       2.772004655428e-17 
 1752       5.209817108316e-11       2.809541306135e-12      -1.800239284501e-12       5.689275521616e-15       3.084523351073e-16       1.240294166629e-16       2.767746995775e-17 
 1753       5.196473860829e-11       2.808379464431e-12      -1.846504938311e-12       5.682670124908e-15       3.077296338541e-16       1.227436016225e-16       2.763243846949e-17 
 1754       5.183477742561e-11       2.806966655464e-12      -1.892699262488e-12       5.676091646145e-15       3.070090165689e-16       1.214694801896e-16       2.758496894363e-17 
 1755       5.170826525471e-11       2.805303541440e-12      -1.938805852128e-12       5.669540215160e-15       3.062904757673e-16       1.202070492154e-16       2.753507833879e-17 
 1756       5.158517966999e-11       2.803390790464e-12      -1.984808229180e-12       5.663015961875e-15       3.055740038896e-16       1.189563053754e-16       2.748278371830e-17 
 1757       5.146549810043e-11       2.801229076546e-12      -2.030689842347e-12       5.656519016297e-15       3.048595933006e-16       1.177172451696e-16       2.742810225026e-17 
 1758       5.134919782936e-11       2.798819079614e-12      -2.076434066978e-12       5.650049508521e-15       3.041472362898e-16       1.164898649212e-16       2.737105120780e-17 
 1759       5.123625599423e-11       2.796161485524e-12      -2.122024204967e-12       5.643607568728e-15       3.034369250707e-16       1.152741607774e-16       2.731164796917e-17 
 1760       5.112664958638e-11       2.793256986064e-12      -2.167443484649e-12       5.637193327188e-15       3.027286517813e-16       1.140701287081e-16       2.724991001795e-17 
 1761       5.102035545082e-11       2.790106278974e-12      -2.212675060699e-12       5.630806914254e-15       3.020224084836e-16       1.128777645063e-16       2.718585494319e-17 
 1762       5.091735028598e-11       2.786710067944e-12      -2.257702014026e-12       5.624448460368e-15       3.013181871636e-16       1.116970637871e-16       2.711950043958e-17 
 1763       5.081761064352e-11       2.783069062633e-12      -2.302507351671e-12       5.618118096056e-15       3.006159797310e-16       1.105280219881e-16       2.705086430758e-17 
 1764       5.072111292806e-11       2.779183978674e-12      -2.347074006703e-12       5.611815951932e-15       2.999157780192e-16       1.093706343684e-16       2.697996445363e-17 
 1765       5.062783339700e-11       2.775055537686e-12      -2.391384838119e-12       5.605542158695e-15       2.992175737854e-16       1.082248960087e-16       2.690681889030e-17 
 1766       5.053774816022e-11       2.770684467281e-12      -2.435422630737e-12       5.599296847128e-15       2.985213587099e-16       1.070908018106e-16       2.683144573641e-17 
 1767       5.045083317994e-11       2.766071501077e-12      -2.479170095094e-12       5.593080148102e-15       2.978271243964e-16       1.059683464968e-16       2.675386321724e-17 
 1768       5.036706427041e-11       2.761217378707e-12      -2.522609867343e-12       5.586892192572e-15       2.971348623719e-16       1.048575246103e-16       2.667408966468e-17 
 1769       5.028641709774e-11       2.756122845825e-12      -2.565724509152e-12       5.580733111579e-15       2.964445640864e-16       1.037583305141e-16       2.659214351738e-17 
 1770       5.020886717964e-11       2.750788654121e-12      -2.608496507597e-12       5.574603036246e-15       2.957562209125e-16       1.026707583911e-16       2.650804332092e-17 
 1771       5.013438988522e-11       2.745215561328e-12      -2.650908275060e-12       5.568502097784e-15       2.950698241460e-16       1.015948022438e-16       2.642180772796e-17 
 1772       5.006296043471e-11       2.739404331232e-12      -2.692942149128e-12       5.562430427488e-15       2.943853650051e-16       1.005304558936e-16       2.633345549842e-17 
 1773       4.999455389931e-11       2.733355733683e-12      -2.734580392488e-12       5.556388156736e-15       2.937028346306e-16       9.947771298074e-17       2.624300549963e-17 
 1774       4.992914520087e-11       2.727070544601e-12      -2.775805192823e-12       5.550375416992e-15       2.930222240855e-16       9.843656696396e-17       2.615047670650e-17 
 1775       4.986670590947e-11       2.720549913072e-12      -2.816600362575e-12       5.544392285750e-15       2.923435250919e-16       9.740701963273e-17       2.605588848472e-17 
 1776       4.980719460749e-11       2.713796465900e-12      -2.856956453754e-12       5.538438623894e-15       2.916667322467e-16       9.638910672149e-17       2.595926144263e-17 
 1777       4.975056644561e-11       2.706813212177e-12      -2.896865685088e-12       5.532514236996e-15       2.909918408238e-16       9.538287250591e-17       2.586061658668e-17 
 1778       4.969677633753e-11       2.699603177055e-12      -2.936320245949e-12       5.526618929250e-15       2.903188460389e-16       9.438836130946e-17       2.575997503924e-17 
 1779       4.964577895961e-11       2.692169401764e-12      -2.975312296312e-12       5.520752503465e-15       2.896477430492e-16       9.340561750336e-17       2.565735803872e-17 
 1780       4.959752875053e-11       2.684514943644e-12      -3.013833966720e-12       5.514914761064e-15       2.889785269538e-16       9.243468550661e-17       2.555278693978e-17 
 1781       4.955197991096e-11       2.676642876159e-12      -3.051877358242e-12       5.509105502085e-15       2.883111927932e-16       9.147560978596e-17       2.544628321347e-17 
 1782       4.950908640315e-11       2.668556288929e-12      -3.089434542438e-12       5.503324525173e-15       2.876457355490e-16       9.052843485590e-17       2.533786844745e-17 
 1783       4.946880195063e-11       2.660258287750e-12      -3.126497561317e-12       5.497571627582e-15       2.869821501447e-16       8.959320527867e-17       2.522756434611e-17 
 1784       4.943108003787e-11       2.651751994618e-12      -3.163058427303e-12       5.491846605172e-15       2.863204314444e-16       8.866996566425e-17       2.511539273076e-17 
 1785       4.939587390987e-11       2.643040547752e-12      -3.199109123190e-12       5.486149252406e-15       2.856605742536e-16       8.775876067032e-17       2.500137553982e-17 
 1786       4.936313657186e-11       2.634127101620e-12      -3.234641602110e-12       5.480479362349e-15       2.850025733188e-16       8.685963500230e-17       2.488553482898e-17 
 1787       4.933282078895e-11       2.625014826961e-12      -3.269647787492e-12       5.474836726664e-15       2.843464233272e-16       8.597263341327e-17       2.476789277138e-17 
 1788       4.930487908574e-11       2.615706910808e-12      -3.304119573023e-12       5.469221135609e-15       2.836921189069e-16       8.509780070407e-17       2.464847165776e-17 
 1789       4.927926374602e-11       2.606206556515e-12      -3.338048822610e-12       5.463632378041e-15       2.830396546266e-16       8.423518172318e-17       2.452729389664e-17 
 1790       4.925592681238e-11       2.596516983776e-12      -3.371427370340e-12       5.458070241406e-15       2.823890249958e-16       8.338482136678e-17       2.440438201453e-17 
 1791       4.923482008588e-11       2.586641428652e-12      -3.404247020446e-12       5.452534511739e-15       2.817402244641e-16       8.254676457872e-17       2.427975865605e-17 
 1792       4.921589512570e-11       2.576583143596e-12      -3.436499547263e-12       5.447024973666e-15       2.810932474217e-16       8.172105635051e-17       2.415344658413e-17 
 1793       4.919910324878e-11       2.566345397472e-12      -3.468176695193e-12       5.441541410397e-15       2.804480881991e-16       8.090774172131e-17       2.402546868018e-17 
 1794       4.918439552948e-11       2.555931475582e-12      -3.499270178667e-12       5.436083603725e-15       2.798047410669e-16       8.010686577795e-17       2.389584794425e-17 
 1795       4.917172279921e-11       2.545344679689e-12      -3.529771682103e-12       5.430651334024e-15       2.791632002357e-16       7.931847365487e-17       2.376460749522e-17 
 1796       4.916103564612e-11       2.534588328043e-12      -3.559672859871e-12       5.425244380248e-15       2.785234598560e-16       7.854261053416e-17       2.363177057097e-17 
 1797       4.915228441470e-11       2.523665755399e-12      -3.588965336253e-12       5.419862519926e-15       2.778855140183e-16       7.777932164551e-17       2.349736052854e-17 
 1798       4.914541920546e-11       2.512580313047e-12      -3.617640705405e-12       5.414505529163e-15       2.772493567528e-16       7.702865226625e-17       2.336140084430e-17 
 1799       4.914038987460e-11       2.501335368831e-12      -3.645690531318e-12       5.409173182636e-15       2.766149820294e-16       7.629064772128e-17       2.322391511415e-17 
 1800       4.913714603360e-11       2.489934307177e-12      -3.673106347779e-12       5.403865253592e-15       2.759823837573e-16       7.556535338314e-17       2.308492705367e-17 
 1801       4.913563704891e-11       2.478380529111e-12      -3.699879658335e-12       5.398581513843e-15       2.753515557855e-16       7.485281467193e-17       2.294446049828e-17 
 1802       4.913581204162e-11       2.466677452290e-12      -3.726001936252e-12       5.393321733771e-15       2.747224919020e-16       7.415307705532e-17       2.280253940346e-17 
 1803       4.913761988706e-11       2.454828511019e-12      -3.751464624478e-12       5.388085682319e-15       2.740951858342e-16       7.346618604857e-17       2.265918784487e-17 
 1804       4.914100921447e-11       2.442837156279e-12      -3.776259135603e-12       5.382873126990e-15       2.734696312486e-16       7.279218721450e-17       2.251443001853e-17 
 1805       4.914592840668e-11       2.430706855748e-12      -3.800376851823e-12       5.377683833847e-15       2.728458217508e-16       7.213112616347e-17       2.236829024105e-17 
 1806       4.915232559970e-11       2.418441093827e-12      -3.823809124898e-12       5.372517567510e-15       2.722237508852e-16       7.148304855341e-17       2.222079294972e-17 
 1807       4.916014868243e-11       2.406043371663e-12      -3.846547276118e-12       5.367374091154e-15       2.716034121351e-16       7.084800008977e-17       2.207196270274e-17 
 1808       4.916934529627e-11       2.393517207171e-12      -3.868582596260e-12       5.362253166504e-15       2.709847989224e-16       7.022602652552e-17       2.192182417936e-17 
 1809       4.917986283479e-11       2.380866135060e-12      -3.889906345553e-12       5.357154553835e-15       2.703679046077e-16       6.961717366117e-17       2.177040218009e-17 
 1810       4.919164844337e-11       2.368093706856e-12      -3.910509753638e-12       5.352078011973e-15       2.697527224901e-16       6.902148734474e-17       2.161772162683e-17 
 1811       4.920464901884e-11       2.355203490925e-12      -3.930384019528e-12       5.347023298285e-15       2.691392458072e-16       6.843901347173e-17       2.146380756305e-17 
 1812       4.921881120918e-11       2.342199072497e-12      -3.949520311574e-12       5.341990168685e-15       2.685274677347e-16       6.786979798517e-17       2.130868515402e-17 
 1813       4.923408141308e-11       2.329084053693e-12      -3.967909767422e-12       5.336978377625e-15       2.679173813866e-16       6.731388687555e-17       2.115237968687e-17 
 1814       4.925040742557e-11       2.315862071944e-12      -3.985545289626e-12       5.331987657671e-15       2.673089803683e-16       6.677129228333e-17       2.099491679897e-17 
 1815       4.926774338976e-11       2.302536855398e-12      -4.002426948397e-12       5.327017658033e-15       2.667022604409e-16       6.624189050747e-17       2.083632316419e-17 
 1816       4.928604488431e-11       2.289112168008e-12      -4.018556622359e-12       5.322068005532e-15       2.660972178700e-16       6.572552317410e-17       2.067662581249e-17 
 1817       4.930526728089e-11       2.275591791201e-12      -4.033936206888e-12       5.317138324980e-15       2.654938488737e-16       6.522203105811e-17       2.051585190248e-17 
 1818       4.932536574386e-11       2.261979523898e-12      -4.048567614133e-12       5.312228239178e-15       2.648921496225e-16       6.473125408193e-17       2.035402872161e-17 
 1819       4.934629523000e-11       2.248279182539e-12      -4.062452773047e-12       5.307337368910e-15       2.642921162391e-16       6.425303131424e-17       2.019118368637e-17 
 1820       4.936801048822e-11       2.234494601108e-12      -4.075593629415e-12       5.302465332940e-15       2.636937447985e-16       6.378720096879e-17       2.002734434243e-17 
 1821       4.939046605927e-11       2.220629631159e-12      -4.087992145875e-12       5.297611748015e-15       2.630970313278e-16       6.333360040310e-17       1.986253836486e-17 
 1822       4.941361627545e-11       2.206688141837e-12      -4.099650301952e-12       5.292776228853e-15       2.625019718061e-16       6.289206611724e-17       1.969679355830e-17 
 1823       4.943741526030e-11       2.192674019904e-12      -4.110570094081e-12       5.287958388147e-15       2.619085621644e-16       6.246243375258e-17       1.953013785712e-17 
 1824       4.946181692835e-11       2.178591169764e-12      -4.120753535633e-12       5.283157836561e-15       2.613167982857e-16       6.204453809055e-17       1.936259932564e-17 
 1825       4.948677498478e-11       2.164443513488e-12      -4.130202656947e-12       5.278374182723e-15       2.607266760048e-16       6.163821305139e-17       1.919420615828e-17 
 1826       4.951224292517e-11       2.150234990836e-12      -4.138919505351e-12       5.273607033226e-15       2.601381911081e-16       6.124329169294e-17       1.902498667974e-17 
 1827       4.953817403521e-11       2.135969559282e-12      -4.146906145193e-12       5.268855992624e-15       2.595513393336e-16       6.085960620932e-17       1.885496934520e-17 
 1828       4.956452139038e-11       2.121651194040e-12      -4.154164657867e-12       5.264120663428e-15       2.589661163710e-16       6.048698792976e-17       1.868418274048e-17 
 1829       4.959123785566e-11       2.107283888088e-12      -4.160697141840e-12       5.259400646106e-15       2.583825178613e-16       6.012526731734e-17       1.851265558225e-17 
 1830       4.961827608529e-11       2.092871652191e-12      -4.166505712676e-12       5.254695539075e-15       2.578005393969e-16       5.977427396771e-17       1.834041671818e-17 
 1831       4.964558852242e-11       2.078418514926e-12      -4.171592503069e-12       5.250004938702e-15       2.572201765216e-16       5.943383660789e-17       1.816749512713e-17 
 1832       4.967312739886e-11       2.063928522707e-12      -4.175959662866e-12       5.245328439301e-15       2.566414247304e-16       5.910378309500e-17       1.799391991935e-17 
 1833       4.970084473477e-11       2.049405739808e-12      -4.179609359093e-12       5.240665633129e-15       2.560642794692e-16       5.878394041502e-17       1.781972033662e-17 
 1834       4.972869233837e-11       2.034854248391e-12      -4.182543775984e-12       5.236016110380e-15       2.554887361353e-16       5.847413468155e-17       1.764492575247e-17 
 1835       4.975662180567e-11       2.020278148526e-12      -4.184765115010e-12       5.231379459188e-15       2.549147900765e-16       5.817419113458e-17       1.746956567236e-17 
 1836       4.978458452013e-11       2.005681558215e-12      -4.186275594900e-12       5.226755265620e-15       2.543424365920e-16       5.788393413921e-17       1.729366973381e-17 
 1837       4.981253165246e-11       1.991068613422e-12      -4.187077451674e-12       5.222143113674e-15       2.537716709314e-16       5.760318718445e-17       1.711726770666e-17 
 1838       4.984041416021e-11       1.976443468093e-12      -4.187172938668e-12       5.217542585278e-15       2.532024882952e-16       5.733177288195e-17       1.694038949317e-17 
 1839       4.986818278761e-11       1.961810294181e-12      -4.186564326557e-12       5.212953260281e-15       2.526348838343e-16       5.706951296473e-17       1.676306512828e-17 
 1840       4.989578806516e-11       1.947173281670e-12      -4.185253903390e-12       5.208374716458e-15       2.520688526506e-16       5.681622828601e-17       1.658532477970e-17 
 1841       4.992318030943e-11       1.932536638600e-12      -4.183243974609e-12       5.203806529502e-15       2.515043897960e-16       5.657173881790e-17       1.640719874819e-17 
 1842       4.995030962271e-11       1.917904591093e-12      -4.180536863082e-12       5.199248273021e-15       2.509414902729e-16       5.633586365018e-17       1.622871746765e-17 
 1843       4.997712589275e-11       1.903281383375e-12      -4.177134909125e-12       5.194699518538e-15       2.503801490342e-16       5.610842098905e-17       1.604991150538e-17 
 1844       5.000357879248e-11       1.888671277802e-12      -4.173040470533e-12       5.190159835485e-15       2.498203609828e-16       5.588922815590e-17       1.587081156219e-17 
 1845       5.002961777969e-11       1.874078554881e-12      -4.168255922605e-12       5.185628791201e-15       2.492621209717e-16       5.567810158605e-17       1.569144847264e-17 
 1846       5.005519209675e-11       1.859507513300e-12      -4.162783658172e-12       5.181105950932e-15       2.487054238042e-16       5.547485682752e-17       1.551185320517e-17 
 1847       5.008025077032e-11       1.844962469948e-12      -4.156626087622e-12       5.176590877821e-15       2.481502642333e-16       5.527930853978e-17       1.533205686232e-17 
 1848       5.010474261108e-11       1.830447759941e-12      -4.149785638929e-12       5.172083132914e-15       2.475966369620e-16       5.509127049249e-17       1.515209068090e-17 
 1849       5.012861621341e-11       1.815967736647e-12      -4.142264757681e-12       5.167582275149e-15       2.470445366431e-16       5.491055556429e-17       1.497198603216e-17 
 1850       5.015181995512e-11       1.801526771708e-12      -4.134065907101e-12       5.163087861358e-15       2.464939578790e-16       5.473697574152e-17       1.479177442197e-17 
 1851       5.017430199715e-11       1.787129255067e-12      -4.125191568083e-12       5.158599446262e-15       2.459448952220e-16       5.457034211701e-17       1.461148749103e-17 
 1852       5.019601028328e-11       1.772779594991e-12      -4.115644239212e-12       5.154116582467e-15       2.453973431735e-16       5.441046488880e-17       1.443115701500e-17 
 1853       5.021689735393e-11       1.758481914098e-12      -4.105427491359e-12       5.149638838708e-15       2.448512963909e-16       5.425718237043e-17       1.425081322012e-17 
 1854       5.023693482973e-11       1.744239134765e-12      -4.094549140518e-12       5.145165854717e-15       2.443067503061e-16       5.411044827459e-17       1.407047971496e-17 
 1855       5.025609904176e-11       1.730053886542e-12      -4.083018100079e-12       5.140697286781e-15       2.437637005116e-16       5.397024511633e-17       1.389017851900e-17 
 1856       5.027436622771e-11       1.715928809514e-12      -4.070843328603e-12       5.136232789533e-15       2.432221425541e-16       5.383655526387e-17       1.370993174369e-17 
 1857       5.029171253179e-11       1.701866554312e-12      -4.058033829887e-12       5.131772015955e-15       2.426820719350e-16       5.370936093837e-17       1.352976159260e-17 
 1858       5.030811400458e-11       1.687869782125e-12      -4.044598653023e-12       5.127314617369e-15       2.421434841101e-16       5.358864421373e-17       1.334969036155e-17 
 1859       5.032354660289e-11       1.673941164718e-12      -4.030546892465e-12       5.122860243440e-15       2.416063744894e-16       5.347438701634e-17       1.316974043869e-17 
 1860       5.033798618970e-11       1.660083384442e-12      -4.015887688094e-12       5.118408542170e-15       2.410707384372e-16       5.336657112486e-17       1.298993430467e-17 
 1861       5.035140853398e-11       1.646299134248e-12      -4.000630225280e-12       5.113959159898e-15       2.405365712722e-16       5.326517816996e-17       1.281029453274e-17 
 1862       5.036378931061e-11       1.632591117705e-12      -3.984783734944e-12       5.109511741297e-15       2.400038682670e-16       5.317018963414e-17       1.263084378887e-17 
 1863       5.037510410020e-11       1.618962049007e-12      -3.968357493625e-12       5.105065929373e-15       2.394726246482e-16       5.308158685143e-17       1.245160483186e-17 
 1864       5.038532838904e-11       1.605414652994e-12      -3.951360823545e-12       5.100621365460e-15       2.389428355964e-16       5.299935100725e-17       1.227260051351e-17 
 1865       5.039443756892e-11       1.591951665160e-12      -3.933803092667e-12       5.096177689218e-15       2.384144962461e-16       5.292346313808e-17       1.209385377867e-17 
 1866       5.040240693707e-11       1.578575831669e-12      -3.915693714764e-12       5.091734538634e-15       2.378876016857e-16       5.285390413133e-17       1.191538766542e-17 
 1867       5.040921169594e-11       1.565289909370e-12      -3.897042149482e-12       5.087291550015e-15       2.373621469572e-16       5.279065472500e-17       1.173722530519e-17 
 1868       5.041482695319e-11       1.552096665808e-12      -3.877857902401e-12       5.082848357989e-15       2.368381270562e-16       5.273369550757e-17       1.155938992283e-17 
 1869       5.041922772150e-11       1.538998879241e-12      -3.858150525102e-12       5.078404595503e-15       2.363155369321e-16       5.268300691765e-17       1.138190483679e-17 
 1870       5.042238891844e-11       1.525999338650e-12      -3.837929615229e-12       5.073959893816e-15       2.357943714875e-16       5.263856924386e-17       1.120479345920e-17 
 1871       5.042428536640e-11       1.513100843757e-12      -3.817204816553e-12       5.069513882504e-15       2.352746255787e-16       5.260036262449e-17       1.102807929604e-17 
 1872       5.042489179243e-11       1.500306205035e-12      -3.795985819039e-12       5.065066189450e-15       2.347562940152e-16       5.256836704738e-17       1.085178594720e-17 
 1873       5.042418282812e-11       1.487618243725e-12      -3.774282358904e-12       5.060616440847e-15       2.342393715598e-16       5.254256234959e-17       1.067593710666e-17 
 1874       5.042213300951e-11       1.475039791845e-12      -3.752104218684e-12       5.056164261195e-15       2.337238529285e-16       5.252292821726e-17       1.050055656256e-17 
 1875       5.041871677691e-11       1.462573692210e-12      -3.729461227299e-12       5.051709273295e-15       2.332097327904e-16       5.250944418529e-17       1.032566819737e-17 
 1876       5.041390847484e-11       1.450222798442e-12      -3.706363260115e-12       5.047251098252e-15       2.326970057677e-16       5.250208963717e-17       1.015129598797e-17 
 1877       5.040768235186e-11       1.437989974984e-12      -3.682820239009e-12       5.042789355467e-15       2.321856664355e-16       5.250084380475e-17       9.977464005817e-18 
 1878       5.040001256048e-11       1.425878097114e-12      -3.658842132431e-12       5.038323662641e-15       2.316757093219e-16       5.250568576797e-17       9.804196417022e-18 
 1879       5.039087315701e-11       1.413890050960e-12      -3.634438955468e-12       5.033853635766e-15       2.311671289077e-16       5.251659445467e-17       9.631517482497e-18 
 1880       5.038023810148e-11       1.402028733510e-12      -3.609620769912e-12       5.029378889129e-15       2.306599196265e-16       5.253354864032e-17       9.459451558072e-18 
 1881       5.036808125747e-11       1.390297052633e-12      -3.584397684317e-12       5.024899035304e-15       2.301540758645e-16       5.255652694782e-17       9.288023094616e-18 
 1882       5.035437639202e-11       1.378697927084e-12      -3.558779854069e-12       5.020413685154e-15       2.296495919607e-16       5.258550784728e-17       9.117256638159e-18 
 1883       5.033909717548e-11       1.367234286526e-12      -3.532777481445e-12       5.015922447827e-15       2.291464622063e-16       5.262046965574e-17       8.947176830015e-18 
 1884       5.032221718143e-11       1.355909071535e-12      -3.506400815682e-12       5.011424930751e-15       2.286446808452e-16       5.266139053698e-17       8.777808406903e-18 
 1885       5.030370988652e-11       1.344725233623e-12      -3.479660153034e-12       5.006920739638e-15       2.281442420735e-16       5.270824850130e-17       8.609176201068e-18 
 1886       5.028354867037e-11       1.333685735246e-12      -3.452565836844e-12       5.002409478476e-15       2.276451400397e-16       5.276102140522e-17       8.441305140405e-18 
 1887       5.026170681543e-11       1.322793549817e-12      -3.425128257598e-12       4.997890749528e-15       2.271473688444e-16       5.281968695135e-17       8.274220248580e-18 
 1888       5.023815750687e-11       1.312051661726e-12      -3.397357853000e-12       4.993364153331e-15       2.266509225405e-16       5.288422268807e-17       8.107946645150e-18 
 1889       5.021287383246e-11       1.301463066345e-12      -3.369265108027e-12       4.988829288693e-15       2.261557951327e-16       5.295460600936e-17       7.942509545689e-18 
 1890       5.018582878244e-11       1.291030770051e-12      -3.340860554995e-12       4.984285752692e-15       2.256619805780e-16       5.303081415453e-17       7.777934261906e-18 
 1891       5.015699524941e-11       1.280757790232e-12      -3.312154773626e-12       4.979733140668e-15       2.251694727851e-16       5.311282420802e-17       7.614246201769e-18 
 1892       5.012635117949e-11       1.270646731238e-12      -3.283158355381e-12       4.975171089143e-15       2.246782662334e-16       5.320060043238e-17       7.451465665109e-18 
 1893       5.009389506970e-11       1.260698508603e-12      -3.253881796044e-12       4.970599404912e-15       2.241883578350e-16       5.329405616063e-17       7.289592186175e-18 
 1894       5.005963059023e-11       1.250913614983e-12      -3.224335602434e-12       4.966017936939e-15       2.236997450867e-16       5.339309160870e-17       7.128620070206e-18 
 1895       5.002356144404e-11       1.241292543323e-12      -3.194530328122e-12       4.961426533540e-15       2.232124254529e-16       5.349760651475e-17       6.968543586909e-18 
 1896       4.998569136697e-11       1.231835786859e-12      -3.164476573493e-12       4.956825042374e-15       2.227263963650e-16       5.360750013855e-17       6.809356970397e-18 
 1897       4.994602412773e-11       1.222543839117e-12      -3.134184985807e-12       4.952213310448e-15       2.222416552219e-16       5.372267126077e-17       6.651054419145e-18 
 1898       4.990456352798e-11       1.213417193913e-12      -3.103666259262e-12       4.947591184112e-15       2.217581993895e-16       5.384301818239e-17       6.493630095934e-18 
 1899       4.986131340239e-11       1.204456345350e-12      -3.072931135060e-12       4.942958509063e-15       2.212760262009e-16       5.396843872399e-17       6.337078127797e-18 
 1900       4.981627761865e-11       1.195661787822e-12      -3.041990401465e-12       4.938315130337e-15       2.207951329562e-16       5.409883022515e-17       6.181392605969e-18 
 1901       4.976946007757e-11       1.187034016009e-12      -3.010854893869e-12       4.933660892316e-15       2.203155169225e-16       5.423408954372e-17       6.026567585835e-18 
 1902       4.972086471311e-11       1.178573524882e-12      -2.979535494851e-12       4.928995638721e-15       2.198371753339e-16       5.437411305524e-17       5.872597086875e-18 
 1903       4.967049549242e-11       1.170280809696e-12      -2.948043134244e-12       4.924319212615e-15       2.193601053914e-16       5.451879665226e-17       5.719475092612e-18 
 1904       4.961835641589e-11       1.162156365994e-12      -2.916388789195e-12       4.919631456399e-15       2.188843042627e-16       5.466803574365e-17       5.567195550563e-18 
 1905       4.956445151723e-11       1.154200689607e-12      -2.884583484227e-12       4.914932211815e-15       2.184097690825e-16       5.482172525400e-17       5.415752372181e-18 
 1906       4.950878486348e-11       1.146414276648e-12      -2.852638291305e-12       4.910221319940e-15       2.179364969520e-16       5.497975962293e-17       5.265139432807e-18 
 1907       4.945136055510e-11       1.138797623520e-12      -2.820564329894e-12       4.905498621190e-15       2.174644849394e-16       5.514203280444e-17       5.115350571616e-18 
 1908       4.939218272599e-11       1.131351226908e-12      -2.788372767024e-12       4.900763955315e-15       2.169937300791e-16       5.530843826627e-17       4.966379591565e-18 
 1909       4.933125554357e-11       1.124075583784e-12      -2.756074817355e-12       4.896017161402e-15       2.165242293725e-16       5.547886898922e-17       4.818220259338e-18 
 1910       4.926858320878e-11       1.116971191402e-12      -2.723681743235e-12       4.891258077871e-15       2.160559797870e-16       5.565321746653e-17       4.670866305297e-18 
 1911       4.920416995619e-11       1.110038547302e-12      -2.691204854765e-12       4.886486542476e-15       2.155889782570e-16       5.583137570319e-17       4.524311423430e-18 
 1912       4.913802005402e-11       1.103278149305e-12      -2.658655509862e-12       4.881702392302e-15       2.151232216829e-16       5.601323521529e-17       4.378549271292e-18 
 1913       4.907013780420e-11       1.096690495516e-12      -2.626045114321e-12       4.876905463767e-15       2.146587069316e-16       5.619868702941e-17       4.233573469962e-18 
 1914       4.900052754239e-11       1.090276084324e-12      -2.593385121877e-12       4.872095592619e-15       2.141954308362e-16       5.638762168188e-17       4.089377603983e-18 
 1915       4.892919363809e-11       1.084035414397e-12      -2.560687034269e-12       4.867272613935e-15       2.137333901963e-16       5.657992921823e-17       3.945955221312e-18 
 1916       4.885614049463e-11       1.077968984688e-12      -2.527962401302e-12       4.862436362123e-15       2.132725817773e-16       5.677549919243e-17       3.803299833270e-18 
 1917       4.878137254926e-11       1.072077294427e-12      -2.495222820909e-12       4.857586670915e-15       2.128130023110e-16       5.697422066631e-17       3.661404914486e-18 
 1918       4.870489427320e-11       1.066360843129e-12      -2.462479939214e-12       4.852723373375e-15       2.123546484951e-16       5.717598220889e-17       3.520263902846e-18 
 1919       4.862671017164e-11       1.060820130586e-12      -2.429745450595e-12       4.847846301888e-15       2.118975169935e-16       5.738067189570e-17       3.379870199440e-18 
 1920       4.854682478387e-11       1.055455656871e-12      -2.397031097747e-12       4.842955288167e-15       2.114416044358e-16       5.758817730813e-17       3.240217168510e-18 
 1921       4.846524268327e-11       1.050267922338e-12      -2.364348671744e-12       4.838050163250e-15       2.109869074177e-16       5.779838553281e-17       3.101298137399e-18 
 1922       4.838196847738e-11       1.045257427618e-12      -2.331710012099e-12       4.833130757497e-15       2.105334225008e-16       5.801118316091e-17       2.963106396495e-18 
 1923       4.829700680795e-11       1.040424673620e-12      -2.299127006833e-12       4.828196900590e-15       2.100811462122e-16       5.822645628753e-17       2.825635199182e-18 
 1924       4.821036235102e-11       1.035770161533e-12      -2.266611592531e-12       4.823248421533e-15       2.096300750450e-16       5.844409051098e-17       2.688877761786e-18 
 1925       4.812203981689e-11       1.031294392822e-12      -2.234175754409e-12       4.818285148653e-15       2.091802054580e-16       5.866397093220e-17       2.552827263521e-18 
 1926       4.803204395026e-11       1.026997869231e-12      -2.201831526375e-12       4.813306909592e-15       2.087315338754e-16       5.888598215407e-17       2.417476846440e-18 
 1927       4.794037953025e-11       1.022881092779e-12      -2.169590991090e-12       4.808313531316e-15       2.082840566871e-16       5.911000828074e-17       2.282819615381e-18 
 1928       4.784705137040e-11       1.018944565761e-12      -2.137466280036e-12       4.803304840106e-15       2.078377702486e-16       5.933593291699e-17       2.148848637912e-18 
 1929       4.775206431882e-11       1.015188790751e-12      -2.105469573570e-12       4.798280661561e-15       2.073926708808e-16       5.956363916759e-17       2.015556944284e-18 
 1930       4.765542325815e-11       1.011614270594e-12      -2.073613100995e-12       4.793240820596e-15       2.069487548700e-16       5.979300963662e-17       1.882937527372e-18 
 1931       4.755713617749e-11       1.008221174900e-12      -2.041908235404e-12       4.788185185658e-15       2.065060185102e-16       6.002394541380e-17       1.750982903690e-18 
 1932       4.745722341348e-11       1.005008336729e-12      -2.010362770593e-12       4.783113801750e-15       2.060644582316e-16       6.025642319209e-17       1.619683792880e-18 
 1933       4.735570847935e-11       1.001974248297e-12      -1.978983623637e-12       4.778026758409e-15       2.056240704729e-16       6.049043858170e-17       1.489030428111e-18 
 1934       4.725261499961e-11       9.991173937904e-13      -1.947777738258e-12       4.772924145590e-15       2.051848516390e-16       6.072598716234e-17       1.359012994036e-18 
 1935       4.714796671015e-11       9.964362493504e-13      -1.916752084865e-12       4.767806053660e-15       2.047467981012e-16       6.096306448322e-17       1.229621626729e-18 
 1936       4.704178745847e-11       9.939292830652e-13      -1.885913660585e-12       4.762672573403e-15       2.043099061967e-16       6.120166606299e-17       1.100846413618e-18 
 1937       4.693410120374e-11       9.915949549574e-13      -1.855269489295e-12       4.757523796015e-15       2.038741722290e-16       6.144178738970e-17       9.726773934176e-19 
 1938       4.682493201702e-11       9.894317169735e-13      -1.824826621656e-12       4.752359813112e-15       2.034395924676e-16       6.168342392073e-17       8.451045560624e-19 
 1939       4.671430408137e-11       9.874380129724e-13      -1.794592135151e-12       4.747180716723e-15       2.030061631477e-16       6.192657108278e-17       7.181178426416e-19 
 1940       4.660224169202e-11       9.856122787144e-13      -1.764573134109e-12       4.741986599295e-15       2.025738804708e-16       6.217122427180e-17       5.917071453314e-19 
 1941       4.648876925650e-11       9.839529418496e-13      -1.734776749751e-12       4.736777553693e-15       2.021427406041e-16       6.241737885297e-17       4.658623073286e-19 
 1942       4.637391129480e-11       9.824584219074e-13      -1.705210140210e-12       4.731553673199e-15       2.017127396806e-16       6.266503016064e-17       3.405731227843e-19 
 1943       4.625769243954e-11       9.811271302849e-13      -1.675880490578e-12       4.726315051515e-15       2.012838737990e-16       6.291417349827e-17       2.158293367370e-19 
 1944       4.614013743607e-11       9.799574702357e-13      -1.646795012927e-12       4.721061782760e-15       2.008561390240e-16       6.316480413844e-17       9.162064504603e-20 
 1945       4.602127114267e-11       9.789478368592e-13      -1.617960946352e-12       4.715793961474e-15       2.004295313855e-16       6.341691732274e-17      -3.206330567465e-20 
 1946       4.590111853066e-11       9.780966170886e-13      -1.589385557000e-12       4.710511682616e-15       2.000040468795e-16       6.367050826176e-17      -1.552329181235e-19 
 1947       4.577970468459e-11       9.774021896807e-13      -1.561076138103e-12       4.705215041567e-15       1.995796814671e-16       6.392557213506e-17      -2.778986443777e-19 
 1948       4.565705480234e-11       9.768629252039e-13      -1.533040010014e-12       4.699904134128e-15       1.991564310753e-16       6.418210409108e-17      -4.000709859598e-19 
 1949       4.553319419532e-11       9.764771860277e-13      -1.505284520240e-12       4.694579056522e-15       1.987342915961e-16       6.444009924715e-17      -5.217604939044e-19 
 1950       4.540814828857e-11       9.762433263111e-13      -1.477817043472e-12       4.689239905394e-15       1.983132588874e-16       6.469955268941e-17      -6.429777688245e-19 
 1951       4.528194262096e-11       9.761596919915e-13      -1.450644981625e-12       4.683886777811e-15       1.978933287719e-16       6.496045947277e-17      -7.637334609785e-19 
 1952       4.515460284530e-11       9.762246207736e-13      -1.423775763865e-12       4.678519771265e-15       1.974744970379e-16       6.522281462086e-17      -8.840382703362e-19 
 1953       4.502615472851e-11       9.764364421183e-13      -1.397216846648e-12       4.673138983671e-15       1.970567594389e-16       6.548661312603e-17      -1.003902946646e-18 
 1954       4.489662415176e-11       9.767934772316e-13      -1.370975713747e-12       4.667744513367e-15       1.966401116936e-16       6.575184994924e-17      -1.123338289501e-18 
 1955       4.476603711062e-11       9.772940390529e-13      -1.345059876292e-12       4.662336459116e-15       1.962245494857e-16       6.601852002006e-17      -1.242355148405e-18 
 1956       4.463441971522e-11       9.779364322446e-13      -1.319476872801e-12       4.656914920109e-15       1.958100684639e-16       6.628661823662e-17      -1.360964422841e-18 
 1957       4.450179819037e-11       9.787189531804e-13      -1.294234269213e-12       4.651479995960e-15       1.953966642422e-16       6.655613946555e-17      -1.479177062337e-18 
 1958       4.436819887576e-11       9.796398899344e-13      -1.269339658921e-12       4.646031786710e-15       1.949843323992e-16       6.682707854195e-17      -1.597004066531e-18 
 1959       4.423364822606e-11       9.806975222696e-13      -1.244800662806e-12       4.640570392826e-15       1.945730684788e-16       6.709943026934e-17      -1.714456485238e-18 
 1960       4.409817281111e-11       9.818901216271e-13      -1.220624929273e-12       4.635095915206e-15       1.941628679894e-16       6.737318941962e-17      -1.831545418521e-18 
 1961       4.396179931601e-11       9.832159511150e-13      -1.196820134280e-12       4.629608455171e-15       1.937537264043e-16       6.764835073301e-17      -1.948282016749e-18 
 1962       4.382455454135e-11       9.846732654966e-13      -1.173393981376e-12       4.624108114475e-15       1.933456391617e-16       6.792490891804e-17      -2.064677480672e-18 
 1963       4.368646540330e-11       9.862603111801e-13      -1.150354201730e-12       4.618594995297e-15       1.929386016642e-16       6.820285865147e-17      -2.180743061484e-18 
 1964       4.354755893378e-11       9.879753262066e-13      -1.127708554169e-12       4.613069200248e-15       1.925326092794e-16       6.848219457827e-17      -2.296490060887e-18 
 1965       4.340786228060e-11       9.898165402396e-13      -1.105464825207e-12       4.607530832369e-15       1.921276573391e-16       6.876291131155e-17      -2.411929831164e-18 
 1966       4.326740270761e-11       9.917821745534e-13      -1.083630829083e-12       4.601979995130e-15       1.917237411399e-16       6.904500343254e-17      -2.527073775238e-18 
 1967       4.312620759489e-11       9.938704420222e-13      -1.062214407792e-12       4.596416792433e-15       1.913208559428e-16       6.932846549054e-17      -2.641933346746e-18 
 1968       4.298430443882e-11       9.960795471088e-13      -1.041223431118e-12       4.590841328613e-15       1.909189969731e-16       6.961329200288e-17      -2.756520050100e-18 
 1969       4.284172085231e-11       9.984076858534e-13      -1.020665796669e-12       4.585253708434e-15       1.905181594206e-16       6.989947745486e-17      -2.870845440556e-18 
 1970       4.269848458861e-11       1.000852939322e-12      -1.000548236672e-12       4.579654061269e-15       1.901183389394e-16       7.018700548520e-17      -2.984917872342e-18 
 1971       4.255462361290e-11       1.003412953112e-12      -9.808727286121e-13       4.574042613816e-15       1.897195331521e-16       7.047581635469e-17      -3.098732716507e-18 
 1972       4.241016603155e-11       1.006085255439e-12      -9.616400579906e-13       4.568419617920e-15       1.893217401564e-16       7.076583923575e-17      -3.212282070526e-18 
 1973       4.226514006859e-11       1.008867363456e-12      -9.428510091431e-13       4.562785326452e-15       1.889249580268e-16       7.105700300463e-17      -3.325558003609e-18 
 1974       4.211957406588e-11       1.011756783231e-12      -9.245063652331e-13       4.557139993307e-15       1.885291848137e-16       7.134923624106e-17      -3.438552556668e-18 
 1975       4.197349648325e-11       1.014751009736e-12      -9.066069082492e-13       4.551483873406e-15       1.881344185440e-16       7.164246722783e-17      -3.551257742278e-18 
 1976       4.182693589866e-11       1.017847526831e-12      -8.891534190021e-13       4.545817222702e-15       1.877406572208e-16       7.193662395042e-17      -3.663665544650e-18 
 1977       4.167992100833e-11       1.021043807253e-12      -8.721466771208e-13       4.540140298172e-15       1.873478988234e-16       7.223163409664e-17      -3.775767919591e-18 
 1978       4.153248062690e-11       1.024337312595e-12      -8.555874610492e-13       4.534453357829e-15       1.869561413073e-16       7.252742505625e-17      -3.887556794474e-18 
 1979       4.138464368760e-11       1.027725493299e-12      -8.394765480433e-13       4.528756660713e-15       1.865653826040e-16       7.282392392056e-17      -3.999024068202e-18 
 1980       4.123643924236e-11       1.031205788638e-12      -8.238147141672e-13       4.523050466901e-15       1.861756206213e-16       7.312105748207e-17      -4.110161611175e-18 
 1981       4.108789646199e-11       1.034775626698e-12      -8.086027342898e-13       4.517335037503e-15       1.857868532428e-16       7.341875223409e-17      -4.220961265257e-18 
 1982       4.093904463634e-11       1.038432424371e-12      -7.938413820819e-13       4.511610634664e-15       1.853990783284e-16       7.371693437035e-17      -4.331414843738e-18 
 1983       4.078991317440e-11       1.042173587335e-12      -7.795314300122e-13       4.505877521566e-15       1.850122937137e-16       7.401552978463e-17      -4.441514131306e-18 
 1984       4.064053160452e-11       1.045996510042e-12      -7.656736493444e-13       4.500135962432e-15       1.846264972103e-16       7.431446407040e-17      -4.551250884009e-18 
 1985       4.049092957448e-11       1.049898575701e-12      -7.522688101337e-13       4.494386222521e-15       1.842416866059e-16       7.461366252039e-17      -4.660616829223e-18 
 1986       4.034113685172e-11       1.053877156268e-12      -7.393176812231e-13       4.488628568135e-15       1.838578596638e-16       7.491305012626e-17      -4.769603665614e-18 
 1987       4.019118332344e-11       1.057929612426e-12      -7.268210302406e-13       4.482863266617e-15       1.834750141233e-16       7.521255157822e-17      -4.878203063112e-18 
 1988       4.004109899676e-11       1.062053293576e-12      -7.147796235954e-13       4.477090586354e-15       1.830931476994e-16       7.551209126462e-17      -4.986406662869e-18 
 1989       3.989091399887e-11       1.066245537818e-12      -7.031942264746e-13       4.471310796777e-15       1.827122580828e-16       7.581159327160e-17      -5.094206077229e-18 
 1990       3.974065857720e-11       1.070503671940e-12      -6.920656028400e-13       4.465524168364e-15       1.823323429399e-16       7.611098138267e-17      -5.201592889697e-18 
 1991       3.959036309953e-11       1.074825011400e-12      -6.813945154244e-13       4.459730972638e-15       1.819533999130e-16       7.641017907841e-17      -5.308558654896e-18 
 1992       3.944005805419e-11       1.079206860315e-12      -6.711817257285e-13       4.453931482174e-15       1.815754266198e-16       7.670910953602e-17      -5.415094898543e-18 
 1993       3.928977405017e-11       1.083646511446e-12      -6.614279940177e-13       4.448125970593e-15       1.811984206535e-16       7.700769562894e-17      -5.521193117410e-18 
 1994       3.913954181728e-11       1.088141246180e-12      -6.521340793180e-13       4.442314712569e-15       1.808223795832e-16       7.730585992655e-17      -5.626844779290e-18 
 1995       3.898939220632e-11       1.092688334521e-12      -6.433007394135e-13       4.436497983829e-15       1.804473009533e-16       7.760352469369e-17      -5.732041322963e-18 
 1996       3.883935618919e-11       1.097285035070e-12      -6.349287308424e-13       4.430676061151e-15       1.800731822835e-16       7.790061189036e-17      -5.836774158167e-18 
 1997       3.868946485909e-11       1.101928595015e-12      -6.270188088939e-13       4.424849222369e-15       1.797000210694e-16       7.819704317129e-17      -5.941034665556e-18 
 1998       3.853974943063e-11       1.106616250115e-12      -6.195717276048e-13       4.419017746374e-15       1.793278147815e-16       7.849273988561e-17      -6.044814196671e-18 
 1999       3.839024123999e-11       1.111345224684e-12      -6.125882397561e-13       4.413181913114e-15       1.789565608660e-16       7.878762307642e-17      -6.148104073909e-18 
 2000       3.824097174511e-11       1.116112731578e-12      -6.060690968696e-13       4.407342003595e-15       1.785862567442e-16       7.908161348044e-17      -6.250895590480e-18 
 2001       3.809197252575e-11       1.120915972183e-12      -6.000150492044e-13       4.401498299883e-15       1.782168998130e-16       7.937463152764e-17      -6.353180010382e-18 
 2002       3.794327528374e-11       1.125752136394e-12      -5.944268457539e-13       4.395651085105e-15       1.778484874442e-16       7.966659734084e-17      -6.454948568363e-18 
 2003       3.779491184307e-11       1.130618402607e-12      -5.893052342422e-13       4.389800643451e-15       1.774810169851e-16       7.995743073534e-17      -6.556192469886e-18 
 2004       3.764691415005e-11       1.135511937702e-12      -5.846509611204e-13       4.383947260175e-15       1.771144857578e-16       8.024705121855e-17      -6.656902891099e-18 
 2005       3.749931427348e-11       1.140429897028e-12      -5.804647715639e-13       4.378091221594e-15       1.767488910599e-16       8.053537798959e-17      -6.757070978798e-18 
 2006       3.735214440477e-11       1.145369424389e-12      -5.767474094684e-13       4.372232815094e-15       1.763842301640e-16       8.082232993895e-17      -6.856687850392e-18 
 2007       3.720543685812e-11       1.150327652029e-12      -5.734996174470e-13       4.366372329127e-15       1.760205003175e-16       8.110782564805e-17      -6.955744593874e-18 
 2008       3.705922407065e-11       1.155301700620e-12      -5.707221368265e-13       4.360510053213e-15       1.756576987433e-16       8.139178338894e-17      -7.054232267783e-18 
 2009       3.691353620954e-11       1.160288808147e-12      -5.684148199278e-13       4.354646273524e-15       1.752958226930e-16       8.167413281190e-17      -7.152138588890e-18 
 2010       3.676839397413e-11       1.165286717631e-12      -5.665739598431e-13       4.348781259581e-15       1.749348696110e-16       8.195485010235e-17      -7.249437968951e-18 
 2011       3.662381574167e-11       1.170293292206e-12      -5.651949411980e-13       4.342915277462e-15       1.745748369719e-16       8.223392307935e-17      -7.346101405301e-18 
 2012       3.647981995568e-11       1.175306386454e-12      -5.642731260716e-13       4.337048594213e-15       1.742157222262e-16       8.251133953077e-17      -7.442099786408e-18 
 2013       3.633642512598e-11       1.180323846407e-12      -5.638038539668e-13       4.331181477849e-15       1.738575228010e-16       8.278708721327e-17      -7.537403891743e-18 
 2014       3.619364982884e-11       1.185343509522e-12      -5.637824417807e-13       4.325314197356e-15       1.735002360992e-16       8.306115385227e-17      -7.631984391649e-18 
 2015       3.605151270699e-11       1.190363204684e-12      -5.642041837748e-13       4.319447022688e-15       1.731438594997e-16       8.333352714193e-17      -7.725811847204e-18 
 2016       3.591003246974e-11       1.195380752185e-12      -5.650643515452e-13       4.313580224777e-15       1.727883903576e-16       8.360419474506e-17      -7.818856710095e-18 
 2017       3.576922789305e-11       1.200393963719e-12      -5.663581939929e-13       4.307714075525e-15       1.724338260040e-16       8.387314429318e-17      -7.911089322480e-18 
 2018       3.562911781960e-11       1.205400642369e-12      -5.680809372937e-13       4.301848847811e-15       1.720801637456e-16       8.414036338640e-17      -8.002479916857e-18 
 2019       3.548972115887e-11       1.210398582598e-12      -5.702277848692e-13       4.295984815487e-15       1.717274008654e-16       8.440583959347e-17      -8.092998615935e-18 
 2020       3.535105688726e-11       1.215385570236e-12      -5.727939173562e-13       4.290122253387e-15       1.713755346222e-16       8.466956045169e-17      -8.182615432499e-18 
 2021       3.521314404808e-11       1.220359382473e-12      -5.757744925775e-13       4.284261437318e-15       1.710245622504e-16       8.493151346688e-17      -8.271300269275e-18 
 2022       3.507600175172e-11       1.225317787845e-12      -5.791646455121e-13       4.278402644071e-15       1.706744809604e-16       8.519168611339e-17      -8.359022918803e-18 
 2023       3.493964917569e-11       1.230258546224e-12      -5.829594882650e-13       4.272546151415e-15       1.703252879383e-16       8.545006583404e-17      -8.445753063302e-18 
 2024       3.480410556469e-11       1.235179408810e-12      -5.871541100381e-13       4.266692238102e-15       1.699769803459e-16       8.570664004010e-17      -8.531460274536e-18 
 2025       3.466939023069e-11       1.240078118115e-12      -5.917435770998e-13       4.260841183866e-15       1.696295553208e-16       8.596139611125e-17      -8.616114013687e-18 
 2026       3.453552255304e-11       1.244952407960e-12      -5.967229327559e-13       4.254993269424e-15       1.692830099761e-16       8.621432139554e-17      -8.699683631214e-18 
 2027       3.440252197852e-11       1.249800003457e-12      -6.020871973192e-13       4.249148776482e-15       1.689373414006e-16       8.646540320939e-17      -8.782138366731e-18 
 2028       3.427040802143e-11       1.254618621002e-12      -6.078313680802e-13       4.243307987729e-15       1.685925466586e-16       8.671462883752e-17      -8.863447348865e-18 
 2029       3.413920026366e-11       1.259405968265e-12      -6.139504192770e-13       4.237471186841e-15       1.682486227901e-16       8.696198553297e-17      -8.943579595131e-18 
 2030       3.400891835478e-11       1.264159744177e-12      -6.204393020660e-13       4.231638658486e-15       1.679055668104e-16       8.720746051700e-17      -9.022504011795e-18 
 2031       3.387958201210e-11       1.268877638920e-12      -6.272929444917e-13       4.225810688319e-15       1.675633757105e-16       8.745104097913e-17      -9.100189393744e-18 
 2032       3.375121102079e-11       1.273557333920e-12      -6.345062514572e-13       4.219987562985e-15       1.672220464565e-16       8.769271407706e-17      -9.176604424352e-18 
 2033       3.362382523392e-11       1.278196501830e-12      -6.420741046943e-13       4.214169570125e-15       1.668815759902e-16       8.793246693665e-17      -9.251717675351e-18 
 2034       3.349744457253e-11       1.282792806524e-12      -6.499913627338e-13       4.208356998370e-15       1.665419612287e-16       8.817028665191e-17      -9.325497606694e-18 
 2035       3.337208902576e-11       1.287343903085e-12      -6.582528608759e-13       4.202550137345e-15       1.662031990642e-16       8.840616028493e-17      -9.397912566426e-18 
 2036       3.324777865090e-11       1.291847437795e-12      -6.668534111600e-13       4.196749277673e-15       1.658652863645e-16       8.864007486589e-17      -9.468930790550e-18 
 2037       3.312453357343e-11       1.296301048122e-12      -6.757878023356e-13       4.190954710971e-15       1.655282199725e-16       8.887201739301e-17      -9.538520402895e-18 
 2038       3.300237398718e-11       1.300702362715e-12      -6.850507998319e-13       4.185166729856e-15       1.651919967061e-16       8.910197483251e-17      -9.606649414985e-18 
 2039       3.288132015436e-11       1.305049001384e-12      -6.946371457285e-13       4.179385627941e-15       1.648566133588e-16       8.932993411860e-17      -9.673285725905e-18 
 2040       3.276139240561e-11       1.309338575100e-12      -7.045415587254e-13       4.173611699841e-15       1.645220666989e-16       8.955588215341e-17      -9.738397122168e-18 
 2041       3.264261114016e-11       1.313568685977e-12      -7.147587341133e-13       4.167845241173e-15       1.641883534699e-16       8.977980580703e-17      -9.801951277586e-18 
 2042       3.252499682584e-11       1.317736927263e-12      -7.252833437440e-13       4.162086548555e-15       1.638554703904e-16       9.000169191739e-17      -9.863915753134e-18 
 2043       3.240856999918e-11       1.321840883332e-12      -7.361100360003e-13       4.156335919607e-15       1.635234141541e-16       9.022152729030e-17      -9.924257996818e-18 
 2044       3.229335126551e-11       1.325878129669e-12      -7.472334357666e-13       4.150593652956e-15       1.631921814295e-16       9.043929869940e-17      -9.982945343548e-18 
 2045       3.217936129899e-11       1.329846232864e-12      -7.586481443990e-13       4.144860048234e-15       1.628617688601e-16       9.065499288609e-17      -1.003994501500e-17 
 2046       3.206662084275e-11       1.333742750598e-12      -7.703487396954e-13       4.139135406080e-15       1.625321730644e-16       9.086859655955e-17      -1.009522411947e-17 
 2047       3.195515070893e-11       1.337565231634e-12      -7.823297758661e-13       4.133420028140e-15       1.622033906358e-16       9.108009639670e-17      -1.014874965179e-17 
 2048       3.184496857911e-11       1.341311479601e-12      -7.945855598255e-13       4.127714191875e-15       1.618754184365e-16       9.128948507842e-17      -1.020049313467e-17 
 2049       3.173607938043e-11       1.344980346427e-12      -8.071094783810e-13       4.122018074782e-15       1.615482544827e-16       9.149677944550e-17      -1.025044457946e-17 
 2050       3.162848484088e-11       1.348570944559e-12      -8.198946661762e-13       4.116331829633e-15       1.612218970654e-16       9.170200247242e-17      -1.029859862494e-17 
 2051       3.152218668262e-11       1.352082383674e-12      -8.329342288966e-13       4.110655609621e-15       1.608963444576e-16       9.190517724298e-17      -1.034494990483e-17 
 2052       3.141718662206e-11       1.355513770679e-12      -8.462212432332e-13       4.104989568360e-15       1.605715949136e-16       9.210632695044e-17      -1.038949304781e-17 
 2053       3.131348636977e-11       1.358864209705e-12      -8.597487568465e-13       4.099333859888e-15       1.602476466697e-16       9.230547489766e-17      -1.043222267748e-17 
 2054       3.121108763050e-11       1.362132802110e-12      -8.735097883302e-13       4.093688638662e-15       1.599244979433e-16       9.250264449726e-17      -1.047313341240e-17 
 2055       3.110999210317e-11       1.365318646467e-12      -8.874973271753e-13       4.088054059563e-15       1.596021469337e-16       9.269785927174e-17      -1.051221986608e-17 
 2056       3.101020148086e-11       1.368420838571e-12      -9.017043337337e-13       4.082430277898e-15       1.592805918214e-16       9.289114285362e-17      -1.054947664697e-17 
 2057       3.091171745078e-11       1.371438471427e-12      -9.161237391820e-13       4.076817449393e-15       1.589598307685e-16       9.308251898560e-17      -1.058489835847e-17 
 2058       3.081454169426e-11       1.374370635252e-12      -9.307484454859e-13       4.071215730200e-15       1.586398619186e-16       9.327201152070e-17      -1.061847959893e-17 
 2059       3.071867588678e-11       1.377216417471e-12      -9.455713253631e-13       4.065625276897e-15       1.583206833967e-16       9.345964442238e-17      -1.065021496165e-17 
 2060       3.062412169787e-11       1.379974902711e-12      -9.605852222482e-13       4.060046246484e-15       1.580022933090e-16       9.364544176471e-17      -1.068009903486e-17 
 2061       3.053088079120e-11       1.382645172805e-12      -9.757829502556e-13       4.054478796388e-15       1.576846897434e-16       9.382942773248e-17      -1.070812640177e-17 
 2062       3.043895482448e-11       1.385226306780e-12      -9.911572941441e-13       4.048923084461e-15       1.573678707687e-16       9.401162662138e-17      -1.073429164052e-17 
 2063       3.034834544951e-11       1.387717380860e-12      -1.006701009280e-12       4.043379268981e-15       1.570518344354e-16       9.419206283809e-17      -1.075858932420e-17 
 2064       3.025905431214e-11       1.390117468461e-12      -1.022406821602e-12       4.037847508654e-15       1.567365787750e-16       9.437076090048e-17      -1.078101402085e-17 
 2065       3.017108305224e-11       1.392425640189e-12      -1.038267427585e-12       4.032327962611e-15       1.564221018004e-16       9.454774543771e-17      -1.080156029347e-17 
 2066       3.008443330374e-11       1.394640963835e-12      -1.054275494201e-12       4.026820790411e-15       1.561084015056e-16       9.472304119039e-17      -1.082022270000e-17 
 2067       2.999910669455e-11       1.396762504371e-12      -1.070423658887e-12       4.021326152041e-15       1.557954758659e-16       9.489667301070e-17      -1.083699579333e-17 
 2068       2.991510484662e-11       1.398789323954e-12      -1.086704529507e-12       4.015844207916e-15       1.554833228376e-16       9.506866586258e-17      -1.085187412131e-17 
 2069       2.983242937585e-11       1.400720481911e-12      -1.103110684317e-12       4.010375118879e-15       1.551719403584e-16       9.523904482180e-17      -1.086485222674e-17 
 2070       2.975108189216e-11       1.402555034749e-12      -1.119634671926e-12       4.004919046203e-15       1.548613263469e-16       9.540783507618e-17      -1.087592464737e-17 
 2071       2.967106399941e-11       1.404292036141e-12      -1.136269011262e-12       3.999476151591e-15       1.545514787027e-16       9.557506192565e-17      -1.088508591591e-17 
 2072       2.959237729542e-11       1.405930536930e-12      -1.153006191538e-12       3.994046597174e-15       1.542423953067e-16       9.574075078248e-17      -1.089233056001e-17 
 2073       2.951502337194e-11       1.407469585123e-12      -1.169838672209e-12       3.988630545514e-15       1.539340740205e-16       9.590492717133e-17      -1.089765310228e-17 
 2074       2.943900381466e-11       1.408908225886e-12      -1.186758882945e-12       3.983228159604e-15       1.536265126871e-16       9.606761672948e-17      -1.090104806029e-17 
 2075       2.936432020320e-11       1.410245501546e-12      -1.203759223587e-12       3.977839602869e-15       1.533197091300e-16       9.622884520689e-17      -1.090250994655e-17 
 2076       2.929097411104e-11       1.411480451585e-12      -1.220832064115e-12       3.972465039163e-15       1.530136611540e-16       9.638863846639e-17      -1.090203326853e-17 
 2077       2.921896710560e-11       1.412612112636e-12      -1.237969744611e-12       3.967104632776e-15       1.527083665447e-16       9.654702248384e-17      -1.089961252868e-17 
 2078       2.914830074815e-11       1.413639518479e-12      -1.255164575221e-12       3.961758548425e-15       1.524038230684e-16       9.670402334820e-17      -1.089524222435e-17 
 2079       2.907897659382e-11       1.414561700045e-12      -1.272408836123e-12       3.956426951265e-15       1.521000284725e-16       9.685966726175e-17      -1.088891684791e-17 
 2080       2.901099619162e-11       1.415377685403e-12      -1.289694777486e-12       3.951110006881e-15       1.517969804851e-16       9.701398054017e-17      -1.088063088664e-17 
 2081       2.894436108438e-11       1.416086499765e-12      -1.307014619439e-12       3.945807881292e-15       1.514946768150e-16       9.716698961272e-17      -1.087037882279e-17 
 2082       2.887907280877e-11       1.416687165476e-12      -1.324360552030e-12       3.940520740953e-15       1.511931151521e-16       9.731872102237e-17      -1.085815513358e-17 
 2083       2.881513289527e-11       1.417178702018e-12      -1.341724735191e-12       3.935248752752e-15       1.508922931666e-16       9.746920142594e-17      -1.084395429116e-17 
 2084       2.875254286816e-11       1.417560126002e-12      -1.359099298705e-12       3.929992084011e-15       1.505922085096e-16       9.761845759423e-17      -1.082777076266e-17 
 2085       2.869130424551e-11       1.417830451166e-12      -1.376476342166e-12       3.924750902489e-15       1.502928588130e-16       9.776651641218e-17      -1.080959901017e-17 
 2086       2.863141853919e-11       1.417988688373e-12      -1.393847934946e-12       3.919525376380e-15       1.499942416893e-16       9.791340487902e-17      -1.078943349072e-17 
 2087       2.857288488243e-11       1.418034099584e-12      -1.411206526079e-12       3.914315645322e-15       1.496963548051e-16       9.805911019952e-17      -1.076727911580e-17 
 2088       2.851569289449e-11       1.417966961726e-12      -1.428546177140e-12       3.909121733200e-15       1.493991961038e-16       9.820345975159e-17      -1.074318271001e-17 
 2089       2.845982976594e-11       1.417787808178e-12      -1.445861337944e-12       3.903943634732e-15       1.491027635841e-16       9.834624027712e-17      -1.071720177303e-17 
 2090       2.840528262644e-11       1.417497175280e-12      -1.463146437379e-12       3.898781344404e-15       1.488070552274e-16       9.848723771338e-17      -1.068939404049e-17 
 2091       2.835203854464e-11       1.417095602341e-12      -1.480395883388e-12       3.893634856475e-15       1.485120689970e-16       9.862623719214e-17      -1.065981748420e-17 
 2092       2.830008452808e-11       1.416583631639e-12      -1.497604062935e-12       3.888504164968e-15       1.482178028387e-16       9.876302303864e-17      -1.062853031252e-17 
 2093       2.824940752318e-11       1.415961808428e-12      -1.514765341989e-12       3.883389263677e-15       1.479242546802e-16       9.889737877068e-17      -1.059559097055e-17 
 2094       2.819999441510e-11       1.415230680940e-12      -1.531874065493e-12       3.878290146165e-15       1.476314224313e-16       9.902908709764e-17      -1.056105814051e-17 
 2095       2.815183202770e-11       1.414390800388e-12      -1.548924557343e-12       3.873206805760e-15       1.473393039842e-16       9.915792991955e-17      -1.052499074198e-17 
 2096       2.810490712342e-11       1.413442720976e-12      -1.565911120360e-12       3.868139235558e-15       1.470478972129e-16       9.928368832609e-17      -1.048744793217e-17 
 2097       2.805920640325e-11       1.412386999893e-12      -1.582828036267e-12       3.863087428424e-15       1.467571999735e-16       9.940614259566e-17      -1.044848910628e-17 
 2098       2.801471650663e-11       1.411224197327e-12      -1.599669565664e-12       3.858051376986e-15       1.464672101043e-16       9.952507219443e-17      -1.040817389770e-17 
 2099       2.797142401138e-11       1.409954876461e-12      -1.616429948004e-12       3.853031073641e-15       1.461779254255e-16       9.964025577536e-17      -1.036656217838e-17 
 2100       2.792931543359e-11       1.408579603481e-12      -1.633103401565e-12       3.848026510550e-15       1.458893437391e-16       9.975147117725e-17      -1.032371405905e-17 
 2101       2.788837722759e-11       1.407098947580e-12      -1.649684123428e-12       3.843037679640e-15       1.456014628293e-16       9.985849542380e-17      -1.027968988956e-17 
 2102       2.784859578586e-11       1.405513480961e-12      -1.666166289451e-12       3.838064572603e-15       1.453142804622e-16       9.996110472263e-17      -1.023455025913e-17 
 2103       2.780995743890e-11       1.403823778838e-12      -1.682544054246e-12       3.833107180895e-15       1.450277943856e-16       1.000590744643e-16      -1.018835599668e-17 
 2104       2.777244845525e-11       1.402030419447e-12      -1.698811551151e-12       3.828165495738e-15       1.447420023295e-16       1.001521792215e-16      -1.014116817106e-17 
 2105       2.773605504131e-11       1.400133984043e-12      -1.714962892207e-12       3.823239508115e-15       1.444569020053e-16       1.002401927477e-16      -1.009304809140e-17 
 2106       2.770076334132e-11       1.398135056906e-12      -1.730992168133e-12       3.818329208775e-15       1.441724911066e-16       1.003228879769e-16      -1.004405730737e-17 
 2107       2.766655943730e-11       1.396034225348e-12      -1.746893448302e-12       3.813434588228e-15       1.438887673086e-16       1.004000370218e-16      -9.994257609456e-18 
 2108       2.763342934892e-11       1.393832079713e-12      -1.762660780712e-12       3.808555636749e-15       1.436057282684e-16       1.004714111736e-16      -9.943711029265e-18 
 2109       2.760135903343e-11       1.391529213382e-12      -1.778288191968e-12       3.803692344373e-15       1.433233716246e-16       1.005367809005e-16      -9.892479839816e-18 
 2110       2.757033438563e-11       1.389126222777e-12      -1.793769687251e-12       3.798844700899e-15       1.430416949979e-16       1.005959158472e-16      -9.840626555820e-18 
 2111       2.754034123774e-11       1.386623707366e-12      -1.809099250297e-12       3.794012695885e-15       1.427606959903e-16       1.006485848335e-16      -9.788213933970e-18 
 2112       2.751136535934e-11       1.384022269666e-12      -1.824270843370e-12       3.789196318652e-15       1.424803721857e-16       1.006945558536e-16      -9.735304973231e-18 
 2113       2.748339245732e-11       1.381322515247e-12      -1.839278407237e-12       3.784395558282e-15       1.422007211495e-16       1.007335960753e-16      -9.681962915130e-18 
 2114       2.745640817575e-11       1.378525052736e-12      -1.854115861145e-12       3.779610403618e-15       1.419217404288e-16       1.007654718384e-16      -9.628251244039e-18 
 2115       2.743039809584e-11       1.375630493818e-12      -1.868777102795e-12       3.774840843260e-15       1.416434275522e-16       1.007899486547e-16      -9.574233687469e-18 
 2116       2.740534773584e-11       1.372639453247e-12      -1.883256008318e-12       3.770086865570e-15       1.413657800300e-16       1.008067912062e-16      -9.519974216354e-18 
 2117       2.738124255099e-11       1.369552548843e-12      -1.897546432246e-12       3.765348458669e-15       1.410887953539e-16       1.008157633445e-16      -9.465537045344e-18 
 2118       2.735806793341e-11       1.366370401500e-12      -1.911642207496e-12       3.760625610438e-15       1.408124709971e-16       1.008166280898e-16      -9.410986633089e-18 
 2119       2.733580921206e-11       1.363093635185e-12      -1.925537145334e-12       3.755918308514e-15       1.405368044143e-16       1.008091476301e-16      -9.356387682531e-18 
 2120       2.731445165261e-11       1.359722876950e-12      -1.939225035359e-12       3.751226540293e-15       1.402617930418e-16       1.007930833200e-16      -9.301805141189e-18 
 2121       2.729398045741e-11       1.356258756927e-12      -1.952699645474e-12       3.746550292931e-15       1.399874342970e-16       1.007681956797e-16      -9.247304201451e-18 
 2122       2.727438076540e-11       1.352701908340e-12      -1.965954721864e-12       3.741889553338e-15       1.397137255791e-16       1.007342443945e-16      -9.192950300858e-18 
 2123       2.725563765201e-11       1.349052967502e-12      -1.978983988965e-12       3.737244308184e-15       1.394406642683e-16       1.006909883131e-16      -9.138809122397e-18 
 2124       2.723773612911e-11       1.345312573824e-12      -1.991781149446e-12       3.732614543893e-15       1.391682477264e-16       1.006381854475e-16      -9.084946594788e-18 
 2125       2.722066114492e-11       1.341481369814e-12      -2.004339884183e-12       3.728000246648e-15       1.388964732964e-16       1.005755929713e-16      -9.031428892770e-18 
 2126       2.720439699167e-11       1.337560133309e-12      -2.016654595982e-12       3.723401383921e-15       1.386253385346e-16       1.005030666008e-16      -8.978306093515e-18 
 2127       2.718892552439e-11       1.333550175132e-12      -2.028722646415e-12       3.718817848951e-15       1.383548419083e-16       1.004208594874e-16      -8.925563022276e-18 
 2128       2.717422792968e-11       1.329452944179e-12      -2.040542134341e-12       3.714249515883e-15       1.380849821028e-16       1.003293253810e-16      -8.873168068867e-18 
 2129       2.716028531680e-11       1.325269895451e-12      -2.052111153544e-12       3.709696258200e-15       1.378157577897e-16       1.002288194372e-16      -8.821089500662e-18 
 2130       2.714707871756e-11       1.321002490061e-12      -2.063427792726e-12       3.705157948723e-15       1.375471676273e-16       1.001196982188e-16      -8.769295462451e-18 
 2131       2.713458908625e-11       1.316652195244e-12      -2.074490135509e-12       3.700634459606e-15       1.372792102602e-16       1.000023196977e-16      -8.717753976295e-18 
 2132       2.712279729949e-11       1.312220484362e-12      -2.085296260422e-12       3.696125662339e-15       1.370118843193e-16       9.987704325605e-17      -8.666432941381e-18 
 2133       2.711168415620e-11       1.307708836914e-12      -2.095844240901e-12       3.691631427746e-15       1.367451884221e-16       9.974422968866e-17      -8.615300133877e-18 
 2134       2.710123037746e-11       1.303118738539e-12      -2.106132145281e-12       3.687151625983e-15       1.364791211723e-16       9.960424120411e-17      -8.564323206785e-18 
 2135       2.709141660646e-11       1.298451681027e-12      -2.116158036793e-12       3.682686126539e-15       1.362136811599e-16       9.945744142668e-17      -8.513469689797e-18 
 2136       2.708222340835e-11       1.293709162328e-12      -2.125919973558e-12       3.678234798233e-15       1.359488669615e-16       9.930419539797e-17      -8.462706989148e-18 
 2137       2.707363127021e-11       1.288892686553e-12      -2.135416008580e-12       3.673797509214e-15       1.356846771397e-16       9.914486957860e-17      -8.412002387475e-18 
 2138       2.706562060089e-11       1.284003763990e-12      -2.144644189746e-12       3.669374126962e-15       1.354211102435e-16       9.897983184986e-17      -8.361323043667e-18 
 2139       2.705817173099e-11       1.279043911101e-12      -2.153602559813e-12       3.664964518284e-15       1.351581648081e-16       9.880945151543e-17      -8.310635992721e-18 
 2140       2.705126491269e-11       1.274014650541e-12      -2.162289156412e-12       3.660568549316e-15       1.348958393551e-16       9.863409930302e-17      -8.259908145598e-18 
 2141       2.704488031973e-11       1.268917511157e-12      -2.170702012035e-12       3.656186085520e-15       1.346341323922e-16       9.845414736609e-17      -8.209106289077e-18 
 2142       2.703899804725e-11       1.263754027997e-12      -2.178839154034e-12       3.651816991683e-15       1.343730424132e-16       9.826996928547e-17      -8.158197085610e-18 
 2143       2.703359811174e-11       1.258525742320e-12      -2.186698604616e-12       3.647461131919e-15       1.341125678984e-16       9.808194007112e-17      -8.107147073174e-18 
 2144       2.702866045094e-11       1.253234201602e-12      -2.194278380837e-12       3.643118369665e-15       1.338527073139e-16       9.789043616373e-17      -8.055922665131e-18 
 2145       2.702416492374e-11       1.247880959543e-12      -2.201576494594e-12       3.638788567680e-15       1.335934591121e-16       9.769583543647e-17      -8.004490150078e-18 
 2146       2.702009131006e-11       1.242467576074e-12      -2.208590952625e-12       3.634471588049e-15       1.333348217316e-16       9.749851719662e-17      -7.952815691703e-18 
 2147       2.701641931082e-11       1.236995617366e-12      -2.215319756502e-12       3.630167292176e-15       1.330767935971e-16       9.729886218726e-17      -7.900865328642e-18 
 2148       2.701312854779e-11       1.231466655836e-12      -2.221760902624e-12       3.625875540785e-15       1.328193731191e-16       9.709725258896e-17      -7.848604974328e-18 
 2149       2.701019856351e-11       1.225882270157e-12      -2.227912382214e-12       3.621596193922e-15       1.325625586945e-16       9.689407202148e-17      -7.796000416853e-18 
 2150       2.700760882123e-11       1.220244045259e-12      -2.233772181312e-12       3.617329110950e-15       1.323063487061e-16       9.668970554538e-17      -7.743017318818e-18 
 2151       2.700533870476e-11       1.214553572346e-12      -2.239338280772e-12       3.613074150552e-15       1.320507415227e-16       9.648453966380e-17      -7.689621217189e-18 
 2152       2.700336751841e-11       1.208812448895e-12      -2.244608656256e-12       3.608831170727e-15       1.317957354992e-16       9.627896232404e-17      -7.635777523151e-18 
 2153       2.700167448691e-11       1.203022278667e-12      -2.249581278228e-12       3.604600028791e-15       1.315413289762e-16       9.607336291931e-17      -7.581451521963e-18 
 2154       2.700023875528e-11       1.197184671715e-12      -2.254254111951e-12       3.600380581375e-15       1.312875202808e-16       9.586813229038e-17      -7.526608372814e-18 
 2155       2.699903938877e-11       1.191301244390e-12      -2.258625117479e-12       3.596172684424e-15       1.310343077254e-16       9.566366272726e-17      -7.471213108676e-18 
 2156       2.699805537274e-11       1.185373619349e-12      -2.262692249654e-12       3.591976193197e-15       1.307816896088e-16       9.546034797089e-17      -7.415230636158e-18 
 2157       2.699726561258e-11       1.179403425561e-12      -2.266453458100e-12       3.587790962269e-15       1.305296642155e-16       9.525858321481e-17      -7.358625735365e-18 
 2158       2.699664893361e-11       1.173392298319e-12      -2.269906687218e-12       3.583616845521e-15       1.302782298160e-16       9.505876510686e-17      -7.301363059746e-18 
 2159       2.699618408101e-11       1.167341879240e-12      -2.273049876181e-12       3.579453696152e-15       1.300273846664e-16       9.486129175082e-17      -7.243407135957e-18 
 2160       2.699584971969e-11       1.161253816281e-12      -2.275880958931e-12       3.575301366665e-15       1.297771270089e-16       9.466656270813e-17      -7.184722363705e-18 
 2161       2.699562443422e-11       1.155129763738e-12      -2.278397864167e-12       3.571159708876e-15       1.295274550714e-16       9.447497899955e-17      -7.125273015615e-18 
 2162       2.699548672873e-11       1.148971382259e-12      -2.280598515350e-12       3.567028573910e-15       1.292783670678e-16       9.428694310684e-17      -7.065023237075e-18 
 2163       2.699541502680e-11       1.142780338851e-12      -2.282480830688e-12       3.562907812197e-15       1.290298611974e-16       9.410285897445e-17      -7.003937046094e-18 
 2164       2.699538767143e-11       1.136558306885e-12      -2.284042723138e-12       3.558797273475e-15       1.287819356456e-16       9.392313201120e-17      -6.941978333157e-18 
 2165       2.699538406906e-11       1.130306940681e-12      -2.285282773885e-12       3.554696804236e-15       1.285345887189e-16       9.374806736382e-17      -6.879124455150e-18 
 2166       2.699538813069e-11       1.124027799059e-12      -2.286202257770e-12       3.550606240040e-15       1.282878192534e-16       9.357756398256e-17      -6.815407117873e-18 
 2167       2.699538485387e-11       1.117722421284e-12      -2.286803131551e-12       3.546525413146e-15       1.280416262089e-16       9.341141849033e-17      -6.750871769670e-18 
 2168       2.699535918056e-11       1.111392352454e-12      -2.287087361664e-12       3.542454155061e-15       1.277960085340e-16       9.324942672208e-17      -6.685564032658e-18 
 2169       2.699529599709e-11       1.105039143503e-12      -2.287056924242e-12       3.538392296536e-15       1.275509651661e-16       9.309138372387e-17      -6.619529702931e-18 
 2170       2.699518013405e-11       1.098664351207e-12      -2.286713805122e-12       3.534339667568e-15       1.273064950311e-16       9.293708375194e-17      -6.552814750764e-18 
 2171       2.699499636623e-11       1.092269538196e-12      -2.286059999860e-12       3.530296097397e-15       1.270625970437e-16       9.278632027180e-17      -6.485465320811e-18 
 2172       2.699472941261e-11       1.085856272955e-12      -2.285097513741e-12       3.526261414506e-15       1.268192701070e-16       9.263888595730e-17      -6.417527732313e-18 
 2173       2.699436393624e-11       1.079426129834e-12      -2.283828361794e-12       3.522235446621e-15       1.265765131130e-16       9.249457268971e-17      -6.349048479298e-18 
 2174       2.699388454418e-11       1.072980689054e-12      -2.282254568801e-12       3.518218020707e-15       1.263343249420e-16       9.235317155679e-17      -6.280074230783e-18 
 2175       2.699327578746e-11       1.066521536714e-12      -2.280378169311e-12       3.514208962972e-15       1.260927044632e-16       9.221447285188e-17      -6.210651830977e-18 
 2176       2.699252216101e-11       1.060050264796e-12      -2.278201207653e-12       3.510208098860e-15       1.258516505340e-16       9.207826607294e-17      -6.140828299485e-18 
 2177       2.699160810359e-11       1.053568471175e-12      -2.275725737944e-12       3.506215253054e-15       1.256111620006e-16       9.194433992169e-17      -6.070650831508e-18 
 2178       2.699051799772e-11       1.047077759624e-12      -2.272953824106e-12       3.502230249477e-15       1.253712376976e-16       9.181248230263e-17      -6.000166798049e-18 
 2179       2.698923616963e-11       1.040579739818e-12      -2.269887539876e-12       3.498252911284e-15       1.251318764482e-16       9.168248032213e-17      -5.929423746113e-18 
 2180       2.698774688917e-11       1.034076027348e-12      -2.266528968816e-12       3.494283060869e-15       1.248930770640e-16       9.155412028754e-17      -5.858469398907e-18 
 2181       2.698603436979e-11       1.027568243720e-12      -2.262880204329e-12       3.490320519859e-15       1.246548383452e-16       9.142718770621e-17      -5.787351656051e-18 
 2182       2.698408276843e-11       1.021058016366e-12      -2.258943349669e-12       3.486365109115e-15       1.244171590803e-16       9.130146728461e-17      -5.716118593770e-18 
 2183       2.698187618549e-11       1.014546978650e-12      -2.254720517954e-12       3.482416648729e-15       1.241800380464e-16       9.117674292741e-17      -5.644818465106e-18 
 2184       2.697939866474e-11       1.008036769874e-12      -2.250213832176e-12       3.478474958027e-15       1.239434740088e-16       9.105279773652e-17      -5.573499700114e-18 
 2185       2.697663419326e-11       1.001529035286e-12      -2.245425425215e-12       3.474539855564e-15       1.237074657216e-16       9.092941401018e-17      -5.502210906068e-18 
 2186       2.697356670140e-11       9.950254260871e-13      -2.240357439851e-12       3.470611159126e-15       1.234720119269e-16       9.080637324206e-17      -5.431000867661e-18 
 2187       2.697018006269e-11       9.885275994350e-13      -2.235012028776e-12       3.466688685728e-15       1.232371113553e-16       9.068345612031e-17      -5.359918547211e-18 
 2188       2.696645809379e-11       9.820372184548e-13      -2.229391354607e-12       3.462772251612e-15       1.230027627259e-16       9.056044252666e-17      -5.289013084860e-18 
 2189       2.696238455441e-11       9.755559522434e-13      -2.223497589894e-12       3.458861672246e-15       1.227689647460e-16       9.043711153548e-17      -5.218333798779e-18 
 2190       2.695794314726e-11       9.690854758772e-13      -2.217332917138e-12       3.454956762328e-15       1.225357161113e-16       9.031324141283e-17      -5.147930185370e-18 
 2191       2.695311751798e-11       9.626274704184e-13      -2.210899528799e-12       3.451057335776e-15       1.223030155057e-16       9.018860961561e-17      -5.077851919468e-18 
 2192       2.694789125509e-11       9.561836229219e-13      -2.204199627309e-12       3.447163205736e-15       1.220708616015e-16       9.006299279057e-17      -5.008148854544e-18 
 2193       2.694224788990e-11       9.497556264423e-13      -2.197235425085e-12       3.443274184576e-15       1.218392530593e-16       8.993616677340e-17      -4.938871022906e-18 
 2194       2.693617089645e-11       9.433451800404e-13      -2.190009144542e-12       3.439390083886e-15       1.216081885278e-16       8.980790658784e-17      -4.870068635906e-18 
 2195       2.692964369148e-11       9.369539887900e-13      -2.182523018101e-12       3.435510714479e-15       1.213776666441e-16       8.967798644473e-17      -4.801792084136e-18 
 2196       2.692264963432e-11       9.305837637847e-13      -2.174779288206e-12       3.431635886386e-15       1.211476860336e-16       8.954617974106e-17      -4.734091937637e-18 
 2197       2.691517202685e-11       9.242362221448e-13      -2.166780207332e-12       3.427765408859e-15       1.209182453096e-16       8.941225905911e-17      -4.667018946097e-18 
 2198       2.690719411344e-11       9.179130870238e-13      -2.158528038000e-12       3.423899090369e-15       1.206893430739e-16       8.927599616548e-17      -4.600624039056e-18 
 2199       2.689869908086e-11       9.116160876154e-13      -2.150025052788e-12       3.420036738604e-15       1.204609779164e-16       8.913716201017e-17      -4.534958326107e-18 
 2200       2.688967005827e-11       9.053469591602e-13      -2.141273534345e-12       3.416178160468e-15       1.202331484150e-16       8.899552672569e-17      -4.470073097101e-18 
 2201       2.688009011707e-11       8.991074429523e-13      -2.132275775397e-12       3.412323162082e-15       1.200058531359e-16       8.885085962608e-17      -4.406019822347e-18 
 2202       2.686994227093e-11       8.928992863464e-13      -2.123034078768e-12       3.408471548783e-15       1.197790906335e-16       8.870292920605e-17      -4.342850152815e-18 
 2203       2.685920947564e-11       8.867242427643e-13      -2.113550757385e-12       3.404623125118e-15       1.195528594502e-16       8.855150314001e-17      -4.280615920339e-18 
 2204       2.684787667507e-11       8.805839300651e-13      -2.103828447788e-12       3.400777706014e-15       1.193271580950e-16       8.839639841803e-17      -4.219355143675e-18 
 2205       2.683593695369e-11       8.744794046140e-13      -2.093871052903e-12       3.396935150339e-15       1.191019849795e-16       8.823763211950e-17      -4.159049944679e-18 
 2206       2.682338542480e-11       8.684115843981e-13      -2.083682805557e-12       3.393095327558e-15       1.188773384816e-16       8.807527163913e-17      -4.099668353003e-18 
 2207       2.681021718819e-11       8.623813904090e-13      -2.073267955565e-12       3.389258106591e-15       1.186532169666e-16       8.790938464125e-17      -4.041178274715e-18 
 2208       2.679642733018e-11       8.563897466463e-13      -2.062630769759e-12       3.385423355810e-15       1.184296187876e-16       8.774003906021e-17      -3.983547492160e-18 
 2209       2.678201092360e-11       8.504375801210e-13      -2.051775531999e-12       3.381590943038e-15       1.182065422849e-16       8.756730310063e-17      -3.926743663815e-18 
 2210       2.676696302778e-11       8.445258208584e-13      -2.040706543199e-12       3.377760735553e-15       1.179839857867e-16       8.739124523775e-17      -3.870734324144e-18 
 2211       2.675127868850e-11       8.386554019016e-13      -2.029428121344e-12       3.373932600082e-15       1.177619476085e-16       8.721193421773e-17      -3.815486883459e-18 
 2212       2.673495293804e-11       8.328272593151e-13      -2.017944601511e-12       3.370106402802e-15       1.175404260533e-16       8.702943905797e-17      -3.760968627773e-18 
 2213       2.671798079509e-11       8.270423321872e-13      -2.006260335889e-12       3.366282009340e-15       1.173194194116e-16       8.684382904742e-17      -3.707146718661e-18 
 2214       2.670035726481e-11       8.213015626342e-13      -1.994379693795e-12       3.362459284775e-15       1.170989259614e-16       8.665517374690e-17      -3.653988193114e-18 
 2215       2.668207733876e-11       8.156058958031e-13      -1.982307061701e-12       3.358638093629e-15       1.168789439681e-16       8.646354298942e-17      -3.601459963396e-18 
 2216       2.666313599493e-11       8.099562798749e-13      -1.970046843248e-12       3.354818299877e-15       1.166594716846e-16       8.626900688048e-17      -3.549528816904e-18 
 2217       2.664352819768e-11       8.043536660683e-13      -1.957603459268e-12       3.350999766937e-15       1.164405073510e-16       8.607163579838e-17      -3.498161416021e-18 
 2218       2.662324889777e-11       7.987990086425e-13      -1.944981347804e-12       3.347182357677e-15       1.162220491952e-16       8.587150039456e-17      -3.447324297977e-18 
 2219       2.660229303233e-11       7.932932649006e-13      -1.932184964128e-12       3.343365934408e-15       1.160040954319e-16       8.566867159390e-17      -3.396983874704e-18 
 2220       2.658065552483e-11       7.878373951929e-13      -1.919218780765e-12       3.339550358888e-15       1.157866442637e-16       8.546322059504e-17      -3.347106432690e-18 
 2221       2.655833128508e-11       7.824323629204e-13      -1.906087287508e-12       3.335735492318e-15       1.155696938802e-16       8.525521887067e-17      -3.297658132843e-18 
 2222       2.653531520923e-11       7.770791345375e-13      -1.892794991441e-12       3.331921195344e-15       1.153532424584e-16       8.504473816788e-17      -3.248605010342e-18 
 2223       2.651160217974e-11       7.717786795559e-13      -1.879346416956e-12       3.328107328054e-15       1.151372881628e-16       8.483185050847e-17      -3.199912974496e-18 
 2224       2.648718706536e-11       7.665319705474e-13      -1.865746105778e-12       3.324293749980e-15       1.149218291448e-16       8.461662818923e-17      -3.151547808602e-18 
 2225       2.646206472113e-11       7.613399831475e-13      -1.851998616980e-12       3.320480320095e-15       1.147068635435e-16       8.439914378228e-17      -3.103475169801e-18 
 2226       2.643622998837e-11       7.562036960585e-13      -1.838108527002e-12       3.316666896814e-15       1.144923894850e-16       8.417947013540e-17      -3.055660588934e-18 
 2227       2.640967769465e-11       7.511240910527e-13      -1.824080429678e-12       3.312853337990e-15       1.142784050826e-16       8.395768037233e-17      -3.008069470403e-18 
 2228       2.638240265377e-11       7.461021529758e-13      -1.809918936247e-12       3.309039500919e-15       1.140649084370e-16       8.373384789305e-17      -2.960667092022e-18 
 2229       2.635439966580e-11       7.411388697501e-13      -1.795628675379e-12       3.305225242334e-15       1.138518976359e-16       8.350804637416e-17      -2.913418604879e-18 
 2230       2.632566351698e-11       7.362352323780e-13      -1.781214293192e-12       3.301410418409e-15       1.136393707544e-16       8.328034976915e-17      -2.866289033191e-18 
 2231       2.629618897979e-11       7.313922349448e-13      -1.766680453273e-12       3.297594884752e-15       1.134273258547e-16       8.305083230872e-17      -2.819243274161e-18 
 2232       2.626597081288e-11       7.266108746224e-13      -1.752031836698e-12       3.293778496413e-15       1.132157609860e-16       8.281956850110e-17      -2.772246097834e-18 
 2233       2.623500376108e-11       7.218921516724e-13      -1.737273142051e-12       3.289961107875e-15       1.130046741848e-16       8.258663313239e-17      -2.725262146958e-18 
 2234       2.620328255539e-11       7.172370694494e-13      -1.722409085444e-12       3.286142573058e-15       1.127940634747e-16       8.235210126682e-17      -2.678255936837e-18 
 2235       2.617080191294e-11       7.126466344040e-13      -1.707444400536e-12       3.282322745317e-15       1.125839268664e-16       8.211604824710e-17      -2.631191855189e-18 
 2236       2.613755653702e-11       7.081218560867e-13      -1.692383838555e-12       3.278501477443e-15       1.123742623575e-16       8.187854969474e-17      -2.584034162002e-18 
 2237       2.610354111703e-11       7.036637471506e-13      -1.677232168318e-12       3.274678621659e-15       1.121650679330e-16       8.163968151034e-17      -2.536746989396e-18 
 2238       2.606875032846e-11       6.992733233548e-13      -1.661994176248e-12       3.270854029624e-15       1.119563415647e-16       8.139951987394e-17      -2.489294341472e-18 
 2239       2.603317883291e-11       6.949516035678e-13      -1.646674666395e-12       3.267027552425e-15       1.117480812114e-16       8.115814124529e-17      -2.441640094178e-18 
 2240       2.599682127806e-11       6.906996097706e-13      -1.631278460458e-12       3.263199040586e-15       1.115402848192e-16       8.091562236419e-17      -2.393747995156e-18 
 2241       2.595967229767e-11       6.865183670604e-13      -1.615810397801e-12       3.259368344060e-15       1.113329503208e-16       8.067204025082e-17      -2.345581663610e-18 
 2242       2.592172651151e-11       6.824089036530e-13      -1.600275335477e-12       3.255535312230e-15       1.111260756363e-16       8.042747220602e-17      -2.297104590154e-18 
 2243       2.588298034265e-11       6.783720778693e-13      -1.584678026118e-12       3.251699812553e-15       1.109196588970e-16       8.018198616741e-17      -2.248284159101e-18 
 2244       2.584343748198e-11       6.744080578502e-13      -1.569022750700e-12       3.247861786621e-15       1.107136991215e-16       7.993561170824e-17      -2.199103744305e-18 
 2245       2.580310345927e-11       6.705168384520e-13      -1.553313683423e-12       3.244021194462e-15       1.105081955439e-16       7.968836884989e-17      -2.149550691980e-18 
 2246       2.576198382925e-11       6.666984139548e-13      -1.537555013635e-12       3.240177995932e-15       1.103031473905e-16       7.944027768895e-17      -2.099612305397e-18 
 2247       2.572008417165e-11       6.629527780618e-13      -1.521750945850e-12       3.236332150716e-15       1.100985538791e-16       7.919135839734e-17      -2.049275844835e-18 
 2248       2.567741009115e-11       6.592799238983e-13      -1.505905699764e-12       3.232483618323e-15       1.098944142190e-16       7.894163122235e-17      -1.998528527535e-18 
 2249       2.563396721752e-11       6.556798440109e-13      -1.490023510274e-12       3.228632358093e-15       1.096907276116e-16       7.869111648680e-17      -1.947357527650e-18 
 2250       2.558976120556e-11       6.521525303667e-13      -1.474108627492e-12       3.224778329190e-15       1.094874932497e-16       7.843983458902e-17      -1.895749976201e-18 
 2251       2.554479773519e-11       6.486979743524e-13      -1.458165316765e-12       3.220921490604e-15       1.092847103179e-16       7.818780600302e-17      -1.843692961031e-18 
 2252       2.549908251142e-11       6.453161667734e-13      -1.442197858689e-12       3.217061801155e-15       1.090823779923e-16       7.793505127855e-17      -1.791173526753e-18 
 2253       2.545262126445e-11       6.420070978529e-13      -1.426210549127e-12       3.213199219484e-15       1.088804954408e-16       7.768159104118e-17      -1.738178674706e-18 
 2254       2.540541974964e-11       6.387707572313e-13      -1.410207699228e-12       3.209333704062e-15       1.086790618228e-16       7.742744599236e-17      -1.684695362910e-18 
 2255       2.535748374758e-11       6.356071339650e-13      -1.394193635442e-12       3.205465213184e-15       1.084780762895e-16       7.717263690957e-17      -1.630710506014e-18 
 2256       2.530881906408e-11       6.325162165260e-13      -1.378172699535e-12       3.201593704970e-15       1.082775379835e-16       7.691718464632e-17      -1.576210975253e-18 
 2257       2.525943153024e-11       6.294979928003e-13      -1.362149248611e-12       3.197719137368e-15       1.080774460392e-16       7.666111013232e-17      -1.521183598400e-18 
 2258       2.520932700247e-11       6.265524500880e-13      -1.346127655124e-12       3.193841468147e-15       1.078777995824e-16       7.640443437350e-17      -1.465615159716e-18 
 2259       2.515851136248e-11       6.236795751015e-13      -1.330112306898e-12       3.189960654903e-15       1.076785977306e-16       7.614717845212e-17      -1.409492399906e-18 
 2260       2.510699051736e-11       6.208793539655e-13      -1.314107607142e-12       3.186076655058e-15       1.074798395928e-16       7.588936352686e-17      -1.352802016074e-18 
 2261       2.505477039961e-11       6.181517722155e-13      -1.298117974468e-12       3.182189425855e-15       1.072815242696e-16       7.563101083289e-17      -1.295530661670e-18 
 2262       2.500185696712e-11       6.154968147971e-13      -1.282147842910e-12       3.178298924365e-15       1.070836508531e-16       7.537214168199e-17      -1.237664946446e-18 
 2263       2.494825620323e-11       6.129144660656e-13      -1.266201661935e-12       3.174405107479e-15       1.068862184269e-16       7.511277746256e-17      -1.179191436410e-18 
 2264       2.489397411678e-11       6.104047097843e-13      -1.250283896466e-12       3.170507931916e-15       1.066892260661e-16       7.485293963979e-17      -1.120096653779e-18 
 2265       2.483901674212e-11       6.079675291245e-13      -1.234399026896e-12       3.166607354214e-15       1.064926728375e-16       7.459264975569e-17      -1.060367076928e-18 
 2266       2.478339013910e-11       6.056029066641e-13      -1.218551549106e-12       3.162703330738e-15       1.062965577992e-16       7.433192942920e-17      -9.999891403481e-19 
 2267       2.472710039319e-11       6.033108243868e-13      -1.202745974481e-12       3.158795817676e-15       1.061008800007e-16       7.407080035625e-17      -9.389492345951e-19 
 2268       2.467015361543e-11       6.010912636815e-13      -1.186986829927e-12       3.154884771035e-15       1.059056384832e-16       7.380928430988e-17      -8.772337062453e-19 
 2269       2.461255594249e-11       5.989442053414e-13      -1.171278657889e-12       3.150970146650e-15       1.057108322792e-16       7.354740314030e-17      -8.148288578473e-19 
 2270       2.455431353669e-11       5.968696295627e-13      -1.155626016368e-12       3.147051900174e-15       1.055164604127e-16       7.328517877496e-17      -7.517209478750e-19 
 2271       2.449543258606e-11       5.948675159444e-13      -1.140033478935e-12       3.143129987085e-15       1.053225218991e-16       7.302263321870e-17      -6.878961906804e-19 
 2272       2.443591930432e-11       5.929378434869e-13      -1.124505634752e-12       3.139204362683e-15       1.051290157453e-16       7.275978855373e-17      -6.233407564468e-19 
 2273       2.437577993096e-11       5.910805905916e-13      -1.109047088587e-12       3.135274982088e-15       1.049359409495e-16       7.249666693983e-17      -5.580407711415e-19 
 2274       2.431502073122e-11       5.892957350596e-13      -1.093662460829e-12       3.131341800243e-15       1.047432965014e-16       7.223329061433e-17      -4.919823164688e-19 
 2275       2.425364799617e-11       5.875832540912e-13      -1.078356387510e-12       3.127404771912e-15       1.045510813820e-16       7.196968189229e-17      -4.251514298229e-19 
 2276       2.419166804270e-11       5.859431242849e-13      -1.063133520317e-12       3.123463851681e-15       1.043592945638e-16       7.170586316650e-17      -3.575341042407e-19 
 2277       2.412908721358e-11       5.843753216364e-13      -1.047998526611e-12       3.119518993955e-15       1.041679350103e-16       7.144185690762e-17      -2.891162883551e-19 
 2278       2.406591187744e-11       5.828798215381e-13      -1.032956089444e-12       3.115570152963e-15       1.039770016769e-16       7.117768566424e-17      -2.198838863473e-19 
 2279       2.400214842888e-11       5.814565987778e-13      -1.018010907575e-12       3.111617282751e-15       1.037864935100e-16       7.091337206299e-17      -1.498227579003e-19 
 2280       2.393780328841e-11       5.801056275383e-13      -1.003167695490e-12       3.107660337188e-15       1.035964094473e-16       7.064893880859e-17      -7.891871815160e-20 
 2281       2.387288290255e-11       5.788268813963e-13      -9.884311834130e-13       3.103699269961e-15       1.034067484180e-16       7.038440868394e-17      -7.157537645856e-21 
 2282       2.380739453850e-11       5.776202116790e-13      -9.738056974781e-13       3.099734052190e-15       1.032175093946e-16       7.011980096628e-17       6.546116407745e-20 
 2283       2.374134867370e-11       5.764849816828e-13      -9.592938972431e-13       3.095764725377e-15       1.030286915504e-16       6.985512065015e-17       1.388821402146e-19 
 2284       2.367475662167e-11       5.754204301063e-13      -9.448980301075e-13       3.091791348797e-15       1.028402941032e-16       6.959036915545e-17       2.130360270298e-19 
 2285       2.360762973878e-11       5.744257924761e-13      -9.306203504352e-13       3.087813981913e-15       1.026523162630e-16       6.932554790509e-17       2.878532128786e-19 
 2286       2.353997942428e-11       5.735003011429e-13      -9.164631195619e-13       3.083832684379e-15       1.024647572323e-16       6.906065832503e-17       3.632638379357e-19 
 2287       2.347181712036e-11       5.726431852783e-13      -9.024286058026e-13       3.079847516039e-15       1.022776162060e-16       6.879570184424e-17       4.391977939214e-19 
 2288       2.340315431219e-11       5.718536708707e-13      -8.885190844583e-13       3.075858536930e-15       1.020908923711e-16       6.853067989474e-17       5.155847238292e-19 
 2289       2.333400252798e-11       5.711309807216e-13      -8.747368378240e-13       3.071865807278e-15       1.019045849071e-16       6.826559391159e-17       5.923540216521e-19 
 2290       2.326437333903e-11       5.704743344425e-13      -8.610841551952e-13       3.067869387501e-15       1.017186929859e-16       6.800044533288e-17       6.694348321106e-19 
 2291       2.319427835976e-11       5.698829484506e-13      -8.475633328759e-13       3.063869338208e-15       1.015332157716e-16       6.773523559974e-17       7.467560503791e-19 
 2292       2.312372924776e-11       5.693560359657e-13      -8.341766741853e-13       3.059865720200e-15       1.013481524204e-16       6.746996615635e-17       8.242463218132e-19 
 2293       2.305273770385e-11       5.688928070061e-13      -8.209264894654e-13       3.055858594469e-15       1.011635020811e-16       6.720463844993e-17       9.018340416767e-19 
 2294       2.298131547215e-11       5.684924683850e-13      -8.078150960880e-13       3.051848022201e-15       1.009792638947e-16       6.693925393076e-17       9.794473548689e-19 
 2295       2.290947434006e-11       5.681542237073e-13      -7.948448184622e-13       3.047834064772e-15       1.007954369943e-16       6.667381405215e-17       1.057014155651e-18 
 2296       2.283722613837e-11       5.678772733653e-13      -7.820179880416e-13       3.043816783752e-15       1.006120205054e-16       6.640832027049e-17       1.134462087374e-18 
 2297       2.276458274129e-11       5.676608145354e-13      -7.693369433315e-13       3.039796240902e-15       1.004290135457e-16       6.614277404518e-17       1.211718542206e-18 
 2298       2.269155606649e-11       5.675040411745e-13      -7.568040298963e-13       3.035772498177e-15       1.002464152252e-16       6.587717683873e-17       1.288710660858e-18 
 2299       2.261815807515e-11       5.674061440161e-13      -7.444216003666e-13       3.031745617725e-15       1.000642246460e-16       6.561153011666e-17       1.365365332310e-18 
 2300       2.254440077202e-11       5.673663105669e-13      -7.321920144465e-13       3.027715661886e-15       9.988244090239e-17       6.534583534759e-17       1.441609193543e-18 
 2301       2.247029620544e-11       5.673837251029e-13      -7.201176389210e-13       3.023682693194e-15       9.970106308106e-17       6.508009400317e-17       1.517368629261e-18 
 2302       2.239585646743e-11       5.674575686659e-13      -7.082008476631e-13       3.019646774377e-15       9.952009026072e-17       6.481430755813e-17       1.592569771620e-18 
 2303       2.232109369371e-11       5.675870190597e-13      -6.964440216413e-13       3.015607968356e-15       9.933952151229e-17       6.454847749028e-17       1.667138499955e-18 
 2304       2.224602006373e-11       5.677712508468e-13      -6.848495489265e-13       3.011566338247e-15       9.915935589888e-17       6.428260528047e-17       1.741000440505e-18 
 2305       2.217064780077e-11       5.680094353442e-13      -6.734198246995e-13       3.007521947358e-15       9.897959247574e-17       6.401669241264e-17       1.814080966146e-18 
 2306       2.209498917195e-11       5.683007406201e-13      -6.621572512585e-13       3.003474859194e-15       9.880023029029e-17       6.375074037380e-17       1.886305196112e-18 
 2307       2.201905648827e-11       5.686443314904e-13      -6.510642380258e-13       2.999425137452e-15       9.862126838205e-17       6.348475065404e-17       1.957597995723e-18 
 2308       2.194286210469e-11       5.690393695144e-13      -6.401432015554e-13       2.995372846025e-15       9.844270578271e-17       6.321872474651e-17       2.027883976114e-18 
 2309       2.186641842016e-11       5.694850129920e-13      -6.293965655406e-13       2.991318049002e-15       9.826454151603e-17       6.295266414746e-17       2.097087493963e-18 
 2310       2.178973787767e-11       5.699804169591e-13      -6.188267608203e-13       2.987260810664e-15       9.808677459792e-17       6.268657035621e-17       2.165132651215e-18 
 2311       2.171283296430e-11       5.705247331850e-13      -6.084362253875e-13       2.983201195490e-15       9.790940403633e-17       6.242044487518e-17       2.231943294810e-18 
 2312       2.163571621125e-11       5.711171101676e-13      -5.982274043955e-13       2.979139268153e-15       9.773242883135e-17       6.215428920984e-17       2.297443016410e-18 
 2313       2.155840019394e-11       5.717566931309e-13      -5.882027501658e-13       2.975075093522e-15       9.755584797511e-17       6.188810486878e-17       2.361555152129e-18 
 2314       2.148089753197e-11       5.724426240202e-13      -5.783647221951e-13       2.971008736663e-15       9.737966045181e-17       6.162189336368e-17       2.424202782256e-18 
 2315       2.140322088926e-11       5.731740414995e-13      -5.687157871627e-13       2.966940262836e-15       9.720386523769e-17       6.135565620929e-17       2.485308730982e-18 
 2316       2.132538297406e-11       5.739500809471e-13      -5.592584189375e-13       2.962869737499e-15       9.702846130106e-17       6.108939492348e-17       2.544795566133e-18 
 2317       2.124739653896e-11       5.747698744522e-13      -5.499950985859e-13       2.958797226304e-15       9.685344760223e-17       6.082311102719e-17       2.602585598890e-18 
 2318       2.116927438100e-11       5.756325508112e-13      -5.409283143782e-13       2.954722795103e-15       9.667882309355e-17       6.055680604449e-17       2.658600883518e-18 
 2319       2.109102934169e-11       5.765372355243e-13      -5.320605617964e-13       2.950646509943e-15       9.650458671938e-17       6.029048150253e-17       2.712763217096e-18 
 2320       2.101267430706e-11       5.774830507914e-13      -5.233943435417e-13       2.946568437066e-15       9.633073741606e-17       6.002413893155e-17       2.764994139241e-18 
 2321       2.093422184590e-11       5.784690915217e-13      -5.149317011383e-13       2.942488650997e-15       9.615727412097e-17       5.975778360059e-17       2.815234908354e-18 
 2322       2.085568312202e-11       5.794943532031e-13      -5.066728065051e-13       2.938407258841e-15       9.598419579958e-17       5.949143575012e-17       2.863506568610e-18 
 2323       2.077706897523e-11       5.805578035707e-13      -4.986173615143e-13       2.934324376133e-15       9.581150141856e-17       5.922511943025e-17       2.909850261321e-18 
 2324       2.069839028253e-11       5.816584065479e-13      -4.907650655847e-13       2.930240118778e-15       9.563918993668e-17       5.895885877156e-17       2.954307283000e-18 
 2325       2.061965795823e-11       5.827951222423e-13      -4.831156156785e-13       2.926154603042e-15       9.546726030489e-17       5.869267798522e-17       2.996919085530e-18 
 2326       2.054088295389e-11       5.839669069418e-13      -4.756687062978e-13       2.922067945560e-15       9.529571146622e-17       5.842660136303e-17       3.037727276340e-18 
 2327       2.046207625845e-11       5.851727131101e-13      -4.684240294817e-13       2.917980263333e-15       9.512454235585e-17       5.816065327755e-17       3.076773618569e-18 
 2328       2.038324889818e-11       5.864114893824e-13      -4.613812748029e-13       2.913891673726e-15       9.495375190104e-17       5.789485818216e-17       3.114100031245e-18 
 2329       2.030441193681e-11       5.876821805619e-13      -4.545401293650e-13       2.909802294474e-15       9.478333902114e-17       5.762924061114e-17       3.149748589457e-18 
 2330       2.022557647550e-11       5.889837276147e-13      -4.479002777989e-13       2.905712243678e-15       9.461330262760e-17       5.736382517977e-17       3.183761524519e-18 
 2331       2.014675365291e-11       5.903150676661e-13      -4.414614022596e-13       2.901621639807e-15       9.444364162393e-17       5.709863658442e-17       3.216181224153e-18 
 2332       2.006795464526e-11       5.916751339965e-13      -4.352231824235e-13       2.897530601699e-15       9.427435490569e-17       5.683369960262e-17       3.247050232650e-18 
 2333       1.998919066632e-11       5.930628560370e-13      -4.291852954848e-13       2.893439248557e-15       9.410544136052e-17       5.656903909316e-17       3.276411251050e-18 
 2334       1.991047296747e-11       5.944771593651e-13      -4.233474161526e-13       2.889347699959e-15       9.393689986807e-17       5.630467999615e-17       3.304307137311e-18 
 2335       1.983181283779e-11       5.959169657010e-13      -4.177092166474e-13       2.885256075846e-15       9.376872930004e-17       5.604064733313e-17       3.330780906479e-18 
 2336       1.975322160400e-11       5.973811929026e-13      -4.122703666983e-13       2.881164496532e-15       9.360092852014e-17       5.577696620715e-17       3.355875730863e-18 
 2337       1.967471063060e-11       5.988687549622e-13      -4.070305335398e-13       2.877073082701e-15       9.343349638409e-17       5.551366180286e-17       3.379634940204e-18 
 2338       1.959629131984e-11       6.003785620017e-13      -4.019893819083e-13       2.872981955406e-15       9.326643173962e-17       5.525075938657e-17       3.402102021849e-18 
 2339       1.951797511179e-11       6.019095202688e-13      -3.971465740394e-13       2.868891236072e-15       9.309973342644e-17       5.498828430637e-17       3.423320620924e-18 
 2340       1.943977348440e-11       6.034605321322e-13      -3.925017696643e-13       2.864801046494e-15       9.293340027622e-17       5.472626199220e-17       3.443334540501e-18 
 2341       1.936169795348e-11       6.050304960782e-13      -3.880546260071e-13       2.860711508840e-15       9.276743111264e-17       5.446471795591e-17       3.462187741774e-18 
 2342       1.928376007279e-11       6.066183067060e-13      -3.838047977810e-13       2.856622745647e-15       9.260182475130e-17       5.420367779139e-17       3.479924344231e-18 
 2343       1.920597143408e-11       6.082228547236e-13      -3.797519371859e-13       2.852534879828e-15       9.243657999977e-17       5.394316717464e-17       3.496588625822e-18 
 2344       1.912834366708e-11       6.098430269437e-13      -3.758956939047e-13       2.848448034666e-15       9.227169565754e-17       5.368321186383e-17       3.512225023138e-18 
 2345       1.905088843961e-11       6.114777062794e-13      -3.722357151002e-13       2.844362333817e-15       9.210717051604e-17       5.342383769943e-17       3.526878131572e-18 
 2346       1.897361745756e-11       6.131257717401e-13      -3.687716454121e-13       2.840277901311e-15       9.194300335862e-17       5.316507060425e-17       3.540592705503e-18 
 2347       1.889654246498e-11       6.147860984274e-13      -3.655031269539e-13       2.836194861553e-15       9.177919296051e-17       5.290693658354e-17       3.553413658460e-18 
 2348       1.881967524406e-11       6.164575575304e-13      -3.624297993093e-13       2.832113339319e-15       9.161573808886e-17       5.264946172511e-17       3.565386063294e-18 
 2349       1.874302761524e-11       6.181390163222e-13      -3.595512995296e-13       2.828033459763e-15       9.145263750270e-17       5.239267219937e-17       3.576555152354e-18 
 2350       1.866661143720e-11       6.198293381553e-13      -3.568672621303e-13       2.823955348410e-15       9.128988995293e-17       5.213659425942e-17       3.586966317657e-18 
 2351       1.859043860689e-11       6.215273824577e-13      -3.543773190875e-13       2.819879131164e-15       9.112749418232e-17       5.188125424117e-17       3.596665111059e-18 
 2352       1.851452105963e-11       6.232320047281e-13      -3.520810998357e-13       2.815804934301e-15       9.096544892549e-17       5.162667856338e-17       3.605697244426e-18 
 2353       1.843887076910e-11       6.249420565324e-13      -3.499782312638e-13       2.811732884477e-15       9.080375290892e-17       5.137289372780e-17       3.614108589809e-18 
 2354       1.836349974740e-11       6.266563854993e-13      -3.480683377121e-13       2.807663108720e-15       9.064240485088e-17       5.111992631918e-17       3.621945179613e-18 
 2355       1.828842004506e-11       6.283738353158e-13      -3.463510409695e-13       2.803595734437e-15       9.048140346152e-17       5.086780300543e-17       3.629253206772e-18 
 2356       1.821364375112e-11       6.300932457233e-13      -3.448259602700e-13       2.799530889413e-15       9.032074744276e-17       5.061655053767e-17       3.636079024916e-18 
 2357       1.813918299317e-11       6.318134525136e-13      -3.434927122895e-13       2.795468701808e-15       9.016043548835e-17       5.036619575031e-17       3.642469148548e-18 
 2358       1.806504993734e-11       6.335332875241e-13      -3.423509111431e-13       2.791409300162e-15       9.000046628380e-17       5.011676556115e-17       3.648470253213e-18 
 2359       1.799125678840e-11       6.352515786343e-13      -3.414001683812e-13       2.787352813391e-15       8.984083850644e-17       4.986828697145e-17       3.654129175669e-18 
 2360       1.791781472023e-11       6.369672151320e-13      -3.406397910358e-13       2.783299366297e-15       8.968155094077e-17       4.962078001333e-17       3.659490062665e-18 
 2361       1.784473066012e-11       6.386793442651e-13      -3.400678737154e-13       2.779249066048e-15       8.952260282553e-17       4.937423654396e-17       3.664585797580e-18 
 2362       1.777201048460e-11       6.403871759014e-13      -3.396822008712e-13       2.775202015615e-15       8.936399350878e-17       4.912864131995e-17       3.669446520937e-18 
 2363       1.769966008720e-11       6.420899172650e-13      -3.394805482268e-13       2.771158318256e-15       8.920572233268e-17       4.888397903808e-17       3.674102477080e-18 
 2364       1.762768537845e-11       6.437867729339e-13      -3.394606827688e-13       2.767118077517e-15       8.904778863348e-17       4.864023433520e-17       3.678584014285e-18 
 2365       1.755609228590e-11       6.454769448368e-13      -3.396203627368e-13       2.763081397233e-15       8.889019174148e-17       4.839739178821e-17       3.682921584870e-18 
 2366       1.748488675413e-11       6.471596322509e-13      -3.399573376142e-13       2.759048381529e-15       8.873293098108e-17       4.815543591394e-17       3.687145745306e-18 
 2367       1.741407474479e-11       6.488340317988e-13      -3.404693481182e-13       2.755019134818e-15       8.857600567072e-17       4.791435116912e-17       3.691287156329e-18 
 2368       1.734366223660e-11       6.504993374457e-13      -3.411541261904e-13       2.750993761802e-15       8.841941512289e-17       4.767412195027e-17       3.695376583044e-18 
 2369       1.727365522536e-11       6.521547404965e-13      -3.420093949866e-13       2.746972367474e-15       8.826315864414e-17       4.743473259371e-17       3.699444895046e-18 
 2370       1.720405972397e-11       6.537994295932e-13      -3.430328688678e-13       2.742955057116e-15       8.810723553504e-17       4.719616737542e-17       3.703523066520e-18 
 2371       1.713488176247e-11       6.554325907124e-13      -3.442222533902e-13       2.738941936301e-15       8.795164509020e-17       4.695841051100e-17       3.707642176358e-18 
 2372       1.706612738803e-11       6.570534071619e-13      -3.455752452955e-13       2.734933110893e-15       8.779638659824e-17       4.672144615561e-17       3.711833408267e-18 
 2373       1.699780266496e-11       6.586610595782e-13      -3.470895325013e-13       2.730928687045e-15       8.764145934182e-17       4.648525840390e-17       3.716128050881e-18 
 2374       1.692991367477e-11       6.602547259238e-13      -3.487627940915e-13       2.726928771203e-15       8.748686259756e-17       4.624983128993e-17       3.720557497869e-18 
 2375       1.686246651614e-11       6.618335814845e-13      -3.505927003064e-13       2.722933470104e-15       8.733259563612e-17       4.601514878714e-17       3.725153248048e-18 
 2376       1.679546730497e-11       6.633967988663e-13      -3.525769125335e-13       2.718942890777e-15       8.717865772212e-17       4.578119480822e-17       3.729946905492e-18 
 2377       1.672892217436e-11       6.649435479928e-13      -3.547130832972e-13       2.714957140540e-15       8.702504811417e-17       4.554795320511e-17       3.734970179643e-18 
 2378       1.666283727467e-11       6.664729961023e-13      -3.569988562498e-13       2.710976327008e-15       8.687176606488e-17       4.531540776890e-17       3.740254885419e-18 
 2379       1.659721877352e-11       6.679843077455e-13      -3.594318661611e-13       2.707000558085e-15       8.671881082077e-17       4.508354222976e-17       3.745832943331e-18 
 2380       1.653207285578e-11       6.694766447818e-13      -3.620097389096e-13       2.703029941969e-15       8.656618162237e-17       4.485234025688e-17       3.751736379585e-18 
 2381       1.646740572363e-11       6.709491663774e-13      -3.647300914721e-13       2.699064587151e-15       8.641387770414e-17       4.462178545842e-17       3.757997326200e-18 
 2382       1.640322359656e-11       6.724010290021e-13      -3.675905319142e-13       2.695104602416e-15       8.626189829447e-17       4.439186138141e-17       3.764648021112e-18 
 2383       1.633953271136e-11       6.738313864266e-13      -3.705886593811e-13       2.691150096841e-15       8.611024261571e-17       4.416255151171e-17       3.771720808289e-18 
 2384       1.627633932219e-11       6.752393897196e-13      -3.737220640872e-13       2.687201179797e-15       8.595890988412e-17       4.393383927394e-17       3.779248137841e-18 
 2385       1.621364970054e-11       6.766241872451e-13      -3.769883273070e-13       2.683257960952e-15       8.580789930987e-17       4.370570803139e-17       3.787262566128e-18 
 2386       1.615147013530e-11       6.779849246598e-13      -3.803850213652e-13       2.679320550264e-15       8.565721009706e-17       4.347814108601e-17       3.795796755873e-18 
 2387       1.608980693273e-11       6.793207449100e-13      -3.839097096271e-13       2.675389057990e-15       8.550684144369e-17       4.325112167826e-17       3.804883476269e-18 
 2388       1.602866641652e-11       6.806307882290e-13      -3.875599464889e-13       2.671463594679e-15       8.535679254164e-17       4.302463298712e-17       3.814555603095e-18 
 2389       1.596805492775e-11       6.819141921342e-13      -3.913332773680e-13       2.667544271176e-15       8.520706257670e-17       4.279865812997e-17       3.824846118821e-18 
 2390       1.590797882499e-11       6.831700914247e-13      -3.952272386935e-13       2.663631198623e-15       8.505765072852e-17       4.257318016257e-17       3.835788112722e-18 
 2391       1.584844448422e-11       6.843976181778e-13      -3.992393578961e-13       2.659724488455e-15       8.490855617062e-17       4.234818207895e-17       3.847414780986e-18 
 2392       1.578945829892e-11       6.855959017468e-13      -4.033671533991e-13       2.655824252406e-15       8.475977807040e-17       4.212364681137e-17       3.859759426827e-18 
 2393       1.573102668007e-11       6.867640687582e-13      -4.076081346083e-13       2.651930602505e-15       8.461131558911e-17       4.189955723024e-17       3.872855460592e-18 
 2394       1.567315605614e-11       6.879012431085e-13      -4.119598019021e-13       2.648043651077e-15       8.446316788184e-17       4.167589614407e-17       3.886736399876e-18 
 2395       1.561585287314e-11       6.890065459619e-13      -4.164196466226e-13       2.644163510744e-15       8.431533409752e-17       4.145264629937e-17       3.901435869630e-18 
 2396       1.555912359461e-11       6.900790957471e-13      -4.209851510652e-13       2.640290294427e-15       8.416781337893e-17       4.122979038064e-17       3.916987602268e-18 
 2397       1.550297470166e-11       6.911180081548e-13      -4.256537884693e-13       2.636424115343e-15       8.402060486265e-17       4.100731101025e-17       3.933425437784e-18 
 2398       1.544741269297e-11       6.921223961348e-13      -4.304230230084e-13       2.632565087007e-15       8.387370767910e-17       4.078519074838e-17       3.950783323860e-18 
 2399       1.539244286743e-11       6.930914820260e-13      -4.352902820992e-13       2.628713310351e-15       8.372712102428e-17       4.056341945865e-17       3.969077112600e-18 
 2400       1.533806566387e-11       6.940249346987e-13      -4.402528731622e-13       2.624868834999e-15       8.358084437568e-17       4.034201645408e-17       3.988249829118e-18 
 2401       1.528428029903e-11       6.949225344645e-13      -4.453080663338e-13       2.621031697759e-15       8.343487727768e-17       4.012100848616e-17       4.008226069136e-18 
 2402       1.523108598288e-11       6.957840611299e-13      -4.504531220912e-13       2.617201935476e-15       8.328921926992e-17       3.990042239150e-17       4.028930171755e-18 
 2403       1.517848191864e-11       6.966092939955e-13      -4.556852912421e-13       2.613379585038e-15       8.314386988720e-17       3.968028509196e-17       4.050286219183e-18 
 2404       1.512646730278e-11       6.973980118560e-13      -4.610018149149e-13       2.609564683375e-15       8.299882865958e-17       3.946062359470e-17       4.072218036473e-18 
 2405       1.507504132497e-11       6.981499929998e-13      -4.663999245480e-13       2.605757267454e-15       8.285409511230e-17       3.924146499231e-17       4.094649191246e-18 
 2406       1.502420316811e-11       6.988650152082e-13      -4.718768418798e-13       2.601957374286e-15       8.270966876581e-17       3.902283646286e-17       4.117502993431e-18 
 2407       1.497395200830e-11       6.995428557550e-13      -4.774297789384e-13       2.598165040922e-15       8.256554913574e-17       3.880476527001e-17       4.140702494985e-18 
 2408       1.492428701485e-11       7.001832914063e-13      -4.830559380314e-13       2.594380304454e-15       8.242173573291e-17       3.858727876308e-17       4.164170489636e-18 
 2409       1.487520735025e-11       7.007860984200e-13      -4.887525117355e-13       2.590603202012e-15       8.227822806333e-17       3.837040437713e-17       4.187829512604e-18 
 2410       1.482671217018e-11       7.013510525451e-13      -4.945166828864e-13       2.586833770772e-15       8.213502562816e-17       3.815416963310e-17       4.211601840338e-18 
 2411       1.477880062348e-11       7.018779290216e-13      -5.003456245685e-13       2.583072047946e-15       8.199212792376e-17       3.793860213782e-17       4.235409490246e-18 
 2412       1.473147185217e-11       7.023665025798e-13      -5.062365001048e-13       2.579318070789e-15       8.184953444161e-17       3.772372958415e-17       4.259174220425e-18 
 2413       1.468472499141e-11       7.028165474399e-13      -5.121864630464e-13       2.575571876597e-15       8.170724466838e-17       3.750957975106e-17       4.282817529392e-18 
 2414       1.463855916953e-11       7.032278373116e-13      -5.181926571624e-13       2.571833502707e-15       8.156525808585e-17       3.729618050369e-17       4.306260655815e-18 
 2415       1.459297350798e-11       7.036001453937e-13      -5.242522164297e-13       2.568102986495e-15       8.142357417099e-17       3.708355979348e-17       4.329424578245e-18 
 2416       1.454796712135e-11       7.039332443736e-13      -5.303622650228e-13       2.564380365379e-15       8.128219239585e-17       3.687174565822e-17       4.352230014849e-18 
 2417       1.450353911735e-11       7.042269064268e-13      -5.365199173032e-13       2.560665676819e-15       8.114111222765e-17       3.666076622214e-17       4.374597423136e-18 
 2418       1.445968859679e-11       7.044809032165e-13      -5.427222778097e-13       2.556958958314e-15       8.100033312871e-17       3.645064969602e-17       4.396446999690e-18 
 2419       1.441641465361e-11       7.046950058932e-13      -5.489664412476e-13       2.553260247404e-15       8.085985455647e-17       3.624142437727e-17       4.417698679906e-18 
 2420       1.437371637484e-11       7.048689850942e-13      -5.552494924790e-13       2.549569581672e-15       8.071967596348e-17       3.603311864999e-17       4.438272137712e-18 
 2421       1.433159284057e-11       7.050026109432e-13      -5.615685065122e-13       2.545886998739e-15       8.057979679741e-17       3.582576098510e-17       4.458086785309e-18 
 2422       1.429004312401e-11       7.050956530497e-13      -5.679205484914e-13       2.542212536268e-15       8.044021650099e-17       3.561937994038e-17       4.477061772896e-18 
 2423       1.424906629141e-11       7.051478805087e-13      -5.743026736868e-13       2.538546231965e-15       8.030093451207e-17       3.541400416060e-17       4.495115988402e-18 
 2424       1.420866140210e-11       7.051590619004e-13      -5.807119274840e-13       2.534888123573e-15       8.016195026357e-17       3.520966237758e-17       4.512168057222e-18 
 2425       1.416882750846e-11       7.051289652894e-13      -5.871453453741e-13       2.531238248879e-15       8.002326318349e-17       3.500638341030e-17       4.528136341940e-18 
 2426       1.412956365591e-11       7.050573582244e-13      -5.935999529431e-13       2.527596645709e-15       7.988487269491e-17       3.480419616494e-17       4.542938942068e-18 
 2427       1.409086888291e-11       7.049440077380e-13      -6.000727658620e-13       2.523963351932e-15       7.974677821596e-17       3.460312963504e-17       4.556493693769e-18 
 2428       1.405274222095e-11       7.047886803458e-13      -6.065607898761e-13       2.520338405455e-15       7.960897915983e-17       3.440321290151e-17       4.568718169596e-18 
 2429       1.401518269453e-11       7.045911420463e-13      -6.130610207953e-13       2.516721844229e-15       7.947147493477e-17       3.420447513278e-17       4.579529678219e-18 
 2430       1.397818932117e-11       7.043511583204e-13      -6.195704444837e-13       2.513113706243e-15       7.933426494408e-17       3.400694558484e-17       4.588845264156e-18 
 2431       1.394176111140e-11       7.040684941307e-13      -6.260860368488e-13       2.509514029529e-15       7.919734858608e-17       3.381065360136e-17       4.596581707503e-18 
 2432       1.390589706872e-11       7.037429139216e-13      -6.326047638322e-13       2.505922852160e-15       7.906072525414e-17       3.361562861375e-17       4.602655523668e-18 
 2433       1.387059618965e-11       7.033741816181e-13      -6.391235813987e-13       2.502340212249e-15       7.892439433664e-17       3.342190014129e-17       4.606982963103e-18 
 2434       1.383585746364e-11       7.029620606260e-13      -6.456394355261e-13       2.498766147950e-15       7.878835521701e-17       3.322949779114e-17       4.609480011029e-18 
 2435       1.380167987316e-11       7.025063138311e-13      -6.521492621951e-13       2.495200697458e-15       7.865260727366e-17       3.303845125852e-17       4.610062387172e-18 
 2436       1.376806239360e-11       7.020067035991e-13      -6.586499873794e-13       2.491643899010e-15       7.851714988001e-17       3.284879032672e-17       4.608645545494e-18 
 2437       1.373500399332e-11       7.014629917746e-13      -6.651385270346e-13       2.488095790882e-15       7.838198240452e-17       3.266054486725e-17       4.605144673922e-18 
 2438       1.370250296748e-11       7.008750204110e-13      -6.716119641533e-13       2.484556402055e-15       7.824710419801e-17       3.247373874070e-17       4.599500711354e-18 
 2439       1.367055493525e-11       7.002429544883e-13      -6.780680811108e-13       2.481025724138e-15       7.811251455587e-17       3.228837145941e-17       4.591758569946e-18 
 2440       1.363915483055e-11       6.995670406522e-13      -6.845048304954e-13       2.477503739272e-15       7.797821275568e-17       3.210443641486e-17       4.581989382076e-18 
 2441       1.360829756709e-11       6.988475266174e-13      -6.909201583284e-13       2.473990429458e-15       7.784419806970e-17       3.192192696683e-17       4.570264525978e-18 
 2442       1.357797803835e-11       6.980846611689e-13      -6.973120040567e-13       2.470485776551e-15       7.771046976497e-17       3.174083644331e-17       4.556655626006e-18 
 2443       1.354819111753e-11       6.972786941633e-13      -7.036783005464e-13       2.466989762265e-15       7.757702710319e-17       3.156115814055e-17       4.541234552883e-18 
 2444       1.351893165756e-11       6.964298765297e-13      -7.100169740761e-13       2.463502368168e-15       7.744386934079e-17       3.138288532294e-17       4.524073423963e-18 
 2445       1.349019449106e-11       6.955384602713e-13      -7.163259443304e-13       2.460023575686e-15       7.731099572891e-17       3.120601122302e-17       4.505244603484e-18 
 2446       1.346197443032e-11       6.946046984661e-13      -7.226031243929e-13       2.456553366100e-15       7.717840551337e-17       3.103052904142e-17       4.484820702825e-18 
 2447       1.343426626730e-11       6.936288452687e-13      -7.288464207398e-13       2.453091720548e-15       7.704609793469e-17       3.085643194684e-17       4.462874580762e-18 
 2448       1.340706477357e-11       6.926111559107e-13      -7.350537332332e-13       2.449638620021e-15       7.691407222805e-17       3.068371307602e-17       4.439479343724e-18 
 2449       1.338036470031e-11       6.915518867026e-13      -7.412229551141e-13       2.446194045369e-15       7.678232762333e-17       3.051236553367e-17       4.414708346049e-18 
 2450       1.335416077828e-11       6.904512950345e-13      -7.473519729962e-13       2.442757977293e-15       7.665086334506e-17       3.034238239249e-17       4.388635190241e-18 
 2451       1.332844771783e-11       6.893096393777e-13      -7.534386668592e-13       2.439330396354e-15       7.651967861244e-17       3.017375669306e-17       4.361333727224e-18 
 2452       1.330322020882e-11       6.881271792854e-13      -7.594809100415e-13       2.435911282964e-15       7.638877263931e-17       3.000648144388e-17       4.332878056600e-18 
 2453       1.327847292063e-11       6.869041753944e-13      -7.654765692343e-13       2.432500617392e-15       7.625814463419e-17       2.984054962127e-17       4.303342526906e-18 
 2454       1.325420050217e-11       6.856408894256e-13      -7.714235044747e-13       2.429098379760e-15       7.612779380020e-17       2.967595416938e-17       4.272801735867e-18 
 2455       1.323039758180e-11       6.843375841860e-13      -7.773195691386e-13       2.425704550045e-15       7.599771933512e-17       2.951268800014e-17       4.241330530655e-18 
 2456       1.320705876732e-11       6.829945235693e-13      -7.831626099347e-13       2.422319108078e-15       7.586792043136e-17       2.935074399319e-17       4.209004008143e-18 
 2457       1.318417864600e-11       6.816119725574e-13      -7.889504668973e-13       2.418942033544e-15       7.573839627595e-17       2.919011499591e-17       4.175897515162e-18 
 2458       1.316175178448e-11       6.801901972211e-13      -7.946809733800e-13       2.415573305982e-15       7.560914605051e-17       2.903079382333e-17       4.142086648759e-18 
 2459       1.313977272882e-11       6.787294647222e-13      -8.003519560488e-13       2.412212904786e-15       7.548016893130e-17       2.887277325810e-17       4.107647256448e-18 
 2460       1.311823600442e-11       6.772300433135e-13      -8.059612348753e-13       2.408860809200e-15       7.535146408917e-17       2.871604605049e-17       4.072655436472e-18 
 2461       1.309713611603e-11       6.756922023409e-13      -8.115066231306e-13       2.405516998324e-15       7.522303068955e-17       2.856060491830e-17       4.037187538056e-18 
 2462       1.307646754774e-11       6.741162122444e-13      -8.169859273779e-13       2.402181451111e-15       7.509486789250e-17       2.840644254689e-17       4.001320161663e-18 
 2463       1.305622476292e-11       6.725023445590e-13      -8.223969474665e-13       2.398854146365e-15       7.496697485261e-17       2.825355158906e-17       3.965130159251e-18 
 2464       1.303640220421e-11       6.708508719159e-13      -8.277374765246e-13       2.395535062745e-15       7.483935071907e-17       2.810192466510e-17       3.928694634528e-18 
 2465       1.301699429353e-11       6.691620680440e-13      -8.330053009528e-13       2.392224178761e-15       7.471199463565e-17       2.795155436270e-17       3.892090943210e-18 
 2466       1.299799543201e-11       6.674362077710e-13      -8.381982004178e-13       2.388921472776e-15       7.458490574067e-17       2.780243323692e-17       3.855396693275e-18 
 2467       1.297940000001e-11       6.656735670243e-13      -8.433139478451e-13       2.385626923005e-15       7.445808316699e-17       2.765455381018e-17       3.818689745222e-18 
 2468       1.296120235707e-11       6.638744228324e-13      -8.483503094126e-13       2.382340507515e-15       7.433152604205e-17       2.750790857218e-17       3.782048212322e-18 
 2469       1.294339684190e-11       6.620390533262e-13      -8.533050445443e-13       2.379062204224e-15       7.420523348781e-17       2.736248997992e-17       3.745550460881e-18 
 2470       1.292597777235e-11       6.601677377398e-13      -8.581759059030e-13       2.375791990904e-15       7.407920462076e-17       2.721829045760e-17       3.709275110490e-18 
 2471       1.290893944540e-11       6.582607564122e-13      -8.629606393841e-13       2.372529845175e-15       7.395343855195e-17       2.707530239666e-17       3.673301034284e-18 
 2472       1.289227613713e-11       6.563183907878e-13      -8.676569841086e-13       2.369275744512e-15       7.382793438692e-17       2.693351815565e-17       3.637707359198e-18 
 2473       1.287598210270e-11       6.543409234185e-13      -8.722626724166e-13       2.366029666237e-15       7.370269122574e-17       2.679293006028e-17       3.602573466222e-18 
 2474       1.286005157633e-11       6.523286379640e-13      -8.767754298609e-13       2.362791587527e-15       7.357770816298e-17       2.665353040335e-17       3.567978990659e-18 
 2475       1.284447877126e-11       6.502818191934e-13      -8.811929751996e-13       2.359561485408e-15       7.345298428773e-17       2.651531144469e-17       3.534003822379e-18 
 2476       1.282925787976e-11       6.482007529865e-13      -8.855130203903e-13       2.356339336754e-15       7.332851868355e-17       2.637826541116e-17       3.500728106076e-18 
 2477       1.281438244423e-11       6.460858146924e-13      -8.897336240954e-13       2.353125106768e-15       7.320431042576e-17       2.624238996046e-17       3.468215511743e-18 
 2478       1.279984346649e-11       6.439377347752e-13      -8.938542544975e-13       2.349918714318e-15       7.308035857303e-17       2.610770460786e-17       3.436462937509e-18 
 2479       1.278563128728e-11       6.417573347412e-13      -8.978747327535e-13       2.346720066395e-15       7.295666217574e-17       2.597423439653e-17       3.405450509987e-18 
 2480       1.277173621405e-11       6.395454389265e-13      -9.017948800532e-13       2.343529069612e-15       7.283322027864e-17       2.584200444252e-17       3.375158286988e-18 
 2481       1.275814852094e-11       6.373028745001e-13      -9.056145176187e-13       2.340345630211e-15       7.271003192092e-17       2.571103993485e-17       3.345566257448e-18 
 2482       1.274485844877e-11       6.350304714666e-13      -9.093334667055e-13       2.337169654058e-15       7.258709613616e-17       2.558136613560e-17       3.316654341355e-18 
 2483       1.273185620493e-11       6.327290626695e-13      -9.129515486021e-13       2.334001046644e-15       7.246441195234e-17       2.545300837994e-17       3.288402389682e-18 
 2484       1.271913196344e-11       6.303994837936e-13      -9.164685846308e-13       2.330839713084e-15       7.234197839183e-17       2.532599207624e-17       3.260790184314e-18 
 2485       1.270667586485e-11       6.280425733682e-13      -9.198843961474e-13       2.327685558118e-15       7.221979447137e-17       2.520034270613e-17       3.233797437978e-18 
 2486       1.269447801623e-11       6.256591727700e-13      -9.231988045417e-13       2.324538486109e-15       7.209785920208e-17       2.507608582454e-17       3.207403794170e-18 
 2487       1.268252849112e-11       6.232501262261e-13      -9.264116312379e-13       2.321398401044e-15       7.197617158947e-17       2.495324705981e-17       3.181588827086e-18 
 2488       1.267081732952e-11       6.208162808164e-13      -9.295226976947e-13       2.318265206533e-15       7.185473063339e-17       2.483185211377e-17       3.156332041552e-18 
 2489       1.265933453786e-11       6.183584864773e-13      -9.325318254051e-13       2.315138805806e-15       7.173353532805e-17       2.471192676174e-17       3.131612872949e-18 
 2490       1.264807008891e-11       6.158775960040e-13      -9.354388358977e-13       2.312019101719e-15       7.161258466200e-17       2.459349685269e-17       3.107410687145e-18 
 2491       1.263701392182e-11       6.133744650537e-13      -9.382435507356e-13       2.308905996746e-15       7.149187761816e-17       2.447658830924e-17       3.083704780425e-18 
 2492       1.262615594203e-11       6.108499521484e-13      -9.409457915180e-13       2.305799392984e-15       7.137141317375e-17       2.436122712778e-17       3.060474379418e-18 
 2493       1.261548602127e-11       6.083049186777e-13      -9.435453798793e-13       2.302699192152e-15       7.125119030035e-17       2.424743937851e-17       3.037698641026e-18 
 2494       1.260499399750e-11       6.057402289021e-13      -9.460421374900e-13       2.299605295587e-15       7.113120796384e-17       2.413525120551e-17       3.015356652354e-18 
 2495       1.259466967489e-11       6.031567499554e-13      -9.484358860567e-13       2.296517604248e-15       7.101146512443e-17       2.402468882685e-17       2.993427430639e-18 
 2496       1.258450282380e-11       6.005553518480e-13      -9.507264473227e-13       2.293436018712e-15       7.089196073663e-17       2.391577853460e-17       2.971889923178e-18 
 2497       1.257448318070e-11       5.979369074697e-13      -9.529136430674e-13       2.290360439176e-15       7.077269374925e-17       2.380854669495e-17       2.950723007258e-18 
 2498       1.256460044820e-11       5.953022925925e-13      -9.549972951076e-13       2.287290765456e-15       7.065366310541e-17       2.370301974827e-17       2.929905490086e-18 
 2499       1.255484429494e-11       5.926523858736e-13      -9.569772252970e-13       2.284226896986e-15       7.053486774250e-17       2.359922420915e-17       2.909416108714e-18 
 2500       1.254520435563e-11       5.899880688583e-13      -9.588532555266e-13       2.281168732818e-15       7.041630659221e-17       2.349718666651e-17       2.889233529975e-18 
