# dimensionless total lensed [l(l+1)/2pi] C_l's
# for l=2 to 2500, i.e. number of multipoles equal to 2499
#
# -> if you prefer output in CAMB/HealPix/LensPix units/order, set 'format' to 'camb' in input file
# -> if you don't want to see such a header, set 'headers' to 'no' in input file
# -> for CMB lensing (phi), these are C_l^phi-phi for the lensing potential.
#    Remember the conversion factors:
#    C_l^dd (deflection) = l(l+1) C_l^phi-phi
#    C_l^gg (shear/convergence) = 1/4 (l(l+1))^2 C_l^phi-phi
#
# 1:l     2:TT                     3:EE                     4:TE                     5:BB                     6:phiphi                 7:TPhi                   8:Ephi               
    2       1.339784110927e-10       4.094097990862e-15       3.507030227389e-13       1.350175274398e-19       7.831257797908e-09       4.188877211628e-10      -1.821249897097e-12 
    3       1.271805802408e-10       5.490163060147e-15       3.980377381160e-13       2.700916285942e-19       4.730873022331e-09       2.938886302538e-10      -1.415999847865e-12 
    4       1.206319821313e-10       5.000023610823e-15       3.766807241464e-13       4.502778545410e-19       3.244495028309e-09       2.203837907838e-10      -9.633306706873e-13 
    5       1.157068298548e-10       3.524624200965e-15       3.247117945096e-13       6.756500251762e-19       2.393896162352e-09       1.724405147480e-10      -5.701366915380e-13 
    6       1.123297414056e-10       2.063497405740e-15       2.644906204802e-13       9.462990252226e-19       1.850586451394e-09       1.390277479524e-10      -2.677018456016e-13 
    7       1.101722830351e-10       1.120245251839e-15       2.092897087473e-13       1.262331884678e-18       1.478705544606e-09       1.146703614171e-10      -6.179979611854e-14 
    8       1.089433780542e-10       6.891543370447e-16       1.652643953049e-13       1.623870684294e-18       1.211162686807e-09       9.628771842526e-11       5.649526796800e-14 
    9       1.084181139689e-10       5.395967477943e-16       1.342815324524e-13       2.031051293005e-18       1.011310927931e-09       8.204911114474e-11       1.044946828824e-13 
   10       1.083815533141e-10       4.698804003732e-16       1.156106123348e-13       2.484021946874e-18       8.576384501747e-10       7.084094505083e-11       1.033740693544e-13 
   11       1.088016410227e-10       4.000277870561e-16       1.070702103457e-13       2.982941682187e-18       7.313325839959e-10       6.268529092354e-11       7.451150970693e-14 
   12       1.095324134995e-10       3.361886627963e-16       1.058666663440e-13       3.527978638855e-18       6.353919961059e-10       5.513931454682e-11       3.568697503717e-14 
   13       1.104719102941e-10       3.014744965887e-16       1.093446846864e-13       4.119308253992e-18       5.569559510881e-10       4.901482375323e-11       2.940145329240e-16 
   14       1.116054548059e-10       2.991691177925e-16       1.153994418714e-13       4.757111369428e-18       4.919638473102e-10       4.366566934481e-11      -2.464078834266e-14 
   15       1.129555408156e-10       3.163019025404e-16       1.225342757817e-13       5.441572280751e-18       4.374812081531e-10       3.920165833255e-11      -3.649041939391e-14 
   16       1.144042359278e-10       3.417999518260e-16       1.298222514766e-13       6.172876759010e-18       3.913423791911e-10       3.545344263340e-11      -3.676068434071e-14 
   17       1.159899248394e-10       3.756517837322e-16       1.369510723514e-13       6.951210079320e-18       3.519177582063e-10       3.221493385567e-11      -2.920976036641e-14 
   18       1.176602540896e-10       4.249958246984e-16       1.439661070967e-13       7.776755115674e-18       3.178348574260e-10       2.934315580368e-11      -1.844314684026e-14 
   19       1.194285515830e-10       4.934995399026e-16       1.510896088202e-13       8.649690381857e-18       2.885048400476e-10       2.682455119339e-11      -7.869168319362e-15 
   20       1.212890233077e-10       5.823977712618e-16       1.585817410894e-13       9.570188521195e-18       2.627718336306e-10       2.462300134933e-11      -6.960354223365e-16 
   21       1.232378347502e-10       6.899366513112e-16       1.665429469110e-13       1.053841456812e-17       2.402054925256e-10       2.270069873065e-11       2.202710595879e-15 
   22       1.252432616334e-10       8.130874582615e-16       1.749637207141e-13       1.155452449693e-17       2.202387123011e-10       2.098643124291e-11       1.096821876767e-15 
   23       1.273168987568e-10       9.521443441915e-16       1.836627922332e-13       1.261866457714e-17       2.025864473471e-10       1.945187750275e-11      -2.770546047332e-15 
   24       1.294609683327e-10       1.108175851121e-15       1.923320334214e-13       1.373096964347e-17       1.868278016634e-10       1.806597266252e-11      -7.551694346430e-15 
   25       1.316656281205e-10       1.280928987286e-15       2.005973922782e-13       1.489156311364e-17       1.727360152807e-10       1.682663929905e-11      -1.176099759075e-14 
   26       1.339055208254e-10       1.469811192318e-15       2.080610922222e-13       1.610055579849e-17       1.600225429964e-10       1.572735754188e-11      -1.408215607014e-14 
   27       1.361914992276e-10       1.675753307567e-15       2.145825679189e-13       1.735804912300e-17       1.486132535228e-10       1.475273894350e-11      -1.441417001289e-14 
   28       1.385316112018e-10       1.900298480471e-15       2.201092254784e-13       1.866413082980e-17       1.383614939247e-10       1.386810119027e-11      -1.316274411545e-14 
   29       1.409204083706e-10       2.145087184897e-15       2.246088290545e-13       2.001887521299e-17       1.290079200874e-10       1.303013391431e-11      -1.090523607830e-14 
   30       1.433629077025e-10       2.411377578053e-15       2.280821532733e-13       2.142235183013e-17       1.204954025080e-10       1.224339884975e-11      -8.244083330585e-15 
   31       1.458565031311e-10       2.700344178607e-15       2.305587857531e-13       2.287461856117e-17       1.127558883561e-10       1.152460182148e-11      -5.922340724048e-15 
   32       1.483892780885e-10       3.013128780100e-15       2.320830446868e-13       2.437572166561e-17       1.056609912141e-10       1.088421038219e-11      -4.667060992805e-15 
   33       1.509623113436e-10       3.350586779153e-15       2.326683683877e-13       2.592570700387e-17       9.916830928996e-11       1.031412979470e-11      -4.458304542427e-15 
   34       1.535732362356e-10       3.713439621304e-15       2.323279075423e-13       2.752461185744e-17       9.321655096662e-11       9.794217461361e-12      -4.986808504559e-15 
   35       1.562146088330e-10       4.102374480352e-15       2.310620195012e-13       2.917246614099e-17       8.771266110824e-11       9.301685951764e-12      -5.886454281478e-15 
   36       1.588924643063e-10       4.518184075195e-15       2.287717240426e-13       3.086930858066e-17       8.263998610690e-11       8.835479829461e-12      -6.910345201614e-15 
   37       1.616127337360e-10       4.961668162084e-15       2.253138181429e-13       3.261517570061e-17       7.798056412393e-11       8.399638102809e-12      -7.806603160987e-15 
   38       1.643754572850e-10       5.433592839292e-15       2.205216273235e-13       3.441009740573e-17       7.368250455466e-11       7.996605879802e-12      -8.267006969505e-15 
   39       1.671766623199e-10       5.934656650487e-15       2.142402381506e-13       3.625410173303e-17       6.967816610653e-11       7.626958509735e-12      -8.027777573804e-15 
   40       1.700164294370e-10       6.465381966053e-15       2.064507886139e-13       3.814723130697e-17       6.595371479065e-11       7.288902144837e-12      -7.222282335234e-15 
   41       1.728924333666e-10       7.026181762526e-15       1.971857093470e-13       4.008953232174e-17       6.249807576552e-11       6.978299120357e-12      -6.142399525743e-15 
   42       1.757971373750e-10       7.617382284211e-15       1.864965468939e-13       4.208105043378e-17       5.928222119336e-11       6.688561327288e-12      -5.148622265893e-15 
   43       1.787217931560e-10       8.239308520077e-15       1.744361462360e-13       4.412183263625e-17       5.626955575707e-11       6.412609361080e-12      -4.581465720233e-15 
   44       1.816710952324e-10       8.892584963635e-15       1.609958994728e-13       4.621193294143e-17       5.345449415271e-11       6.149930201186e-12      -4.452510671436e-15 
   45       1.846522673818e-10       9.577919751209e-15       1.461508237212e-13       4.835140892494e-17       5.083338537855e-11       5.901399779842e-12      -4.664260864622e-15 
   46       1.876707677728e-10       1.029602253662e-14       1.298767255634e-13       5.054032063550e-17       4.839295022110e-11       5.667272820007e-12      -5.093107799096e-15 
   47       1.907300821288e-10       1.104760496773e-14       1.121501248354e-13       5.277873096582e-17       4.610953571568e-11       5.447128927784e-12      -5.587744237613e-15 
   48       1.938316488956e-10       1.183328756817e-14       9.294553435835e-14       5.506670254405e-17       4.395621873999e-11       5.240124797747e-12      -6.003145252718e-15 
   49       1.969750924178e-10       1.265328823087e-14       7.222657020366e-14       5.740428650655e-17       4.192822425119e-11       5.045960681761e-12      -6.317540192897e-15 
   50       2.001577001237e-10       1.350764673344e-14       4.995220457981e-14       5.979153119747e-17       4.002339121826e-11       4.864093736608e-12      -6.545687912219e-15 
   51       2.033741010851e-10       1.439630647361e-14       2.607898518299e-14       6.222848556057e-17       3.823461248668e-11       4.693418350008e-12      -6.706410640707e-15 
   52       2.066160659151e-10       1.531911017050e-14       5.608240842630e-16       6.471519933250e-17       3.654948970502e-11       4.532227851042e-12      -6.822822163863e-15 
   53       2.098754422223e-10       1.627590997569e-14      -2.664547742186e-14       6.725171537881e-17       3.495411579348e-11       4.378691488530e-12      -6.918861792411e-15 
   54       2.131543077563e-10       1.726694094239e-14      -5.556150043504e-14       6.983804394297e-17       3.344635854679e-11       4.232517497938e-12      -7.007324679326e-15 
   55       2.164570793232e-10       1.829253609924e-14      -8.620148890134e-14       7.247418211262e-17       3.202539140122e-11       4.093650946985e-12      -7.099151268644e-15 
   56       2.197875386713e-10       1.935302093374e-14      -1.185776353082e-13       7.516012096442e-17       3.068769674117e-11       3.961779590556e-12      -7.206923727673e-15 
   57       2.231487638596e-10       2.044871389070e-14      -1.527000512959e-13       7.789584542795e-17       2.942689388833e-11       3.836317185651e-12      -7.344939233021e-15 
   58       2.265430606268e-10       2.157992687055e-14      -1.885767382687e-13       8.068133414959e-17       2.823356709077e-11       3.716386806335e-12      -7.529283256636e-15 
   59       2.299719711303e-10       2.274688397969e-14      -2.262108700187e-13       8.351655564105e-17       2.709779835125e-11       3.601088882305e-12      -7.771892323864e-15 
   60       2.334364584095e-10       2.394945461565e-14      -2.655919704283e-13       8.640145598954e-17       2.601784344947e-11       3.490415897856e-12      -8.060965741864e-15 
   61       2.369366435404e-10       2.518735916700e-14      -3.067026313859e-13       8.933596804793e-17       2.499317032652e-11       3.384521002312e-12      -8.376126329597e-15 
   62       2.404716673703e-10       2.646024308494e-14      -3.495209025865e-13       9.232001464255e-17       2.402185271870e-11       3.283445073716e-12      -8.693903179042e-15 
   63       2.440396245093e-10       2.776767461061e-14      -3.940201710248e-13       9.535350831113e-17       2.310048983616e-11       3.187109685432e-12      -8.987601194515e-15 
   64       2.476374973212e-10       2.910914250232e-14      -4.401690404879e-13       9.843635104079e-17       2.222412604143e-11       3.095310072742e-12      -9.227170631995e-15 
   65       2.512622601499e-10       3.048407299741e-14      -4.879381880553e-13       1.015684451305e-16       2.138758255549e-11       3.007782362208e-12      -9.386334823252e-15 
   66       2.549146120714e-10       3.189188997819e-14      -5.373228920278e-13       1.047497290408e-16       2.058996079457e-11       2.924437606620e-12      -9.466020899680e-15 
   67       2.585959190130e-10       3.333196352301e-14      -5.883250737040e-13       1.079801486907e-16       1.983095199823e-11       2.845164888200e-12      -9.475672741668e-15 
   68       2.623070806221e-10       3.480359009370e-14      -6.409468146235e-13       1.112596470508e-16       1.910946929689e-11       2.769756565863e-12      -9.426501865483e-15 
   69       2.660484969905e-10       3.630599080080e-14      -6.951904312217e-13       1.145881641929e-16       1.842360688771e-11       2.697903319100e-12      -9.331559988745e-15 
   70       2.698200353805e-10       3.783830966891e-14      -7.510585494837e-13       1.179656373390e-16       1.777059921042e-11       2.629189191851e-12      -9.205811595898e-15 
   71       2.736209969495e-10       3.939961190192e-14      -8.085541795981e-13       1.213920009105e-16       1.714678012320e-11       2.563086636388e-12      -9.066206503682e-15 
   72       2.774506050630e-10       4.098895174532e-14      -8.676753858905e-13       1.248672078289e-16       1.654850556954e-11       2.499089041401e-12      -8.928245119778e-15 
   73       2.813096526921e-10       4.260559500846e-14      -9.283979462652e-13       1.283912980438e-16       1.597521733619e-11       2.437148780573e-12      -8.794749686292e-15 
   74       2.851991125735e-10       4.424883631938e-14      -9.906894836582e-13       1.319643433088e-16       1.542689634585e-11       2.377314682402e-12      -8.665058779072e-15 
   75       2.891196226366e-10       4.591793316912e-14      -1.054514527925e-12       1.355864276208e-16       1.490313276694e-11       2.319600209843e-12      -8.538336257900e-15 
   76       2.930714646370e-10       4.761210576598e-14      -1.119834467099e-12       1.392576477539e-16       1.440310718697e-11       2.263981643095e-12      -8.413563756469e-15 
   77       2.970545427906e-10       4.933053688978e-14      -1.186607498649e-12       1.429781137943e-16       1.392557178587e-11       2.210396262385e-12      -8.289533172351e-15 
   78       3.010683624064e-10       5.107237174609e-14      -1.254788580742e-12       1.467479496740e-16       1.346883150942e-11       2.158740530760e-12      -8.164839156978e-15 
   79       3.051120085207e-10       5.283671782052e-14      -1.324329383496e-12       1.505672937057e-16       1.303072524255e-11       2.108868276870e-12      -8.037871605609e-15 
   80       3.091845444309e-10       5.462261527033e-14      -1.395181779886e-12       1.544362990546e-16       1.260915132637e-11       2.060631851874e-12      -7.907380232181e-15 
   81       3.132863340111e-10       5.642894249822e-14      -1.467309123862e-12       1.583551340738e-16       1.220379063107e-11       2.014017829405e-12      -7.774297730885e-15 
   82       3.174179111086e-10       5.825449383709e-14      -1.540676851049e-12       1.623239830029e-16       1.181464975489e-11       1.969031665062e-12      -7.640221008592e-15 
   83       3.215795666582e-10       6.009800687545e-14      -1.615249129613e-12       1.663430465604e-16       1.144153464754e-11       1.925655809808e-12      -7.506870258652e-15 
   84       3.257713350924e-10       6.195816176607e-14      -1.690988877075e-12       1.704125424768e-16       1.108404186392e-11       1.883848688580e-12      -7.376092045032e-15 
   85       3.299929807503e-10       6.383358053467e-14      -1.767857777110e-12       1.745327060281e-16       1.074154981799e-11       1.843543678887e-12      -7.249862386453e-15 
   86       3.342439842877e-10       6.572282638851e-14      -1.845816296362e-12       1.787037905687e-16       1.041321003654e-11       1.804648089416e-12      -7.130289840528e-15 
   87       3.385235290860e-10       6.762440302511e-14      -1.924823701249e-12       1.829260680645e-16       1.009793841303e-11       1.767042138639e-12      -7.019618587902e-15 
   88       3.428304876620e-10       6.953675394084e-14      -2.004838074769e-12       1.871998296264e-16       9.794406461335e-12       1.730577933410e-12      -6.920231516387e-15 
   89       3.471637826639e-10       7.145831227585e-14      -2.085815729654e-12       1.915253597139e-16       9.501351526801e-12       1.695116399379e-12      -6.834062229426e-15 
   90       3.515235643818e-10       7.338766081661e-14      -2.167709305699e-12       1.959028529460e-16       9.218582252224e-12       1.660646937798e-12      -6.760718642408e-15 
   91       3.559101937702e-10       7.532339593557e-14      -2.250469403540e-12       2.003324851621e-16       8.946115456435e-12       1.627184744463e-12      -6.699069352663e-15 
   92       3.603238764377e-10       7.726407935410e-14      -2.334045169400e-12       2.048144387269e-16       8.683867305528e-12       1.594734082355e-12      -6.647802821761e-15 
   93       3.647646546682e-10       7.920823820825e-14      -2.418384302852e-12       2.093489026691e-16       8.431649345050e-12       1.563287828807e-12      -6.605421604582e-15 
   94       3.692323994419e-10       8.115436511446e-14      -2.503433064578e-12       2.139360728199e-16       8.189164532189e-12       1.532827022673e-12      -6.570236578391e-15 
   95       3.737268024570e-10       8.310091823537e-14      -2.589136284142e-12       2.185761519520e-16       7.956003267964e-12       1.503320411505e-12      -6.540361171907e-15 
   96       3.782473681506e-10       8.504632134550e-14      -2.675437367746e-12       2.232693499184e-16       7.731639429414e-12       1.474723998717e-12      -6.513705594376e-15 
   97       3.827934057203e-10       8.698896389706e-14      -2.762278305999e-12       2.280158837907e-16       7.515426401787e-12       1.446980590755e-12      -6.487971064643e-15 
   98       3.873640211451e-10       8.892720108566e-14      -2.849599681678e-12       2.328159779984e-16       7.306593110730e-12       1.420019344274e-12      -6.460644040221e-15 
   99       3.919583367797e-10       9.085938089547e-14      -2.937341345608e-12       2.376698764482e-16       7.104417426711e-12       1.393772897517e-12      -6.429515952216e-15 
  100       3.965762028732e-10       9.278392946341e-14      -3.025444536731e-12       2.425778805429e-16       6.908782980130e-12       1.368232512040e-12      -6.394338882187e-15 
  101       4.012175724775e-10       9.469927798449e-14      -3.113850078148e-12       2.475403168305e-16       6.719694210179e-12       1.343399936454e-12      -6.355394767982e-15 
  102       4.058822777116e-10       9.660383719883e-14      -3.202497751456e-12       2.525575257839e-16       6.537104233815e-12       1.319270282336e-12      -6.312991410792e-15 
  103       4.105700245406e-10       9.849599778451e-14      -3.291326312608e-12       2.576298620849e-16       6.360913027918e-12       1.295831784538e-12      -6.267463073996e-15 
  104       4.152803875561e-10       1.003741307503e-13      -3.380273507783e-12       2.627576949082e-16       6.190965611447e-12       1.273065561506e-12      -6.219171081999e-15 
  105       4.200128047555e-10       1.022365878284e-13      -3.469276089240e-12       2.679414082052e-16       6.027050227595e-12       1.250945375588e-12      -6.168504419069e-15 
  106       4.247665723223e-10       1.040817018674e-13      -3.558269831186e-12       2.731814009883e-16       5.868896525943e-12       1.229437393345e-12      -6.115880328180e-15 
  107       4.295408394049e-10       1.059077872246e-13      -3.647189545635e-12       2.784780876146e-16       5.716173744620e-12       1.208499945867e-12      -6.061744909850e-15 
  108       4.343346028972e-10       1.077131401594e-13      -3.735969098275e-12       2.838318980699e-16       5.568488892453e-12       1.188083289083e-12      -6.006573720980e-15 
  109       4.391467022179e-10       1.094960392256e-13      -3.824541424325e-12       2.892432782527e-16       5.425384931128e-12       1.168129364073e-12      -5.950872373692e-15 
  110       4.439760258890e-10       1.112547881148e-13      -3.912839284065e-12       2.947126954596e-16       5.286441958617e-12       1.148585724222e-12      -5.895093309247e-15 
  111       4.488221725196e-10       1.129878495746e-13      -4.000797605282e-12       3.002406550299e-16       5.151599377161e-12       1.129449856673e-12      -5.839372729388e-15 
  112       4.536848650376e-10       1.146937294440e-13      -4.088351471686e-12       3.058276863725e-16       5.020871745641e-12       1.110730110886e-12      -5.783760961979e-15 
  113       4.585637433505e-10       1.163709365354e-13      -4.175435432911e-12       3.114743382862e-16       4.894248667646e-12       1.092431939540e-12      -5.728303053950e-15 
  114       4.634583612060e-10       1.180179834446e-13      -4.261983527643e-12       3.171811792945e-16       4.771693985926e-12       1.074557798076e-12      -5.673038546306e-15 
  115       4.683681830540e-10       1.196333873610e-13      -4.347929306760e-12       3.229487979812e-16       4.653144976842e-12       1.057107044244e-12      -5.618001249130e-15 
  116       4.732925809073e-10       1.212156708775e-13      -4.433205856455e-12       3.287778033249e-16       4.538511544819e-12       1.040075837642e-12      -5.563219016596e-15 
  117       4.782308312033e-10       1.227633628003e-13      -4.517745821373e-12       3.346688250346e-16       4.427675416805e-12       1.023457039265e-12      -5.508713521970e-15 
  118       4.831821116651e-10       1.242749989590e-13      -4.601481427744e-12       3.406225138845e-16       4.320489336718e-12       1.007240111048e-12      -5.454500032625e-15 
  119       4.881454981626e-10       1.257491230167e-13      -4.684344506508e-12       3.466395420490e-16       4.216776259901e-12       9.914110154076e-13      -5.400587185039e-15 
  120       4.931199615742e-10       1.271842872798e-13      -4.766266516456e-12       3.527206034383e-16       4.116328547579e-12       9.759521147884e-13      -5.346976759812e-15 
  121       4.981043646478e-10       1.285790535078e-13      -4.847178567356e-12       3.588664140326e-16       4.018907161303e-12       9.608420712073e-13      -5.293663456665e-15 
  122       5.030974588623e-10       1.299319937239e-13      -4.927011443083e-12       3.650777122183e-16       3.924240857416e-12       9.460557457962e-13      -5.240634669451e-15 
  123       5.080980352495e-10       1.312417334705e-13      -5.005696270536e-12       3.713552112587e-16       3.832083783643e-12       9.315700716726e-13      -5.187871900446e-15 
  124       5.131054031666e-10       1.325070854803e-13      -5.083166564094e-12       3.776994498142e-16       3.742397477031e-12       9.173826504757e-13      -5.135355666437e-15 
  125       5.181189608670e-10       1.337269329596e-13      -5.159356460714e-12       3.841109248015e-16       3.655188353521e-12       9.034951128661e-13      -5.083060734860e-15 
  126       5.231380445583e-10       1.349001896501e-13      -5.234200123115e-12       3.905901376775e-16       3.570450836032e-12       8.899072836462e-13      -5.030954325088e-15 
  127       5.281619264751e-10       1.360258009723e-13      -5.307631767991e-12       3.971375943981e-16       3.488167008408e-12       8.766171283013e-13      -4.978995896337e-15 
  128       5.331898129515e-10       1.371027451700e-13      -5.379585694220e-12       4.037538053769e-16       3.408306269376e-12       8.636206995410e-13      -4.927136935570e-15 
  129       5.382208424935e-10       1.381300344538e-13      -5.449996311083e-12       4.104392854429e-16       3.330824986490e-12       8.509120838400e-13      -4.875320745399e-15 
  130       5.432540838522e-10       1.391067161453e-13      -5.518798166469e-12       4.171945538001e-16       3.255666150087e-12       8.384833479797e-13      -4.823482231995e-15 
  131       5.482885340959e-10       1.400318738208e-13      -5.585925975096e-12       4.240201339850e-16       3.182759027233e-12       8.263244855891e-13      -4.771547692990e-15 
  132       5.533231166826e-10       1.409046284554e-13      -5.651314646717e-12       4.309165538257e-16       3.112018815678e-12       8.144233636861e-13      -4.719434605382e-15 
  133       5.583566795335e-10       1.417241395669e-13      -5.714899314335e-12       4.378843454003e-16       3.043346297804e-12       8.027656692187e-13      -4.667051413440e-15 
  134       5.633879931046e-10       1.424896063597e-13      -5.776615362419e-12       4.449240449953e-16       2.976627494578e-12       7.913348556059e-13      -4.614297316608e-15 
  135       5.684157484600e-10       1.432002688689e-13      -5.836398455110e-12       4.520361930642e-16       2.911733319501e-12       7.801120892792e-13      -4.561062057412e-15 
  136       5.734385553441e-10       1.438554091040e-13      -5.894184564439e-12       4.592213341860e-16       2.848519232559e-12       7.690761962237e-13      -4.507225709363e-15 
  137       5.784550707230e-10       1.444543857521e-13      -5.949910621221e-12       4.664800270961e-16       2.786855411233e-12       7.582086707082e-13      -4.452693197516e-15 
  138       5.834644034989e-10       1.449967399192e-13      -6.003516484023e-12       4.738128760386e-16       2.726721519652e-12       7.475093995986e-13      -4.397502340693e-15 
  139       5.884657482156e-10       1.454821025509e-13      -6.054943228385e-12       4.812205025951e-16       2.668121135601e-12       7.369824713983e-13      -4.341726639288e-15 
  140       5.934582572588e-10       1.459101631994e-13      -6.104132574285e-12       4.887035359249e-16       2.611051962440e-12       7.266312389253e-13      -4.285441554042e-15 
  141       5.984410397570e-10       1.462806713800e-13      -6.151026918303e-12       4.962626127881e-16       2.555505676749e-12       7.164582979849e-13      -4.228724514398e-15 
  142       6.034131604817e-10       1.465934379285e-13      -6.195569365788e-12       5.038983775675e-16       2.501467775979e-12       7.064654660405e-13      -4.171654926867e-15 
  143       6.083736387488e-10       1.468483363579e-13      -6.237703763019e-12       5.116114822914e-16       2.448917426096e-12       6.966537608864e-13      -4.114314183384e-15 
  144       6.133214473188e-10       1.470453042154e-13      -6.277374729377e-12       5.194025866558e-16       2.397827309237e-12       6.870233793190e-13      -4.056785669670e-15 
  145       6.182555112979e-10       1.471843444394e-13      -6.314527689503e-12       5.272723580471e-16       2.348163471352e-12       6.775736758089e-13      -3.999154773587e-15 
  146       6.231747070384e-10       1.472655267163e-13      -6.349108905467e-12       5.352214715642e-16       2.299885169853e-12       6.683031411728e-13      -3.941508893503e-15 
  147       6.280778610397e-10       1.472889888376e-13      -6.381065508931e-12       5.432506100412e-16       2.252944721265e-12       6.592093812454e-13      -3.883937446651e-15 
  148       6.329637488491e-10       1.472549380568e-13      -6.410345533316e-12       5.513604640699e-16       2.207287348875e-12       6.502890955509e-13      -3.826531877483e-15 
  149       6.378310939621e-10       1.471636524461e-13      -6.436897945965e-12       5.595517320219e-16       2.162851030376e-12       6.415380559753e-13      -3.769385666038e-15 
  150       6.426785667235e-10       1.470154822539e-13      -6.460672680310e-12       5.678251200712e-16       2.119566345520e-12       6.329510854382e-13      -3.712594336294e-15 
  151       6.475047832281e-10       1.468108512611e-13      -6.481620668035e-12       5.761813422170e-16       2.077356323763e-12       6.245220365643e-13      -3.656255464532e-15 
  152       6.523083042214e-10       1.465502581385e-13      -6.499693871241e-12       5.846211203055e-16       2.036136291916e-12       6.162437703556e-13      -3.600468687697e-15 
  153       6.570877407130e-10       1.462342854005e-13      -6.514845604012e-12       5.931451290660e-16       1.995831123129e-12       6.081096555737e-13      -3.545314910946e-15 
  154       6.618420841753e-10       1.458636243475e-13      -6.527031463037e-12       6.017538254228e-16       1.956429108299e-12       6.001182685719e-13      -3.490791738347e-15 
  155       6.665704050797e-10       1.454390550397e-13      -6.536208545208e-12       6.104476032890e-16       1.917932824142e-12       5.922690916205e-13      -3.436872029300e-15 
  156       6.712717483904e-10       1.449614402922e-13      -6.542335199348e-12       6.192268468719e-16       1.880342118643e-12       5.845610179832e-13      -3.383524063247e-15 
  157       6.759451330090e-10       1.444317270709e-13      -6.545371059852e-12       6.280919304153e-16       1.843654047321e-12       5.769923383332e-13      -3.330711442101e-15 
  158       6.805895512185e-10       1.438509478879e-13      -6.545277080326e-12       6.370432179423e-16       1.807862809505e-12       5.695607271706e-13      -3.278392992662e-15 
  159       6.852039681274e-10       1.432202221975e-13      -6.542015567227e-12       6.460810629974e-16       1.772959684605e-12       5.622632292389e-13      -3.226522669042e-15 
  160       6.897873211143e-10       1.425407577911e-13      -6.535550213498e-12       6.552058083888e-16       1.738932968387e-12       5.550962459417e-13      -3.175049455086e-15 
  161       6.943385192717e-10       1.418138521937e-13      -6.525846132212e-12       6.644177859311e-16       1.705767909243e-12       5.480555217596e-13      -3.123917266796e-15 
  162       6.988564428504e-10       1.410408940589e-13      -6.512869890208e-12       6.737173161875e-16       1.673446644462e-12       5.411361306667e-13      -3.073064854754e-15 
  163       7.033399427038e-10       1.402233645650e-13      -6.496589541728e-12       6.831047082120e-16       1.641948136508e-12       5.343324625477e-13      -3.022425706538e-15 
  164       7.077878397318e-10       1.393628388102e-13      -6.476974662060e-12       6.925802592925e-16       1.611248109287e-12       5.276382096142e-13      -2.971927949153e-15 
  165       7.121989243256e-10       1.384609872084e-13      -6.453996381176e-12       7.021442546923e-16       1.581318984423e-12       5.210463528222e-13      -2.921494251447e-15 
  166       7.165719558113e-10       1.375195768851e-13      -6.427627417368e-12       7.117969673930e-16       1.552129817529e-12       5.145491482879e-13      -2.871041726536e-15 
  167       7.209056618943e-10       1.365404730725e-13      -6.397842110888e-12       7.215386578369e-16       1.523646234480e-12       5.081381137053e-13      -2.820481834225e-15 
  168       7.251987381038e-10       1.355256405057e-13      -6.364616457591e-12       7.313695736692e-16       1.495830367683e-12       5.018040147623e-13      -2.769720283432e-15 
  169       7.294498472366e-10       1.344771448178e-13      -6.327928142568e-12       7.412899494806e-16       1.468640792354e-12       4.955368515579e-13      -2.718656934607e-15 
  170       7.336576188016e-10       1.333971539361e-13      -6.287756573788e-12       7.513000065496e-16       1.442032462787e-12       4.893258450189e-13      -2.667185702158e-15 
  171       7.378207398237e-10       1.322878915177e-13      -6.244082563727e-12       7.613999444725e-16       1.415965694939e-12       4.831620151748e-13      -2.615223013341e-15 
  172       7.419382369153e-10       1.311514899805e-13      -6.196887274041e-12       7.715899158106e-16       1.390434088062e-12       4.770461856642e-13      -2.562796052041e-15 
  173       7.460092167684e-10       1.299901278353e-13      -6.146153246951e-12       7.818700488257e-16       1.365438819930e-12       4.709816237314e-13      -2.509961720129e-15 
  174       7.500327767309e-10       1.288060777330e-13      -6.091864781287e-12       7.922404551136e-16       1.340979783473e-12       4.649715054595e-13      -2.456778762084e-15 
  175       7.540080046229e-10       1.276017076648e-13      -6.034007964697e-12       8.027012293132e-16       1.317055559957e-12       4.590189127616e-13      -2.403307783929e-15 
  176       7.579339785542e-10       1.263794821619e-13      -5.972570705847e-12       8.132524488159e-16       1.293663392169e-12       4.531268303720e-13      -2.349611272158e-15 
  177       7.618097667409e-10       1.251419634957e-13      -5.907542766622e-12       8.238941734752e-16       1.270799157592e-12       4.472981428382e-13      -2.295753612671e-15 
  178       7.656344273225e-10       1.238918128777e-13      -5.838915794332e-12       8.346264453153e-16       1.248457341592e-12       4.415356315119e-13      -2.241801109704e-15 
  179       7.694070081788e-10       1.226317916592e-13      -5.766683353913e-12       8.454492882411e-16       1.226631010597e-12       4.358419715407e-13      -2.187822004761e-15 
  180       7.731265467470e-10       1.213647625319e-13      -5.690840960130e-12       8.563627077471e-16       1.205311785275e-12       4.302197288594e-13      -2.133886495547e-15 
  181       7.767920698384e-10       1.200936907268e-13      -5.611386109778e-12       8.673666906269e-16       1.184489813722e-12       4.246713571815e-13      -2.080066754897e-15 
  182       7.804025934557e-10       1.188216452154e-13      -5.528318313887e-12       8.784612046822e-16       1.164153744636e-12       4.191991949907e-13      -2.026436949711e-15 
  183       7.839571226097e-10       1.175517999088e-13      -5.441639129926e-12       8.896461984324e-16       1.144290700503e-12       4.138054625323e-13      -1.973073259883e-15 
  184       7.874546511362e-10       1.162874348578e-13      -5.351352194002e-12       9.009216008240e-16       1.124886250776e-12       4.084922588048e-13      -1.920053897235e-15 
  185       7.908941615134e-10       1.150319374531e-13      -5.257463253063e-12       9.122873209393e-16       1.105924385058e-12       4.032615585509e-13      -1.867459124445e-15 
  186       7.942746246783e-10       1.137888036253e-13      -5.159980197104e-12       9.237432477065e-16       1.087387486278e-12       3.981152092496e-13      -1.815371273984e-15 
  187       7.975949998439e-10       1.125616390443e-13      -5.058913091368e-12       9.352892496081e-16       1.069256303880e-12       3.930549281072e-13      -1.763874767044e-15 
  188       8.008542343165e-10       1.113541603200e-13      -4.954274208547e-12       9.469251743912e-16       1.051509926998e-12       3.880822990489e-13      -1.713056132469e-15 
  189       8.040512633119e-10       1.101701962018e-13      -4.846078060986e-12       9.586508487759e-16       1.034125757640e-12       3.831987697102e-13      -1.663004025692e-15 
  190       8.071850097732e-10       1.090136887786e-13      -4.734341432889e-12       9.704660781651e-16       1.017079483867e-12       3.784056484285e-13      -1.613809247660e-15 
  191       8.102544516234e-10       1.078885622797e-13      -4.619081971413e-12       9.823706216366e-16       1.000349820200e-12       3.737038499930e-13      -1.565546390186e-15 
  192       8.132588295414e-10       1.067983159855e-13      -4.500313774861e-12       9.943641154306e-16       9.839331818249e-13       3.690931178661e-13      -1.518217194981e-15 
  193       8.161974544545e-10       1.057464030216e-13      -4.378051534790e-12       1.006446143150e-15       9.678300619745e-13       3.645727376976e-13      -1.471802972773e-15 
  194       8.190696415411e-10       1.047363607730e-13      -4.252311974667e-12       1.018616259594e-15       9.520403525479e-13       3.601417795146e-13      -1.426282553913e-15 
  195       8.218747102684e-10       1.037718116513e-13      -4.123113877343e-12       1.030873990383e-15       9.365633328886e-13       3.557990938911e-13      -1.381632247191e-15 
  196       8.246119844296e-10       1.028564638613e-13      -3.990478112552e-12       1.043218831590e-15       9.213976585655e-13       3.515433081171e-13      -1.337825798639e-15 
  197       8.272807921822e-10       1.019941121678e-13      -3.854427664389e-12       1.055650249371e-15       9.065413501537e-13       3.473728223681e-13      -1.294834350344e-15 
  198       8.298804660850e-10       1.011886386621e-13      -3.714987658803e-12       1.068167679586e-15       8.919917820155e-13       3.432858058744e-13      -1.252626399252e-15 
  199       8.324103431360e-10       1.004440135288e-13      -3.572185391080e-12       1.080770527436e-15       8.777456710804e-13       3.392801930903e-13      -1.211167755981e-15 
  200       8.348697648101e-10       9.976429581268e-14      -3.426050353333e-12       1.093458167086e-15       8.637990656266e-13       3.353536798636e-13      -1.170421503628e-15 
  201       8.372580770966e-10       9.915363418518e-14      -3.276614261988e-12       1.106229941293e-15       8.501473340610e-13       3.315037196049e-13      -1.130347956577e-15 
  202       8.395746305368e-10       9.861626771127e-14      -3.123911085269e-12       1.119085161041e-15       8.367851537003e-13       3.277275194566e-13      -1.090904619308e-15 
  203       8.418187802619e-10       9.815652661614e-14      -2.967977070688e-12       1.132023105159e-15       8.237064995517e-13       3.240220364627e-13      -1.052046145210e-15 
  204       8.439898860303e-10       9.777883305187e-14      -2.808850772533e-12       1.145043019961e-15       8.109046330934e-13       3.203839737381e-13      -1.013724295380e-15 
  205       8.460873122653e-10       9.748770186418e-14      -2.646573079351e-12       1.158144118864e-15       7.983720910553e-13       3.168097766375e-13      -9.758878974437e-16 
  206       8.481104280928e-10       9.728774135915e-14      -2.481187241437e-12       1.171325582022e-15       7.861006741999e-13       3.132956289249e-13      -9.384828043538e-16 
  207       8.500586073790e-10       9.718365406991e-14      -2.312738898322e-12       1.184586555956e-15       7.740814361029e-13       3.098374489434e-13      -9.014518532055e-16 
  208       8.519312287680e-10       9.718023752340e-14      -2.141276106258e-12       1.197926153177e-15       7.623046719337e-13       3.064308857838e-13      -8.647348240421e-16 
  209       8.537276757191e-10       9.728238500702e-14      -1.966849365710e-12       1.211343451818e-15       7.507599072364e-13       3.030713154543e-13      -8.282683986649e-16 
  210       8.554473365450e-10       9.749508633543e-14      -1.789511648834e-12       1.224837495263e-15       7.394358867103e-13       2.997538370501e-13      -7.919861194414e-16 
  211       8.570896044489e-10       9.782342861718e-14      -1.609318426973e-12       1.238407291771e-15       7.283205629907e-13       2.964732689221e-13      -7.558183481141e-16 
  212       8.586538775625e-10       9.827259702150e-14      -1.426327698140e-12       1.252051814112e-15       7.174010854296e-13       2.932241448466e-13      -7.196922246096e-16 
  213       8.601396043217e-10       9.884763360221e-14      -1.240597011462e-12       1.265770020868e-15       7.066662745897e-13       2.900018064458e-13      -6.835469427327e-16 
  214       8.615464229245e-10       9.955269406203e-14      -1.052174259957e-12       1.279560922751e-15       6.961142548861e-13       2.868057704581e-13      -6.473808101973e-16 
  215       8.628740313680e-10       1.003917422563e-13      -8.611063188305e-13       1.293423520048e-15       6.857453159314e-13       2.836365815605e-13      -6.112072884102e-16 
  216       8.641221431120e-10       1.013687877539e-13      -6.674420120920e-13       1.307356781033e-15       6.755594685004e-13       2.804947356156e-13      -5.750399603425e-16 
  217       8.652904872365e-10       1.024878859670e-13      -4.712321321434e-13       1.321359641654e-15       6.655564398536e-13       2.773806787271e-13      -5.388925296618e-16 
  218       8.663788085987e-10       1.037531382805e-13      -2.725294593564e-13       1.335431005215e-15       6.557356690631e-13       2.742948062949e-13      -5.027788198644e-16 
  219       8.673868679894e-10       1.051686921825e-13      -7.138878165516e-14       1.349569742061e-15       6.460963023363e-13       2.712374620704e-13      -4.667127734078e-16 
  220       8.683144422907e-10       1.067387413934e-13       1.321330859033e-13       1.363774689269e-15       6.366371883408e-13       2.682089372120e-13      -4.307084508424e-16 
  221       8.691613246326e-10       1.084675259961e-13       3.379772815473e-13       1.378044650328e-15       6.273568735292e-13       2.652094693405e-13      -3.947800299443e-16 
  222       8.699273245499e-10       1.103593325655e-13       5.460828772097e-13       1.392378394825e-15       6.182535974636e-13       2.622392415942e-13      -3.589418048473e-16 
  223       8.706122681395e-10       1.124184942985e-13       7.563868589467e-13       1.406774658134e-15       6.093252881403e-13       2.592983816843e-13      -3.232081851752e-16 
  224       8.712159982172e-10       1.146493911435e-13       9.688241073564e-13       1.421232141099e-15       6.005695573142e-13       2.563869609506e-13      -2.875936951739e-16 
  225       8.717383744748e-10       1.170564499307e-13       1.183327377998e-12       1.435749509719e-15       5.919836958236e-13       2.535049934161e-13      -2.521129728438e-16 
  226       8.721792736369e-10       1.196441445011e-13       1.399827281809e-12       1.450325394835e-15       5.835646689150e-13       2.506524348432e-13      -2.167807690720e-16 
  227       8.725385896180e-10       1.224169958368e-13       1.618252265528e-12       1.464958391815e-15       5.753091115674e-13       2.478291817883e-13      -1.816119467644e-16 
  228       8.728162336795e-10       1.253795721909e-13       1.838528592108e-12       1.479647060238e-15       5.672133238172e-13       2.450350706576e-13      -1.466214799784e-16 
  229       8.730121345867e-10       1.285364892168e-13       2.060580321141e-12       1.494389923583e-15       5.592732660825e-13       2.422698767623e-13      -1.118244530544e-16 
  230       8.731262387656e-10       1.318924100982e-13       2.284329289270e-12       1.509185468911e-15       5.514845544883e-13       2.395333133739e-13      -7.723605974872e-17 
  231       8.731585104603e-10       1.354520456789e-13       2.509695090616e-12       1.524032146552e-15       5.438424561904e-13       2.368250307795e-13      -4.287160236558e-17 
  232       8.731089318895e-10       1.392201545928e-13       2.736595057189e-12       1.538928369790e-15       5.363418847005e-13       2.341446153374e-13      -8.746490889264e-18 
  233       8.729775034038e-10       1.432015433930e-13       2.964944239312e-12       1.553872514549e-15       5.289773952110e-13       2.314915885320e-13       2.512375788353e-17 
  234       8.727642436427e-10       1.474010666824e-13       3.194655386039e-12       1.568862919080e-15       5.217431799191e-13       2.288654060296e-13       5.872352121148e-17 
  235       8.724691896912e-10       1.518236272427e-13       3.425638925570e-12       1.583897883642e-15       5.146330633516e-13       2.262654567335e-13       9.203707127639e-17 
  236       8.720923972375e-10       1.564741761650e-13       3.657802945676e-12       1.598975670193e-15       5.076404976899e-13       2.236910618391e-13       1.250485760509e-16 
  237       8.716339407291e-10       1.613577129787e-13       3.891053174112e-12       1.614094502071e-15       5.007585580942e-13       2.211414738898e-13       1.577421001665e-16 
  238       8.710939254366e-10       1.664789477111e-13       4.125297913781e-12       1.629252630494e-15       4.939812586449e-13       2.186160728225e-13       1.901037130962e-16 
  239       8.704725241284e-10       1.718412640776e-13       4.360463220465e-12       1.644448539168e-15       4.873075982973e-13       2.161149692375e-13       2.221279536383e-16 
  240       8.697699429221e-10       1.774476937293e-13       4.596478606636e-12       1.659680751464e-15       4.807377509776e-13       2.136384358449e-13       2.538117587564e-16 
  241       8.689864097592e-10       1.833012480944e-13       4.833272160340e-12       1.674947764549e-15       4.742717651328e-13       2.111867132347e-13       2.851523967727e-16 
  242       8.681221745876e-10       1.894049177945e-13       5.070770536061e-12       1.690248049214e-15       4.679095618409e-13       2.087600093480e-13       3.161474726813e-16 
  243       8.671775095434e-10       1.957616720616e-13       5.308898945600e-12       1.705580049695e-15       4.616509329223e-13       2.063584989477e-13       3.467949334614e-16 
  244       8.661527091331e-10       2.023744581541e-13       5.547581148942e-12       1.720942183505e-15       4.554955390497e-13       2.039823230894e-13       3.770930733909e-16 
  245       8.650480904157e-10       2.092462007740e-13       5.786739445131e-12       1.736332841260e-15       4.494429078593e-13       2.016315885925e-13       4.070405393599e-16 
  246       8.638639931846e-10       2.163798014829e-13       6.026294663137e-12       1.751750386500e-15       4.434924320612e-13       1.993063675112e-13       4.366363361837e-16 
  247       8.626007801503e-10       2.237781381189e-13       6.266166152731e-12       1.767193155524e-15       4.376433675499e-13       1.970066966050e-13       4.658798319168e-16 
  248       8.612588371217e-10       2.314440642131e-13       6.506271775355e-12       1.782659457207e-15       4.318948315154e-13       1.947325768098e-13       4.947707631659e-16 
  249       8.598385731889e-10       2.393804084061e-13       6.746527894994e-12       1.798147572836e-15       4.262458005532e-13       1.924839727091e-13       5.233092404034e-16 
  250       8.583404209048e-10       2.475899738646e-13       6.986849369047e-12       1.813655755929e-15       4.206951087757e-13       1.902608120045e-13       5.514957532808e-16 
  251       8.567648364676e-10       2.560755376982e-13       7.227149539200e-12       1.829182232064e-15       4.152414459220e-13       1.880629849870e-13       5.793311759424e-16 
  252       8.551122999025e-10       2.648398503753e-13       7.467340222294e-12       1.844725198707e-15       4.098833554693e-13       1.858903440075e-13       6.068167723382e-16 
  253       8.533833152443e-10       2.738856351406e-13       7.707331701202e-12       1.860282825035e-15       4.046192327432e-13       1.837427029480e-13       6.339542015376e-16 
  254       8.515784107191e-10       2.832155874311e-13       7.947032715695e-12       1.875853251768e-15       3.994473230282e-13       1.816198366926e-13       6.607455230431e-16 
  255       8.496981389263e-10       2.928323742924e-13       8.186350453315e-12       1.891434590988e-15       3.943657196787e-13       1.795214805980e-13       6.871932021032e-16 
  256       8.477430770214e-10       3.027386337961e-13       8.425190540248e-12       1.907024925972e-15       3.893723622292e-13       1.774473299649e-13       7.133001150259e-16 
  257       8.457138268973e-10       3.129369744557e-13       8.663457032197e-12       1.922622311015e-15       3.844650345055e-13       1.753970395086e-13       7.390695544925e-16 
  258       8.436110153668e-10       3.234299746432e-13       8.901052405248e-12       1.938224771258e-15       3.796413627347e-13       1.733702228301e-13       7.645052348707e-16 
  259       8.414352943447e-10       3.342201820063e-13       9.137877546746e-12       1.953830302512e-15       3.748988136565e-13       1.713664518867e-13       7.896112975279e-16 
  260       8.391873410298e-10       3.453101128840e-13       9.373831746164e-12       1.969436871087e-15       3.702346926334e-13       1.693852564635e-13       8.143923161452e-16 
  261       8.368678580872e-10       3.567022517240e-13       9.608812685978e-12       1.985042413620e-15       3.656461417614e-13       1.674261236436e-13       8.388533020298e-16 
  262       8.344775738301e-10       3.683990504988e-13       9.842716432534e-12       2.000644836895e-15       3.611301379807e-13       1.654884972796e-13       8.629997094297e-16 
  263       8.320172424020e-10       3.804029281226e-13       1.007543742692e-11       2.016242017676e-15       3.566834911864e-13       1.635717774642e-13       8.868374408459e-16 
  264       8.294876439592e-10       3.927162698674e-13       1.030686847585e-11       2.031831802530e-15       3.523028423392e-13       1.616753200013e-13       9.103728523466e-16 
  265       8.268895848522e-10       4.053414267801e-13       1.053690074250e-11       2.047412007657e-15       3.479846615757e-13       1.597984358768e-13       9.336127588803e-16 
  266       8.242238700923e-10       4.182803922644e-13       1.076543026414e-11       2.062980537055e-15       3.437259094180e-13       1.579405416482e-13       9.565627818853e-16 
  267       8.214912187181e-10       4.315338135761e-13       1.099237791564e-11       2.078535744511e-15       3.395260640653e-13       1.561016207506e-13       9.792222817800e-16 
  268       8.186923441875e-10       4.451019255142e-13       1.121767051226e-11       2.094076090932e-15       3.353852005128e-13       1.542817862113e-13       1.001589160632e-15 
  269       8.158279818144e-10       4.589848672994e-13       1.144123438241e-11       2.109600027796e-15       3.313033366002e-13       1.524811317139e-13       1.023661497587e-15 
  270       8.128988889038e-10       4.731826814450e-13       1.166299536958e-11       2.125105997182e-15       3.272804322420e-13       1.506997313240e-13       1.045437551383e-15 
  271       8.099058448874e-10       4.876953126277e-13       1.188287883420e-11       2.140592431791e-15       3.233163886591e-13       1.489376392152e-13       1.066915762859e-15 
  272       8.068496514589e-10       5.025226065591e-13       1.210080965556e-11       2.156057754975e-15       3.194110476094e-13       1.471948893949e-13       1.088094757471e-15 
  273       8.037311327089e-10       5.176643088569e-13       1.231671223373e-11       2.171500380765e-15       3.155641906192e-13       1.454714954306e-13       1.108973347804e-15 
  274       8.005511352606e-10       5.331200639155e-13       1.253051049142e-11       2.186918713894e-15       3.117755382139e-13       1.437674501752e-13       1.129550536083e-15 
  275       7.973105284047e-10       5.488894137774e-13       1.274212787590e-11       2.202311149827e-15       3.080447491493e-13       1.420827254934e-13       1.149825516686e-15 
  276       7.940102042349e-10       5.649717970044e-13       1.295148736090e-11       2.217676074785e-15       3.043714196423e-13       1.404172719874e-13       1.169797678657e-15 
  277       7.906510777833e-10       5.813665475485e-13       1.315851144849e-11       2.233011865771e-15       3.007550826024e-13       1.387710187228e-13       1.189466608221e-15 
  278       7.872340871554e-10       5.980728936231e-13       1.336312217102e-11       2.248316890598e-15       2.971952068621e-13       1.371438729547e-13       1.208832091290e-15 
  279       7.837601936652e-10       6.150899565742e-13       1.356524109298e-11       2.263589507916e-15       2.936911964086e-13       1.355357198532e-13       1.227894115983e-15 
  280       7.802303819713e-10       6.324167497513e-13       1.376478931289e-11       2.278828067236e-15       2.902423896142e-13       1.339464222300e-13       1.246652875132e-15 
  281       7.766456602111e-10       6.500521773785e-13       1.396168746527e-11       2.294030908958e-15       2.868480584678e-13       1.323758202635e-13       1.265108768801e-15 
  282       7.730070601368e-10       6.679950334258e-13       1.415585572245e-11       2.309196364396e-15       2.835074078058e-13       1.308237312252e-13       1.283262406792e-15 
  283       7.693156372507e-10       6.862440004803e-13       1.434721379653e-11       2.324322755807e-15       2.802195745429e-13       1.292899492058e-13       1.301114611163e-15 
  284       7.655724709399e-10       7.047976486167e-13       1.453568094125e-11       2.339408396415e-15       2.769836269033e-13       1.277742448405e-13       1.318666418736e-15 
  285       7.617786646120e-10       7.236544342691e-13       1.472117595390e-11       2.354451590440e-15       2.737985636519e-13       1.262763650353e-13       1.335919083613e-15 
  286       7.579353458306e-10       7.428126991017e-13       1.490361717721e-11       2.369450633119e-15       2.706633133250e-13       1.247960326930e-13       1.352874079687e-15 
  287       7.540436664498e-10       7.622706688801e-13       1.508292250128e-11       2.384403810740e-15       2.675767334615e-13       1.233329464387e-13       1.369533103156e-15 
  288       7.501048027502e-10       7.820264523421e-13       1.525900936543e-11       2.399309400661e-15       2.645376098339e-13       1.218867803463e-13       1.385898075032e-15 
  289       7.461199555740e-10       8.020780400693e-13       1.543179476013e-11       2.414165671344e-15       2.615446556794e-13       1.204571836638e-13       1.401971143658e-15 
  290       7.420903504601e-10       8.224233033578e-13       1.560119522890e-11       2.428970882372e-15       2.585965109306e-13       1.190437805397e-13       1.417754687216e-15 
  291       7.380172377794e-10       8.430599930893e-13       1.576712687020e-11       2.443723284486e-15       2.556917414470e-13       1.176461697486e-13       1.433251316244e-15 
  292       7.339018928702e-10       8.639857386025e-13       1.592950533934e-11       2.458421119603e-15       2.528288382458e-13       1.162639244171e-13       1.448463876145e-15 
  293       7.297456161735e-10       8.851980465640e-13       1.608824585035e-11       2.473062620846e-15       2.500062167328e-13       1.148965917501e-13       1.463395449702e-15 
  294       7.255497333681e-10       9.066942998393e-13       1.624326317792e-11       2.487646012571e-15       2.472222159336e-13       1.135436927562e-13       1.478049359590e-15 
  295       7.213155955059e-10       9.284717563642e-13       1.639447165926e-11       2.502169510389e-15       2.444750977247e-13       1.122047219740e-13       1.492429170885e-15 
  296       7.170445791475e-10       9.505275480157e-13       1.654178519604e-11       2.516631321201e-15       2.417630460641e-13       1.108791471978e-13       1.506538693583e-15 
  297       7.127380163685e-10       9.728585908248e-13       1.668512390794e-11       2.531029782632e-15       2.390845046100e-13       1.095665211162e-13       1.520381298252e-15 
  298       7.083969807324e-10       9.954613130971e-13       1.682443444788e-11       2.545363788831e-15       2.364392093417e-13       1.082668228059e-13       1.533957820984e-15 
  299       7.040224911564e-10       1.018331911846e-12       1.695967068013e-11       2.559632385467e-15       2.338272047386e-13       1.069801323373e-13       1.547268561295e-15 
  300       6.996155811400e-10       1.041466439013e-12       1.709078712859e-11       2.573834632394e-15       2.312485096170e-13       1.057065202400e-13       1.560313961355e-15 
  301       6.951772988059e-10       1.064860800220e-12       1.721773898780e-11       2.587969603873e-15       2.287031168199e-13       1.044460473798e-13       1.573094607574e-15 
  302       6.907087069392e-10       1.088510753519e-12       1.734048213379e-11       2.602036388780e-15       2.261909929073e-13       1.031987648365e-13       1.585611232180e-15 
  303       6.862108830285e-10       1.112411908144e-12       1.745897313502e-11       2.616034090824e-15       2.237120778454e-13       1.019647137816e-13       1.597864714799e-15 
  304       6.816849193057e-10       1.136559723262e-12       1.757316926331e-11       2.629961828766e-15       2.212662846969e-13       1.007439253560e-13       1.609856084042e-15 
  305       6.771319227859e-10       1.160949506720e-12       1.768302850475e-11       2.643818736629e-15       2.188534993105e-13       9.953642054766e-14       1.621586519077e-15 
  306       6.725530153082e-10       1.185576413802e-12       1.778850957060e-11       2.657603963915e-15       2.164735800110e-13       9.834221006897e-14       1.633057351221e-15 
  307       6.679493335755e-10       1.210435445978e-12       1.788957190824e-11       2.671316675824e-15       2.141263572890e-13       9.716129423472e-14       1.644270065514e-15 
  308       6.633220291948e-10       1.235521449650e-12       1.798617571205e-11       2.684956053464e-15       2.118116334906e-13       9.599366283958e-14       1.655226302300e-15 
  309       6.586722687172e-10       1.260829114911e-12       1.807828193438e-11       2.698521294072e-15       2.095291825074e-13       9.483929503583e-14       1.665927858815e-15 
  310       6.540012336786e-10       1.286352974289e-12       1.816585229639e-11       2.712011611222e-15       2.072787494664e-13       9.369815921092e-14       1.676376690759e-15 
  311       6.493101206393e-10       1.312087401502e-12       1.824884929906e-11       2.725426235050e-15       2.050600504194e-13       9.257021286519e-14       1.686574913885e-15 
  312       6.446001412244e-10       1.338026610207e-12       1.832723623404e-11       2.738764412461e-15       2.028727720335e-13       9.145540248948e-14       1.696524805577e-15 
  313       6.398725221643e-10       1.364164652750e-12       1.840097719458e-11       2.752025407349e-15       2.007165712802e-13       9.035366344279e-14       1.706228806430e-15 
  314       6.351285053344e-10       1.390495418922e-12       1.847003708647e-11       2.765208500812e-15       1.985910751256e-13       8.926491982993e-14       1.715689521835e-15 
  315       6.303693477956e-10       1.417012634702e-12       1.853438163895e-11       2.778312991364e-15       1.964958802205e-13       8.818908437914e-14       1.724909723556e-15 
  316       6.255963218344e-10       1.443709861015e-12       1.859397741561e-11       2.791338195156e-15       1.944305525895e-13       8.712605831977e-14       1.733892351316e-15 
  317       6.208107150032e-10       1.470580492479e-12       1.864879182532e-11       2.804283446188e-15       1.923946273216e-13       8.607573125992e-14       1.742640514371e-15 
  318       6.160138301603e-10       1.497617756156e-12       1.869879313315e-11       2.817148096524e-15       1.903876082593e-13       8.503798106408e-14       1.751157493102e-15 
  319       6.112069855101e-10       1.524814710306e-12       1.874395047130e-11       2.829931516509e-15       1.884089676891e-13       8.401267373075e-14       1.759446740585e-15 
  320       6.063915146436e-10       1.552164243134e-12       1.878423384998e-11       2.842633094983e-15       1.864581460308e-13       8.299966327016e-14       1.767511884179e-15 
  321       6.015687665783e-10       1.579659071543e-12       1.881961416837e-11       2.855252239499e-15       1.845345515276e-13       8.199879158182e-14       1.775356727107e-15 
  322       5.967401057983e-10       1.607291739884e-12       1.885006322549e-11       2.867788376535e-15       1.826375599359e-13       8.100988833227e-14       1.782985250034e-15 
  323       5.919069122948e-10       1.635054618708e-12       1.887555373119e-11       2.880240951712e-15       1.807665142151e-13       8.003277083263e-14       1.790401612653e-15 
  324       5.870705816062e-10       1.662939903516e-12       1.889605931699e-11       2.892609430010e-15       1.789207242173e-13       7.906724391631e-14       1.797610155259e-15 
  325       5.822325248580e-10       1.690939613511e-12       1.891155454703e-11       2.904893295978e-15       1.770994663772e-13       7.811309981664e-14       1.804615400338e-15 
  326       5.773941688036e-10       1.719045590346e-12       1.892201492903e-11       2.917092053958e-15       1.753019834021e-13       7.717011804453e-14       1.811422054146e-15 
  327       5.725569558638e-10       1.747249496880e-12       1.892741692511e-11       2.929205228293e-15       1.735274839615e-13       7.623806526606e-14       1.818035008285e-15 
  328       5.677223441674e-10       1.775542815923e-12       1.892773796281e-11       2.941232363547e-15       1.717751423769e-13       7.531669518020e-14       1.824459341293e-15 
  329       5.628918075914e-10       1.803916848990e-12       1.892295644594e-11       2.953173024717e-15       1.700440983120e-13       7.440574839643e-14       1.830700320217e-15 
  330       5.580668358010e-10       1.832362715055e-12       1.891305176552e-11       2.965026797451e-15       1.683334564619e-13       7.350495231237e-14       1.836763402202e-15 
  331       5.532489342899e-10       1.860871349294e-12       1.889800431072e-11       2.976793288264e-15       1.666422862436e-13       7.261402099143e-14       1.842654236064e-15 
  332       5.484395270642e-10       1.889433947996e-12       1.887779900684e-11       2.988472202268e-15       1.649697937396e-13       7.173270907866e-14       1.848377512977e-15 
  333       5.436396599219e-10       1.918043327269e-12       1.885243607758e-11       3.000063579686e-15       1.633158464532e-13       7.086097639722e-14       1.853933459880e-15 
  334       5.388502843036e-10       1.946692621180e-12       1.882192077380e-11       3.011567570079e-15       1.616804708460e-13       6.999883029525e-14       1.859321196138e-15 
  335       5.340723534157e-10       1.975374840187e-12       1.878625990345e-11       3.022984356064e-15       1.600636820264e-13       6.914627219216e-14       1.864539870972e-15 
  336       5.293068221647e-10       2.004082870378e-12       1.874546184635e-11       3.034314153608e-15       1.584654836267e-13       6.830329751489e-14       1.869588663792e-15 
  337       5.245546470917e-10       2.032809472699e-12       1.869953656889e-11       3.045557212332e-15       1.568858676796e-13       6.746989563428e-14       1.874466784526e-15 
  338       5.198167863074e-10       2.061547282198e-12       1.864849563884e-11       3.056713815807e-15       1.553248144950e-13       6.664604980127e-14       1.879173473956e-15 
  339       5.150941994261e-10       2.090288807253e-12       1.859235224000e-11       3.067784281855e-15       1.537822925369e-13       6.583173708330e-14       1.883708004048e-15 
  340       5.103878475004e-10       2.119026428811e-12       1.853112118706e-11       3.078768962848e-15       1.522582583001e-13       6.502692830054e-14       1.888069678284e-15 
  341       5.056986929557e-10       2.147752399621e-12       1.846481894024e-11       3.089668246011e-15       1.507526561871e-13       6.423158796225e-14       1.892257831994e-15 
  342       5.010276995248e-10       2.176458843471e-12       1.839346362013e-11       3.100482553715e-15       1.492654183847e-13       6.344567420300e-14       1.896271832689e-15 
  343       4.963758321823e-10       2.205137754424e-12       1.831707502236e-11       3.111212343782e-15       1.477964647412e-13       6.266913871908e-14       1.900111080392e-15 
  344       4.917440570792e-10       2.233780996048e-12       1.823567463239e-11       3.121858109783e-15       1.463457026426e-13       6.190192670469e-14       1.903775007972e-15 
  345       4.871333414775e-10       2.262380300657e-12       1.814928564023e-11       3.132420381338e-15       1.449130268900e-13       6.114397678834e-14       1.907263081471e-15 
  346       4.825446536844e-10       2.290927268544e-12       1.805793295523e-11       3.142899724413e-15       1.434983195758e-13       6.039522096906e-14       1.910574800444e-15 
  347       4.779789629872e-10       2.319413367215e-12       1.796164322076e-11       3.153296741624e-15       1.421014499610e-13       5.965558455277e-14       1.913709698283e-15 
  348       4.734372395876e-10       2.347829930625e-12       1.786044482901e-11       3.163612072532e-15       1.407222743518e-13       5.892498608856e-14       1.916667342554e-15 
  349       4.689204545362e-10       2.376168158415e-12       1.775436793572e-11       3.173846393946e-15       1.393606359762e-13       5.820333730498e-14       1.919447335329e-15 
  350       4.644295796672e-10       2.404419115145e-12       1.764344447493e-11       3.184000420222e-15       1.380163648613e-13       5.749054304635e-14       1.922049313516e-15 
  351       4.599655875328e-10       2.432573729528e-12       1.752770817370e-11       3.194074903560e-15       1.366892777094e-13       5.678650120905e-14       1.924472949190e-15 
  352       4.555294513377e-10       2.460622793667e-12       1.740719456688e-11       3.204070634305e-15       1.353791777755e-13       5.609110267784e-14       1.926717949928e-15 
  353       4.511221448735e-10       2.488556962294e-12       1.728194101188e-11       3.213988441251e-15       1.340858547434e-13       5.540423126216e-14       1.928784059143e-15 
  354       4.467446424537e-10       2.516366751995e-12       1.715198670336e-11       3.223829191933e-15       1.328090846031e-13       5.472576363242e-14       1.930671056407e-15 
  355       4.423979188475e-10       2.544042540455e-12       1.701737268800e-11       3.233593792930e-15       1.315486295272e-13       5.405556925628e-14       1.932378757795e-15 
  356       4.380829492150e-10       2.571574565691e-12       1.687814187929e-11       3.243283190167e-15       1.303042377481e-13       5.339351033501e-14       1.933907016207e-15 
  357       4.338007090413e-10       2.598952925281e-12       1.673433907219e-11       3.252898369211e-15       1.290756434342e-13       5.273944173973e-14       1.935255721706e-15 
  358       4.295521740711e-10       2.626167575607e-12       1.658601095796e-11       3.262440355572e-15       1.278625665671e-13       5.209321094775e-14       1.936424801848e-15 
  359       4.253383202433e-10       2.653208331086e-12       1.643320613884e-11       3.271910215003e-15       1.266647128185e-13       5.145465797887e-14       1.937414222013e-15 
  360       4.211601236255e-10       2.680064863407e-12       1.627597514285e-11       3.281309053799e-15       1.254817734265e-13       5.082361533164e-14       1.938223985740e-15 
  361       4.170185603485e-10       2.706726700764e-12       1.611437043851e-11       3.290638019095e-15       1.243134250730e-13       5.019990791971e-14       1.938854135056e-15 
  362       4.129146065408e-10       2.733183227093e-12       1.594844644956e-11       3.299898299169e-15       1.231593297600e-13       4.958335300812e-14       1.939304750811e-15 
  363       4.088492382631e-10       2.759423681307e-12       1.577825956976e-11       3.309091123740e-15       1.220191346866e-13       4.897376014956e-14       1.939575953006e-15 
  364       4.048234314429e-10       2.785437156530e-12       1.560386817760e-11       3.318217764266e-15       1.208924721258e-13       4.837093112075e-14       1.939667901130e-15 
  365       4.008381618090e-10       2.811212599333e-12       1.542533265107e-11       3.327279534245e-15       1.197789593014e-13       4.777465985866e-14       1.939580794488e-15 
  366       3.968944048259e-10       2.836738808970e-12       1.524271538237e-11       3.336277789515e-15       1.186781982644e-13       4.718473239685e-14       1.939314872534e-15 
  367       3.929931356285e-10       2.862004436610e-12       1.505608079270e-11       3.345213928555e-15       1.175897757702e-13       4.660092680178e-14       1.938870415206e-15 
  368       3.891353289564e-10       2.886997984578e-12       1.486549534696e-11       3.354089392778e-15       1.165132631553e-13       4.602301310910e-14       1.938247743254e-15 
  369       3.853219590887e-10       2.911707805583e-12       1.467102756855e-11       3.362905666840e-15       1.154482162140e-13       4.545075325993e-14       1.937447218574e-15 
  370       3.815539997783e-10       2.936122101958e-12       1.447274805406e-11       3.371664278932e-15       1.143941750752e-13       4.488390103720e-14       1.936469244539e-15 
  371       3.778323473956e-10       2.960229931774e-12       1.427072625115e-11       3.380366719202e-15       1.133507469867e-13       4.432224936766e-14       1.935314347271e-15 
  372       3.741575871788e-10       2.984024272134e-12       1.406502062299e-11       3.389014190878e-15       1.123178584898e-13       4.376577439810e-14       1.933983422268e-15 
  373       3.705302177156e-10       3.007499074156e-12       1.385568812812e-11       3.397607850000e-15       1.112955128634e-13       4.321449692778e-14       1.932477498072e-15 
  374       3.669507267766e-10       3.030648267017e-12       1.364278743457e-11       3.406148886651e-15       1.102837080557e-13       4.266843552878e-14       1.930797656601e-15 
  375       3.634195911836e-10       3.053465758065e-12       1.342637893176e-11       3.414638525187e-15       1.092824366331e-13       4.212760652352e-14       1.928945033551e-15 
  376       3.599372766773e-10       3.075945432927e-12       1.320652474246e-11       3.423078024459e-15       1.082916857290e-13       4.159202396220e-14       1.926920818799e-15 
  377       3.565042377845e-10       3.098081155622e-12       1.298328873467e-11       3.431468678050e-15       1.073114369928e-13       4.106169960033e-14       1.924726256805e-15 
  378       3.531209176867e-10       3.119866768669e-12       1.275673653363e-11       3.439811814495e-15       1.063416665388e-13       4.053664287618e-14       1.922362647014e-15 
  379       3.497877480872e-10       3.141296093202e-12       1.252693553368e-11       3.448108797519e-15       1.053823448948e-13       4.001686088827e-14       1.919831344262e-15 
  380       3.465051490791e-10       3.162362929076e-12       1.229395491023e-11       3.456361026254e-15       1.044334369512e-13       3.950235837290e-14       1.917133759174e-15 
  381       3.432735290129e-10       3.183061054978e-12       1.205786563169e-11       3.464569935476e-15       1.034949019101e-13       3.899313768156e-14       1.914271358567e-15 
  382       3.400932843646e-10       3.203384228543e-12       1.181874047137e-11       3.472736995833e-15       1.025666932336e-13       3.848919875848e-14       1.911245665855e-15 
  383       3.369647996031e-10       3.223326186457e-12       1.157665401945e-11       3.480863714066e-15       1.016487585933e-13       3.799053911808e-14       1.908058261450e-15 
  384       3.338884470579e-10       3.242880644574e-12       1.133168269491e-11       3.488951633246e-15       1.007410398187e-13       3.749715382247e-14       1.904710783163e-15 
  385       3.308645867873e-10       3.262041298023e-12       1.108390475743e-11       3.497002332999e-15       9.984347284638e-14       3.700903545891e-14       1.901204926608e-15 
  386       3.278935664456e-10       3.280801821320e-12       1.083340031934e-11       3.505017429731e-15       9.895598766878e-14       3.652617411735e-14       1.897542445607e-15 
  387       3.249757211513e-10       3.299155868477e-12       1.058025135756e-11       3.512998576862e-15       9.807850828305e-14       3.604855736784e-14       1.893725152585e-15 
  388       3.221113733547e-10       3.317097073115e-12       1.032454172552e-11       3.520947465052e-15       9.721095263996e-14       3.557617023809e-14       1.889754918981e-15 
  389       3.193008327053e-10       3.334619048575e-12       1.006635716510e-11       3.528865822429e-15       9.635323259277e-14       3.510899519090e-14       1.885633675643e-15 
  390       3.165443959202e-10       3.351715388024e-12       9.805785318553e-12       3.536755414817e-15       9.550525384614e-14       3.464701210167e-14       1.881363413238e-15 
  391       3.138423466514e-10       3.368379664572e-12       9.542915740441e-12       3.544618045965e-15       9.466691590497e-14       3.419019823588e-14       1.876946182647e-15 
  392       3.111949553536e-10       3.384605431376e-12       9.277839909565e-12       3.552455557776e-15       9.383811202331e-14       3.373852822659e-14       1.872384095372e-15 
  393       3.086024791521e-10       3.400386221758e-12       9.010651240901e-12       3.560269830536e-15       9.301872915322e-14       3.329197405188e-14       1.867679323936e-15 
  394       3.060651617103e-10       3.415715549309e-12       8.741445097526e-12       3.568062783139e-15       9.220864789366e-14       3.285050501239e-14       1.862834102288e-15 
  395       3.035832330980e-10       3.430586908002e-12       8.470318802553e-12       3.575836373318e-15       9.140774243938e-14       3.241408770878e-14       1.857850726204e-15 
  396       3.011569096582e-10       3.444993772306e-12       8.197371651063e-12       3.583592597874e-15       9.061588052978e-14       3.198268601920e-14       1.852731553688e-15 
  397       2.987863938759e-10       3.458929597291e-12       7.922704922035e-12       3.591333492903e-15       8.983292339779e-14       3.155626107681e-14       1.847479005378e-15 
  398       2.964718742452e-10       3.472387818741e-12       7.646421890279e-12       3.599061134024e-15       8.905872571877e-14       3.113477124722e-14       1.842095564943e-15 
  399       2.942135251371e-10       3.485361853266e-12       7.368627838365e-12       3.606777636610e-15       8.829313555938e-14       3.071817210604e-14       1.836583779493e-15 
  400       2.920115066674e-10       3.497845098412e-12       7.089430068559e-12       3.614485156011e-15       8.753599432645e-14       3.030641641630e-14       1.830946259974e-15 
  401       2.898659645646e-10       3.509830932770e-12       6.808937914752e-12       3.622185887790e-15       8.678713671587e-14       2.989945410596e-14       1.825185681573e-15 
  402       2.877770300373e-10       3.521312716089e-12       6.527262754391e-12       3.629882067944e-15       8.604639066148e-14       2.949723224540e-14       1.819304784124e-15 
  403       2.857448196422e-10       3.532283789383e-12       6.244518020411e-12       3.637575973137e-15       8.531357728394e-14       2.909969502492e-14       1.813306372505e-15 
  404       2.837694351515e-10       3.542737475046e-12       5.960819213171e-12       3.645269920927e-15       8.458851083958e-14       2.870678373217e-14       1.807193317043e-15 
  405       2.818509634213e-10       3.552667076961e-12       5.676283912377e-12       3.652966269993e-15       8.387099866935e-14       2.831843672971e-14       1.800968553918e-15 
  406       2.799894762588e-10       3.562065880610e-12       5.391031789023e-12       3.660667420368e-15       8.316084114764e-14       2.793458943244e-14       1.794635085561e-15 
  407       2.781850302901e-10       3.570927153182e-12       5.105184617316e-12       3.668375813661e-15       8.245783163116e-14       2.755517428509e-14       1.788195981061e-15 
  408       2.764376668283e-10       3.579244143692e-12       4.818866286612e-12       3.676093933290e-15       8.176175640787e-14       2.718012073975e-14       1.781654376566e-15 
  409       2.747474117407e-10       3.587010083081e-12       4.532202813342e-12       3.683824304708e-15       8.107239464583e-14       2.680935523328e-14       1.775013475682e-15 
  410       2.731142639387e-10       3.594219191399e-12       4.245312541428e-12       3.691569265673e-15       8.038955681531e-14       2.644281419879e-14       1.768276096056e-15 
  411       2.715381606654e-10       3.600869738405e-12       3.958276336740e-12       3.699330267629e-15       7.971320155891e-14       2.608048365354e-14       1.761443290588e-15 
  412       2.700190107187e-10       3.606961091585e-12       3.671166360415e-12       3.707108550026e-15       7.904332286038e-14       2.572236096887e-14       1.754515678172e-15 
  413       2.685567055784e-10       3.612492719699e-12       3.384055789941e-12       3.714905368115e-15       7.837991192163e-14       2.536844194985e-14       1.747493893190e-15 
  414       2.671511192659e-10       3.617464193617e-12       3.097018824113e-12       3.722721993009e-15       7.772295713903e-14       2.501872082195e-14       1.740378585590e-15 
  415       2.658021082041e-10       3.621875187141e-12       2.810130687969e-12       3.730559711748e-15       7.707244407965e-14       2.467319021785e-14       1.733170420966e-15 
  416       2.645095110770e-10       3.625725477832e-12       2.523467637741e-12       3.738419827364e-15       7.642835545757e-14       2.433184116421e-14       1.725870080638e-15 
  417       2.632731486889e-10       3.629014947844e-12       2.237106965795e-12       3.746303658946e-15       7.579067111013e-14       2.399466306842e-14       1.718478261730e-15 
  418       2.620928238247e-10       3.631743584745e-12       1.951127005577e-12       3.754212541703e-15       7.515936797424e-14       2.366164370537e-14       1.710995677248e-15 
  419       2.609683211091e-10       3.633911482350e-12       1.665607136561e-12       3.762147827032e-15       7.453442006262e-14       2.333276920425e-14       1.703423056163e-15 
  420       2.598994068664e-10       3.635518841543e-12       1.380627789188e-12       3.770110882579e-15       7.391579844012e-14       2.300802403525e-14       1.695761143488e-15 
  421       2.588858289801e-10       3.636565971111e-12       1.096270449815e-12       3.778103092306e-15       7.330347119996e-14       2.268739099640e-14       1.688010700355e-15 
  422       2.579273167527e-10       3.637053288569e-12       8.126176656565e-13       3.786125856553e-15       7.269740344003e-14       2.237085120026e-14       1.680172504099e-15 
  423       2.570235807651e-10       3.636981320987e-12       5.297530497328e-13       3.794180592106e-15       7.209755723915e-14       2.205838406078e-14       1.672247348333e-15 
  424       2.561743127364e-10       3.636350705818e-12       2.477612858114e-13       3.802268732259e-15       7.150389163339e-14       2.174996727999e-14       1.664236043032e-15 
  425       2.553791853836e-10       3.635162191727e-12      -3.327186664700e-14       3.810391726881e-15       7.091636259227e-14       2.144557683477e-14       1.656139414607e-15 
  426       2.546378522810e-10       3.633416639419e-12      -3.132595675438e-13       3.818551042478e-15       7.033492299512e-14       2.114518696369e-14       1.647958305986e-15 
  427       2.539499477202e-10       3.631115022465e-12      -5.921138911981e-13       3.826748162258e-15       6.975952260732e-14       2.084877015369e-14       1.639693576695e-15 
  428       2.533150865694e-10       3.628258428131e-12      -8.697458214022e-13       3.834984586198e-15       6.919010805657e-14       2.055629712689e-14       1.631346102936e-15 
  429       2.527328641332e-10       3.624848058205e-12      -1.146065246476e-12       3.843261831107e-15       6.862662280917e-14       2.026773682736e-14       1.622916777666e-15 
  430       2.522028560126e-10       3.620885229825e-12      -1.420980954325e-12       3.851581430689e-15       6.806900714634e-14       1.998305640787e-14       1.614406510677e-15 
  431       2.517246179638e-10       3.616371376310e-12      -1.694400627491e-12       3.859944935612e-15       6.751719814041e-14       1.970222121666e-14       1.605816228674e-15 
  432       2.512976857587e-10       3.611308047980e-12      -1.966230838212e-12       3.868353913567e-15       6.697112963121e-14       1.942519478423e-14       1.597146875355e-15 
  433       2.509215750440e-10       3.605696912994e-12      -2.236377043476e-12       3.876809949338e-15       6.643073220225e-14       1.915193881007e-14       1.588399411492e-15 
  434       2.505957812012e-10       3.599539758167e-12      -2.504743580075e-12       3.885314644862e-15       6.589593315704e-14       1.888241314945e-14       1.579574815007e-15 
  435       2.503197792059e-10       3.592838489809e-12      -2.771233659661e-12       3.893869619298e-15       6.536665649539e-14       1.861657580018e-14       1.570674081052e-15 
  436       2.500930234879e-10       3.585595134541e-12      -3.035749363804e-12       3.902476509087e-15       6.484282288964e-14       1.835438288938e-14       1.561698222090e-15 
  437       2.499149477904e-10       3.577811840135e-12      -3.298191639044e-12       3.911136968022e-15       6.432434966097e-14       1.809578866025e-14       1.552648267973e-15 
  438       2.497849650299e-10       3.569490876329e-12      -3.558460291946e-12       3.919852667306e-15       6.381115075566e-14       1.784074545882e-14       1.543525266023e-15 
  439       2.497024671556e-10       3.560634635668e-12      -3.816453984159e-12       3.928625295623e-15       6.330313672138e-14       1.758920372074e-14       1.534330281108e-15 
  440       2.496668250095e-10       3.551245634320e-12      -4.072070227468e-12       3.937456559199e-15       6.280021468347e-14       1.734111195803e-14       1.525064395723e-15 
  441       2.496773881856e-10       3.541326512912e-12      -4.325205378851e-12       3.946348181867e-15       6.230228832121e-14       1.709641674587e-14       1.515728710069e-15 
  442       2.497334848898e-10       3.530880037352e-12      -4.575754635534e-12       3.955301905134e-15       6.180925784409e-14       1.685506270933e-14       1.506324342133e-15 
  443       2.498344217995e-10       3.519909099663e-12      -4.823612030047e-12       3.964319488241e-15       6.132101996811e-14       1.661699251016e-14       1.496852427768e-15 
  444       2.499794839230e-10       3.508416718805e-12      -5.068670425276e-12       3.973402708233e-15       6.083746789203e-14       1.638214683356e-14       1.487314120769e-15 
  445       2.501679344596e-10       3.496406041505e-12      -5.310821509523e-12       3.982553360019e-15       6.035849127368e-14       1.615046437493e-14       1.477710592954e-15 
  446       2.503990146590e-10       3.483880343085e-12      -5.549955791560e-12       3.991773256439e-15       5.988397620622e-14       1.592188182666e-14       1.468043034246e-15 
  447       2.506719436807e-10       3.470843028292e-12      -5.785962595681e-12       4.001064228328e-15       5.941380519439e-14       1.569633386488e-14       1.458312652746e-15 
  448       2.509859184542e-10       3.457297632120e-12      -6.018730056762e-12       4.010428124584e-15       5.894785713086e-14       1.547375313622e-14       1.448520674819e-15 
  449       2.513401741510e-10       3.443248199171e-12      -6.248156997686e-12       4.019866556474e-15       5.848602778934e-14       1.525408130828e-14       1.438668388645e-15 
  450       2.517341680426e-10       3.428700433547e-12      -6.474188994934e-12       4.029380121347e-15       5.802829208272e-14       1.503730264159e-14       1.428757276276e-15 
  451       2.521674013180e-10       3.413660587810e-12      -6.696783470700e-12       4.038969153923e-15       5.757464377359e-14       1.482341147832e-14       1.418788886009e-15 
  452       2.526393589044e-10       3.398135088861e-12      -6.915897918135e-12       4.048633979686e-15       5.712507512793e-14       1.461240127015e-14       1.408764789406e-15 
  453       2.531495093635e-10       3.382130538998e-12      -7.131489903460e-12       4.058374914800e-15       5.667957690356e-14       1.440426457166e-14       1.398686581393e-15 
  454       2.536973047864e-10       3.365653716966e-12      -7.343517068077e-12       4.068192266017e-15       5.623813833865e-14       1.419899303361e-14       1.388555880368e-15 
  455       2.542821806897e-10       3.348711579010e-12      -7.551937130684e-12       4.078086330594e-15       5.580074714017e-14       1.399657739632e-14       1.378374328309e-15 
  456       2.549035559110e-10       3.331311259929e-12      -7.756707889383e-12       4.088057396204e-15       5.536738947233e-14       1.379700748297e-14       1.368143590873e-15 
  457       2.555608325048e-10       3.313460074126e-12      -7.957787223799e-12       4.098105740847e-15       5.493804994504e-14       1.360027219299e-14       1.357865357505e-15 
  458       2.562533956376e-10       3.295165516663e-12      -8.155133097186e-12       4.108231632765e-15       5.451271160243e-14       1.340635949533e-14       1.347541341542e-15 
  459       2.569806134841e-10       3.276435264312e-12      -8.348703558542e-12       4.118435330354e-15       5.409135591122e-14       1.321525642187e-14       1.337173280319e-15 
  460       2.577418371225e-10       3.257277176610e-12      -8.538456744723e-12       4.128717082078e-15       5.367396274929e-14       1.302694906070e-14       1.326762935273e-15 
  461       2.585364004304e-10       3.237699296907e-12      -8.724350882554e-12       4.139077126378e-15       5.326051039405e-14       1.284142254949e-14       1.316312092047e-15 
  462       2.593636199801e-10       3.217709853424e-12      -8.906344290940e-12       4.149515691589e-15       5.285097551095e-14       1.265866106881e-14       1.305822560599e-15 
  463       2.602227949346e-10       3.197317260302e-12      -9.084395382980e-12       4.160032995851e-15       5.244533314194e-14       1.247864783548e-14       1.295296175303e-15 
  464       2.611132069431e-10       3.176530118655e-12      -9.258462668082e-12       4.170629247021e-15       5.204355669393e-14       1.230136509590e-14       1.284734795054e-15 
  465       2.620341200367e-10       3.155357217625e-12      -9.428504754069e-12       4.181304642587e-15       5.164561792724e-14       1.212679411941e-14       1.274140303379e-15 
  466       2.629847805238e-10       3.133807535431e-12      -9.594480349298e-12       4.192059369579e-15       5.125148694409e-14       1.195491519157e-14       1.263514608532e-15 
  467       2.639644168861e-10       3.111890240424e-12      -9.756348264768e-12       4.202893604484e-15       5.086113217702e-14       1.178570760757e-14       1.252859643610e-15 
  468       2.649722396741e-10       3.089614692140e-12      -9.914067416236e-12       4.213807513158e-15       5.047452037741e-14       1.161914966552e-14       1.242177366650e-15 
  469       2.660074414026e-10       3.066990442351e-12      -1.006759682632e-11       4.224801250736e-15       5.009161660390e-14       1.145521865982e-14       1.231469760737e-15 
  470       2.670691964467e-10       3.044027236118e-12      -1.021689562664e-11       4.235874961549e-15       4.971238421086e-14       1.129389087444e-14       1.220738834110e-15 
  471       2.681566609368e-10       3.020735012844e-12      -1.036192305988e-11       4.247028779035e-15       4.933678483685e-14       1.113514157633e-14       1.209986620264e-15 
  472       2.692689726552e-10       2.997123907326e-12      -1.050263848195e-11       4.258262825651e-15       4.896477839313e-14       1.097894500872e-14       1.199215178060e-15 
  473       2.704052509309e-10       2.973204250808e-12      -1.063900136407e-11       4.269577212784e-15       4.859632305205e-14       1.082527438446e-14       1.188426591825e-15 
  474       2.715645965355e-10       2.948986572036e-12      -1.077097129489e-11       4.280972040671e-15       4.823137523556e-14       1.067410187936e-14       1.177622971460e-15 
  475       2.727460915792e-10       2.924481598305e-12      -1.089850798262e-11       4.292447398301e-15       4.786988960366e-14       1.052539862552e-14       1.166806452544e-15 
  476       2.739487994059e-10       2.899700256517e-12      -1.102157125710e-11       4.304003363338e-15       4.751181904285e-14       1.037913470470e-14       1.155979196439e-15 
  477       2.751717644891e-10       2.874653674229e-12      -1.114012107195e-11       4.315640002025e-15       4.715711465464e-14       1.023527914159e-14       1.145143390397e-15 
  478       2.764140123277e-10       2.849353180711e-12      -1.125411750667e-11       4.327357369106e-15       4.680572574396e-14       1.009379989724e-14       1.134301247661e-15 
  479       2.776745493414e-10       2.823810307994e-12      -1.136352076877e-11       4.339155507728e-15       4.645759980763e-14       9.954663862328e-15       1.123455007574e-15 
  480       2.789523627664e-10       2.798036791924e-12      -1.146829119583e-11       4.351034449363e-15       4.611268252287e-14       9.817836850509e-15       1.112606935682e-15 
  481       2.802464205512e-10       2.772044573216e-12      -1.156838925767e-11       4.362994213716e-15       4.577091773569e-14       9.683283591776e-15       1.101759323841e-15 
  482       2.815556712520e-10       2.745845798504e-12      -1.166377555843e-11       4.375034808638e-15       4.543224744943e-14       9.550967725779e-15       1.090914490320e-15 
  483       2.828790439285e-10       2.719452821396e-12      -1.175441083872e-11       4.387156230041e-15       4.509661181315e-14       9.420851795170e-15       1.080074779905e-15 
  484       2.842154480397e-10       2.692878203525e-12      -1.184025597767e-11       4.399358461809e-15       4.476394911017e-14       9.292897238938e-15       1.069242564009e-15 
  485       2.855637733389e-10       2.666134715603e-12      -1.192127199509e-11       4.411641475709e-15       4.443419574645e-14       9.167064385748e-15       1.058420240772e-15 
  486       2.869228897704e-10       2.639235338472e-12      -1.199742005358e-11       4.424005231308e-15       4.410728623911e-14       9.043312447276e-15       1.047610235167e-15 
  487       2.882916473642e-10       2.612193264158e-12      -1.206866146062e-11       4.436449675883e-15       4.378315320490e-14       8.921599511552e-15       1.036814999109e-15 
  488       2.896689849260e-10       2.585021257053e-12      -1.213496602478e-11       4.448974608687e-15       4.346173834889e-14       8.801887451002e-15       1.026036620908e-15 
  489       2.910542598817e-10       2.557729714384e-12      -1.219633739398e-11       4.461579269489e-15       4.314302581453e-14       8.684156821063e-15       1.015275640636e-15 
  490       2.924469280582e-10       2.530328550012e-12      -1.225278847661e-11       4.474262737598e-15       4.282700980488e-14       8.568392392486e-15       1.004532199659e-15 
  491       2.938464357285e-10       2.502827829804e-12      -1.230433316196e-11       4.487024066246e-15       4.251368366617e-14       8.454578272599e-15       9.938064280071e-16 
  492       2.952522195625e-10       2.475237772360e-12      -1.235098632659e-11       4.499862282437e-15       4.220303988185e-14       8.342697901116e-15       9.830984442762e-16 
  493       2.966637065767e-10       2.447568749751e-12      -1.239276384061e-11       4.512776386784e-15       4.189507006656e-14       8.232734045943e-15       9.724083555410e-16 
  494       2.980803140853e-10       2.419831288245e-12      -1.242968257402e-11       4.525765353359e-15       4.158976496010e-14       8.124668798993e-15       9.617362572616e-16 
  495       2.995014496500e-10       2.392036069037e-12      -1.246176040302e-11       4.538828129536e-15       4.128711442147e-14       8.018483571988e-15       9.510822331929e-16 
  496       3.009265110307e-10       2.364193928983e-12      -1.248901621627e-11       4.551963635835e-15       4.098710742285e-14       7.914159092275e-15       9.404463552930e-16 
  497       3.023548861354e-10       2.336315861328e-12      -1.251146992131e-11       4.565170765767e-15       4.068973204356e-14       7.811675398628e-15       9.298286836318e-16 
  498       3.037859529711e-10       2.308413016441e-12      -1.252914245075e-11       4.578448385678e-15       4.039497546411e-14       7.711011837066e-15       9.192292662998e-16 
  499       3.052190795941e-10       2.280496702539e-12      -1.254205576868e-11       4.591795334594e-15       4.010282396015e-14       7.612147056654e-15       9.086481393165e-16 
  500       3.066536240597e-10       2.252578386426e-12      -1.255023287695e-11       4.605210424065e-15       3.981326289649e-14       7.515059005316e-15       8.980853265389e-16 
  501       3.080889343733e-10       2.224669694217e-12      -1.255369782146e-11       4.618692438011e-15       3.952627672108e-14       7.419724925644e-15       8.875408395707e-16 
  502       3.095243484406e-10       2.196782412072e-12      -1.255247569850e-11       4.632240132565e-15       3.924184895903e-14       7.326121350708e-15       8.770146776703e-16 
  503       3.109591940175e-10       2.168928486927e-12      -1.254659266106e-11       4.645852235918e-15       3.895996220657e-14       7.234224099862e-15       8.665068276598e-16 
  504       3.123927886611e-10       2.141120027223e-12      -1.253607592516e-11       4.659527448162e-15       3.868059812505e-14       7.144008274556e-15       8.560172638334e-16 
  505       3.138244396796e-10       2.113369303640e-12      -1.252095377611e-11       4.673264441138e-15       3.840373743498e-14       7.055448254145e-15       8.455459478661e-16 
  506       3.152534440827e-10       2.085688749824e-12      -1.250125557488e-11       4.687061858278e-15       3.812935990997e-14       6.968517691696e-15       8.350928287225e-16 
  507       3.166790885322e-10       2.058090963120e-12      -1.247701176440e-11       4.700918314450e-15       3.785744437073e-14       6.883189509801e-15       8.246578425651e-16 
  508       3.181006492922e-10       2.030588705303e-12      -1.244825387583e-11       4.714832395801e-15       3.758796867911e-14       6.799435896381e-15       8.142409126631e-16 
  509       3.195173921795e-10       2.003194903308e-12      -1.241501453495e-11       4.728802659604e-15       3.732090973205e-14       6.717228300500e-15       8.038419493011e-16 
  510       3.209285725136e-10       1.975922649961e-12      -1.237732746839e-11       4.742827634104e-15       3.705624345559e-14       6.636537428172e-15       7.934608496875e-16 
  511       3.223334350679e-10       1.948785204711e-12      -1.233522751003e-11       4.756905818357e-15       3.679394479887e-14       6.557333238169e-15       7.830974978634e-16 
  512       3.237312140190e-10       1.921795994359e-12      -1.228875060723e-11       4.771035682077e-15       3.653398772811e-14       6.479584937833e-15       7.727517646109e-16 
  513       3.251211328979e-10       1.894968613789e-12      -1.223793382721e-11       4.785215665485e-15       3.627634522061e-14       6.403260978884e-15       7.624235073619e-16 
  514       3.265024045400e-10       1.868316826700e-12      -1.218281536331e-11       4.799444179145e-15       3.602098925877e-14       6.328329053227e-15       7.521125701069e-16 
  515       3.278742310353e-10       1.841854566337e-12      -1.212343454135e-11       4.813719603818e-15       3.576789082404e-14       6.254756088764e-15       7.418187833033e-16 
  516       3.292358036792e-10       1.815595936220e-12      -1.205983182591e-11       4.828040290296e-15       3.551701989095e-14       6.182508245202e-15       7.315419637841e-16 
  517       3.305863029225e-10       1.789555210878e-12      -1.199204882666e-11       4.842404559258e-15       3.526834542109e-14       6.111550909864e-15       7.212819146667e-16 
  518       3.319248983217e-10       1.763746836574e-12      -1.192012830467e-11       4.856810701105e-15       3.502183535710e-14       6.041848693493e-15       7.110384252613e-16 
  519       3.332507484897e-10       1.738185432044e-12      -1.184411417873e-11       4.871256975808e-15       3.477745661670e-14       5.973365426069e-15       7.008112709797e-16 
  520       3.345630010459e-10       1.712885789220e-12      -1.176405153163e-11       4.885741612755e-15       3.453517508661e-14       5.906064152610e-15       6.906002132438e-16 
  521       3.358607925666e-10       1.687862873967e-12      -1.167998661653e-11       4.900262810592e-15       3.429495561663e-14       5.839907128988e-15       6.804049993942e-16 
  522       3.371432485354e-10       1.663131826808e-12      -1.159196686322e-11       4.914818737069e-15       3.405676201359e-14       5.774855817732e-15       6.702253625991e-16 
  523       3.384094832935e-10       1.638707963661e-12      -1.150004088447e-11       4.929407528884e-15       3.382055703533e-14       5.710870883844e-15       6.600610217624e-16 
  524       3.396585999901e-10       1.614606776565e-12      -1.140425848233e-11       4.944027291528e-15       3.358630238474e-14       5.647912190603e-15       6.499116814328e-16 
  525       3.408896905327e-10       1.590843934413e-12      -1.130467065444e-11       4.958676099129e-15       3.335395870371e-14       5.585938795374e-15       6.397770317123e-16 
  526       3.421018355375e-10       1.567435283683e-12      -1.120132960033e-11       4.973351994297e-15       3.312348556716e-14       5.524908945422e-15       6.296567481648e-16 
  527       3.432942168074e-10       1.544395388558e-12      -1.109428928657e-11       4.988053055351e-15       3.289484786452e-14       5.464787926227e-15       6.195506544356e-16 
  528       3.444664582812e-10       1.521733105488e-12      -1.098360714634e-11       5.002777600358e-15       3.266803515018e-14       5.405571853241e-15       6.094592152342e-16 
  529       3.456182944020e-10       1.499455887859e-12      -1.086934243922e-11       5.017523988421e-15       3.244304281555e-14       5.347264528893e-15       5.993830567854e-16 
  530       3.467494584403e-10       1.477571235648e-12      -1.075155570321e-11       5.032290552683e-15       3.221986574671e-14       5.289869648707e-15       5.893228053287e-16 
  531       3.478596824926e-10       1.456086695525e-12      -1.063030876121e-11       5.047075600194e-15       3.199849832109e-14       5.233390800495e-15       5.792790870969e-16 
  532       3.489486974802e-10       1.435009860953e-12      -1.050566472766e-11       5.061877411795e-15       3.177893440429e-14       5.177831463555e-15       5.692525282950e-16 
  533       3.500162331487e-10       1.414348372287e-12      -1.037768801505e-11       5.076694241980e-15       3.156116734676e-14       5.123195007865e-15       5.592437550791e-16 
  534       3.510620180661e-10       1.394109916881e-12      -1.024644434045e-11       5.091524318780e-15       3.134518998059e-14       5.069484693282e-15       5.492533935347e-16 
  535       3.520857796223e-10       1.374302229181e-12      -1.011200073215e-11       5.106365843628e-15       3.113099461627e-14       5.016703668730e-15       5.392820696564e-16 
  536       3.530872440275e-10       1.354933090832e-12      -9.974425536097e-12       5.121216991239e-15       3.091857303939e-14       4.964854971407e-15       5.293304093256e-16 
  537       3.540661363116e-10       1.336010330777e-12      -9.833788422559e-12       5.136075909478e-15       3.070791650745e-14       4.913941525968e-15       5.193990382901e-16 
  538       3.550221803227e-10       1.317541825357e-12      -9.690160392609e-12       5.150940719241e-15       3.049901574657e-14       4.863966143732e-15       5.094885821428e-16 
  539       3.559550987259e-10       1.299535498412e-12      -9.543613784708e-12       5.165809514319e-15       3.029186094823e-14       4.814931521869e-15       4.995996662999e-16 
  540       3.568646130026e-10       1.281999321384e-12      -9.394222281254e-12       5.180680361281e-15       3.008644176607e-14       4.766840242602e-15       4.897329159805e-16 
  541       3.577504434490e-10       1.264941313416e-12      -9.242060915136e-12       5.195551299339e-15       2.988274731258e-14       4.719694772396e-15       4.798889561848e-16 
  542       3.586123091753e-10       1.248369541454e-12      -9.087206076287e-12       5.210420340230e-15       2.968076615590e-14       4.673497461162e-15       4.700684116732e-16 
  543       3.594499281042e-10       1.232292120345e-12      -8.929735518242e-12       5.225285468083e-15       2.948048631653e-14       4.628250541443e-15       4.602719069448e-16 
  544       3.602630169702e-10       1.216717212945e-12      -8.769728364688e-12       5.240144639296e-15       2.928189526410e-14       4.583956127620e-15       4.505000662167e-16 
  545       3.610512913182e-10       1.201653030210e-12      -8.607265116024e-12       5.254995782406e-15       2.908497991412e-14       4.540616215098e-15       4.407535134022e-16 
  546       3.618144655024e-10       1.187107831305e-12      -8.442427655909e-12       5.269836797969e-15       2.888972662471e-14       4.498232679507e-15       4.310328720899e-16 
  547       3.625522526853e-10       1.173089923703e-12      -8.275299257822e-12       5.284665558427e-15       2.869612119340e-14       4.456807275898e-15       4.213387655227e-16 
  548       3.632643648366e-10       1.159607663282e-12      -8.105964591611e-12       5.299479907984e-15       2.850414885380e-14       4.416341637936e-15       4.116718165761e-16 
  549       3.639505127320e-10       1.146669454433e-12      -7.934509730055e-12       5.314277662483e-15       2.831379427241e-14       4.376837277095e-15       4.020326477372e-16 
  550       3.646104059520e-10       1.134283750153e-12      -7.761022155408e-12       5.329056609273e-15       2.812504154537e-14       4.338295581860e-15       3.924218810839e-16 
  551       3.652437528809e-10       1.122459052152e-12      -7.585590765964e-12       5.343814507086e-15       2.793787419516e-14       4.300717816912e-15       3.828401382628e-16 
  552       3.658502607058e-10       1.111203910951e-12      -7.408305882605e-12       5.358549085914e-15       2.775227516741e-14       4.264105122335e-15       3.732880404690e-16 
  553       3.664296354152e-10       1.100526925985e-12      -7.229259255355e-12       5.373258046876e-15       2.756822682759e-14       4.228458512803e-15       3.637662084242e-16 
  554       3.669815817981e-10       1.090436745701e-12      -7.048544069940e-12       5.387939062095e-15       2.738571095783e-14       4.193778876781e-15       3.542752623556e-16 
  555       3.675058034427e-10       1.080942067661e-12      -6.866254954336e-12       5.402589774573e-15       2.720470875358e-14       4.160066975715e-15       3.448158219751e-16 
  556       3.680020027356e-10       1.072051638643e-12      -6.682487985328e-12       5.417207798061e-15       2.702520082045e-14       4.127323443236e-15       3.353885064575e-16 
  557       3.684698808603e-10       1.063774254741e-12      -6.497340695060e-12       5.431790716936e-15       2.684716717090e-14       4.095548784346e-15       3.259939344196e-16 
  558       3.689091377964e-10       1.056118761467e-12      -6.310912077596e-12       5.446336086071e-15       2.667058722101e-14       4.064743374622e-15       3.166327238992e-16 
  559       3.693194723182e-10       1.049094053851e-12      -6.123302595467e-12       5.460841430712e-15       2.649543978722e-14       4.034907459407e-15       3.073054923335e-16 
  560       3.697005819938e-10       1.042709076541e-12      -5.934614186231e-12       5.475304246351e-15       2.632170308310e-14       4.006041153004e-15       2.980128565381e-16 
  561       3.700521631840e-10       1.036972823907e-12      -5.744950269024e-12       5.489721998597e-15       2.614935471607e-14       3.978144437878e-15       2.887554326856e-16 
  562       3.703739110409e-10       1.031894340140e-12      -5.554415751115e-12       5.504092123053e-15       2.597837168418e-14       3.951217163846e-15       2.795338362849e-16 
  563       3.706655195072e-10       1.027482719350e-12      -5.363117034463e-12       5.518412025185e-15       2.580873037283e-14       3.925259047275e-15       2.703486821591e-16 
  564       3.709266813146e-10       1.023747105675e-12      -5.171162022268e-12       5.532679080202e-15       2.564040655154e-14       3.900269670275e-15       2.612005844255e-16 
  565       3.711570879833e-10       1.020696693372e-12      -4.978660125528e-12       5.546890632923e-15       2.547337537070e-14       3.876248479901e-15       2.520901564730e-16 
  566       3.713565013958e-10       1.018339183779e-12      -4.785714858833e-12       5.561044231037e-15       2.530761513684e-14       3.853193065139e-15       2.430180087382e-16 
  567       3.715249705476e-10       1.016676112356e-12      -4.592401405156e-12       5.575138331709e-15       2.514311875186e-14       3.831093940819e-15       2.339847420084e-16 
  568       3.716626203705e-10       1.015707401619e-12      -4.398788486821e-12       5.589171612899e-15       2.497988256170e-14       3.809939627928e-15       2.249909539042e-16 
  569       3.717695806879e-10       1.015432892937e-12      -4.204945727817e-12       5.603142741592e-15       2.481790260255e-14       3.789718362221e-15       2.160372410456e-16 
  570       3.718459862397e-10       1.015852346057e-12      -4.010943657573e-12       5.617050373752e-15       2.465717459908e-14       3.770418092772e-15       2.071241990296e-16 
  571       3.718919767084e-10       1.016965438623e-12      -3.816853714749e-12       5.630893154287e-15       2.449769396253e-14       3.752026480531e-15       1.982524224091e-16 
  572       3.719076967446e-10       1.018771765707e-12      -3.622748251013e-12       5.644669717011e-15       2.433945578894e-14       3.734530896870e-15       1.894225046698e-16 
  573       3.718932959928e-10       1.021270839325e-12      -3.428700534829e-12       5.658378684600e-15       2.418245485725e-14       3.717918422137e-15       1.806350382091e-16 
  574       3.718489291166e-10       1.024462087967e-12      -3.234784755238e-12       5.672018668557e-15       2.402668562751e-14       3.702175844208e-15       1.718906143135e-16 
  575       3.717747558250e-10       1.028344856120e-12      -3.041076025643e-12       5.685588269171e-15       2.387214223902e-14       3.687289657039e-15       1.631898231365e-16 
  576       3.716709408974e-10       1.032918403787e-12      -2.847650387589e-12       5.699086075481e-15       2.371881850850e-14       3.673246059215e-15       1.545332536772e-16 
  577       3.715376542099e-10       1.038181906017e-12      -2.654584814551e-12       5.712510665229e-15       2.356670792824e-14       3.660030952505e-15       1.459214937576e-16 
  578       3.713750707602e-10       1.044134452428e-12      -2.461957215714e-12       5.725860604831e-15       2.341580366427e-14       3.647629940411e-15       1.373551300008e-16 
  579       3.711833706938e-10       1.050775046725e-12      -2.269846439758e-12       5.739134449331e-15       2.326609855454e-14       3.636028326722e-15       1.288347478092e-16 
  580       3.709627393298e-10       1.058102606233e-12      -2.078332278639e-12       5.752330742363e-15       2.311758510704e-14       3.625211114063e-15       1.203609313420e-16 
  581       3.707133671857e-10       1.066115961413e-12      -1.887495471376e-12       5.765448016114e-15       2.297025549802e-14       3.615163002450e-15       1.119342634937e-16 
  582       3.704354500039e-10       1.074813855391e-12      -1.697417707832e-12       5.778484791282e-15       2.282410157008e-14       3.605868387838e-15       1.035553258717e-16 
  583       3.701291887771e-10       1.084194943479e-12      -1.508181632498e-12       5.791439577039e-15       2.267911483041e-14       3.597311360675e-15       9.522469877415e-17 
  584       3.697947897737e-10       1.094257792700e-12      -1.319870848274e-12       5.804310870992e-15       2.253528644889e-14       3.589475704454e-15       8.694296116847e-17 
  585       3.694324645636e-10       1.105000881314e-12      -1.132569920258e-12       5.817097159141e-15       2.239260725628e-14       3.582344894262e-15       7.871069066881e-17 
  586       3.690424300440e-10       1.116422598336e-12      -9.463643795232e-13       5.829796915843e-15       2.225106774240e-14       3.575902095334e-15       7.052846351421e-17 
  587       3.686249084649e-10       1.128521243068e-12      -7.613407269050e-13       5.842408603773e-15       2.211065805424e-14       3.570130161605e-15       6.239685454655e-17 
  588       3.681801274547e-10       1.141295024614e-12      -5.775864367835e-13       5.854930673880e-15       2.197136799417e-14       3.565011634259e-15       5.431643718852e-17 
  589       3.677083200460e-10       1.154742061413e-12      -3.951899608664e-13       5.867361565353e-15       2.183318701809e-14       3.560528740285e-15       4.628778342160e-17 
  590       3.672097247011e-10       1.168860380757e-12      -2.142407319729e-13       5.879699705583e-15       2.169610423358e-14       3.556663391022e-15       3.831146376399e-17 
  591       3.666845853377e-10       1.183647918313e-12      -3.482916781678e-14       5.891943510116e-15       2.156010839807e-14       3.553397180718e-15       3.038804724862e-17 
  592       3.661331513545e-10       1.199102517656e-12       1.429533252103e-13       5.904091382622e-15       2.142518791701e-14       3.550711385078e-15       2.251810140109e-17 
  593       3.655556776571e-10       1.215221929784e-12       3.190143482551e-13       5.916141714852e-15       2.129133084202e-14       3.548586959813e-15       1.470219221765e-17 
  594       3.649524246832e-10       1.232003812644e-12       4.932605062199e-13       5.928092886599e-15       2.115852486905e-14       3.547004539199e-15       6.940884143168e-18 
  595       3.643236584287e-10       1.249445730660e-12       6.655974039788e-13       5.939943265660e-15       2.102675733656e-14       3.545944434620e-15      -7.652599509198e-19 
  596       3.636696504730e-10       1.267545154253e-12       8.359296425945e-13       5.951691207797e-15       2.089601522367e-14       3.545386633127e-15      -8.415678788609e-18 
  597       3.629906780047e-10       1.286299459364e-12       1.004160815535e-12       5.963335056695e-15       2.076628514832e-14       3.545310795984e-15      -1.600981271138e-17 
  598       3.622870238477e-10       1.305705926981e-12       1.170193504890e-12       5.974873143926e-15       2.063755336545e-14       3.545696257226e-15      -2.354710370023e-17 
  599       3.615589764861e-10       1.325761742663e-12       1.333929277587e-12       5.986303788910e-15       2.050980576511e-14       3.546522022203e-15      -3.102699539771e-17 
  600       3.608068300904e-10       1.346463996061e-12       1.495268681611e-12       5.997625298871e-15       2.038302787071e-14       3.547766766136e-15      -3.844893312991e-17 
  601       3.600308845430e-10       1.367809680445e-12       1.654111242216e-12       6.008835968805e-15       2.025720483711e-14       3.549408832671e-15      -4.581236392858e-17 
  602       3.592314454637e-10       1.389795692223e-12       1.810355458147e-12       6.019934081437e-15       2.013232144879e-14       3.551426232426e-15      -5.311673655308e-17 
  603       3.584088242355e-10       1.412418830473e-12       1.963898797851e-12       6.030917907179e-15       2.000836211806e-14       3.553796641543e-15      -6.036150151244e-17 
  604       3.575633380303e-10       1.435675796460e-12       2.114637695700e-12       6.041785704096e-15       1.988531088316e-14       3.556497400243e-15      -6.754611108740e-17 
  605       3.566953198496e-10       1.459562438083e-12       2.262479022562e-12       6.052535982310e-15       1.976315375782e-14       3.559508689917e-15      -7.467010603996e-17 
  606       3.558051488606e-10       1.484071464205e-12       2.407374808548e-12       6.063168304275e-15       1.964188584564e-14       3.562823151355e-15      -8.173337799040e-17 
  607       3.548932208412e-10       1.509194674341e-12       2.549288348891e-12       6.073682503695e-15       1.952150439336e-14       3.566436495258e-15      -8.873591340164e-17 
  608       3.539599382600e-10       1.534923708043e-12       2.688182805232e-12       6.084078422871e-15       1.940200645398e-14       3.570344344246e-15      -9.567770751383e-17 
  609       3.530057103050e-10       1.561250044169e-12       2.824021205591e-12       6.094355912746e-15       1.928338888566e-14       3.574542232455e-15      -1.025587643948e-16 
  610       3.520309529126e-10       1.588165000163e-12       2.956766444343e-12       6.104514832953e-15       1.916564835065e-14       3.579025605124e-15      -1.093790969903e-16 
  611       3.510360887969e-10       1.615659731332e-12       3.086381282187e-12       6.114555051865e-15       1.904878131426e-14       3.583789818195e-15      -1.161387271747e-16 
  612       3.500215474778e-10       1.643725230122e-12       3.212828346122e-12       6.124476446640e-15       1.893278404375e-14       3.588830137894e-15      -1.228376858013e-16 
  613       3.489877653107e-10       1.672352325393e-12       3.336070129414e-12       6.134278903270e-15       1.881765260728e-14       3.594141740334e-15      -1.294760127523e-16 
  614       3.479351855150e-10       1.701531681699e-12       3.456068991572e-12       6.143962316625e-15       1.870338287286e-14       3.599719711100e-15      -1.360537569899e-16 
  615       3.468642582034e-10       1.731253798564e-12       3.572787158321e-12       6.153526590505e-15       1.858997050725e-14       3.605559044842e-15      -1.425709766064e-16 
  616       3.457754404102e-10       1.761509009758e-12       3.686186721570e-12       6.162971637684e-15       1.847741097488e-14       3.611654644869e-15      -1.490277388743e-16 
  617       3.446691961209e-10       1.792287482573e-12       3.796229639389e-12       6.172297379960e-15       1.836569953685e-14       3.618001322740e-15      -1.554241202973e-16 
  618       3.435459963008e-10       1.823579217100e-12       3.902877735978e-12       6.181503748200e-15       1.825483124980e-14       3.624593797857e-15      -1.617602066602e-16 
  619       3.424063189238e-10       1.855374045509e-12       4.006092701641e-12       6.190590682388e-15       1.814480096485e-14       3.631426697054e-15      -1.680360930795e-16 
  620       3.412506490017e-10       1.887661631322e-12       4.105836092759e-12       6.199558131674e-15       1.803560332655e-14       3.638494554192e-15      -1.742518840539e-16 
  621       3.400794786126e-10       1.920431468689e-12       4.202069331758e-12       6.208406054419e-15       1.792723277181e-14       3.645791809751e-15      -1.804076935145e-16 
  622       3.388933069305e-10       1.953672881670e-12       4.294753707086e-12       6.217134418245e-15       1.781968352882e-14       3.653312810420e-15      -1.865036448756e-16 
  623       3.376926402536e-10       1.987375023506e-12       4.383850373185e-12       6.225743200079e-15       1.771294961599e-14       3.661051808690e-15      -1.925398710843e-16 
  624       3.364779920336e-10       2.021526875901e-12       4.469320350459e-12       6.234232386205e-15       1.760702484087e-14       3.669002962446e-15      -1.985165146719e-16 
  625       3.352498829043e-10       2.056117248294e-12       4.551124525250e-12       6.242601972306e-15       1.750190279912e-14       3.677160334560e-15      -2.044337278037e-16 
  626       3.340088407111e-10       2.091134777137e-12       4.629223649810e-12       6.250851963516e-15       1.739757687337e-14       3.685517892482e-15      -2.102916723294e-16 
  627       3.327554005393e-10       2.126567925177e-12       4.703578342272e-12       6.258982374466e-15       1.729404023224e-14       3.694069507830e-15      -2.160905198337e-16 
  628       3.314901047432e-10       2.162404980723e-12       4.774149086624e-12       6.266993229328e-15       1.719128582919e-14       3.702808955986e-15      -2.218304516868e-16 
  629       3.302135029753e-10       2.198634056931e-12       4.840896232677e-12       6.274884561870e-15       1.708930640151e-14       3.711729915687e-15      -2.275116590945e-16 
  630       3.289261522150e-10       2.235243091079e-12       4.903779996045e-12       6.282656415494e-15       1.698809446924e-14       3.720825968614e-15      -2.331343431487e-16 
  631       3.276286167975e-10       2.272219843840e-12       4.962760458108e-12       6.290308843292e-15       1.688764233406e-14       3.730090598987e-15      -2.386987148780e-16 
  632       3.263214684427e-10       2.309551898564e-12       5.017797565992e-12       6.297841908086e-15       1.678794207828e-14       3.739517193156e-15      -2.442049952979e-16 
  633       3.250052862845e-10       2.347226660550e-12       5.068851132537e-12       6.305255682483e-15       1.668898556374e-14       3.749099039193e-15      -2.496534154614e-16 
  634       3.236806568990e-10       2.385231356328e-12       5.115880836270e-12       6.312550248914e-15       1.659076443076e-14       3.758829326486e-15      -2.550442165091e-16 
  635       3.223481743343e-10       2.423553032929e-12       5.158846221380e-12       6.319725699690e-15       1.649327009704e-14       3.768701145325e-15      -2.603776497198e-16 
  636       3.210084401386e-10       2.462178557169e-12       5.197706697684e-12       6.326782137042e-15       1.639649375661e-14       3.778707486503e-15      -2.656539765611e-16 
  637       3.196620633897e-10       2.501094614921e-12       5.232421540608e-12       6.333719673172e-15       1.630042637880e-14       3.788841240900e-15      -2.708734687392e-16 
  638       3.183096607237e-10       2.540287710393e-12       5.262949891150e-12       6.340538430301e-15       1.620505870709e-14       3.799095199078e-15      -2.760364082501e-16 
  639       3.169518563640e-10       2.579744165405e-12       5.289250755859e-12       6.347238540716e-15       1.611038125812e-14       3.809462050876e-15      -2.811430874295e-16 
  640       3.155892821500e-10       2.619450118665e-12       5.311283006806e-12       6.353820146814e-15       1.601638432058e-14       3.819934384996e-15      -2.861938090031e-16 
  641       3.142225775665e-10       2.659391525049e-12       5.329005381553e-12       6.360283401153e-15       1.592305795415e-14       3.830504688599e-15      -2.911888861374e-16 
  642       3.128523897720e-10       2.699554154873e-12       5.342376483128e-12       6.366628466501e-15       1.583039198843e-14       3.841165346899e-15      -2.961286424900e-16 
  643       3.114793736281e-10       2.739923593171e-12       5.351354779999e-12       6.372855515878e-15       1.573837602188e-14       3.851908642748e-15      -3.010134122597e-16 
  644       3.101041474062e-10       2.780485751192e-12       5.355908211357e-12       6.378964876567e-15       1.564700088919e-14       3.862727729986e-15      -3.058434085987e-16 
  645       3.087271587482e-10       2.821228415040e-12       5.356043241675e-12       6.384957465613e-15       1.555626310204e-14       3.873619578474e-15      -3.106183254771e-16 
  646       3.073488157297e-10       2.862139730651e-12       5.351776463608e-12       6.390834364272e-15       1.546616050672e-14       3.884582094899e-15      -3.153377269080e-16 
  647       3.059695309233e-10       2.903207694169e-12       5.343125054950e-12       6.396596675033e-15       1.537669082413e-14       3.895613154929e-15      -3.200011777825e-16 
  648       3.045897214152e-10       2.944420151373e-12       5.330106781373e-12       6.402245521705e-15       1.528785164918e-14       3.906710603087e-15      -3.246082438827e-16 
  649       3.032098088208e-10       2.985764797105e-12       5.312739999182e-12       6.407782049511e-15       1.519964045009e-14       3.917872252626e-15      -3.291584918934e-16 
  650       3.018302193011e-10       3.027229174690e-12       5.291043658060e-12       6.413207425169e-15       1.511205456781e-14       3.929095885399e-15      -3.336514894150e-16 
  651       3.004513835791e-10       3.068800675363e-12       5.265037303813e-12       6.418522836988e-15       1.502509121531e-14       3.940379251735e-15      -3.380868049755e-16 
  652       2.990737369551e-10       3.110466537695e-12       5.234741081118e-12       6.423729494955e-15       1.493874747697e-14       3.951720070310e-15      -3.424640080430e-16 
  653       2.976977193237e-10       3.152213847013e-12       5.200175736272e-12       6.428828630823e-15       1.485302030794e-14       3.963116028024e-15      -3.467826690381e-16 
  654       2.963237751894e-10       3.194029534833e-12       5.161362619939e-12       6.433821498200e-15       1.476790653350e-14       3.974564779869e-15      -3.510423593465e-16 
  655       2.949523536830e-10       3.235900378275e-12       5.118323689894e-12       6.438709372639e-15       1.468340284838e-14       3.986063948808e-15      -3.552426513308e-16 
  656       2.935839085774e-10       3.277812999495e-12       5.071081513773e-12       6.443493551725e-15       1.459950581615e-14       3.997611125645e-15      -3.593831183434e-16 
  657       2.922188983041e-10       3.319753865107e-12       5.019659271820e-12       6.448175355167e-15       1.451621186858e-14       4.009203868898e-15      -3.634633347388e-16 
  658       2.908577859690e-10       3.361709285608e-12       4.964080759633e-12       6.452756124884e-15       1.443351730498e-14       4.020839704673e-15      -3.674828758857e-16 
  659       2.895010393687e-10       3.403665414803e-12       4.904370390913e-12       6.457237225099e-15       1.435141829153e-14       4.032516126539e-15      -3.714413181796e-16 
  660       2.881491310066e-10       3.445608249228e-12       4.840553200207e-12       6.461620042419e-15       1.426991086070e-14       4.044230595399e-15      -3.753382390552e-16 
  661       2.868025381089e-10       3.487523627579e-12       4.772654845662e-12       6.465905985933e-15       1.418899091057e-14       4.055980539365e-15      -3.791732169986e-16 
  662       2.854617426410e-10       3.529397230131e-12       4.700701611766e-12       6.470096487297e-15       1.410865420416e-14       4.067763353629e-15      -3.829458315599e-16 
  663       2.841272313231e-10       3.571214578168e-12       4.624720412098e-12       6.474193000821e-15       1.402889636884e-14       4.079576400339e-15      -3.866556633653e-16 
  664       2.827994956471e-10       3.612961033404e-12       4.544738792073e-12       6.478197003564e-15       1.394971289564e-14       4.091417008470e-15      -3.903022941298e-16 
  665       2.814790318919e-10       3.654621797411e-12       4.460784931694e-12       6.482109995416e-15       1.387109913865e-14       4.103282473701e-15      -3.938853066693e-16 
  666       2.801663411400e-10       3.696181911041e-12       4.372887648294e-12       6.485933499192e-15       1.379305031432e-14       4.115170058283e-15      -3.974042849131e-16 
  667       2.788619292936e-10       3.737626253852e-12       4.281076399284e-12       6.489669060719e-15       1.371556150089e-14       4.127076990916e-15      -4.008588139163e-16 
  668       2.775663070907e-10       3.778939543531e-12       4.185381284904e-12       6.493318248924e-15       1.363862763766e-14       4.139000466622e-15      -4.042484798721e-16 
  669       2.762799901209e-10       3.820106335323e-12       4.085833050965e-12       6.496882655926e-15       1.356224352441e-14       4.150937646617e-15      -4.075728701243e-16 
  670       2.750034988420e-10       3.861111021450e-12       3.982463091600e-12       6.500363897123e-15       1.348640382075e-14       4.162885658186e-15      -4.108315731793e-16 
  671       2.737373585957e-10       3.901937830542e-12       3.875303452010e-12       6.503763611280e-15       1.341110304543e-14       4.174841594554e-15      -4.140241787191e-16 
  672       2.724820996242e-10       3.942570827056e-12       3.764386831209e-12       6.507083460620e-15       1.333633557577e-14       4.186802514762e-15      -4.171502776132e-16 
  673       2.712382570858e-10       3.982993910705e-12       3.649746584776e-12       6.510325130912e-15       1.326209564693e-14       4.198765443537e-15      -4.202094619312e-16 
  674       2.700063710714e-10       4.023190815879e-12       3.531416727596e-12       6.513490331561e-15       1.318837735135e-14       4.210727371170e-15      -4.232013249549e-16 
  675       2.687869866203e-10       4.063145111072e-12       3.409431936613e-12       6.516580795694e-15       1.311517463804e-14       4.222685253385e-15      -4.261254611911e-16 
  676       2.675806537367e-10       4.102840198310e-12       3.283827553573e-12       6.519598280253e-15       1.304248131197e-14       4.234636011214e-15      -4.289814663835e-16 
  677       2.663879274055e-10       4.142259312567e-12       3.154639587774e-12       6.522544566082e-15       1.297029103342e-14       4.246576530871e-15      -4.317689375256e-16 
  678       2.652093676086e-10       4.181385521199e-12       3.021904718811e-12       6.525421458014e-15       1.289859731734e-14       4.258503663623e-15      -4.344874728725e-16 
  679       2.640455393409e-10       4.220201723362e-12       2.885660299324e-12       6.528230784966e-15       1.282739353270e-14       4.270414225666e-15      -4.371366719538e-16 
  680       2.628970126266e-10       4.258690649442e-12       2.745944357747e-12       6.530974400019e-15       1.275667290184e-14       4.282304997999e-15      -4.397161355856e-16 
  681       2.617643625351e-10       4.296834860476e-12       2.602795601051e-12       6.533654180518e-15       1.268642849984e-14       4.294172726291e-15      -4.422254658831e-16 
  682       2.606481691973e-10       4.334616747577e-12       2.456253417494e-12       6.536272028149e-15       1.261665325387e-14       4.306014120763e-15      -4.446642662730e-16 
  683       2.595489508733e-10       4.372020091438e-12       2.306360831150e-12       6.538829813676e-15       1.254734091752e-14       4.317825917244e-15      -4.470322878150e-16 
  684       2.584669615560e-10       4.409034778527e-12       2.153173429136e-12       6.541329209645e-15       1.247848901799e-14       4.329605062045e-15      -4.493298715703e-16 
  685       2.574023890793e-10       4.445652184426e-12       1.996750630381e-12       6.543771854280e-15       1.241009597053e-14       4.341348530781e-15      -4.515575157005e-16 
  686       2.563554216737e-10       4.481863622689e-12       1.837152754595e-12       6.546159406599e-15       1.234216010879e-14       4.353053267434e-15      -4.537157300630e-16 
  687       2.553262479657e-10       4.517660344677e-12       1.674441025773e-12       6.548493546487e-15       1.227467968441e-14       4.364716184234e-15      -4.558050362611e-16 
  688       2.543150569764e-10       4.553033539373e-12       1.508677575708e-12       6.550775974768e-15       1.220765286661e-14       4.376334161556e-15      -4.578259676940e-16 
  689       2.533220381204e-10       4.587974333216e-12       1.339925447487e-12       6.553008413287e-15       1.214107774183e-14       4.387904047802e-15      -4.597790696064e-16 
  690       2.523473812050e-10       4.622473789923e-12       1.168248599005e-12       6.555192604978e-15       1.207495231333e-14       4.399422659296e-15      -4.616648991388e-16 
  691       2.513912764288e-10       4.656522910313e-12       9.937119064622e-13       6.557330313940e-15       1.200927450076e-14       4.410886780170e-15      -4.634840253776e-16 
  692       2.504539143809e-10       4.690112632136e-12       8.163811678770e-13       6.559423325516e-15       1.194404213981e-14       4.422293162253e-15      -4.652370294046e-16 
  693       2.495354860397e-10       4.723233829895e-12       6.363231065859e-13       6.561473446362e-15       1.187925298181e-14       4.433638524960e-15      -4.669245043471e-16 
  694       2.486361827716e-10       4.755877314675e-12       4.536053747514e-13       6.563482504526e-15       1.181490469332e-14       4.444919555184e-15      -4.685470554282e-16 
  695       2.477561963305e-10       4.788033833965e-12       2.682965568667e-13       6.565452349520e-15       1.175099485572e-14       4.456132907179e-15      -4.701053000163e-16 
  696       2.468957188562e-10       4.819694071485e-12       8.046617326101e-14       6.567384852397e-15       1.168752096488e-14       4.467275202456e-15      -4.715998676753e-16 
  697       2.460549428733e-10       4.850848647014e-12      -1.098153163947e-13       6.569281905825e-15       1.162448043070e-14       4.478343029667e-15      -4.730314002146e-16 
  698       2.452340612907e-10       4.881488116210e-12      -3.024765095827e-13       6.571145424161e-15       1.156187057675e-14       4.489332944496e-15      -4.744005517389e-16 
  699       2.444332673999e-10       4.911602970440e-12      -4.974450574329e-13       6.572977343525e-15       1.149968863988e-14       4.500241469548e-15      -4.757079886982e-16 
  700       2.436527548743e-10       4.941183636603e-12      -6.946476612177e-13       6.574779621877e-15       1.143793176979e-14       4.511065094237e-15      -4.769543899378e-16 
  701       2.428927177677e-10       4.970220476958e-12      -8.940100688464e-13       6.576554239093e-15       1.137659702869e-14       4.521800274676e-15      -4.781404467483e-16 
  702       2.421533505140e-10       4.998703788947e-12      -1.095457071360e-12       6.578303197034e-15       1.131568139086e-14       4.532443433568e-15      -4.792668629155e-16 
  703       2.414348479252e-10       5.026623805021e-12      -1.298912499425e-12       6.580028519626e-15       1.125518174230e-14       4.542990960089e-15      -4.803343547703e-16 
  704       2.407374051910e-10       5.053970692467e-12      -1.504299219830e-12       6.581732252933e-15       1.119509488028e-14       4.553439209784e-15      -4.813436512388e-16 
  705       2.400612178774e-10       5.080734553232e-12      -1.711539131979e-12       6.583416465233e-15       1.113541751302e-14       4.563784504453e-15      -4.822954938921e-16 
  706       2.394064819258e-10       5.106905423748e-12      -1.920553164384e-12       6.585083247088e-15       1.107614625920e-14       4.574023132037e-15      -4.831906369963e-16 
  707       2.387733936517e-10       5.132473274758e-12      -2.131261271165e-12       6.586734711427e-15       1.101727764768e-14       4.584151346513e-15      -4.840298475626e-16 
  708       2.381621497438e-10       5.157428011144e-12      -2.343582428539e-12       6.588372993613e-15       1.095880811701e-14       4.594165367779e-15      -4.848139053972e-16 
  709       2.375729472630e-10       5.181759471749e-12      -2.557434631317e-12       6.590000251522e-15       1.090073401508e-14       4.604061381545e-15      -4.855436031509e-16 
  710       2.370059836411e-10       5.205457429203e-12      -2.772734889401e-12       6.591618665616e-15       1.084305159875e-14       4.613835539218e-15      -4.862197463697e-16 
  711       2.364614566798e-10       5.228511589751e-12      -2.989399224273e-12       6.593230439019e-15       1.078575703339e-14       4.623483957798e-15      -4.868431535443e-16 
  712       2.359395645498e-10       5.250911593074e-12      -3.207342665496e-12       6.594837797592e-15       1.072884639255e-14       4.633002719762e-15      -4.874146561602e-16 
  713       2.354405057894e-10       5.272647012119e-12      -3.426479247203e-12       6.596442990006e-15       1.067231565753e-14       4.642387872952e-15      -4.879350987475e-16 
  714       2.349644793037e-10       5.293707352924e-12      -3.646722004596e-12       6.598048287817e-15       1.061616071701e-14       4.651635430470e-15      -4.884053389311e-16 
  715       2.345116843634e-10       5.314082054439e-12      -3.867982970436e-12       6.599655985542e-15       1.056037736662e-14       4.660741370560e-15      -4.888262474807e-16 
  716       2.340823206038e-10       5.333760488356e-12      -4.090173171545e-12       6.601268400734e-15       1.050496130859e-14       4.669701636501e-15      -4.891987083603e-16 
  717       2.336765880237e-10       5.352731958935e-12      -4.313202625291e-12       6.602887874056e-15       1.044990815134e-14       4.678512136498e-15      -4.895236187788e-16 
  718       2.332946869841e-10       5.370985702824e-12      -4.536980336091e-12       6.604516769355e-15       1.039521340908e-14       4.687168743565e-15      -4.898018892393e-16 
  719       2.329368182075e-10       5.388510888890e-12      -4.761414291901e-12       6.606157473738e-15       1.034087250140e-14       4.695667295419e-15      -4.900344435897e-16 
  720       2.326031827766e-10       5.405296618043e-12      -4.986411460713e-12       6.607812397646e-15       1.028688075294e-14       4.704003594368e-15      -4.902222190721e-16 
  721       2.322939821334e-10       5.421331923059e-12      -5.211877787047e-12       6.609483974928e-15       1.023323339291e-14       4.712173407197e-15      -4.903661663730e-16 
  722       2.320093656848e-10       5.436607564323e-12      -5.437723012596e-12       6.611174445142e-15       1.017992618713e-14       4.720173181616e-15      -4.904670785063e-16 
  723       2.317492724631e-10       5.451121457185e-12      -5.663875252074e-12       6.612885195460e-15       1.012695734865e-14       4.728002211678e-15      -4.905250735675e-16 
  724       2.315135862648e-10       5.464873353887e-12      -5.890266704849e-12       6.614617405617e-15       1.007432566492e-14       4.735660515882e-15      -4.905401016304e-16 
  725       2.313021877417e-10       5.477863057812e-12      -6.116828855068e-12       6.616372264508e-15       1.002202986870e-14       4.743148124627e-15      -4.905121149785e-16 
  726       2.311149543870e-10       5.490090423727e-12      -6.343492469260e-12       6.618150970211e-15       9.970068637739e-15       4.750465080273e-15      -4.904410681152e-16 
  727       2.309517605227e-10       5.501555358019e-12      -6.570187593943e-12       6.619954730014e-15       9.918440594613e-15       4.757611437189e-15      -4.903269177751e-16 
  728       2.308124772861e-10       5.512257818933e-12      -6.796843553224e-12       6.621784760438e-15       9.867144306417e-15       4.764587261812e-15      -4.901696229338e-16 
  729       2.306969726170e-10       5.522197816811e-12      -7.023388946406e-12       6.623642287263e-15       9.816178284541e-15       4.771392632695e-15      -4.899691448193e-16 
  730       2.306051112443e-10       5.531375414331e-12      -7.249751645587e-12       6.625528545552e-15       9.765540984420e-15       4.778027640566e-15      -4.897254469220e-16 
  731       2.305367546730e-10       5.539790726745e-12      -7.475858793268e-12       6.627444779677e-15       9.715230805281e-15       4.784492388380e-15      -4.894384950058e-16 
  732       2.304917611712e-10       5.547443922115e-12      -7.701636799955e-12       6.629392243341e-15       9.665246089901e-15       4.790786991370e-15      -4.891082571182e-16 
  733       2.304699857567e-10       5.554335221557e-12      -7.927011341763e-12       6.631372199605e-15       9.615585124353e-15       4.796911577107e-15      -4.887347036014e-16 
  734       2.304712801842e-10       5.560464899472e-12      -8.151907358017e-12       6.633385920911e-15       9.566246137761e-15       4.802866285545e-15      -4.883178071025e-16 
  735       2.304954929319e-10       5.565833283790e-12      -8.376249048861e-12       6.635434689110e-15       9.517227302053e-15       4.808651269083e-15      -4.878575425844e-16 
  736       2.305424691887e-10       5.570440756205e-12      -8.599959872855e-12       6.637519795482e-15       9.468526731711e-15       4.814266692615e-15      -4.873538873364e-16 
  737       2.306120508405e-10       5.574287752416e-12      -8.822962544585e-12       6.639642540764e-15       9.420142483521e-15       4.819712733584e-15      -4.868068209845e-16 
  738       2.307040764580e-10       5.577374762363e-12      -9.045179032261e-12       6.641804235174e-15       9.372072556330e-15       4.824989582034e-15      -4.862163255022e-16 
  739       2.308183812825e-10       5.579702330467e-12      -9.266530555326e-12       6.644006198435e-15       9.324314890793e-15       4.830097440669e-15      -4.855823852215e-16 
  740       2.309547972137e-10       5.581271055866e-12      -9.486937582055e-12       6.646249759801e-15       9.276867369130e-15       4.835036524900e-15      -4.849049868427e-16 
  741       2.311131527959e-10       5.582081592658e-12      -9.706319827161e-12       6.648536258081e-15       9.229727814871e-15       4.839807062906e-15      -4.841841194458e-16 
  742       2.312932732056e-10       5.582134650133e-12      -9.924596249397e-12       6.650867041661e-15       9.182893992614e-15       4.844409295680e-15      -4.834197745004e-16 
  743       2.314949802375e-10       5.581430993015e-12      -1.014168504916e-11       6.653243468535e-15       9.136363607775e-15       4.848843477089e-15      -4.826119458770e-16 
  744       2.317180922922e-10       5.579971441703e-12      -1.035750366611e-11       6.655666906323e-15       9.090134306339e-15       4.853109873925e-15      -4.817606298571e-16 
  745       2.319624243624e-10       5.577756872503e-12      -1.057196877672e-11       6.658138732300e-15       9.044203674612e-15       4.857208765958e-15      -4.808658251441e-16 
  746       2.322277880204e-10       5.574788217871e-12      -1.078499629197e-11       6.660660333420e-15       8.998569238975e-15       4.861140445995e-15      -4.799275328736e-16 
  747       2.325139914045e-10       5.571066466648e-12      -1.099650135487e-11       6.663233106339e-15       8.953228465632e-15       4.864905219924e-15      -4.789457566245e-16 
  748       2.328208392061e-10       5.566592664304e-12      -1.120639833808e-11       6.665858457442e-15       8.908178760367e-15       4.868503406777e-15      -4.779205024290e-16 
  749       2.331481326565e-10       5.561367913168e-12      -1.141460084156e-11       6.668537802864e-15       8.863417468290e-15       4.871935338779e-15      -4.768517787837e-16 
  750       2.334956695140e-10       5.555393372675e-12      -1.162102169011e-11       6.671272568519e-15       8.818941873596e-15       4.875201361405e-15      -4.757395966601e-16 
  751       2.338632440503e-10       5.548670259597e-12      -1.182557293103e-11       6.674064190124e-15       8.774749199309e-15       4.878301833429e-15      -4.745839695149e-16 
  752       2.342506470379e-10       5.541199848285e-12      -1.202816583167e-11       6.676914113221e-15       8.730836607039e-15       4.881237126982e-15      -4.733849133012e-16 
  753       2.346576657367e-10       5.532983470910e-12      -1.222871087709e-11       6.679823793202e-15       8.687201196735e-15       4.884007627604e-15      -4.721424464784e-16 
  754       2.350840838809e-10       5.524022517694e-12      -1.242711776761e-11       6.682794695338e-15       8.643840006432e-15       4.886613734298e-15      -4.708565900234e-16 
  755       2.355296816660e-10       5.514318437154e-12      -1.262329541644e-11       6.685828294799e-15       8.600750012007e-15       4.889055859583e-15      -4.695273674410e-16 
  756       2.359942357355e-10       5.503872736339e-12      -1.281715194730e-11       6.688926076681e-15       8.557928126928e-15       4.891334429550e-15      -4.681548047742e-16 
  757       2.364775191679e-10       5.492686981069e-12      -1.300859469199e-11       6.692089536029e-15       8.515371202010e-15       4.893449883913e-15      -4.667389306155e-16 
  758       2.369793014636e-10       5.480762796172e-12      -1.319753018802e-11       6.695320177864e-15       8.473076025161e-15       4.895402676065e-15      -4.652797761168e-16 
  759       2.374993485318e-10       5.468101865720e-12      -1.338386417619e-11       6.698619517205e-15       8.431039321140e-15       4.897193273129e-15      -4.637773750005e-16 
  760       2.380374226770e-10       5.454705933275e-12      -1.356750159821e-11       6.701989079097e-15       8.389257751304e-15       4.898822156017e-15      -4.622317635698e-16 
  761       2.385932690800e-10       5.440577873731e-12      -1.374835631971e-11       6.705430145753e-15       8.347728345315e-15       4.900289611498e-15      -4.606430751144e-16 
  762       2.391665749797e-10       5.425724930931e-12      -1.392638050856e-11       6.708942992616e-15       8.306449805830e-15       4.901595103945e-15      -4.590118250898e-16 
  763       2.397570096829e-10       5.410155542588e-12      -1.410153581494e-11       6.712527637704e-15       8.265421228327e-15       4.902737891658e-15      -4.573386314257e-16 
  764       2.403642379834e-10       5.393878274756e-12      -1.427378369664e-11       6.716184093133e-15       8.224641671266e-15       4.903717233756e-15      -4.556241206565e-16 
  765       2.409879201463e-10       5.376901822290e-12      -1.444308541859e-11       6.719912365092e-15       8.184110155922e-15       4.904532390190e-15      -4.538689279513e-16 
  766       2.416277118923e-10       5.359235009307e-12      -1.460940205256e-11       6.723712453814e-15       8.143825666233e-15       4.905182621758e-15      -4.520736971443e-16 
  767       2.422832643818e-10       5.340886789644e-12      -1.477269447671e-11       6.727584353545e-15       8.103787148639e-15       4.905667190110e-15      -4.502390807646e-16 
  768       2.429542241984e-10       5.321866247318e-12      -1.493292337523e-11       6.731528052525e-15       8.063993511923e-15       4.905985357760e-15      -4.483657400667e-16 
  769       2.436402333338e-10       5.302182596991e-12      -1.509004923799e-11       6.735543532951e-15       8.024443627053e-15       4.906136388099e-15      -4.464543450604e-16 
  770       2.443409291712e-10       5.281845184421e-12      -1.524403236008e-11       6.739630770956e-15       7.985136327023e-15       4.906119545404e-15      -4.445055745409e-16 
  771       2.450559444701e-10       5.260863486931e-12      -1.539483284150e-11       6.743789736577e-15       7.946070406694e-15       4.905934094851e-15      -4.425201161192e-16 
  772       2.457849073494e-10       5.239247113865e-12      -1.554241058674e-11       6.748020393730e-15       7.907244622635e-15       4.905579302520e-15      -4.404986662521e-16 
  773       2.465274412725e-10       5.217005807048e-12      -1.568672530441e-11       6.752322700182e-15       7.868657692965e-15       4.905054435412e-15      -4.384419302723e-16 
  774       2.472831650308e-10       5.194149441245e-12      -1.582773650683e-11       6.756696607522e-15       7.830308297195e-15       4.904358761457e-15      -4.363506224185e-16 
  775       2.480516927278e-10       5.170688024626e-12      -1.596540350969e-11       6.761142061137e-15       7.792195076067e-15       4.903491549524e-15      -4.342254658658e-16 
  776       2.488326337635e-10       5.146631699220e-12      -1.609968543162e-11       6.765659000178e-15       7.754316631398e-15       4.902452069434e-15      -4.320671927557e-16 
  777       2.496255928180e-10       5.121990741380e-12      -1.623054119384e-11       6.770247357537e-15       7.716671525920e-15       4.901239591969e-15      -4.298765442259e-16 
  778       2.504301698363e-10       5.096775562238e-12      -1.635792951975e-11       6.774907059822e-15       7.679258283119e-15       4.899853388883e-15      -4.276542704411e-16 
  779       2.512459600116e-10       5.070996708170e-12      -1.648180893459e-11       6.779638027320e-15       7.642075387082e-15       4.898292732911e-15      -4.254011306227e-16 
  780       2.520725537699e-10       5.044664861256e-12      -1.660213776499e-11       6.784440173981e-15       7.605121282331e-15       4.896556897785e-15      -4.231178930789e-16 
  781       2.529095367538e-10       5.017790839733e-12      -1.671887413865e-11       6.789313407379e-15       7.568394373673e-15       4.894645158238e-15      -4.208053352353e-16 
  782       2.537564898068e-10       4.990385598465e-12      -1.683197598392e-11       6.794257628695e-15       7.531893026031e-15       4.892556790020e-15      -4.184642436644e-16 
  783       2.546129889574e-10       4.962460229397e-12      -1.694140102941e-11       6.799272732681e-15       7.495615564294e-15       4.890291069906e-15      -4.160954141164e-16 
  784       2.554786054029e-10       4.934025962015e-12      -1.704710680365e-11       6.804358607637e-15       7.459560273155e-15       4.887847275708e-15      -4.136996515486e-16 
  785       2.563529054938e-10       4.905094163808e-12      -1.714905063464e-11       6.809515135381e-15       7.423725396951e-15       4.885224686284e-15      -4.112777701564e-16 
  786       2.572354507176e-10       4.875676340730e-12      -1.724718964955e-11       6.814742191224e-15       7.388109139507e-15       4.882422581550e-15      -4.088305934028e-16 
  787       2.581257976832e-10       4.845784137654e-12      -1.734148077424e-11       6.820039643940e-15       7.352709663974e-15       4.879440242491e-15      -4.063589540487e-16 
  788       2.590234981047e-10       4.815429338839e-12      -1.743188073297e-11       6.825407355738e-15       7.317525092674e-15       4.876276951173e-15      -4.038636941832e-16 
  789       2.599280987857e-10       4.784623868384e-12      -1.751834604794e-11       6.830845182238e-15       7.282553506939e-15       4.872931990748e-15      -4.013456652536e-16 
  790       2.608391416031e-10       4.753379790694e-12      -1.760083303895e-11       6.836352972438e-15       7.247792946952e-15       4.869404645471e-15      -3.988057280955e-16 
  791       2.617561634916e-10       4.721709310934e-12      -1.767929782301e-11       6.841930568691e-15       7.213241411589e-15       4.865694200710e-15      -3.962447529633e-16 
  792       2.626786964275e-10       4.689624775493e-12      -1.775369631393e-11       6.847577806676e-15       7.178896858263e-15       4.861799942952e-15      -3.936636195597e-16 
  793       2.636062674127e-10       4.657138672445e-12      -1.782398422199e-11       6.853294515368e-15       7.144757202758e-15       4.857721159819e-15      -3.910632170664e-16 
  794       2.645383984591e-10       4.624263632005e-12      -1.789011705349e-11       6.859080517015e-15       7.110820319080e-15       4.853457140076e-15      -3.884444441741e-16 
  795       2.654746065725e-10       4.591012426992e-12      -1.795205011042e-11       6.864935627106e-15       7.077084039288e-15       4.849007173641e-15      -3.858082091125e-16 
  796       2.664144037365e-10       4.557397973289e-12      -1.800973849004e-11       6.870859654345e-15       7.043546153345e-15       4.844370551600e-15      -3.831554296805e-16 
  797       2.673572968970e-10       4.523433330302e-12      -1.806313708452e-11       6.876852400624e-15       7.010204408953e-15       4.839546566211e-15      -3.804870332765e-16 
  798       2.683027879460e-10       4.489131701421e-12      -1.811220058056e-11       6.882913660995e-15       6.977056511395e-15       4.834534510922e-15      -3.778039569285e-16 
  799       2.692503737058e-10       4.454506434478e-12      -1.815688345897e-11       6.889043223642e-15       6.944100123380e-15       4.829333680376e-15      -3.751071473238e-16 
  800       2.701995736851e-10       4.419570798943e-12      -1.819714936097e-11       6.895240723166e-15       6.911333158911e-15       4.823943726881e-15      -3.723973981610e-16 
  801       2.711500139359e-10       4.384337312108e-12      -1.823299937516e-11       6.901505197566e-15       6.878754671110e-15       4.818365736926e-15      -3.696748588892e-16 
  802       2.721013446946e-10       4.348818401522e-12      -1.826444426572e-11       6.907835523122e-15       6.846363980275e-15       4.812601174320e-15      -3.669395170676e-16 
  803       2.730532127380e-10       4.313026627564e-12      -1.829149515387e-11       6.914230560296e-15       6.814160381210e-15       4.806651525593e-15      -3.641913602322e-16 
  804       2.740052613723e-10       4.276974683859e-12      -1.831416351928e-11       6.920689153677e-15       6.782143143125e-15       4.800518300074e-15      -3.614303758956e-16 
  805       2.749571304225e-10       4.240675397699e-12      -1.833246120139e-11       6.927210131927e-15       6.750311509529e-15       4.794203029969e-15      -3.586565515468e-16 
  806       2.759084562215e-10       4.204141730462e-12      -1.834640040083e-11       6.933792307723e-15       6.718664698128e-15       4.787707270436e-15      -3.558698746504e-16 
  807       2.768588715999e-10       4.167386778024e-12      -1.835599368075e-11       6.940434477704e-15       6.687201900720e-15       4.781032599663e-15      -3.530703326467e-16 
  808       2.778080058745e-10       4.130423771187e-12      -1.836125396820e-11       6.947135422417e-15       6.655922283095e-15       4.774180618948e-15      -3.502579129513e-16 
  809       2.787554848384e-10       4.093266076087e-12      -1.836219455552e-11       6.953893906258e-15       6.624824984926e-15       4.767152952774e-15      -3.474326029546e-16 
  810       2.797009307497e-10       4.055927194621e-12      -1.835882910168e-11       6.960708677422e-15       6.593909119669e-15       4.759951248887e-15      -3.445943900218e-16 
  811       2.806439623211e-10       4.018420764860e-12      -1.835117163368e-11       6.967578467842e-15       6.563173774460e-15       4.752577178375e-15      -3.417432614921e-16 
  812       2.815841947089e-10       3.980760561468e-12      -1.833923654790e-11       6.974501993141e-15       6.532618010006e-15       4.745032435742e-15      -3.388792046790e-16 
  813       2.825212395027e-10       3.942960496122e-12      -1.832303861146e-11       6.981477952570e-15       6.502240860489e-15       4.737318738989e-15      -3.360022068695e-16 
  814       2.834547047142e-10       3.905034617931e-12      -1.830259296364e-11       6.988505028957e-15       6.472041333456e-15       4.729437829690e-15      -3.331122553238e-16 
  815       2.843841947670e-10       3.866997113849e-12      -1.827791511718e-11       6.995581888650e-15       6.442018409719e-15       4.721391473070e-15      -3.302093372754e-16 
  816       2.853093104853e-10       3.828862309100e-12      -1.824902095972e-11       7.002707181465e-15       6.412171043251e-15       4.713181458081e-15      -3.272934399301e-16 
  817       2.862296490838e-10       3.790644667591e-12      -1.821592675512e-11       7.009879540626e-15       6.382498161079e-15       4.704809597481e-15      -3.243645504665e-16 
  818       2.871448041566e-10       3.752358792335e-12      -1.817864914484e-11       7.017097582713e-15       6.352998663184e-15       4.696277727911e-15      -3.214226560348e-16 
  819       2.880543656664e-10       3.714019425863e-12      -1.813720514933e-11       7.024359907607e-15       6.323671422399e-15       4.687587709973e-15      -3.184677437573e-16 
  820       2.889579199342e-10       3.675641450650e-12      -1.809161216939e-11       7.031665098436e-15       6.294515284297e-15       4.678741428306e-15      -3.154998007275e-16 
  821       2.898550496282e-10       3.637239889527e-12      -1.804188798753e-11       7.039011721515e-15       6.265529067099e-15       4.669740791664e-15      -3.125188140100e-16 
  822       2.907453337533e-10       3.598829906101e-12      -1.798805076934e-11       7.046398326296e-15       6.236711561560e-15       4.660587732996e-15      -3.095247706402e-16 
  823       2.916283476403e-10       3.560426805176e-12      -1.793011906490e-11       7.053823445310e-15       6.208061530871e-15       4.651284209520e-15      -3.065176576239e-16 
  824       2.925036629352e-10       3.522046033166e-12      -1.786811181008e-11       7.061285594115e-15       6.179577710554e-15       4.641832202800e-15      -3.034974619370e-16 
  825       2.933708475885e-10       3.483703178520e-12      -1.780204832798e-11       7.068783271236e-15       6.151258808360e-15       4.632233718829e-15      -3.004641705253e-16 
  826       2.942294658443e-10       3.445413972134e-12      -1.773194833024e-11       7.076314958114e-15       6.123103504161e-15       4.622490788100e-15      -2.974177703040e-16 
  827       2.950790782301e-10       3.407194287773e-12      -1.765783191847e-11       7.083879119051e-15       6.095110449850e-15       4.612605465687e-15      -2.943582481575e-16 
  828       2.959192415454e-10       3.369060142487e-12      -1.757971958557e-11       7.091474201150e-15       6.067278269237e-15       4.602579831321e-15      -2.912855909389e-16 
  829       2.967495088516e-10       3.331027697032e-12      -1.749763221712e-11       7.099098634268e-15       6.039605557945e-15       4.592415989470e-15      -2.881997854699e-16 
  830       2.975694294608e-10       3.293113256285e-12      -1.741159109276e-11       7.106750830953e-15       6.012090883305e-15       4.582116069413e-15      -2.851008185406e-16 
  831       2.983785489255e-10       3.255333269666e-12      -1.732161788755e-11       7.114429186392e-15       5.984732784255e-15       4.571682225320e-15      -2.819886769085e-16 
  832       2.991764090275e-10       3.217704331553e-12      -1.722773467332e-11       7.122132078359e-15       5.957529771234e-15       4.561116636327e-15      -2.788633472991e-16 
  833       2.999625477674e-10       3.180243181702e-12      -1.712996392009e-11       7.129857867155e-15       5.930480326078e-15       4.550421506616e-15      -2.757248164048e-16 
  834       3.007364993540e-10       3.142966705663e-12      -1.702832849740e-11       7.137604895553e-15       5.903582901920e-15       4.539599065493e-15      -2.725730708852e-16 
  835       3.014977941933e-10       3.105891935203e-12      -1.692285167568e-11       7.145371488750e-15       5.876835923081e-15       4.528651567462e-15      -2.694080973663e-16 
  836       3.022459588780e-10       3.069036048720e-12      -1.681355712764e-11       7.153155954301e-15       5.850237784973e-15       4.517581292305e-15      -2.662298824404e-16 
  837       3.029805161766e-10       3.032416371662e-12      -1.670046892964e-11       7.160956582075e-15       5.823786853988e-15       4.506390545158e-15      -2.630384126658e-16 
  838       3.037009850230e-10       2.996050376946e-12      -1.658361156303e-11       7.168771644189e-15       5.797481467401e-15       4.495081656592e-15      -2.598336745662e-16 
  839       3.044069313203e-10       2.959954301920e-12      -1.646301426371e-11       7.176599429220e-15       5.771320137491e-15       4.483656559342e-15      -2.566157554816e-16 
  840       3.050981213443e-10       2.924138972026e-12      -1.633872415073e-11       7.184438345562e-15       5.745302168035e-15       4.472115510283e-15      -2.533851480421e-16 
  841       3.057743709876e-10       2.888613905313e-12      -1.621079332879e-11       7.192286819754e-15       5.719427048333e-15       4.460458346382e-15      -2.501424509899e-16 
  842       3.064354951842e-10       2.853388689492e-12      -1.607927456285e-11       7.200143262337e-15       5.693694249886e-15       4.448684906022e-15      -2.468882688253e-16 
  843       3.070813079079e-10       2.818472982123e-12      -1.594422128030e-11       7.208006067803e-15       5.668103226322e-15       4.436795029017e-15      -2.436232118235e-16 
  844       3.077116221699e-10       2.783876510791e-12      -1.580568757304e-11       7.215873614547e-15       5.642653413331e-15       4.424788556610e-15      -2.403478960518e-16 
  845       3.083262500170e-10       2.749609073296e-12      -1.566372819956e-11       7.223744264816e-15       5.617344228594e-15       4.412665331484e-15      -2.370629433859e-16 
  846       3.089250025290e-10       2.715680537830e-12      -1.551839858711e-11       7.231616364663e-15       5.592175071717e-15       4.400425197764e-15      -2.337689815273e-16 
  847       3.095076898174e-10       2.682100843162e-12      -1.536975483378e-11       7.239488243894e-15       5.567145324158e-15       4.388068001024e-15      -2.304666440196e-16 
  848       3.100741210228e-10       2.648879998820e-12      -1.521785371061e-11       7.247358216022e-15       5.542254349159e-15       4.375593588291e-15      -2.271565702658e-16 
  849       3.106241043129e-10       2.616028085277e-12      -1.506275266370e-11       7.255224578215e-15       5.517501491682e-15       4.363001808051e-15      -2.238394055451e-16 
  850       3.111574468807e-10       2.583555254128e-12      -1.490450981634e-11       7.263085611249e-15       5.492886078332e-15       4.350292510255e-15      -2.205158010296e-16 
  851       3.116739549420e-10       2.551471728277e-12      -1.474318397109e-11       7.270939579457e-15       5.468407417297e-15       4.337465546325e-15      -2.171864138010e-16 
  852       3.121734337340e-10       2.519787802118e-12      -1.457883461190e-11       7.278784730680e-15       5.444064798270e-15       4.324520769157e-15      -2.138519068678e-16 
  853       3.126556875125e-10       2.488513841718e-12      -1.441152190625e-11       7.286619296219e-15       5.419857492388e-15       4.311458033128e-15      -2.105129491821e-16 
  854       3.131205195502e-10       2.457660285000e-12      -1.424130670723e-11       7.294441490785e-15       5.395784752160e-15       4.298277194100e-15      -2.071702156562e-16 
  855       3.135677321349e-10       2.427237641925e-12      -1.406825055564e-11       7.302249512449e-15       5.371845811395e-15       4.284978109429e-15      -2.038243871796e-16 
  856       3.139971265668e-10       2.397256494677e-12      -1.389241568214e-11       7.310041542594e-15       5.348039885140e-15       4.271560637965e-15      -2.004761506360e-16 
  857       3.144085031570e-10       2.367727497841e-12      -1.371386500932e-11       7.317815745865e-15       5.324366169604e-15       4.258024640063e-15      -1.971261989198e-16 
  858       3.148016612251e-10       2.338661378592e-12      -1.353266215385e-11       7.325570270119e-15       5.300823842094e-15       4.244369977584e-15      -1.937752309533e-16 
  859       3.151763990974e-10       2.310068936872e-12      -1.334887142856e-11       7.333303246378e-15       5.277412060945e-15       4.230596513903e-15      -1.904239517034e-16 
  860       3.155325141047e-10       2.281961045575e-12      -1.316255784456e-11       7.341012788776e-15       5.254129965450e-15       4.216704113911e-15      -1.870730721983e-16 
  861       3.158698025801e-10       2.254348650731e-12      -1.297378711335e-11       7.348696994515e-15       5.230976675791e-15       4.202692644026e-15      -1.837233095448e-16 
  862       3.161880598572e-10       2.227242771687e-12      -1.278262564893e-11       7.356353943810e-15       5.207951292972e-15       4.188561972194e-15      -1.803753869446e-16 
  863       3.164870802678e-10       2.200654501289e-12      -1.258914056993e-11       7.363981699845e-15       5.185052898749e-15       4.174311967894e-15      -1.770300337114e-16 
  864       3.167666571401e-10       2.174595006069e-12      -1.239339970168e-11       7.371578308719e-15       5.162280555561e-15       4.159942502148e-15      -1.736879852880e-16 
  865       3.170265827963e-10       2.149075526422e-12      -1.219547157836e-11       7.379141799399e-15       5.139633306460e-15       4.145453447521e-15      -1.703499832627e-16 
  866       3.172666485510e-10       2.124107376791e-12      -1.199542544509e-11       7.386670183674e-15       5.117110175047e-15       4.130844678128e-15      -1.670167753864e-16 
  867       3.174866447087e-10       2.099701945852e-12      -1.179333126003e-11       7.394161456099e-15       5.094710165395e-15       4.116116069644e-15      -1.636891155895e-16 
  868       3.176863605619e-10       2.075870696694e-12      -1.158925969653e-11       7.401613593949e-15       5.072432261988e-15       4.101267499301e-15      -1.603677639987e-16 
  869       3.178655843889e-10       2.052625167001e-12      -1.138328214521e-11       7.409024557172e-15       5.050275429648e-15       4.086298845902e-15      -1.570534869535e-16 
  870       3.180241034523e-10       2.029976969238e-12      -1.117547071606e-11       7.416392288337e-15       5.028238613466e-15       4.071209989818e-15      -1.537470570237e-16 
  871       3.181617039961e-10       2.007937790832e-12      -1.096589824059e-11       7.423714712585e-15       5.006320738734e-15       4.056000813001e-15      -1.504492530258e-16 
  872       3.182781712443e-10       1.986519394352e-12      -1.075463827390e-11       7.430989737580e-15       4.984520710879e-15       4.040671198985e-15      -1.471608600400e-16 
  873       3.183732893984e-10       1.965733617698e-12      -1.054176509681e-11       7.438215253459e-15       4.962837415388e-15       4.025221032892e-15      -1.438826694269e-16 
  874       3.184468416357e-10       1.945592374277e-12      -1.032735371799e-11       7.445389132786e-15       4.941269717743e-15       4.009650201438e-15      -1.406154788447e-16 
  875       3.184986101071e-10       1.926107653190e-12      -1.011147987603e-11       7.452509230497e-15       4.919816463354e-15       3.993958592940e-15      -1.373600922655e-16 
  876       3.185283759348e-10       1.907291519414e-12      -9.894220041576e-12       7.459573383858e-15       4.898476477486e-15       3.978146097316e-15      -1.341173199929e-16 
  877       3.185359192106e-10       1.889156113983e-12      -9.675651419428e-12       7.466579412408e-15       4.877248565190e-15       3.962212606097e-15      -1.308879786779e-16 
  878       3.185210656320e-10       1.871711853060e-12      -9.455849445656e-12       7.473525304156e-15       4.856131654110e-15       3.946158616398e-15      -1.276727376404e-16 
  879       3.184838272658e-10       1.854961991961e-12      -9.234880229019e-12       7.480409777650e-15       4.835125225624e-15       3.929987053842e-15      -1.244716549947e-16 
  880       3.184242641205e-10       1.838907971113e-12      -9.012807988046e-12       7.487231729154e-15       4.814228890731e-15       3.913701479957e-15      -1.212846338447e-16 
  881       3.183424377260e-10       1.823551208869e-12      -8.789697546379e-12       7.493990047232e-15       4.793442247787e-15       3.897305491053e-15      -1.181115752730e-16 
  882       3.182384111385e-10       1.808893101418e-12      -8.565614334486e-12       7.500683612733e-15       4.772764882452e-15       3.880802718321e-15      -1.149523783351e-16 
  883       3.181122489454e-10       1.794935022684e-12      -8.340624391392e-12       7.507311298764e-15       4.752196367650e-15       3.864196827933e-15      -1.118069400511e-16 
  884       3.179640172709e-10       1.781678324231e-12      -8.114794366392e-12       7.513871970675e-15       4.731736263516e-15       3.847491521139e-15      -1.086751553999e-16 
  885       3.177937837808e-10       1.769124335162e-12      -7.888191520775e-12       7.520364486038e-15       4.711384117355e-15       3.830690534372e-15      -1.055569173110e-16 
  886       3.176016176883e-10       1.757274362026e-12      -7.660883729548e-12       7.526787694621e-15       4.691139463591e-15       3.813797639338e-15      -1.024521166585e-16 
  887       3.173875897583e-10       1.746129688718e-12      -7.432939483151e-12       7.533140438378e-15       4.671001823725e-15       3.796816643126e-15      -9.936064225307e-17 
  888       3.171517723134e-10       1.735691576382e-12      -7.204427889184e-12       7.539421551417e-15       4.650970706282e-15       3.779751388297e-15      -9.628238083577e-17 
  889       3.168942392388e-10       1.725961263313e-12      -6.975418674125e-12       7.545629859991e-15       4.631045606771e-15       3.762605752993e-15      -9.321721707040e-17 
  890       3.166150659873e-10       1.716939964862e-12      -6.745982185051e-12       7.551764182467e-15       4.611226007634e-15       3.745383651027e-15      -9.016503353672e-17 
  891       3.163143295848e-10       1.708628873337e-12      -6.516189391360e-12       7.557823329315e-15       4.591511378199e-15       3.728089031991e-15      -8.712571072336e-17 
  892       3.159921086351e-10       1.701029157906e-12      -6.286111886491e-12       7.563806103081e-15       4.571901174637e-15       3.710725881348e-15      -8.409912702074e-17 
  893       3.156484833256e-10       1.694141964499e-12      -6.055821889649e-12       7.569711298371e-15       4.552394839914e-15       3.693298220536e-15      -8.108515871408e-17 
  894       3.152835354321e-10       1.687968415711e-12      -5.825392247519e-12       7.575537701827e-15       4.532991803740e-15       3.675810107066e-15      -7.808367997628e-17 
  895       3.148973483241e-10       1.682509610706e-12      -5.594896435995e-12       7.581284092112e-15       4.513691482530e-15       3.658265634618e-15      -7.509456286095e-17 
  896       3.144900069701e-10       1.677766625117e-12      -5.364408561893e-12       7.586949239882e-15       4.494493279352e-15       3.640668933149e-15      -7.211767729529e-17 
  897       3.140615979425e-10       1.673740510951e-12      -5.134003364680e-12       7.592531907774e-15       4.475396583879e-15       3.623024168981e-15      -6.915289107309e-17 
  898       3.136122094232e-10       1.670432296491e-12      -4.903756218190e-12       7.598030850378e-15       4.456400772349e-15       3.605335544908e-15      -6.620006984769e-17 
  899       3.131419312083e-10       1.667842986199e-12      -4.673743132346e-12       7.603444814225e-15       4.437505207512e-15       3.587607300295e-15      -6.325907712489e-17 
  900       3.126508547139e-10       1.665973560617e-12      -4.444040754882e-12       7.608772537757e-15       4.418709238586e-15       3.569843711174e-15      -6.032977425594e-17 
  901       3.121390729806e-10       1.664824976272e-12      -4.214726373064e-12       7.614012751316e-15       4.400012201210e-15       3.552049090343e-15      -5.741202043046e-17 
  902       3.116066806794e-10       1.664398165575e-12      -3.985877915411e-12       7.619164177116e-15       4.381413417399e-15       3.534227787470e-15      -5.450567266943e-17 
  903       3.110537741161e-10       1.664694036729e-12      -3.757573953415e-12       7.624225529230e-15       4.362912195492e-15       3.516384189188e-15      -5.161058581813e-17 
  904       3.104804512372e-10       1.665713473628e-12      -3.529893703264e-12       7.629195513563e-15       4.344507830113e-15       3.498522719197e-15      -4.872661253907e-17 
  905       3.098868116349e-10       1.667457335759e-12      -3.302917027560e-12       7.634072827836e-15       4.326199602118e-15       3.480647838359e-15      -4.585360330498e-17 
  906       3.092729565518e-10       1.669926458109e-12      -3.076724437045e-12       7.638856161562e-15       4.307986778551e-15       3.462764044804e-15      -4.299140639173e-17 
  907       3.086389888869e-10       1.673121651061e-12      -2.851397092318e-12       7.643544196031e-15       4.289868612598e-15       3.444875874023e-15      -4.013986787130e-17 
  908       3.079850132001e-10       1.677043700304e-12      -2.627016805556e-12       7.648135604285e-15       4.271844343540e-15       3.426987898971e-15      -3.729883160474e-17 
  909       3.073111357178e-10       1.681693366730e-12      -2.403666042238e-12       7.652629051100e-15       4.253913196702e-15       3.409104730165e-15      -3.446813923510e-17 
  910       3.066174643379e-10       1.687071386339e-12      -2.181427922865e-12       7.657023192964e-15       4.236074383415e-15       3.391231015783e-15      -3.164763018040e-17 
  911       3.059041086351e-10       1.693178470142e-12      -1.960386224680e-12       7.661316678059e-15       4.218327100962e-15       3.373371441764e-15      -2.883714162659e-17 
  912       3.051711798658e-10       1.700015304063e-12      -1.740625383388e-12       7.665508146237e-15       4.200670532533e-15       3.355530731908e-15      -2.603650852047e-17 
  913       3.044187909740e-10       1.707582548840e-12      -1.522230494882e-12       7.669596229006e-15       4.183103847181e-15       3.337713647973e-15      -2.324556356269e-17 
  914       3.036470565954e-10       1.715880839933e-12      -1.305287316958e-12       7.673579549503e-15       4.165626199772e-15       3.319924989777e-15      -2.046413720066e-17 
  915       3.028560930637e-10       1.724910787419e-12      -1.089882271041e-12       7.677456722476e-15       4.148236730941e-15       3.302169595295e-15      -1.769205762152e-17 
  916       3.020460184151e-10       1.734672975901e-12      -8.761024439029e-13       7.681226354267e-15       4.130934567043e-15       3.284452340759e-15      -1.492915074512e-17 
  917       3.012169734123e-10       1.745166690034e-12      -6.640279746902e-13       7.684887271304e-15       4.113718923744e-15       3.266777155090e-15      -1.217534466483e-17 
  918       3.003691849730e-10       1.756386069076e-12      -4.537090796958e-13       7.688439209626e-15       4.096589418690e-15       3.249144045790e-15      -9.430984806764e-18 
  919       2.995029037618e-10       1.768323890912e-12      -2.451886651675e-13       7.691882136303e-15       4.079545763719e-15       3.231552025892e-15      -6.696523774884e-18 
  920       2.986183832710e-10       1.780972840600e-12      -3.850990947795e-14       7.695216021918e-15       4.062587661655e-15       3.214000095290e-15      -3.972417365769e-18 
  921       2.977158798290e-10       1.794325510093e-12       1.662837362400e-13       7.698440840586e-15       4.045714806266e-15       3.196487240702e-15      -1.259124576466e-18 
  922       2.967956526085e-10       1.808374397960e-12       3.691485474578e-13       7.701556569962e-15       4.028926882237e-15       3.179012435624e-15       1.442892387668e-18 
  923       2.958579636346e-10       1.823111909107e-12       5.700405256154e-13       7.704563191258e-15       4.012223565138e-15       3.161574640295e-15       4.133168105122e-18 
  924       2.949030777929e-10       1.838530354496e-12       7.689153974855e-13       7.707460689248e-15       3.995604521391e-15       3.144172801651e-15       6.811233930395e-18 
  925       2.939312628380e-10       1.854621950867e-12       9.657286145385e-13       7.710249052290e-15       3.979069408238e-15       3.126805853284e-15       9.476617986148e-18 
  926       2.929427894011e-10       1.871378820461e-12       1.160435352306e-12       7.712928272327e-15       3.962617873712e-15       3.109472715404e-15       1.212884515536e-17 
  927       2.919379309990e-10       1.888792990739e-12       1.352990509747e-12       7.715498344909e-15       3.946249556600e-15       3.092172294795e-15       1.476743707350e-17 
  928       2.909169640416e-10       1.906856394103e-12       1.543348708608e-12       7.717959269201e-15       3.929964086415e-15       3.074903484774e-15       1.739191212067e-17 
  929       2.898801678403e-10       1.925560867618e-12       1.731464292795e-12       7.720311047994e-15       3.913761083363e-15       3.057665165152e-15       2.000178541377e-17 
  930       2.888278246164e-10       1.944898152731e-12       1.917291327728e-12       7.722553687720e-15       3.897640158313e-15       3.040456202190e-15       2.259656879864e-17 
  931       2.877602195089e-10       1.964859894995e-12       2.100783599716e-12       7.724687198462e-15       3.881600912759e-15       3.023275448559e-15       2.517577084225e-17 
  932       2.866776405830e-10       1.985437643787e-12       2.281894615311e-12       7.726711593970e-15       3.865642938797e-15       3.006121743300e-15       2.773889682484e-17 
  933       2.855803788381e-10       2.006622852032e-12       2.460577600680e-12       7.728626891668e-15       3.849765819086e-15       2.988993911779e-15       3.028544873206e-17 
  934       2.844687282162e-10       2.028406875921e-12       2.636785500968e-12       7.730433112671e-15       3.833969126818e-15       2.971890765650e-15       3.281492524716e-17 
  935       2.833429856099e-10       2.050780974633e-12       2.810470979659e-12       7.732130281793e-15       3.818252425688e-15       2.954811102814e-15       3.532682174313e-17 
  936       2.822034508704e-10       2.073736310059e-12       2.981586417943e-12       7.733718427563e-15       3.802615269862e-15       2.937753707372e-15       3.782063027486e-17 
  937       2.810504268163e-10       2.097263946518e-12       3.150083914080e-12       7.735197582236e-15       3.787057203941e-15       2.920717349591e-15       4.029583957131e-17 
  938       2.798842192411e-10       2.121354850480e-12       3.315915282765e-12       7.736567781804e-15       3.771577762935e-15       2.903700785858e-15       4.275193502763e-17 
  939       2.787051369218e-10       2.145999890289e-12       3.479032054492e-12       7.737829066011e-15       3.756176472226e-15       2.886702758639e-15       4.518839869737e-17 
  940       2.775134916270e-10       2.171189835882e-12       3.639385474916e-12       7.738981478361e-15       3.740852847539e-15       2.869721996443e-15       4.760470928462e-17 
  941       2.763095981251e-10       2.196915358509e-12       3.796926504223e-12       7.740025066134e-15       3.725606394911e-15       2.852757213773e-15       5.000034213613e-17 
  942       2.750937741921e-10       2.223167030457e-12       3.951605816487e-12       7.740959880398e-15       3.710436610655e-15       2.835807111090e-15       5.237476923353e-17 
  943       2.738663406207e-10       2.249935324769e-12       4.103373799041e-12       7.741785976020e-15       3.695342981332e-15       2.818870374772e-15       5.472745918543e-17 
  944       2.726276212275e-10       2.277210614964e-12       4.252180551838e-12       7.742503411677e-15       3.680324983717e-15       2.801945677069e-15       5.705787721962e-17 
  945       2.713779428617e-10       2.304983174761e-12       4.397975886816e-12       7.743112249873e-15       3.665382084770e-15       2.785031676064e-15       5.936548517523e-17 
  946       2.701176354132e-10       2.333243177797e-12       4.540709327261e-12       7.743612556945e-15       3.650513741600e-15       2.768127015634e-15       6.164974149483e-17 
  947       2.688470318209e-10       2.361980697351e-12       4.680330107176e-12       7.744004403079e-15       3.635719401436e-15       2.751230325405e-15       6.391010121666e-17 
  948       2.675664680805e-10       2.391185706062e-12       4.816787170639e-12       7.744287862324e-15       3.620998501593e-15       2.734340220712e-15       6.614601596674e-17 
  949       2.662762832531e-10       2.420848075651e-12       4.950029171173e-12       7.744463012600e-15       3.606350469443e-15       2.717455302560e-15       6.835693395106e-17 
  950       2.649768194733e-10       2.450957576643e-12       5.080004471106e-12       7.744529935712e-15       3.591774722380e-15       2.700574157579e-15       7.054229994771e-17 
  951       2.636684219572e-10       2.481503878088e-12       5.206661140938e-12       7.744488717363e-15       3.577270667792e-15       2.683695357986e-15       7.270155529906e-17 
  952       2.623514390107e-10       2.512476547279e-12       5.329946958706e-12       7.744339447167e-15       3.562837703023e-15       2.666817461542e-15       7.483413790390e-17 
  953       2.610262220378e-10       2.543865049479e-12       5.449809409347e-12       7.744082218658e-15       3.548475215349e-15       2.649939011512e-15       7.693948220960e-17 
  954       2.596931255484e-10       2.575658747634e-12       5.566195684060e-12       7.743717129305e-15       3.534182581938e-15       2.633058536622e-15       7.901701920429e-17 
  955       2.583525071672e-10       2.607846902102e-12       5.679052679675e-12       7.743244280524e-15       3.519959169826e-15       2.616174551021e-15       8.106617640900e-17 
  956       2.570047164494e-10       2.640418552071e-12       5.788335575064e-12       7.742663924536e-15       3.505804406979e-15       2.599286047094e-15       8.308653206171e-17 
  957       2.556500611267e-10       2.673362158415e-12       5.894033705197e-12       7.741976907381e-15       3.491717996766e-15       2.582393982257e-15       8.507828026582e-17 
  958       2.542888403624e-10       2.706665954833e-12       5.996145081081e-12       7.741184232694e-15       3.477699706700e-15       2.565499814793e-15       8.704177293182e-17 
  959       2.529213559027e-10       2.740318065352e-12       6.094667849029e-12       7.740286915506e-15       3.463749297616e-15       2.548605013078e-15       8.897736624188e-17 
  960       2.515479120839e-10       2.774306504037e-12       6.189600291155e-12       7.739285982278e-15       3.449866523645e-15       2.531711055607e-15       9.088542066227e-17 
  961       2.501688158386e-10       2.808619174695e-12       6.280940825857e-12       7.738182470926e-15       3.436051132192e-15       2.514819431010e-15       9.276630095571e-17 
  962       2.487843767029e-10       2.843243870580e-12       6.368688008312e-12       7.736977430859e-15       3.422302863915e-15       2.497931638084e-15       9.462037619377e-17 
  963       2.473949068227e-10       2.878168274099e-12       6.452840530960e-12       7.735671923007e-15       3.408621452700e-15       2.481049185811e-15       9.644801976927e-17 
  964       2.460007209607e-10       2.913379956517e-12       6.533397223998e-12       7.734267019851e-15       3.395006625640e-15       2.464173593382e-15       9.824960940862e-17 
  965       2.446021365030e-10       2.948866377665e-12       6.610357055867e-12       7.732763805462e-15       3.381458103014e-15       2.447306390222e-15       1.000255271842e-16 
  966       2.431994734659e-10       2.984614885640e-12       6.683719133742e-12       7.731163375522e-15       3.367975598261e-15       2.430449116013e-15       1.017761595268e-16 
  967       2.417930545025e-10       3.020612716516e-12       6.753482704020e-12       7.729466837363e-15       3.354558817959e-15       2.413603320717e-15       1.035018972381e-16 
  968       2.403832049095e-10       3.056846994046e-12       6.819647152813e-12       7.727675309998e-15       3.341207461804e-15       2.396770564598e-15       1.052031355025e-16 
  969       2.389702526338e-10       3.093304729371e-12       6.882212006432e-12       7.725789924148e-15       3.327921222583e-15       2.379952418251e-15       1.068802739005e-16 
  970       2.375545282796e-10       3.129972820721e-12       6.941176931883e-12       7.723811822278e-15       3.314699786159e-15       2.363150462617e-15       1.085337164200e-16 
  971       2.361363651144e-10       3.166838053123e-12       6.996541737349e-12       7.721742158628e-15       3.301542831440e-15       2.346366289014e-15       1.101638714695e-16 
  972       2.347160990766e-10       3.203887098107e-12       7.048306372686e-12       7.719582099241e-15       3.288450030361e-15       2.329601499155e-15       1.117711518900e-16 
  973       2.332940687815e-10       3.241106513411e-12       7.096470929908e-12       7.717332822000e-15       3.275421047863e-15       2.312857705176e-15       1.133559749677e-16 
  974       2.318706155283e-10       3.278482742684e-12       7.141035643679e-12       7.714995516653e-15       3.262455541866e-15       2.296136529655e-15       1.149187624461e-16 
  975       2.304460833068e-10       3.316002115197e-12       7.182000891799e-12       7.712571384852e-15       3.249553163249e-15       2.279439605641e-15       1.164599405385e-16 
  976       2.290208188042e-10       3.353650845543e-12       7.219367195699e-12       7.710061640178e-15       3.236713555827e-15       2.262768576669e-15       1.179799399406e-16 
  977       2.275951714118e-10       3.391415033344e-12       7.253135220924e-12       7.707467508175e-15       3.223936356330e-15       2.246125096794e-15       1.194791958424e-16 
  978       2.261694932315e-10       3.429280662959e-12       7.283305777627e-12       7.704790226384e-15       3.211221194377e-15       2.229510830604e-15       1.209581479411e-16 
  979       2.247441390827e-10       3.467233603185e-12       7.309879821057e-12       7.702031044369e-15       3.198567692457e-15       2.212927453252e-15       1.224172404532e-16 
  980       2.233194665090e-10       3.505259606969e-12       7.332858452046e-12       7.699191223755e-15       3.185975465904e-15       2.196376650474e-15       1.238569221268e-16 
  981       2.218958357850e-10       3.543344311106e-12       7.352242917504e-12       7.696272038254e-15       3.173444122875e-15       2.179860118615e-15       1.252776462541e-16 
  982       2.204736099229e-10       3.581473235949e-12       7.368034610902e-12       7.693274773700e-15       3.160973264329e-15       2.163379564651e-15       1.266798706840e-16 
  983       2.190531546791e-10       3.619631785113e-12       7.380235072765e-12       7.690200728079e-15       3.148562484001e-15       2.146936706214e-15       1.280640578342e-16 
  984       2.176348385613e-10       3.657805245183e-12       7.388845991161e-12       7.687051211559e-15       3.136211368385e-15       2.130533271613e-15       1.294306747034e-16 
  985       2.162190328348e-10       3.695978785416e-12       7.393869202191e-12       7.683827546527e-15       3.123919496705e-15       2.114170999861e-15       1.307801928843e-16 
  986       2.148061115294e-10       3.734137457447e-12       7.395306690475e-12       7.680531067615e-15       3.111686440896e-15       2.097851640695e-15       1.321130885755e-16 
  987       2.133964514462e-10       3.772266194997e-12       7.393160589647e-12       7.677163121731e-15       3.099511765583e-15       2.081576954601e-15       1.334298425938e-16 
  988       2.119904321643e-10       3.810349813576e-12       7.387433182838e-12       7.673725068098e-15       3.087395028054e-15       2.065348712838e-15       1.347309403871e-16 
  989       2.105884360472e-10       3.848373010190e-12       7.378126903170e-12       7.670218278277e-15       3.075335778242e-15       2.049168697460e-15       1.360168720462e-16 
  990       2.091908482500e-10       3.886320363045e-12       7.365244334244e-12       7.666644136201e-15       3.063333558697e-15       2.033038701340e-15       1.372881323177e-16 
  991       2.077980567258e-10       3.924176331255e-12       7.348788210630e-12       7.663004038212e-15       3.051387904571e-15       2.016960528194e-15       1.385452206158e-16 
  992       2.064104522326e-10       3.961925254543e-12       7.328761418353e-12       7.659299393084e-15       3.039498343588e-15       2.000935992605e-15       1.397886410354e-16 
  993       2.050284283397e-10       3.999551352952e-12       7.305166995390e-12       7.655531622060e-15       3.027664396026e-15       1.984966920043e-15       1.410189023638e-16 
  994       2.036523814348e-10       4.037038726546e-12       7.278008132148e-12       7.651702158883e-15       3.015885574693e-15       1.969055146894e-15       1.422365180935e-16 
  995       2.022826769543e-10       4.074372402548e-12       7.247293510219e-12       7.647812444736e-15       3.004161439955e-15       1.953202349657e-15       1.434418447750e-16 
  996       2.009195475172e-10       4.111541494179e-12       7.213053403459e-12       7.643863912932e-15       2.992491765757e-15       1.937409529774e-15       1.446345944510e-16 
  997       1.995631933094e-10       4.148536087602e-12       7.175323814241e-12       7.639858004064e-15       2.980876375998e-15       1.921677521283e-15       1.458143150895e-16 
  998       1.982138157266e-10       4.185346198535e-12       7.134141157755e-12       7.635796171101e-15       2.969315089678e-15       1.906007160963e-15       1.469805515869e-16 
  999       1.968716173770e-10       4.221961772078e-12       7.089542263155e-12       7.631679879425e-15       2.957807720888e-15       1.890399288329e-15       1.481328457612e-16 
 1000       1.955368020841e-10       4.258372682547e-12       7.041564374686e-12       7.627510606858e-15       2.946354078792e-15       1.874854745643e-15       1.492707363443e-16 
 1001       1.942095748895e-10       4.294568733306e-12       6.990245152823e-12       7.623289843693e-15       2.934953967612e-15       1.859374377910e-15       1.503937589753e-16 
 1002       1.928901420549e-10       4.330539656602e-12       6.935622675408e-12       7.619019092726e-15       2.923607186609e-15       1.843959032882e-15       1.515014461929e-16 
 1003       1.915787110654e-10       4.366275113393e-12       6.877735438783e-12       7.614699869285e-15       2.912313530073e-15       1.828609561064e-15       1.525933274284e-16 
 1004       1.902754906316e-10       4.401764693183e-12       6.816622358930e-12       7.610333701266e-15       2.901072787301e-15       1.813326815715e-15       1.536689289988e-16 
 1005       1.889806906927e-10       4.436997913854e-12       6.752322772602e-12       7.605922129155e-15       2.889884742583e-15       1.798111652848e-15       1.547277740988e-16 
 1006       1.876945224188e-10       4.471964221498e-12       6.684876438460e-12       7.601466706069e-15       2.878749175190e-15       1.782964931237e-15       1.557693827945e-16 
 1007       1.864171982135e-10       4.506652990248e-12       6.614323538212e-12       7.596968997780e-15       2.867665859352e-15       1.767887512418e-15       1.567932720157e-16 
 1008       1.851489317168e-10       4.541053522114e-12       6.540704677745e-12       7.592430582748e-15       2.856634564246e-15       1.752880260690e-15       1.577989555488e-16 
 1009       1.838899378076e-10       4.575155046811e-12       6.464060888262e-12       7.587853052152e-15       2.845655053980e-15       1.737944043122e-15       1.587859440297e-16 
 1010       1.826404326061e-10       4.608946721595e-12       6.384433627420e-12       7.583238009921e-15       2.834727087575e-15       1.723079729550e-15       1.597537449365e-16 
 1011       1.814006334770e-10       4.642417631090e-12       6.301864780460e-12       7.578587072765e-15       2.823850418951e-15       1.708288192585e-15       1.607018625822e-16 
 1012       1.801707590314e-10       4.675556787129e-12       6.216396661350e-12       7.573901870205e-15       2.813024796909e-15       1.693570307614e-15       1.616297981079e-16 
 1013       1.789510291300e-10       4.708353128577e-12       6.128072013916e-12       7.569184044606e-15       2.802249965120e-15       1.678926952801e-15       1.625370494753e-16 
 1014       1.777416648853e-10       4.740795521170e-12       6.036934012978e-12       7.564435251203e-15       2.791525662101e-15       1.664359009091e-15       1.634231114595e-16 
 1015       1.765428886648e-10       4.772872757343e-12       5.943026265488e-12       7.559657158141e-15       2.780851621208e-15       1.649867360215e-15       1.642874756418e-16 
 1016       1.753549240929e-10       4.804573556065e-12       5.846392811665e-12       7.554851446494e-15       2.770227570613e-15       1.635452892689e-15       1.651296304028e-16 
 1017       1.741779960542e-10       4.835886562670e-12       5.747078126130e-12       7.550019810307e-15       2.759653233293e-15       1.621116495818e-15       1.659490609148e-16 
 1018       1.730123306956e-10       4.866800348692e-12       5.645127119041e-12       7.545163956621e-15       2.749128327011e-15       1.606859061701e-15       1.667452491350e-16 
 1019       1.718581554293e-10       4.897303411691e-12       5.540585137230e-12       7.540285605503e-15       2.738652564301e-15       1.592681485230e-15       1.675176737978e-16 
 1020       1.707156989353e-10       4.927384175092e-12       5.433497965341e-12       7.535386490082e-15       2.728225652453e-15       1.578584664095e-15       1.682658104083e-16 
 1021       1.695851911638e-10       4.957030988015e-12       5.323911826962e-12       7.530468356573e-15       2.717847293496e-15       1.564569498788e-15       1.689891312343e-16 
 1022       1.684668633384e-10       4.986232125105e-12       5.211873385761e-12       7.525532964317e-15       2.707517184182e-15       1.550636892602e-15       1.696871052999e-16 
 1023       1.673609479580e-10       5.014975786368e-12       5.097429746624e-12       7.520582085801e-15       2.697235015973e-15       1.536787751637e-15       1.703591983778e-16 
 1024       1.662676788000e-10       5.043250097001e-12       4.980628456791e-12       7.515617506700e-15       2.687000475021e-15       1.523022984802e-15       1.710048729820e-16 
 1025       1.651872909227e-10       5.071043107225e-12       4.861517506989e-12       7.510641025897e-15       2.676813242152e-15       1.509343503817e-15       1.716235883613e-16 
 1026       1.641200206680e-10       5.098342792117e-12       4.740145332569e-12       7.505654455525e-15       2.666672992855e-15       1.495750223216e-15       1.722148004913e-16 
 1027       1.630661056638e-10       5.125137051442e-12       4.616560814643e-12       7.500659620987e-15       2.656579397263e-15       1.482244060349e-15       1.727779620678e-16 
 1028       1.620257848270e-10       5.151413709487e-12       4.490813281220e-12       7.495658360997e-15       2.646532120135e-15       1.468825935388e-15       1.733125224991e-16 
 1029       1.609992983658e-10       5.177160514892e-12       4.362952508338e-12       7.490652527603e-15       2.636530820844e-15       1.455496771326e-15       1.738179278993e-16 
 1030       1.599868877826e-10       5.202365140481e-12       4.233028721204e-12       7.485643986221e-15       2.626575153358e-15       1.442257493981e-15       1.742936210809e-16 
 1031       1.589887958764e-10       5.227015183098e-12       4.101092595329e-12       7.480634615669e-15       2.616664766228e-15       1.429109031998e-15       1.747390415474e-16 
 1032       1.580052667455e-10       5.251098163435e-12       3.967195257660e-12       7.475626308192e-15       2.606799302566e-15       1.416052316856e-15       1.751536254865e-16 
 1033       1.570365457902e-10       5.274601525867e-12       3.831388287721e-12       7.470620969496e-15       2.596978400037e-15       1.403088282863e-15       1.755368057626e-16 
 1034       1.560828423272e-10       5.297514245976e-12       3.693723591096e-12       7.465620378370e-15       2.587201730152e-15       1.390217438377e-15       1.758882186833e-16 
 1035       1.551442168493e-10       5.319831678327e-12       3.554253015630e-12       7.460625763308e-15       2.577469116814e-15       1.377438572801e-15       1.762083275126e-16 
 1036       1.542206921780e-10       5.341550776852e-12       3.413028732062e-12       7.455638219966e-15       2.567780419419e-15       1.364750031322e-15       1.764978077528e-16 
 1037       1.533122907060e-10       5.362668493375e-12       3.270103362302e-12       7.450658851044e-15       2.558135493681e-15       1.352150141999e-15       1.767573411852e-16 
 1038       1.524190343951e-10       5.383181777632e-12       3.125529980554e-12       7.445688766303e-15       2.548534191616e-15       1.339637215718e-15       1.769876158866e-16 
 1039       1.515409447752e-10       5.403087577277e-12       2.979362114437e-12       7.440729082575e-15       2.538976361536e-15       1.327209546145e-15       1.771893262448e-16 
 1040       1.506780429423e-10       5.422382837897e-12       2.831653746106e-12       7.435780923785e-15       2.529461848033e-15       1.314865409684e-15       1.773631729751e-16 
 1041       1.498303495573e-10       5.441064503029e-12       2.682459313374e-12       7.430845420963e-15       2.519990491971e-15       1.302603065429e-15       1.775098631359e-16 
 1042       1.489978848439e-10       5.459129514164e-12       2.531833710833e-12       7.425923712256e-15       2.510562130472e-15       1.290420755117e-15       1.776301101449e-16 
 1043       1.481806685879e-10       5.476574810767e-12       2.379832290975e-12       7.421016942950e-15       2.501176596908e-15       1.278316703090e-15       1.777246337949e-16 
 1044       1.473787201346e-10       5.493397330285e-12       2.226510865317e-12       7.416126265480e-15       2.491833720884e-15       1.266289116239e-15       1.777941602702e-16 
 1045       1.465920583881e-10       5.509594008163e-12       2.071925705517e-12       7.411252839446e-15       2.482533328230e-15       1.254336183969e-15       1.778394221620e-16 
 1046       1.458207018092e-10       5.525161777853e-12       1.916133544498e-12       7.406397831630e-15       2.473275240992e-15       1.242456078145e-15       1.778611584849e-16 
 1047       1.450646684142e-10       5.540097570830e-12       1.759191577571e-12       7.401562416008e-15       2.464059277415e-15       1.230646953055e-15       1.778601146926e-16 
 1048       1.443239757729e-10       5.554398316602e-12       1.601157463554e-12       7.396747773769e-15       2.454885251934e-15       1.218906945356e-15       1.778370426940e-16 
 1049       1.435986410077e-10       5.568060942725e-12       1.442089325896e-12       7.391955093328e-15       2.445752975165e-15       1.207234174036e-15       1.777927008692e-16 
 1050       1.428886807911e-10       5.581082374813e-12       1.282045753795e-12       7.387185570342e-15       2.436662253888e-15       1.195626740364e-15       1.777278540856e-16 
 1051       1.421941113452e-10       5.593459536552e-12       1.121085803322e-12       7.382440407722e-15       2.427612891042e-15       1.184082727849e-15       1.776432737135e-16 
 1052       1.415149484392e-10       5.605189349712e-12       9.592689985436e-13       7.377720815654e-15       2.418604685707e-15       1.172600202188e-15       1.775397376426e-16 
 1053       1.408512073885e-10       5.616268734161e-12       7.966553326387e-13       7.373028011610e-15       2.409637433099e-15       1.161177211228e-15       1.774180302977e-16 
 1054       1.402029030526e-10       5.626694607876e-12       6.333052690252e-13       7.368363220362e-15       2.400710924553e-15       1.149811784915e-15       1.772789426546e-16 
 1055       1.395700498342e-10       5.636463886955e-12       4.692797424784e-13       7.363727674003e-15       2.391824947515e-15       1.138501935254e-15       1.771232722565e-16 
 1056       1.389526616769e-10       5.645573485633e-12       3.046401602535e-13       7.359122611955e-15       2.382979285528e-15       1.127245656258e-15       1.769518232294e-16 
 1057       1.383507520641e-10       5.654020316291e-12       1.394484032069e-13       7.354549280991e-15       2.374173718223e-15       1.116040923906e-15       1.767654062988e-16 
 1058       1.377643340174e-10       5.661801289469e-12      -2.623317308241e-14       7.350008935243e-15       2.365408021305e-15       1.104885696097e-15       1.765648388049e-16 
 1059       1.371934200947e-10       5.668913313881e-12      -1.923417371915e-13       7.345502836224e-15       2.356681966545e-15       1.093777912607e-15       1.763509447195e-16 
 1060       1.366380223892e-10       5.675353296424e-12      -3.588139807318e-13       7.341032252840e-15       2.347995321765e-15       1.082715495037e-15       1.761245546611e-16 
 1061       1.360981525274e-10       5.681118142196e-12      -5.255861172277e-13       7.336598461402e-15       2.339347850827e-15       1.071696346777e-15       1.758865059114e-16 
 1062       1.355738216676e-10       5.686204754501e-12      -6.925938809952e-13       7.332202745650e-15       2.330739313625e-15       1.060718352951e-15       1.756376424314e-16 
 1063       1.350650404983e-10       5.690610034869e-12      -8.597725260203e-13       7.327846396757e-15       2.322169466068e-15       1.049779380380e-15       1.753788148768e-16 
 1064       1.345718192371e-10       5.694330883064e-12      -1.027056824838e-12       7.323530713353e-15       2.313638060073e-15       1.038877277531e-15       1.751108806147e-16 
 1065       1.340941676283e-10       5.697364197097e-12      -1.194381067410e-12       7.319257001537e-15       2.305144843552e-15       1.028009874475e-15       1.748347037391e-16 
 1066       1.336320949422e-10       5.699706873241e-12      -1.361679060003e-12       7.315026574891e-15       2.296689560400e-15       1.017174982840e-15       1.745511550872e-16 
 1067       1.331856099729e-10       5.701355806042e-12      -1.528884124070e-12       7.310840754496e-15       2.288271950485e-15       1.006370395766e-15       1.742611122550e-16 
 1068       1.327547210370e-10       5.702307888331e-12      -1.695929095125e-12       7.306700868950e-15       2.279891749633e-15       9.955938878584e-16       1.739654596138e-16 
 1069       1.323394359721e-10       5.702560011238e-12      -1.862746321625e-12       7.302608254378e-15       2.271548689622e-15       9.848432151468e-16       1.736650883259e-16 
 1070       1.319397621350e-10       5.702109064202e-12      -2.029267663844e-12       7.298564254451e-15       2.263242498167e-15       9.741161150349e-16       1.733608963605e-16 
 1071       1.315557064005e-10       5.700951934986e-12      -2.195424492758e-12       7.294570220399e-15       2.254972898906e-15       9.634103062577e-16       1.730537885099e-16 
 1072       1.311872751593e-10       5.699085509692e-12      -2.361147688916e-12       7.290627511028e-15       2.246739611396e-15       9.527234888355e-16       1.727446764054e-16 
 1073       1.308344510151e-10       5.696508010010e-12      -2.526372555310e-12       7.286737301426e-15       2.238542380745e-15       9.420542074174e-16       1.724342687996e-16 
 1074       1.304971225293e-10       5.693223024907e-12      -2.691053631466e-12       7.282900006201e-15       2.230381067000e-15       9.314044542749e-16       1.721224392541e-16 
 1075       1.301751535163e-10       5.689235533868e-12      -2.855150078843e-12       7.279115848417e-15       2.222255556960e-15       9.207771016625e-16       1.718088498732e-16 
 1076       1.298684062547e-10       5.684550574777e-12      -3.018620784532e-12       7.275385050191e-15       2.214165734618e-15       9.101750416879e-16       1.714931602516e-16 
 1077       1.295767414831e-10       5.679173244072e-12      -3.181424360646e-12       7.271707832682e-15       2.206111481161e-15       8.996011863563e-16       1.711750274681e-16 
 1078       1.293000183965e-10       5.673108696899e-12      -3.343519143708e-12       7.268084416091e-15       2.198092674960e-15       8.890584676154e-16       1.708541060799e-16 
 1079       1.290380946420e-10       5.666362147260e-12      -3.504863194044e-12       7.264515019656e-15       2.190109191557e-15       8.785498373995e-16       1.705300481168e-16 
 1080       1.287908263148e-10       5.658938868166e-12      -3.665414295173e-12       7.260999861643e-15       2.182160903661e-15       8.680782676748e-16       1.702025030754e-16 
 1081       1.285580679545e-10       5.650844191790e-12      -3.825129953197e-12       7.257539159346e-15       2.174247681140e-15       8.576467504829e-16       1.698711179130e-16 
 1082       1.283396725408e-10       5.642083509616e-12      -3.983967396190e-12       7.254133129079e-15       2.166369391008e-15       8.472582979864e-16       1.695355370420e-16 
 1083       1.281354914895e-10       5.632662272597e-12      -4.141883573590e-12       7.250781986174e-15       2.158525897423e-15       8.369159425129e-16       1.691954023241e-16 
 1084       1.279453746489e-10       5.622585991297e-12      -4.298835155586e-12       7.247485944974e-15       2.150717061673e-15       8.266227365998e-16       1.688503530640e-16 
 1085       1.277691702953e-10       5.611860236054e-12      -4.454778532514e-12       7.244245218830e-15       2.142942742170e-15       8.163817530388e-16       1.685000260044e-16 
 1086       1.276067251295e-10       5.600490637122e-12      -4.609669814243e-12       7.241060020093e-15       2.135202794442e-15       8.061960849205e-16       1.681440553190e-16 
 1087       1.274578842723e-10       5.588482884829e-12      -4.763464829563e-12       7.237930560114e-15       2.127497071125e-15       7.960688456788e-16       1.677820726079e-16 
 1088       1.273224912610e-10       5.575842729727e-12      -4.916119125583e-12       7.234857049236e-15       2.119825421951e-15       7.860031691357e-16       1.674137068906e-16 
 1089       1.272003880450e-10       5.562575982744e-12      -5.067587967113e-12       7.231839696789e-15       2.112187693744e-15       7.760022095460e-16       1.670385846011e-16 
 1090       1.270914149821e-10       5.548688515334e-12      -5.217826336060e-12       7.228878711089e-15       2.104583730410e-15       7.660691416415e-16       1.666563295815e-16 
 1091       1.269954108343e-10       5.534186259632e-12      -5.366788930814e-12       7.225974299428e-15       2.097013372928e-15       7.562071606758e-16       1.662665630761e-16 
 1092       1.269122127640e-10       5.519075208604e-12      -5.514430165642e-12       7.223126668073e-15       2.089476459343e-15       7.464194824687e-16       1.658689037262e-16 
 1093       1.268416563298e-10       5.503361416198e-12      -5.660704170075e-12       7.220336022259e-15       2.081972824754e-15       7.367093434512e-16       1.654629675634e-16 
 1094       1.267835754828e-10       5.487050997499e-12      -5.805564788302e-12       7.217602566186e-15       2.074502301312e-15       7.270800007095e-16       1.650483680043e-16 
 1095       1.267378025624e-10       5.470150128876e-12      -5.948965578556e-12       7.214926503014e-15       2.067064718206e-15       7.175347320301e-16       1.646247158445e-16 
 1096       1.267041682921e-10       5.452665048138e-12      -6.090859812506e-12       7.212308034858e-15       2.059659901655e-15       7.080768359438e-16       1.641916192529e-16 
 1097       1.266825017761e-10       5.434602054686e-12      -6.231200474649e-12       7.209747362781e-15       2.052287674903e-15       6.987096317710e-16       1.637486837655e-16 
 1098       1.266726304947e-10       5.415967509659e-12      -6.369940261697e-12       7.207244686793e-15       2.044947858209e-15       6.894364596657e-16       1.632955122799e-16 
 1099       1.266743803007e-10       5.396767836095e-12      -6.507031581972e-12       7.204800205844e-15       2.037640268837e-15       6.802606806601e-16       1.628317050493e-16 
 1100       1.266875754152e-10       5.377009519074e-12      -6.642426554788e-12       7.202414117821e-15       2.030364721050e-15       6.711856767096e-16       1.623568596766e-16 
 1101       1.267120384238e-10       5.356699105876e-12      -6.776077009851e-12       7.200086619540e-15       2.023121026099e-15       6.622148507369e-16       1.618705711088e-16 
 1102       1.267475902723e-10       5.335843206129e-12      -6.907934486642e-12       7.197817906744e-15       2.015908992219e-15       6.533516266771e-16       1.613724316308e-16 
 1103       1.267940502632e-10       5.314448491963e-12      -7.037950233812e-12       7.195608174097e-15       2.008728424614e-15       6.445994495215e-16       1.608620308599e-16 
 1104       1.268512360512e-10       5.292521698161e-12      -7.166075208568e-12       7.193457615183e-15       2.001579125455e-15       6.359617853629e-16       1.603389557397e-16 
 1105       1.269189636394e-10       5.270069622312e-12      -7.292260076066e-12       7.191366422493e-15       1.994460893867e-15       6.274421214400e-16       1.598027905343e-16 
 1106       1.269970473755e-10       5.247099124960e-12      -7.416455208801e-12       7.189334787428e-15       1.987373525926e-15       6.190439661817e-16       1.592531168225e-16 
 1107       1.270852999475e-10       5.223617129759e-12      -7.538610685997e-12       7.187362900292e-15       1.980316814642e-15       6.107708492519e-16       1.586895134921e-16 
 1108       1.271835323799e-10       5.199630623623e-12      -7.658676292996e-12       7.185450950285e-15       1.973290549960e-15       6.026263215941e-16       1.581115567338e-16 
 1109       1.272915540297e-10       5.175146656880e-12      -7.776601520650e-12       7.183599125502e-15       1.966294518746e-15       5.946139554758e-16       1.575188200353e-16 
 1110       1.274091725824e-10       5.150172343418e-12      -7.892335564710e-12       7.181807612924e-15       1.959328504780e-15       5.867373445333e-16       1.569108741760e-16 
 1111       1.275361940478e-10       5.124714860845e-12      -8.005827325217e-12       7.180076598417e-15       1.952392288746e-15       5.790001038161e-16       1.562872872203e-16 
 1112       1.276724220850e-10       5.098781869659e-12      -8.117032185308e-12       7.178406127241e-15       1.945485670454e-15       5.714049215548e-16       1.556477276275e-16 
 1113       1.278176559746e-10       5.072382776505e-12      -8.225932446397e-12       7.176795683588e-15       1.938608535831e-15       5.639507007308e-16       1.549922750738e-16 
 1114       1.279716926117e-10       5.045527487820e-12      -8.332517160320e-12       7.175244605506e-15       1.931760790793e-15       5.566353800329e-16       1.543211137031e-16 
 1115       1.281343271710e-10       5.018225992510e-12      -8.436775374321e-12       7.173752223873e-15       1.924942339087e-15       5.494568786796e-16       1.536344293862e-16 
 1116       1.283053531024e-10       4.990488362141e-12      -8.538696131098e-12       7.172317862370e-15       1.918153082291e-15       5.424130963723e-16       1.529324097251e-16 
 1117       1.284845621272e-10       4.962324751131e-12      -8.638268468852e-12       7.170940837466e-15       1.911392919804e-15       5.355019132477e-16       1.522152440573e-16 
 1118       1.286717442340e-10       4.933745396942e-12      -8.735481421337e-12       7.169620458400e-15       1.904661748841e-15       5.287211898302e-16       1.514831234598e-16 
 1119       1.288666876747e-10       4.904760620275e-12      -8.830324017900e-12       7.168356027165e-15       1.897959464427e-15       5.220687669849e-16       1.507362407531e-16 
 1120       1.290691789603e-10       4.875380825260e-12      -8.922785283536e-12       7.167146838484e-15       1.891285959389e-15       5.155424658702e-16       1.499747905058e-16 
 1121       1.292790028567e-10       4.845616499649e-12      -9.012854238934e-12       7.165992179797e-15       1.884641124352e-15       5.091400878902e-16       1.491989690383e-16 
 1122       1.294959423812e-10       4.815478215010e-12      -9.100519900521e-12       7.164891331239e-15       1.878024847731e-15       5.028594146474e-16       1.484089744272e-16 
 1123       1.297197787980e-10       4.784976626917e-12      -9.185771280513e-12       7.163843565625e-15       1.871437015726e-15       4.966982078955e-16       1.476050065094e-16 
 1124       1.299502916141e-10       4.754122475142e-12      -9.268597386961e-12       7.162848148429e-15       1.864877512315e-15       4.906542094919e-16       1.467872668861e-16 
 1125       1.301872585755e-10       4.722926583854e-12      -9.348987223800e-12       7.161904337768e-15       1.858346219249e-15       4.847251413502e-16       1.459559589273e-16 
 1126       1.304304556630e-10       4.691399861801e-12      -9.426929790894e-12       7.161011384381e-15       1.851843016044e-15       4.789087053934e-16       1.451112877755e-16 
 1127       1.306796570882e-10       4.659553302511e-12      -9.502414084088e-12       7.160168531614e-15       1.845367779974e-15       4.732025835055e-16       1.442534603502e-16 
 1128       1.309346352893e-10       4.627397984481e-12      -9.575429095250e-12       7.159375015398e-15       1.838920386070e-15       4.676044374854e-16       1.433826853520e-16 
 1129       1.311951609275e-10       4.594945071371e-12      -9.645963812323e-12       7.158630064236e-15       1.832500707106e-15       4.621119089984e-16       1.424991732666e-16 
 1130       1.314610028822e-10       4.562205812192e-12      -9.714007219369e-12       7.157932899177e-15       1.826108613600e-15       4.567226195296e-16       1.416031363691e-16 
 1131       1.317319282475e-10       4.529191541505e-12      -9.779548296619e-12       7.157282733806e-15       1.819743973803e-15       4.514341703361e-16       1.406947887279e-16 
 1132       1.320077023281e-10       4.495913679610e-12      -9.842576020522e-12       7.156678774219e-15       1.813406653695e-15       4.462441423998e-16       1.397743462093e-16 
 1133       1.322880886350e-10       4.462383732736e-12      -9.903079363787e-12       7.156120219011e-15       1.807096516978e-15       4.411500963801e-16       1.388420264812e-16 
 1134       1.325728488817e-10       4.428613293240e-12      -9.961047295437e-12       7.155606259252e-15       1.800813425068e-15       4.361495725663e-16       1.378980490176e-16 
 1135       1.328617429799e-10       4.394614039792e-12      -1.001646878085e-11       7.155136078470e-15       1.794557237095e-15       4.312400908306e-16       1.369426351025e-16 
 1136       1.331545290357e-10       4.360397737574e-12      -1.006933278182e-11       7.154708852637e-15       1.788327809888e-15       4.264191505803e-16       1.359760078341e-16 
 1137       1.334509633454e-10       4.325976238468e-12      -1.011962825658e-11       7.154323750144e-15       1.782124997975e-15       4.216842307108e-16       1.349983921290e-16 
 1138       1.337508003912e-10       4.291361481250e-12      -1.016734415987e-11       7.153979931790e-15       1.775948653576e-15       4.170327895579e-16       1.340100147264e-16 
 1139       1.340537928378e-10       4.256565491783e-12      -1.021246944298e-11       7.153676550757e-15       1.769798626593e-15       4.124622648508e-16       1.330111041922e-16 
 1140       1.343596915277e-10       4.221600383209e-12      -1.025499305380e-11       7.153412752595e-15       1.763674764608e-15       4.079700736645e-16       1.320018909232e-16 
 1141       1.346682454774e-10       4.186478356140e-12      -1.029490393686e-11       7.153187675206e-15       1.757576912877e-15       4.035536123723e-16       1.309826071510e-16 
 1142       1.349792018735e-10       4.151211698854e-12      -1.033219103339e-11       7.153000448819e-15       1.751504914317e-15       3.992102565988e-16       1.299534869465e-16 
 1143       1.352923060683e-10       4.115812787484e-12      -1.036684328133e-11       7.152850195979e-15       1.745458609511e-15       3.949373611723e-16       1.289147662239e-16 
 1144       1.356073015760e-10       4.080294086211e-12      -1.039884961545e-11       7.152736031524e-15       1.739437836690e-15       3.907322600775e-16       1.278666827447e-16 
 1145       1.359239300685e-10       4.044668147458e-12      -1.042819896731e-11       7.152657062570e-15       1.733442431735e-15       3.865922664080e-16       1.268094761223e-16 
 1146       1.362419313715e-10       4.008947612082e-12      -1.045488026539e-11       7.152612388489e-15       1.727472228167e-15       3.825146723191e-16       1.257433878255e-16 
 1147       1.365610434604e-10       3.973145209566e-12      -1.047888243507e-11       7.152601100893e-15       1.721527057144e-15       3.784967489804e-16       1.246686611833e-16 
 1148       1.368810024560e-10       3.937273758211e-12      -1.050019439872e-11       7.152622283618e-15       1.715606747449e-15       3.745357465283e-16       1.235855413886e-16 
 1149       1.372015426208e-10       3.901346165329e-12      -1.051880507575e-11       7.152675012699e-15       1.709711125489e-15       3.706288940189e-16       1.224942755024e-16 
 1150       1.375223963548e-10       3.865375427436e-12      -1.053470338260e-11       7.152758356360e-15       1.703840015288e-15       3.667733993804e-16       1.213951124582e-16 
 1151       1.378433127051e-10       3.829374005240e-12      -1.054788345063e-11       7.152871352757e-15       1.697993256712e-15       3.629668759323e-16       1.202883023072e-16 
 1152       1.381641131615e-10       3.793351939528e-12      -1.055836035189e-11       7.153012942954e-15       1.692170760425e-15       3.592086279675e-16       1.191740939346e-16 
 1153       1.384846365609e-10       3.757318711742e-12      -1.056615457311e-11       7.153182037064e-15       1.686372453619e-15       3.554983813998e-16       1.180527373226e-16 
 1154       1.388047206363e-10       3.721283867144e-12      -1.057128681652e-11       7.153377536382e-15       1.680598261840e-15       3.518358586685e-16       1.169244843105e-16 
 1155       1.391242020140e-10       3.685257014951e-12      -1.057377800038e-11       7.153598333364e-15       1.674848108983e-15       3.482207787301e-16       1.157895885991e-16 
 1156       1.394429162110e-10       3.649247828475e-12      -1.057364925953e-11       7.153843311605e-15       1.669121917288e-15       3.446528570493e-16       1.146483057544e-16 
 1157       1.397606976329e-10       3.613266045257e-12      -1.057092194587e-11       7.154111345824e-15       1.663419607336e-15       3.411318055904e-16       1.135008932119e-16 
 1158       1.400773795717e-10       3.577321467202e-12      -1.056561762891e-11       7.154401301839e-15       1.657741098041e-15       3.376573328082e-16       1.123476102807e-16 
 1159       1.403927942031e-10       3.541423960716e-12      -1.055775809626e-11       7.154712036549e-15       1.652086306650e-15       3.342291436399e-16       1.111887181473e-16 
 1160       1.407067725839e-10       3.505583456841e-12      -1.054736535419e-11       7.155042397913e-15       1.646455148735e-15       3.308469394954e-16       1.100244798802e-16 
 1161       1.410191446503e-10       3.469809951392e-12      -1.053446162812e-11       7.155391224930e-15       1.640847538192e-15       3.275104182495e-16       1.088551604335e-16 
 1162       1.413297392150e-10       3.434113505092e-12      -1.051906936312e-11       7.155757347618e-15       1.635263387231e-15       3.242192742325e-16       1.076810266513e-16 
 1163       1.416383839650e-10       3.398504243707e-12      -1.050121122450e-11       7.156139586994e-15       1.629702606376e-15       3.209731982216e-16       1.065023472715e-16 
 1164       1.419449054592e-10       3.362992358186e-12      -1.048091009826e-11       7.156536755055e-15       1.624165104459e-15       3.177718774323e-16       1.053193929302e-16 
 1165       1.422491291259e-10       3.327588104791e-12      -1.045818909163e-11       7.156947654755e-15       1.618650788615e-15       3.146149955093e-16       1.041324361653e-16 
 1166       1.425508792606e-10       3.292301805236e-12      -1.043307153362e-11       7.157371079987e-15       1.613159564278e-15       3.115022325181e-16       1.029417514214e-16 
 1167       1.428499790236e-10       3.257143846824e-12      -1.040558097549e-11       7.157805815564e-15       1.607691335176e-15       3.084332649361e-16       1.017476150529e-16 
 1168       1.431462504375e-10       3.222124682581e-12      -1.037574119131e-11       7.158250637193e-15       1.602246003326e-15       3.054077656436e-16       1.005503053289e-16 
 1169       1.434395143849e-10       3.187254831392e-12      -1.034357617847e-11       7.158704311462e-15       1.596823469032e-15       3.024254039157e-16       9.935010243664e-17 
 1170       1.437295906059e-10       3.152544878136e-12      -1.030911015818e-11       7.159165595813e-15       1.591423630875e-15       2.994858454125e-16       9.814728848618e-17 
 1171       1.440162976960e-10       3.118005473826e-12      -1.027236757602e-11       7.159633238528e-15       1.586046385714e-15       2.965887521714e-16       9.694214751401e-17 
 1172       1.442994531034e-10       3.083647335740e-12      -1.023337310242e-11       7.160105978704e-15       1.580691628680e-15       2.937337825976e-16       9.573496548736e-17 
 1173       1.445788731269e-10       3.049481247560e-12      -1.019215163322e-11       7.160582546233e-15       1.575359253169e-15       2.909205914558e-16       9.452603030824e-17 
 1174       1.448543729133e-10       3.015518059504e-12      -1.014872829019e-11       7.161061661786e-15       1.570049150839e-15       2.881488298610e-16       9.331563181749e-17 
 1175       1.451257664551e-10       2.981768688469e-12      -1.010312842151e-11       7.161542036787e-15       1.564761211607e-15       2.854181452703e-16       9.210406179890e-17 
 1176       1.453928665880e-10       2.948244118158e-12      -1.005537760231e-11       7.162022373398e-15       1.559495323640e-15       2.827281814734e-16       9.089161398329e-17 
 1177       1.456554849890e-10       2.914955399223e-12      -1.000550163521e-11       7.162501364493e-15       1.554251373356e-15       2.800785785847e-16       8.967858405257e-17 
 1178       1.459134321732e-10       2.881913649398e-12      -9.953526550825e-12       7.162977693643e-15       1.549029245416e-15       2.774689730337e-16       8.846526964382e-17 
 1179       1.461665174922e-10       2.849130053635e-12      -9.899478608261e-12       7.163450035094e-15       1.543828822719e-15       2.748989975568e-16       8.725197035341e-17 
 1180       1.464145491314e-10       2.816615864239e-12      -9.843384295673e-12       7.163917053744e-15       1.538649986399e-15       2.723682811885e-16       8.603898774104e-17 
 1181       1.466573341073e-10       2.784382401006e-12      -9.785270330765e-12       7.164377405128e-15       1.533492615820e-15       2.698764492522e-16       8.482662533385e-17 
 1182       1.468946782658e-10       2.752441051357e-12      -9.725163661311e-12       7.164829735391e-15       1.528356588573e-15       2.674231233520e-16       8.361518863048e-17 
 1183       1.471263862794e-10       2.720803270474e-12      -9.663091465679e-12       7.165272681275e-15       1.523241780466e-15       2.650079213636e-16       8.240498510518e-17 
 1184       1.473522616446e-10       2.689480581438e-12      -9.599081153346e-12       7.165704870094e-15       1.518148065526e-15       2.626304574254e-16       8.119632421186e-17 
 1185       1.475721066801e-10       2.658484575363e-12      -9.533160365421e-12       7.166124919712e-15       1.513075315990e-15       2.602903419303e-16       7.998951738820e-17 
 1186       1.477857225240e-10       2.627826911532e-12      -9.465356975166e-12       7.166531438530e-15       1.508023402304e-15       2.579871815163e-16       7.878487805972e-17 
 1187       1.479929091315e-10       2.597519317531e-12      -9.395699088510e-12       7.166923025458e-15       1.502992193114e-15       2.557205790583e-16       7.758272164384e-17 
 1188       1.481934652727e-10       2.567573589391e-12      -9.324215044576e-12       7.167298269900e-15       1.497981555265e-15       2.534901336588e-16       7.638336555403e-17 
 1189       1.483871885299e-10       2.538001591716e-12      -9.250933416194e-12       7.167655751729e-15       1.492991353794e-15       2.512954406394e-16       7.518712920380e-17 
 1190       1.485739012617e-10       2.508813987999e-12      -9.175884373634e-12       7.167994134817e-15       1.488021464340e-15       2.491363241130e-16       7.399428787019e-17 
 1191       1.487535288490e-10       2.480016414204e-12      -9.099103793068e-12       7.168312448895e-15       1.483071810532e-15       2.470135378437e-16       7.280493365546e-17 
 1192       1.489260224049e-10       2.451613258452e-12      -9.020629199603e-12       7.168609811112e-15       1.478142327050e-15       2.449280729774e-16       7.161911282571e-17 
 1193       1.490913328961e-10       2.423608926615e-12      -8.940498409281e-12       7.168885332792e-15       1.473232947252e-15       2.428809262534e-16       7.043687179688e-17 
 1194       1.492494111423e-10       2.396007842344e-12      -8.858749529720e-12       7.169138119421e-15       1.468343603167e-15       2.408731000146e-16       6.925825713488e-17 
 1195       1.494002078163e-10       2.368814447095e-12      -8.775420960741e-12       7.169367270636e-15       1.463474225496e-15       2.389056022190e-16       6.808331555579e-17 
 1196       1.495436734435e-10       2.342033200160e-12      -8.690551395012e-12       7.169571880210e-15       1.458624743605e-15       2.369794464503e-16       6.691209392601e-17 
 1197       1.496797584020e-10       2.315668578695e-12      -8.604179818678e-12       7.169751036043e-15       1.453795085523e-15       2.350956519290e-16       6.574463926248e-17 
 1198       1.498084129223e-10       2.289725077746e-12      -8.516345511995e-12       7.169903820147e-15       1.448985177938e-15       2.332552435232e-16       6.458099873281e-17 
 1199       1.499295870869e-10       2.264207210280e-12      -8.427088049971e-12       7.170029308634e-15       1.444194946193e-15       2.314592517597e-16       6.342121965547e-17 
 1200       1.500432308306e-10       2.239119507212e-12      -8.336447302994e-12       7.170126571705e-15       1.439424314286e-15       2.297087128348e-16       6.226534949997e-17 
 1201       1.501492939400e-10       2.214466517435e-12      -8.244463437475e-12       7.170194673638e-15       1.434673204859e-15       2.280046686252e-16       6.111343588704e-17 
 1202       1.502477260534e-10       2.190252807847e-12      -8.151176916475e-12       7.170232672771e-15       1.429941539204e-15       2.263481666990e-16       5.996552658881e-17 
 1203       1.503384766604e-10       2.166482963377e-12      -8.056628500347e-12       7.170239621497e-15       1.425229237250e-15       2.247402603267e-16       5.882166952895e-17 
 1204       1.504214951021e-10       2.143161587019e-12      -7.960859247367e-12       7.170214566245e-15       1.420536217567e-15       2.231820084920e-16       5.768191278288e-17 
 1205       1.504967305707e-10       2.120293299856e-12      -7.863910514370e-12       7.170156547471e-15       1.415862397357e-15       2.216744759027e-16       5.654630457796e-17 
 1206       1.505641321092e-10       2.097882741090e-12      -7.765823957388e-12       7.170064599645e-15       1.411207692456e-15       2.202187330018e-16       5.541489329361e-17 
 1207       1.506236486117e-10       2.075934568067e-12      -7.666641532280e-12       7.169937751240e-15       1.406572017324e-15       2.188158559783e-16       5.428772746152e-17 
 1208       1.506752288225e-10       2.054453456314e-12      -7.566405495373e-12       7.169775024716e-15       1.401955285047e-15       2.174669267782e-16       5.316485576585e-17 
 1209       1.507188213365e-10       2.033444099557e-12      -7.465158404093e-12       7.169575436511e-15       1.397357407331e-15       2.161730331154e-16       5.204632704334e-17 
 1210       1.507543745987e-10       2.012911209755e-12      -7.362943117600e-12       7.169337997027e-15       1.392778294497e-15       2.149352684825e-16       5.093219028357e-17 
 1211       1.507818369045e-10       1.992859517128e-12      -7.259802797427e-12       7.169061710619e-15       1.388217855481e-15       2.137547321620e-16       4.982249462904e-17 
 1212       1.508011563986e-10       1.973293770186e-12      -7.155780908112e-12       7.168745575580e-15       1.383675997828e-15       2.126325292371e-16       4.871728937542e-17 
 1213       1.508122810758e-10       1.954218735753e-12      -7.050921217833e-12       7.168388584133e-15       1.379152627690e-15       2.115697706024e-16       4.761662397171e-17 
 1214       1.508151587801e-10       1.935639199001e-12      -6.945267799047e-12       7.167989722414e-15       1.374647649819e-15       2.105675729753e-16       4.652054802038e-17 
 1215       1.508097372051e-10       1.917559963476e-12      -6.838865029119e-12       7.167547970462e-15       1.370160967569e-15       2.096270589065e-16       4.542911127760e-17 
 1216       1.507959638934e-10       1.899985851123e-12      -6.731757590962e-12       7.167062302207e-15       1.365692482888e-15       2.087493567912e-16       4.434236365336e-17 
 1217       1.507737862364e-10       1.882921702321e-12      -6.623990473672e-12       7.166531685455e-15       1.361242096315e-15       2.079356008799e-16       4.326035521168e-17 
 1218       1.507431514744e-10       1.866372375907e-12      -6.515608973160e-12       7.165955081880e-15       1.356809706980e-15       2.071869312894e-16       4.218313617080e-17 
 1219       1.507040066963e-10       1.850342749204e-12      -6.406658692791e-12       7.165331447008e-15       1.352395212596e-15       2.065044940135e-16       4.111075690330e-17 
 1220       1.506562988394e-10       1.834837718052e-12      -6.297185544014e-12       7.164659730205e-15       1.347998509456e-15       2.058894409344e-16       4.004326793632e-17 
 1221       1.505999746892e-10       1.819862196834e-12      -6.187235747005e-12       7.163938874667e-15       1.343619492435e-15       2.053429298331e-16       3.898071995174e-17 
 1222       1.505349808792e-10       1.805421118507e-12      -6.076855831295e-12       7.163167817404e-15       1.339258054978e-15       2.048661244008e-16       3.792316378631e-17 
 1223       1.504612638907e-10       1.791519434626e-12      -5.966092636407e-12       7.162345489232e-15       1.334914089102e-15       2.044601942495e-16       3.687065043190e-17 
 1224       1.503787700528e-10       1.778162115376e-12      -5.854993312494e-12       7.161470814757e-15       1.330587485393e-15       2.041263149229e-16       3.582323103558e-17 
 1225       1.502874455421e-10       1.765354149602e-12      -5.743605320973e-12       7.160542712365e-15       1.326278132998e-15       2.038656679078e-16       3.478095689987e-17 
 1226       1.501872363824e-10       1.753100544832e-12      -5.631976435156e-12       7.159560094205e-15       1.321985919626e-15       2.036794406444e-16       3.374387948291e-17 
 1227       1.500780884447e-10       1.741406327308e-12      -5.520154740891e-12       7.158521866186e-15       1.317710731542e-15       2.035688265377e-16       3.271205039858e-17 
 1228       1.499599474468e-10       1.730276542016e-12      -5.408188637195e-12       7.157426927954e-15       1.313452453562e-15       2.035350249681e-16       3.168552141673e-17 
 1229       1.498327790915e-10       1.719715018732e-12      -5.296124261558e-12       7.156274321533e-15       1.309210980277e-15       2.035786729043e-16       3.066432887240e-17 
 1230       1.496966297423e-10       1.709720654045e-12      -5.183997731063e-12       7.155063679189e-15       1.304986249855e-15       2.036981323185e-16       2.964844669013e-17 
 1231       1.495515664688e-10       1.700291085170e-12      -5.071842810244e-12       7.153794780864e-15       1.300778210631e-15       2.038911824233e-16       2.863783280126e-17 
 1232       1.493976569756e-10       1.691423919847e-12      -4.959693478476e-12       7.152467406016e-15       1.296586809918e-15       2.041555861878e-16       2.763244468313e-17 
 1233       1.492349696036e-10       1.683116736269e-12      -4.847583930405e-12       7.151081333616e-15       1.292411994006e-15       2.044890903038e-16       2.663223935800e-17 
 1234       1.490635733316e-10       1.675367083014e-12      -4.735548576382e-12       7.149636342151e-15       1.288253708157e-15       2.048894251511e-16       2.563717339203e-17 
 1235       1.488835377776e-10       1.668172478977e-12      -4.623622042888e-12       7.148132209616e-15       1.284111896604e-15       2.053543047636e-16       2.464720289419e-17 
 1236       1.486949332002e-10       1.661530413298e-12      -4.511839172970e-12       7.146568713523e-15       1.279986502547e-15       2.058814267953e-16       2.366228351518e-17 
 1237       1.484978305000e-10       1.655438345294e-12      -4.400235026667e-12       7.144945630892e-15       1.275877468151e-15       2.064684724858e-16       2.268237044640e-17 
 1238       1.482923012212e-10       1.649893704387e-12      -4.288844881447e-12       7.143262738256e-15       1.271784734546e-15       2.071131066260e-16       2.170741841890e-17 
 1239       1.480784175529e-10       1.644893890038e-12      -4.177704232631e-12       7.141519811657e-15       1.267708241818e-15       2.078129775244e-16       2.073738170225e-17 
 1240       1.478562523302e-10       1.640436271674e-12      -4.066848793828e-12       7.139716626650e-15       1.263647929013e-15       2.085657169725e-16       1.977221410357e-17 
 1241       1.476258790364e-10       1.636518188622e-12      -3.956314497364e-12       7.137852958294e-15       1.259603734131e-15       2.093689402108e-16       1.881186896637e-17 
 1242       1.473873718034e-10       1.633136950034e-12      -3.846137494715e-12       7.135928581163e-15       1.255575594123e-15       2.102202458945e-16       1.785629916958e-17 
 1243       1.471408054142e-10       1.630289834824e-12      -3.736354156934e-12       7.133943269334e-15       1.251563444890e-15       2.111172160592e-16       1.690545712643e-17 
 1244       1.468862553033e-10       1.627974091592e-12      -3.627001075085e-12       7.131896796394e-15       1.247567221279e-15       2.120574160872e-16       1.595929478341e-17 
 1245       1.466237975588e-10       1.626186938562e-12      -3.518115060672e-12       7.129788935436e-15       1.243586857083e-15       2.130383946726e-16       1.501776361917e-17 
 1246       1.463535089237e-10       1.624925563502e-12      -3.409733146071e-12       7.127619459062e-15       1.239622285032e-15       2.140576837878e-16       1.408081464354e-17 
 1247       1.460754667969e-10       1.624187123666e-12      -3.301892584959e-12       7.125388139376e-15       1.235673436799e-15       2.151127986487e-16       1.314839839639e-17 
 1248       1.457897492353e-10       1.623968745715e-12      -3.194630852747e-12       7.123094747990e-15       1.231740242991e-15       2.162012376811e-16       1.222046494658e-17 
 1249       1.454964349546e-10       1.624267525653e-12      -3.087985647009e-12       7.120739056021e-15       1.227822633149e-15       2.173204824858e-16       1.129696389095e-17 
 1250       1.451956033311e-10       1.625080528753e-12      -2.981994887914e-12       7.118320834088e-15       1.223920535744e-15       2.184679978052e-16       1.037784435319e-17 
 1251       1.448873344029e-10       1.626404789494e-12      -2.876696718654e-12       7.115839852315e-15       1.220033878175e-15       2.196412314886e-16       9.463054982822e-18 
 1252       1.445717088714e-10       1.628237311483e-12      -2.772129505878e-12       7.113295880330e-15       1.216162586768e-15       2.208376144579e-16       8.552543954126e-18 
 1253       1.442488081028e-10       1.630575067393e-12      -2.668331840123e-12       7.110688687261e-15       1.212306586769e-15       2.220545606741e-16       7.646258965071e-18 
 1254       1.439187141293e-10       1.633414998889e-12      -2.565342536242e-12       7.108018041740e-15       1.208465802347e-15       2.232894671022e-16       6.744147236261e-18 
 1255       1.435815096509e-10       1.636754016559e-12      -2.463200633835e-12       7.105283711900e-15       1.204640156586e-15       2.245397136776e-16       5.846155509869e-18 
 1256       1.432372780364e-10       1.640588999846e-12      -2.361945397683e-12       7.102485465374e-15       1.200829571487e-15       2.258026632719e-16       4.952230048577e-18 
 1257       1.428861033248e-10       1.644916796975e-12      -2.261616318174e-12       7.099623069295e-15       1.197033967962e-15       2.270756616585e-16       4.062316634511e-18 
 1258       1.425280702273e-10       1.649734224890e-12      -2.162253111739e-12       7.096696290297e-15       1.193253265833e-15       2.283560374784e-16       3.176360568184e-18 
 1259       1.421632641279e-10       1.655038069176e-12      -2.063895721278e-12       7.093704894512e-15       1.189487383827e-15       2.296411022061e-16       2.294306667428e-18 
 1260       1.417917710857e-10       1.660825083995e-12      -1.966584316594e-12       7.090648647571e-15       1.185736239578e-15       2.309281501155e-16       1.416099266335e-18 
 1261       1.414136778354e-10       1.667091992016e-12      -1.870359294822e-12       7.087527314603e-15       1.181999749621e-15       2.322144582455e-16       5.416822141938e-19 
 1262       1.410290717895e-10       1.673835484343e-12      -1.775261280859e-12       7.084340660233e-15       1.178277829388e-15       2.334972863660e-16      -3.290011255710e-19 
 1263       1.406380410391e-10       1.681052220448e-12      -1.681331127799e-12       7.081088448584e-15       1.174570393208e-15       2.347738769436e-16      -1.196007876462e-18 
 1264       1.402406743559e-10       1.688738828098e-12      -1.588609917358e-12       7.077770443276e-15       1.170877354306e-15       2.360414551074e-16      -2.059395649971e-18 
 1265       1.398370611931e-10       1.696891903289e-12      -1.497138960309e-12       7.074386407423e-15       1.167198624795e-15       2.372972286149e-16      -2.919222546641e-18 
 1266       1.394272916871e-10       1.705508010177e-12      -1.406959796911e-12       7.070936103635e-15       1.163534115677e-15       2.385383878177e-16      -3.775547157130e-18 
 1267       1.390114566589e-10       1.714583681002e-12      -1.318114197339e-12       7.067419294015e-15       1.159883736841e-15       2.397621056274e-16      -4.628428563268e-18 
 1268       1.385896536553e-10       1.724114809725e-12      -1.230639416119e-12       7.063835862103e-15       1.156247405364e-15       2.409662301536e-16      -5.477904799226e-18 
 1269       1.381620051459e-10       1.734094825400e-12      -1.144553894665e-12       7.060186180232e-15       1.152625070532e-15       2.421513714271e-16      -6.323927961065e-18 
 1270       1.377286405389e-10       1.744516497600e-12      -1.059871394756e-12       7.056470746405e-15       1.149016689102e-15       2.433188386675e-16      -7.166428351146e-18 
 1271       1.372896901621e-10       1.755372540695e-12      -9.766057296581e-13       7.052690062746e-15       1.145422217022e-15       2.444699498111e-16      -8.005335949614e-18 
 1272       1.368452852643e-10       1.766655613733e-12      -8.947707641956e-13       7.048844635506e-15       1.141841609428e-15       2.456060315280e-16      -8.840580413853e-18 
 1273       1.363955580178e-10       1.778358320329e-12      -8.143804148337e-13       7.044934975077e-15       1.138274820644e-15       2.467284192399e-16      -9.672091077945e-18 
 1274       1.359406415199e-10       1.790473208549e-12      -7.354486497530e-13       7.040961595998e-15       1.134721804176e-15       2.478384571375e-16      -1.049979695212e-17 
 1275       1.354806697949e-10       1.802992770793e-12      -6.579894889262e-13       7.036925016960e-15       1.131182512713e-15       2.489374981977e-16      -1.132362672223e-17 
 1276       1.350157777959e-10       1.815909443686e-12      -5.820170041955e-13       7.032825760819e-15       1.127656898126e-15       2.500269042016e-16      -1.214350874916e-17 
 1277       1.345461014066e-10       1.829215607954e-12      -5.075453193491e-13       7.028664354606e-15       1.124144911461e-15       2.511080457513e-16      -1.295937106835e-17 
 1278       1.340717774433e-10       1.842903588320e-12      -4.345886101980e-13       7.024441329527e-15       1.120646502943e-15       2.521823022880e-16      -1.377114138920e-17 
 1279       1.335929436569e-10       1.856965653380e-12      -3.631611046527e-13       7.020157220982e-15       1.117161621969e-15       2.532510621089e-16      -1.457874709453e-17 
 1280       1.331097387343e-10       1.871394015493e-12      -2.932770828005e-13       7.015812568567e-15       1.113690217110e-15       2.543157223852e-16      -1.538211524006e-17 
 1281       1.326223023008e-10       1.886180830665e-12      -2.249508769818e-13       7.011407916084e-15       1.110232236105e-15       2.553776891791e-16      -1.618117255385e-17 
 1282       1.321307749216e-10       1.901318198435e-12      -1.581968718670e-13       7.006943811551e-15       1.106787625864e-15       2.564383774615e-16      -1.697584543577e-17 
 1283       1.316352981037e-10       1.916798161759e-12      -9.302950453356e-14       7.002420807206e-15       1.103356332460e-15       2.574992111296e-16      -1.776605995691e-17 
 1284       1.311360142982e-10       1.932612706894e-12      -2.946326454256e-14       6.997839459523e-15       1.099938301132e-15       2.585616230241e-16      -1.855174185911e-17 
 1285       1.306330669014e-10       1.948753763288e-12       3.248730598440e-14       6.993200329215e-15       1.096533476280e-15       2.596270549466e-16      -1.933281655435e-17 
 1286       1.301266002575e-10       1.965213203460e-12       9.280761228837e-14       6.988503981241e-15       1.093141801464e-15       2.606969576775e-16      -2.010920912424e-17 
 1287       1.296167596596e-10       1.981982842887e-12       1.514830068963e-13       6.983750984822e-15       1.089763219402e-15       2.617727909931e-16      -2.088084431946e-17 
 1288       1.291036913525e-10       1.999054439891e-12       2.084987895442e-13       6.978941913441e-15       1.086397671968e-15       2.628560236830e-16      -2.164764655924e-17 
 1289       1.285875425338e-10       2.016419695520e-12       2.638402071003e-13       6.974077344858e-15       1.083045100190e-15       2.639481335681e-16      -2.240953993079e-17 
 1290       1.280684613561e-10       2.034070253439e-12       3.174924534883e-13       6.969157861115e-15       1.079705444247e-15       2.650506075172e-16      -2.316644818875e-17 
 1291       1.275465969289e-10       2.051997699809e-12       3.694406696105e-13       6.964184048545e-15       1.076378643470e-15       2.661649414655e-16      -2.391829475468e-17 
 1292       1.270220993203e-10       2.070193563177e-12       4.196699432710e-13       6.959156497782e-15       1.073064636335e-15       2.672926404310e-16      -2.466500271648e-17 
 1293       1.264951195592e-10       2.088649314358e-12       4.681653090992e-13       6.954075803767e-15       1.069763360466e-15       2.684352185329e-16      -2.540649482789e-17 
 1294       1.259658096366e-10       2.107356366323e-12       5.149117484722e-13       6.948942565761e-15       1.066474752628e-15       2.695941990085e-16      -2.614269350788e-17 
 1295       1.254343225080e-10       2.126306074082e-12       5.598941894389e-13       6.943757387346e-15       1.063198748731e-15       2.707711142307e-16      -2.687352084017e-17 
 1296       1.249008120951e-10       2.145489734569e-12       6.030975066427e-13       6.938520876443e-15       1.059935283821e-15       2.719675057258e-16      -2.759889857266e-17 
 1297       1.243654332874e-10       2.164898586530e-12       6.445065212446e-13       6.933233645312e-15       1.056684292086e-15       2.731849241907e-16      -2.831874811686e-17 
 1298       1.238283419445e-10       2.184523810405e-12       6.841060008469e-13       6.927896310566e-15       1.053445706846e-15       2.744249295104e-16      -2.903299054740e-17 
 1299       1.232896948977e-10       2.204356528213e-12       7.218806594157e-13       6.922509493177e-15       1.050219460556e-15       2.756890907753e-16      -2.974154660144e-17 
 1300       1.227496499520e-10       2.224387803442e-12       7.578151572048e-13       6.917073818486e-15       1.047005484802e-15       2.769789862992e-16      -3.044433667815e-17 
 1301       1.222083658879e-10       2.244608640929e-12       7.918941006782e-13       6.911589916209e-15       1.043803710299e-15       2.782962036361e-16      -3.114128083815e-17 
 1302       1.216660024630e-10       2.265009986746e-12       8.241020424339e-13       6.906058420450e-15       1.040614066893e-15       2.796423395982e-16      -3.183229880297e-17 
 1303       1.211227204146e-10       2.285582728089e-12       8.544234811268e-13       6.900479969703e-15       1.037436483550e-15       2.810190002730e-16      -3.251730995454e-17 
 1304       1.205786814606e-10       2.306317693156e-12       8.828428613917e-13       6.894855206867e-15       1.034270888363e-15       2.824278010411e-16      -3.319623333458e-17 
 1305       1.200340483023e-10       2.327205651042e-12       9.093445737671e-13       6.889184779252e-15       1.031117208546e-15       2.838703665932e-16      -3.386898764411e-17 
 1306       1.194889846256e-10       2.348237311614e-12       9.339129546175e-13       6.883469338587e-15       1.027975370432e-15       2.853483309480e-16      -3.453549124288e-17 
 1307       1.189436468411e-10       2.369403568936e-12       9.565366037424e-13       6.877709578363e-15       1.024845306099e-15       2.868628875560e-16      -3.519567002399e-17 
 1308       1.183981591994e-10       2.390696234730e-12       9.772213902089e-13       6.871906346312e-15       1.021726973339e-15       2.884134340680e-16      -3.584948113524e-17 
 1309       1.178526384007e-10       2.412107312886e-12       9.959775918561e-13       6.866060533207e-15       1.018620335907e-15       2.899989124407e-16      -3.649688952204e-17 
 1310       1.173072018336e-10       2.433628756581e-12       1.012815591035e-12       6.860173035646e-15       1.015525356915e-15       2.916182574613e-16      -3.713786007637e-17 
 1311       1.167619675760e-10       2.455252468181e-12       1.027745874834e-12       6.854244756069e-15       1.012441998829e-15       2.932703967332e-16      -3.777235763675e-17 
 1312       1.162170543963e-10       2.476970299140e-12       1.040779035308e-12       6.848276602764e-15       1.009370223465e-15       2.949542506617e-16      -3.840034698828e-17 
 1313       1.156725817552e-10       2.498774049903e-12       1.051925769700e-12       6.842269489884e-15       1.006309991992e-15       2.966687324401e-16      -3.902179286265e-17 
 1314       1.151286698061e-10       2.520655469812e-12       1.061196880672e-12       6.836224337453e-15       1.003261264926e-15       2.984127480353e-16      -3.963665993812e-17 
 1315       1.145854393973e-10       2.542606257005e-12       1.068603276528e-12       6.830142071377e-15       1.000224002134e-15       3.001851961743e-16      -4.024491283954e-17 
 1316       1.140430120727e-10       2.564618058316e-12       1.074155971443e-12       6.824023623462e-15       9.971981628248e-16       3.019849683292e-16      -4.084651613837e-17 
 1317       1.135015100734e-10       2.586682469185e-12       1.077866085686e-12       6.817869931417e-15       9.941837055541e-16       3.038109487039e-16      -4.144143435270e-17 
 1318       1.129610563388e-10       2.608791033552e-12       1.079744845849e-12       6.811681938868e-15       9.911805882198e-16       3.056620142196e-16      -4.202963194721e-17 
 1319       1.124217745080e-10       2.630935243763e-12       1.079803585074e-12       6.805460595371e-15       9.881887680610e-16       3.075370345005e-16      -4.261107333323e-17 
 1320       1.118837889209e-10       2.653106540475e-12       1.078053743274e-12       6.799206856423e-15       9.852082016566e-16       3.094348718603e-16      -4.318572286872e-17 
 1321       1.113472246197e-10       2.675296312551e-12       1.074506867366e-12       6.792921683468e-15       9.822388449237e-16       3.113543812872e-16      -4.375354485828e-17 
 1322       1.108122073503e-10       2.697495896971e-12       1.069174611492e-12       6.786606043916e-15       9.792806531159e-16       3.132944104308e-16      -4.431450355318e-17 
 1323       1.102788635631e-10       2.719696578726e-12       1.062068737249e-12       6.780260911148e-15       9.763335808218e-16       3.152537995871e-16      -4.486856315134e-17 
 1324       1.097473204148e-10       2.741889590726e-12       1.053201113913e-12       6.773887264530e-15       9.733975819634e-16       3.172313816848e-16      -4.541568779736e-17 
 1325       1.092177057695e-10       2.764066113701e-12       1.042583718665e-12       6.767486089423e-15       9.704726097947e-16       3.192259822714e-16      -4.595584158251e-17 
 1326       1.086901481997e-10       2.786217276102e-12       1.030228636820e-12       6.761058377195e-15       9.675586169000e-16       3.212364194985e-16      -4.648898854477e-17 
 1327       1.081647769882e-10       2.808334154004e-12       1.016148062051e-12       6.754605125232e-15       9.646555551924e-16       3.232615041081e-16      -4.701509266879e-17 
 1328       1.076417221287e-10       2.830407771009e-12       1.000354296614e-12       6.748127336948e-15       9.617633759120e-16       3.253000394186e-16      -4.753411788595e-17 
 1329       1.071211143277e-10       2.852429098147e-12       9.828597515777e-13       6.741626021799e-15       9.588820296248e-16       3.273508213101e-16      -4.804602807433e-17 
 1330       1.066030850054e-10       2.874389053778e-12       9.636769470480e-13       6.735102195289e-15       9.560114662206e-16       3.294126382109e-16      -4.855078705873e-17 
 1331       1.060877662971e-10       2.896278503496e-12       9.428185123938e-13       6.728556878987e-15       9.531516349120e-16       3.314842710831e-16      -4.904835861071e-17 
 1332       1.055752910544e-10       2.918088260031e-12       9.202971864738e-13       6.721991100534e-15       9.503024842324e-16       3.335644934086e-16      -4.953870644853e-17 
 1333       1.050657928468e-10       2.939809083151e-12       8.961258178629e-13       6.715405893658e-15       9.474639620344e-16       3.356520711748e-16      -5.002179423723e-17 
 1334       1.045594059626e-10       2.961431679562e-12       8.703173650783e-13       6.708802298179e-15       9.446360154887e-16       3.377457628605e-16      -5.049758558859e-17 
 1335       1.040562654103e-10       2.982946702814e-12       8.428848968057e-13       6.702181360027e-15       9.418185910821e-16       3.398443194222e-16      -5.096604406117e-17 
 1336       1.035565069201e-10       3.004344753201e-12       8.138415921258e-13       6.695544131249e-15       9.390116346161e-16       3.419464842793e-16      -5.142713316029e-17 
 1337       1.030602669449e-10       3.025616377664e-12       7.832007407402e-13       6.688891670020e-15       9.362150912054e-16       3.440509933007e-16      -5.188081633807e-17 
 1338       1.025676826617e-10       3.046752069693e-12       7.509757431980e-13       6.682225040659e-15       9.334289052762e-16       3.461565747900e-16      -5.232705699341e-17 
 1339       1.020788919729e-10       3.067742269228e-12       7.171801111220e-13       6.675545313631e-15       9.306530205647e-16       3.482619494720e-16      -5.276581847201e-17 
 1340       1.015940335078e-10       3.088577362566e-12       6.818274674348e-13       6.668853565569e-15       9.278873801154e-16       3.503658304781e-16      -5.319706406638e-17 
 1341       1.011132466233e-10       3.109247682257e-12       6.449315465852e-13       6.662150879277e-15       9.251319262800e-16       3.524669233325e-16      -5.362075701585e-17 
 1342       1.006366714059e-10       3.129743507011e-12       6.065061947744e-13       6.655438343743e-15       9.223866007151e-16       3.545639259379e-16      -5.403686050658e-17 
 1343       1.001644486725e-10       3.150055061597e-12       5.665653701823e-13       6.648717054154e-15       9.196513443815e-16       3.566555285615e-16      -5.444533767156e-17 
 1344       9.969671997172e-11       3.170172516748e-12       5.251231431939e-13       6.641988111902e-15       9.169260975417e-16       3.587404138210e-16      -5.484615159062e-17 
 1345       9.923362758549e-11       3.190085989062e-12       4.821936966252e-13       6.635252624598e-15       9.142107997592e-16       3.608172566699e-16      -5.523926529046e-17 
 1346       9.877529854997e-11       3.209786417523e-12       4.377932318324e-13       6.628511651656e-15       9.115053952400e-16       3.628848410023e-16      -5.562464802769e-17 
 1347       9.832179652675e-11       3.229268203684e-12       3.919457092406e-13       6.621766040376e-15       9.088098489262e-16       3.649424108785e-16      -5.600229421290e-17 
 1348       9.787316941145e-11       3.248526599971e-12       3.446771706262e-13       6.615016588102e-15       9.061241305742e-16       3.669893230865e-16      -5.637220469220e-17 
 1349       9.742946526660e-11       3.267556835627e-12       2.960138392449e-13       6.608264096495e-15       9.034482094259e-16       3.690249308635e-16      -5.673438048322e-17 
 1350       9.699073232191e-11       3.286354116672e-12       2.459821201837e-13       6.601509371541e-15       9.007820542074e-16       3.710485838897e-16      -5.708882277558e-17 
 1351       9.655701897443e-11       3.304913625864e-12       1.946086007132e-13       6.594753223557e-15       8.981256331280e-16       3.730596282818e-16      -5.743553293124e-17 
 1352       9.612837378883e-11       3.323230522658e-12       1.419200506404e-13       6.587996467202e-15       8.954789138783e-16       3.750574065866e-16      -5.777451248501e-17 
 1353       9.570484549765e-11       3.341299943167e-12       8.794342266096e-14       6.581239921479e-15       8.928418636300e-16       3.770412577747e-16      -5.810576314488e-17 
 1354       9.528648300144e-11       3.359117000123e-12       3.270585271142e-14       6.574484409747e-15       8.902144490339e-16       3.790105172339e-16      -5.842928679253e-17 
 1355       9.487333536908e-11       3.376676782835e-12      -2.376533967815e-14       6.567730759729e-15       8.875966362189e-16       3.809645167630e-16      -5.874508548369e-17 
 1356       9.446545183798e-11       3.393974357152e-12      -8.144265103187e-14       6.560979803515e-15       8.849883907911e-16       3.829025845653e-16      -5.905316144863e-17 
 1357       9.406288181429e-11       3.411004765423e-12      -1.402983935756e-13       6.554232377573e-15       8.823896778321e-16       3.848240452423e-16      -5.935351709250e-17 
 1358       9.366567487315e-11       3.427763026454e-12      -2.003046948845e-13       6.547489322758e-15       8.798004618981e-16       3.867282197872e-16      -5.964615499583e-17 
 1359       9.327388075891e-11       3.444244135474e-12      -2.614334975308e-13       6.540751484314e-15       8.772207070188e-16       3.886144255785e-16      -5.993107791492e-17 
 1360       9.288754938536e-11       3.460443064089e-12      -3.236565587310e-13       6.534019711887e-15       8.746503766956e-16       3.904819763738e-16      -6.020828878227e-17 
 1361       9.250673083598e-11       3.476354760248e-12      -3.869454499940e-13       6.527294859530e-15       8.720894339013e-16       3.923301823030e-16      -6.047779070700e-17 
 1362       9.213147536414e-11       3.491974148197e-12      -4.512715567682e-13       6.520577785712e-15       8.695378410780e-16       3.941583498623e-16      -6.073958697528e-17 
 1363       9.176183339334e-11       3.507296128449e-12      -5.166060780893e-13       6.513869353324e-15       8.669955601365e-16       3.959657819078e-16      -6.099368105075e-17 
 1364       9.139785551745e-11       3.522315577731e-12      -5.829200262280e-13       6.507170429685e-15       8.644625524547e-16       3.977517776486e-16      -6.124007657496e-17 
 1365       9.103959250093e-11       3.537027348958e-12      -6.501842263374e-13       6.500481886555e-15       8.619387788767e-16       3.995156326410e-16      -6.147877736778e-17 
 1366       9.068709527905e-11       3.551426271183e-12      -7.183693161006e-13       6.493804600136e-15       8.594241997114e-16       4.012566387819e-16      -6.170978742780e-17 
 1367       9.034041495813e-11       3.565507149563e-12      -7.874457453787e-13       6.487139451086e-15       8.569187747313e-16       4.029740843023e-16      -6.193311093281e-17 
 1368       8.999960281579e-11       3.579264765316e-12      -8.573837758575e-13       6.480487324522e-15       8.544224631715e-16       4.046672537608e-16      -6.214875224019e-17 
 1369       8.966471030114e-11       3.592693875684e-12      -9.281534806961e-13       6.473849110027e-15       8.519352237280e-16       4.063354280377e-16      -6.235671588732e-17 
 1370       8.933578903504e-11       3.605789213892e-12      -9.997247441738e-13       6.467225701661e-15       8.494570145571e-16       4.079778843279e-16      -6.255700659205e-17 
 1371       8.901289081030e-11       3.618545489108e-12      -1.072067261338e-12       6.460617997967e-15       8.469877932738e-16       4.095938961353e-16      -6.274962925309e-17 
 1372       8.869606759195e-11       3.630957386404e-12      -1.145150537652e-12       6.454026901979e-15       8.445275169506e-16       4.111827332656e-16      -6.293458895043e-17 
 1373       8.838537151744e-11       3.643019566716e-12      -1.218943888641e-12       6.447453321227e-15       8.420761421167e-16       4.127436618206e-16      -6.311189094580e-17 
 1374       8.808085489686e-11       3.654726666803e-12      -1.293416439544e-12       6.440898167748e-15       8.396336247559e-16       4.142759441912e-16      -6.328154068304e-17 
 1375       8.778257021321e-11       3.666073299211e-12      -1.368537124954e-12       6.434362358092e-15       8.371999203066e-16       4.157788390514e-16      -6.344354378860e-17 
 1376       8.749057012259e-11       3.677054052230e-12      -1.444274688474e-12       6.427846813330e-15       8.347749836595e-16       4.172516013520e-16      -6.359790607187e-17 
 1377       8.720490745446e-11       3.687663489854e-12      -1.520597682359e-12       6.421352459059e-15       8.323587691570e-16       4.186934823136e-16      -6.374463352569e-17 
 1378       8.692563521183e-11       3.697896151743e-12      -1.597474467164e-12       6.414880225414e-15       8.299512305918e-16       4.201037294209e-16      -6.388373232673e-17 
 1379       8.665280657154e-11       3.707746553184e-12      -1.674873211394e-12       6.408431047073e-15       8.275523212058e-16       4.214815864160e-16      -6.401520883593e-17 
 1380       8.638647488446e-11       3.717209185049e-12      -1.752761891152e-12       6.402005863264e-15       8.251619936887e-16       4.228262932918e-16      -6.413906959890e-17 
 1381       8.612669367570e-11       3.726278513757e-12      -1.831108289781e-12       6.395605617773e-15       8.227802001769e-16       4.241370862859e-16      -6.425532134639e-17 
 1382       8.587351664488e-11       3.734948981234e-12      -1.909879997519e-12       6.389231258953e-15       8.204068922525e-16       4.254131978743e-16      -6.436397099465e-17 
 1383       8.562699766635e-11       3.743215004871e-12      -1.989044411141e-12       6.382883739730e-15       8.180420209416e-16       4.266538567645e-16      -6.446502564593e-17 
 1384       8.538719078940e-11       3.751070977488e-12      -2.068568733610e-12       6.376564017610e-15       8.156855367135e-16       4.278582878897e-16      -6.455849258884e-17 
 1385       8.515413557761e-11       3.758512279816e-12      -2.148421047057e-12       6.370272948272e-15       8.133373937268e-16       4.290260735548e-16      -6.464438760657e-17 
 1386       8.492781295704e-11       3.765538329720e-12      -2.228573544833e-12       6.364010965094e-15       8.109975626191e-16       4.301582410605e-16      -6.472275999663e-17 
 1387       8.470818890232e-11       3.772149565091e-12      -2.308999332882e-12       6.357778396256e-15       8.086660178499e-16       4.312561865507e-16      -6.479366781607e-17 
 1388       8.449522905458e-11       3.778346434267e-12      -2.389671359216e-12       6.351575570853e-15       8.063427334647e-16       4.323213149166e-16      -6.485716959870e-17 
 1389       8.428889872072e-11       3.784129396061e-12      -2.470562413633e-12       6.345402818894e-15       8.040276830936e-16       4.333550398139e-16      -6.491332435602e-17 
 1390       8.408916287278e-11       3.789498919778e-12      -2.551645127429e-12       6.339260471303e-15       8.017208399508e-16       4.343587836785e-16      -6.496219157812e-17 
 1391       8.389598614719e-11       3.794455485244e-12      -2.632891973115e-12       6.333148859922e-15       7.994221768334e-16       4.353339777427e-16      -6.500383123468e-17 
 1392       8.370933284414e-11       3.798999582827e-12      -2.714275264129e-12       6.327068317508e-15       7.971316661204e-16       4.362820620516e-16      -6.503830377588e-17 
 1393       8.352916692686e-11       3.803131713461e-12      -2.795767154552e-12       6.321019177738e-15       7.948492797722e-16       4.372044854788e-16      -6.506567013334e-17 
 1394       8.335545202095e-11       3.806852388670e-12      -2.877339638824e-12       6.315001775206e-15       7.925749893290e-16       4.381027057432e-16      -6.508599172110e-17 
 1395       8.318815141366e-11       3.810162130592e-12      -2.958964551456e-12       6.309016445430e-15       7.903087659103e-16       4.389781894248e-16      -6.509933043652e-17 
 1396       8.302722805326e-11       3.813061472000e-12      -3.040613566747e-12       6.303063524844e-15       7.880505802141e-16       4.398324119810e-16      -6.510574866124e-17 
 1397       8.287264454830e-11       3.815550956329e-12      -3.122258198497e-12       6.297143350807e-15       7.858004025152e-16       4.406668577626e-16      -6.510530926216e-17 
 1398       8.272436316695e-11       3.817631137698e-12      -3.203869799725e-12       6.291256261599e-15       7.835582026653e-16       4.414830200302e-16      -6.509807559231e-17 
 1399       8.258234583630e-11       3.819302580934e-12      -3.285419562377e-12       6.285402596424e-15       7.813239500910e-16       4.422824009705e-16      -6.508411149187e-17 
 1400       8.244655414170e-11       3.820565861595e-12      -3.366878517048e-12       6.279582695410e-15       7.790976137939e-16       4.430665117118e-16      -6.506348128904e-17 
 1401       8.231694932602e-11       3.821421565994e-12      -3.448217532693e-12       6.273796899612e-15       7.768791623487e-16       4.438368723412e-16      -6.503624980106e-17 
 1402       8.219349228903e-11       3.821870291221e-12      -3.529407316342e-12       6.268045551010e-15       7.746685639029e-16       4.445950119199e-16      -6.500248233510e-17 
 1403       8.207614358665e-11       3.821912645172e-12      -3.610418412815e-12       6.262328992509e-15       7.724657861755e-16       4.453424684998e-16      -6.496224468922e-17 
 1404       8.196486343031e-11       3.821549246564e-12      -3.691221204435e-12       6.256647567946e-15       7.702707964563e-16       4.460807891396e-16      -6.491560315330e-17 
 1405       8.185961168625e-11       3.820780724967e-12      -3.771785910747e-12       6.251001622084e-15       7.680835616048e-16       4.468115299210e-16      -6.486262451002e-17 
 1406       8.176034787480e-11       3.819607720822e-12      -3.852082588229e-12       6.245391500616e-15       7.659040480494e-16       4.475362559649e-16      -6.480337603578e-17 
 1407       8.166703116975e-11       3.818030885468e-12      -3.932081130006e-12       6.239817550167e-15       7.637322217862e-16       4.482565414475e-16      -6.473792550163e-17 
 1408       8.157962039762e-11       3.816050881162e-12      -4.011751265570e-12       6.234280118292e-15       7.615680483783e-16       4.489739696164e-16      -6.466634117423e-17 
 1409       8.149807403698e-11       3.813668381106e-12      -4.091062560487e-12       6.228779553479e-15       7.594114929548e-16       4.496901328071e-16      -6.458869181680e-17 
 1410       8.142235021779e-11       3.810884069471e-12      -4.169984416118e-12       6.223316205150e-15       7.572625202097e-16       4.504066324588e-16      -6.450504669006e-17 
 1411       8.135240672068e-11       3.807698641415e-12      -4.248486069333e-12       6.217890423660e-15       7.551210944013e-16       4.511250791309e-16      -6.441547555317e-17 
 1412       8.128820097628e-11       3.804112803113e-12      -4.326536592219e-12       6.212502560300e-15       7.529871793508e-16       4.518470925189e-16      -6.432004866465e-17 
 1413       8.122969006452e-11       3.800127271779e-12      -4.404104891806e-12       6.207152967297e-15       7.508607384418e-16       4.525743014709e-16      -6.421883678338e-17 
 1414       8.117683071396e-11       3.795742775687e-12      -4.481159709771e-12       6.201841997814e-15       7.487417346189e-16       4.533083440035e-16      -6.411191116949e-17 
 1415       8.112957930110e-11       3.790960054196e-12      -4.557669622158e-12       6.196570005951e-15       7.466301303873e-16       4.540508673179e-16      -6.399934358534e-17 
 1416       8.108789184968e-11       3.785779857775e-12      -4.633603039095e-12       6.191337346750e-15       7.445258878113e-16       4.548035278165e-16      -6.388120629643e-17 
 1417       8.105172402999e-11       3.780202948025e-12      -4.708928204501e-12       6.186144376189e-15       7.424289685138e-16       4.555679911188e-16      -6.375757207237e-17 
 1418       8.102103115822e-11       3.774230097704e-12      -4.783613195808e-12       6.180991451189e-15       7.403393336750e-16       4.563459320775e-16      -6.362851418784e-17 
 1419       8.099576819574e-11       3.767862090748e-12      -4.857625923673e-12       6.175878929609e-15       7.382569440318e-16       4.571390347949e-16      -6.349410642346e-17 
 1420       8.097588974840e-11       3.761099722298e-12      -4.930934131692e-12       6.170807170254e-15       7.361817598767e-16       4.579489926389e-16      -6.335442306684e-17 
 1421       8.096135006588e-11       3.753943798720e-12      -5.003505396114e-12       6.165776532871e-15       7.341137410565e-16       4.587775082593e-16      -6.320953891343e-17 
 1422       8.095210304099e-11       3.746395137633e-12      -5.075307125560e-12       6.160787378148e-15       7.320528469721e-16       4.596262936039e-16      -6.305952926751e-17 
 1423       8.094810220896e-11       3.738454567928e-12      -5.146306560733e-12       6.155840067722e-15       7.299990365770e-16       4.604970699348e-16      -6.290446994313e-17 
 1424       8.094929423226e-11       3.730123578611e-12      -5.216473879399e-12       6.150934865246e-15       7.279522719544e-16       4.613909680704e-16      -6.274442114908e-17 
 1425       8.095559928304e-11       3.721406272571e-12      -5.285791546794e-12       6.146071638494e-15       7.259125290913e-16       4.623067223410e-16      -6.257937896080e-17 
 1426       8.096693045783e-11       3.712307432925e-12      -5.354245060680e-12       6.141250154202e-15       7.238797872131e-16       4.632424581174e-16      -6.240932335200e-17 
 1427       8.098320027274e-11       3.702831876080e-12      -5.421819854689e-12       6.136470176710e-15       7.218540252151e-16       4.641962898824e-16      -6.223423426532e-17 
 1428       8.100432066233e-11       3.692984451798e-12      -5.488501298224e-12       6.131731467961e-15       7.198352216619e-16       4.651663212118e-16      -6.205409161239e-17 
 1429       8.103020297862e-11       3.682770043260e-12      -5.554274696355e-12       6.127033787491e-15       7.178233547862e-16       4.661506447551e-16      -6.186887527378e-17 
 1430       8.106075798993e-11       3.672193567123e-12      -5.619125289718e-12       6.122376892428e-15       7.158184024888e-16       4.671473422160e-16      -6.167856509900e-17 
 1431       8.109589587989e-11       3.661259973583e-12      -5.683038254416e-12       6.117760537486e-15       7.138203423371e-16       4.681544843333e-16      -6.148314090651e-17 
 1432       8.113552624630e-11       3.649974246442e-12      -5.745998701913e-12       6.113184474958e-15       7.118291515648e-16       4.691701308613e-16      -6.128258248367e-17 
 1433       8.117955810012e-11       3.638341403163e-12      -5.807991678935e-12       6.108648454716e-15       7.098448070712e-16       4.701923305510e-16      -6.107686958678e-17 
 1434       8.122789986432e-11       3.626366494937e-12      -5.869002167368e-12       6.104152224199e-15       7.078672854202e-16       4.712191211304e-16      -6.086598194104e-17 
 1435       8.128045937290e-11       3.614054606742e-12      -5.929015084155e-12       6.099695528416e-15       7.058965628398e-16       4.722485292856e-16      -6.064989924052e-17 
 1436       8.133714386973e-11       3.601410857407e-12      -5.988015281197e-12       6.095278109933e-15       7.039326152212e-16       4.732785706410e-16      -6.042860114821e-17 
 1437       8.139786000755e-11       3.588440399673e-12      -6.045987545248e-12       6.090899708874e-15       7.019754181183e-16       4.743072497404e-16      -6.020206729597e-17 
 1438       8.146251384685e-11       3.575148420255e-12      -6.102916597816e-12       6.086560062916e-15       7.000249467467e-16       4.753325600276e-16      -5.997027728452e-17 
 1439       8.153101085481e-11       3.561540139903e-12      -6.158787095060e-12       6.082258907277e-15       6.980811759830e-16       4.763524838271e-16      -5.973321068345e-17 
 1440       8.160325590425e-11       3.547620813466e-12      -6.213583627688e-12       6.077995974720e-15       6.961440803644e-16       4.773649923248e-16      -5.949084703119e-17 
 1441       8.167915327252e-11       3.533395729954e-12      -6.267290720857e-12       6.073770995544e-15       6.942136340874e-16       4.783680455488e-16      -5.924316583502e-17 
 1442       8.175860664045e-11       3.518870212596e-12      -6.319892834071e-12       6.069583697578e-15       6.922898110077e-16       4.793595923499e-16      -5.899014657105e-17 
 1443       8.184151909129e-11       3.504049618908e-12      -6.371374361076e-12       6.065433806177e-15       6.903725846389e-16       4.803375703827e-16      -5.873176868420e-17 
 1444       8.192779310961e-11       3.488939340750e-12      -6.421719629762e-12       6.061321044217e-15       6.884619281522e-16       4.812999060858e-16      -5.846801158822e-17 
 1445       8.201733058023e-11       3.473544804391e-12      -6.470912902063e-12       6.057245132093e-15       6.865578143753e-16       4.822445146629e-16      -5.819885466566e-17 
 1446       8.211003278719e-11       3.457871470568e-12      -6.518938373848e-12       6.053205787708e-15       6.846602157920e-16       4.831693000634e-16      -5.792427726786e-17 
 1447       8.220580041262e-11       3.441924834551e-12      -6.565780174827e-12       6.049202726474e-15       6.827691045413e-16       4.840721549631e-16      -5.764425871494e-17 
 1448       8.230453353570e-11       3.425710426204e-12      -6.611422368445e-12       6.045235661301e-15       6.808844524167e-16       4.849509607449e-16      -5.735877829581e-17 
 1449       8.240613163158e-11       3.409233810047e-12      -6.655848951782e-12       6.041304302600e-15       6.790062308653e-16       4.858035874794e-16      -5.706781526814e-17 
 1450       8.251049357031e-11       3.392500585315e-12      -6.699043855451e-12       6.037408358270e-15       6.771344109875e-16       4.866278939060e-16      -5.677134885836e-17 
 1451       8.261751761578e-11       3.375516386027e-12      -6.740990943496e-12       6.033547533698e-15       6.752689635357e-16       4.874217274130e-16      -5.646935826163e-17 
 1452       8.272710142461e-11       3.358286881039e-12      -6.781674013290e-12       6.029721531752e-15       6.734098589140e-16       4.881829240189e-16      -5.616182264189e-17 
 1453       8.283914204513e-11       3.340817774114e-12      -6.821076795434e-12       6.025930052777e-15       6.715570671773e-16       4.889093083528e-16      -5.584872113176e-17 
 1454       8.295353591625e-11       3.323114803978e-12      -6.859182953657e-12       6.022172794589e-15       6.697105580307e-16       4.895986936352e-16      -5.553003283261e-17 
 1455       8.307017886644e-11       3.305183744387e-12      -6.895976084709e-12       6.018449452473e-15       6.678703008284e-16       4.902488816587e-16      -5.520573681453e-17 
 1456       8.318896611264e-11       3.287030404185e-12      -6.931439718266e-12       6.014759719172e-15       6.660362645734e-16       4.908576627685e-16      -5.487581211628e-17 
 1457       8.330979225916e-11       3.268660627367e-12      -6.965557316823e-12       6.011103284888e-15       6.642084179167e-16       4.914228158436e-16      -5.454023774534e-17 
 1458       8.343255129666e-11       3.250080293141e-12      -6.998312275596e-12       6.007479837276e-15       6.623867291562e-16       4.919421082770e-16      -5.419899267785e-17 
 1459       8.355713660103e-11       3.231295315993e-12      -7.029687922417e-12       6.003889061434e-15       6.605711662364e-16       4.924132959568e-16      -5.385205585865e-17 
 1460       8.368344093233e-11       3.212311645745e-12      -7.059667517637e-12       6.000330639907e-15       6.587616967474e-16       4.928341232465e-16      -5.349940620123e-17 
 1461       8.381135643376e-11       3.193135267616e-12      -7.088234254018e-12       5.996804252672e-15       6.569582879244e-16       4.932023229663e-16      -5.314102258774e-17 
 1462       8.394077463050e-11       3.173772202289e-12      -7.115371256637e-12       5.993309577141e-15       6.551609066466e-16       4.935156163732e-16      -5.277688386895e-17 
 1463       8.407158983389e-11       3.154228528927e-12      -7.141064944175e-12       5.989846243971e-15       6.533695222144e-16       4.937722836441e-16      -5.240700241671e-17 
 1464       8.420370939296e-11       3.134510454367e-12      -7.165315149762e-12       5.986413704029e-15       6.515841147108e-16       4.939728816027e-16      -5.203152514795e-17 
 1465       8.433704354319e-11       3.114624244737e-12      -7.188125101108e-12       5.983011360086e-15       6.498046667223e-16       4.941185431259e-16      -5.165063351057e-17 
 1466       8.447150200981e-11       3.094576202634e-12      -7.209498068379e-12       5.979638610876e-15       6.480311605676e-16       4.942104082133e-16      -5.126451002454e-17 
 1467       8.460699400690e-11       3.074372667181e-12      -7.229437364280e-12       5.976294851081e-15       6.462635782977e-16       4.942496239997e-16      -5.087333828377e-17 
 1468       8.474342823649e-11       3.054020014090e-12      -7.247946344146e-12       5.972979471330e-15       6.445019016951e-16       4.942373447675e-16      -5.047730295798e-17 
 1469       8.488071288771e-11       3.033524655729e-12      -7.265028406026e-12       5.969691858186e-15       6.427461122731e-16       4.941747319596e-16      -5.007658979457e-17 
 1470       8.501875563591e-11       3.012893041182e-12      -7.280686990771e-12       5.966431394143e-15       6.409961912755e-16       4.940629541921e-16      -4.967138562050e-17 
 1471       8.515746364172e-11       2.992131656315e-12      -7.294925582118e-12       5.963197457617e-15       6.392521196756e-16       4.939031872668e-16      -4.926187834415e-17 
 1472       8.529674355026e-11       2.971247023836e-12      -7.307747706781e-12       5.959989422937e-15       6.375138781760e-16       4.936966141840e-16      -4.884825695720e-17 
 1473       8.543650149019e-11       2.950245703360e-12      -7.319156934533e-12       5.956806660342e-15       6.357814472080e-16       4.934444251553e-16      -4.843071153649e-17 
 1474       8.557664307284e-11       2.929134291474e-12      -7.329156878297e-12       5.953648535968e-15       6.340548069308e-16       4.931478176159e-16      -4.800943324590e-17 
 1475       8.571707339136e-11       2.907919421795e-12      -7.337751194229e-12       5.950514411843e-15       6.323339372311e-16       4.928079962376e-16      -4.758461433819e-17 
 1476       8.585769701980e-11       2.886607765041e-12      -7.344943581806e-12       5.947403645882e-15       6.306188177224e-16       4.924261729415e-16      -4.715644815695e-17 
 1477       8.599841801225e-11       2.865206029086e-12      -7.350737783915e-12       5.944315591875e-15       6.289094277446e-16       4.920035669104e-16      -4.672512913836e-17 
 1478       8.613913990195e-11       2.843720959030e-12      -7.355137586935e-12       5.941249599484e-15       6.272057463632e-16       4.915414046016e-16      -4.629085281315e-17 
 1479       8.627976570043e-11       2.822159337258e-12      -7.358146820826e-12       5.938205014230e-15       6.255077523688e-16       4.910409197598e-16      -4.585381580844e-17 
 1480       8.642019789658e-11       2.800527983505e-12      -7.359769359219e-12       5.935181177493e-15       6.238154242768e-16       4.905033534292e-16      -4.541421584960e-17 
 1481       8.656033845583e-11       2.778833754920e-12      -7.360009119497e-12       5.932177426499e-15       6.221287403264e-16       4.899299539671e-16      -4.497225176212e-17 
 1482       8.670008881922e-11       2.757083546126e-12      -7.358870062883e-12       5.929193094313e-15       6.204476784801e-16       4.893219770554e-16      -4.452812347351e-17 
 1483       8.683934990254e-11       2.735284289287e-12      -7.356356194531e-12       5.926227509834e-15       6.187722164234e-16       4.886806857145e-16      -4.408203201513e-17 
 1484       8.697802209545e-11       2.713442954170e-12      -7.352471563606e-12       5.923279997785e-15       6.171023315641e-16       4.880073503149e-16      -4.363417952409e-17 
 1485       8.711600526059e-11       2.691566548206e-12      -7.347220263377e-12       5.920349878709e-15       6.154380010315e-16       4.873032485905e-16      -4.318476924513e-17 
 1486       8.725319873270e-11       2.669662116558e-12      -7.340606431298e-12       5.917436468956e-15       6.137792016761e-16       4.865696656513e-16      -4.273400553244e-17 
 1487       8.738950131774e-11       2.647736742180e-12      -7.332634249100e-12       5.914539080683e-15       6.121259100688e-16       4.858078939957e-16      -4.228209385158e-17 
 1488       8.752481129202e-11       2.625797545881e-12      -7.323307942873e-12       5.911657021840e-15       6.104781025006e-16       4.850192335234e-16      -4.182924078134e-17 
 1489       8.765902640129e-11       2.603851686389e-12      -7.312631783155e-12       5.908789596165e-15       6.088357549818e-16       4.842049915480e-16      -4.137565401558e-17 
 1490       8.779204385989e-11       2.581906360417e-12      -7.300610085019e-12       5.905936103177e-15       6.071988432414e-16       4.833664828099e-16      -4.092154236515e-17 
 1491       8.792376034985e-11       2.559968802720e-12      -7.287247208159e-12       5.903095838169e-15       6.055673427268e-16       4.825050294886e-16      -4.046711575972e-17 
 1492       8.805407202002e-11       2.538046286164e-12      -7.272547556976e-12       5.900268092199e-15       6.039412286028e-16       4.816219612157e-16      -4.001258524967e-17 
 1493       8.818287448517e-11       2.516146121785e-12      -7.256515580665e-12       5.897452152083e-15       6.023204757515e-16       4.807186150873e-16      -3.955816300795e-17 
 1494       8.831006282513e-11       2.494275658856e-12      -7.239155773303e-12       5.894647300388e-15       6.007050587712e-16       4.797963356769e-16      -3.910406233198e-17 
 1495       8.843553158390e-11       2.472442284948e-12      -7.220472673934e-12       5.891852815426e-15       5.990949519764e-16       4.788564750482e-16      -3.865049764545e-17 
 1496       8.855917476875e-11       2.450653425993e-12      -7.200470866655e-12       5.889067971243e-15       5.974901293967e-16       4.779003927671e-16      -3.819768450030e-17 
 1497       8.868088584938e-11       2.428916546349e-12      -7.179154980707e-12       5.886292037614e-15       5.958905647764e-16       4.769294559153e-16      -3.774583957847e-17 
 1498       8.880055775701e-11       2.407239148862e-12      -7.156529690554e-12       5.883524280036e-15       5.942962315743e-16       4.759450391022e-16      -3.729518069386e-17 
 1499       8.891808288349e-11       2.385628774929e-12      -7.132599715979e-12       5.880763959720e-15       5.927071029624e-16       4.749485244781e-16      -3.684592679417e-17 
 1500       8.903335308044e-11       2.364093004562e-12      -7.107369822163e-12       5.878010333581e-15       5.911231518259e-16       4.739413017465e-16      -3.639829796275e-17 
 1501       8.914625965836e-11       2.342639456451e-12      -7.080844819774e-12       5.875262654236e-15       5.895443507626e-16       4.729247681771e-16      -3.595251542052e-17 
 1502       8.925670350011e-11       2.321275258883e-12      -7.053031554336e-12       5.872520194831e-15       5.879706743624e-16       4.719001573834e-16      -3.550875378314e-17 
 1503       8.936462551080e-11       2.300005456739e-12      -7.023944895345e-12       5.869782323826e-15       5.864021060733e-16       4.708680238074e-16      -3.506699732034e-17 
 1504       8.946997646269e-11       2.278834589110e-12      -6.993601805648e-12       5.867048430927e-15       5.848386314015e-16       4.698287532403e-16      -3.462718230058e-17 
 1505       8.957270690737e-11       2.257767217067e-12      -6.962019357644e-12       5.864317902302e-15       5.832802356362e-16       4.687827336047e-16      -3.418924460800e-17 
 1506       8.967276717540e-11       2.236807923700e-12      -6.929214733480e-12       5.861590120581e-15       5.817269038495e-16       4.677303549590e-16      -3.375311974173e-17 
 1507       8.977010737602e-11       2.215961314150e-12      -6.895205225243e-12       5.858864464845e-15       5.801786208956e-16       4.666720095001e-16      -3.331874281524e-17 
 1508       8.986467739674e-11       2.195232015643e-12      -6.860008235150e-12       5.856140310621e-15       5.786353714108e-16       4.656080915678e-16      -3.288604855570e-17 
 1509       8.995642690308e-11       2.174624677531e-12      -6.823641275742e-12       5.853417029877e-15       5.770971398124e-16       4.645389976475e-16      -3.245497130326e-17 
 1510       9.004530533811e-11       2.154143971320e-12      -6.786121970078e-12       5.850693991015e-15       5.755639102988e-16       4.634651263748e-16      -3.202544501040e-17 
 1511       9.013126192224e-11       2.133794590709e-12      -6.747468051924e-12       5.847970558866e-15       5.740356668488e-16       4.623868785379e-16      -3.159740324132e-17 
 1512       9.021424565276e-11       2.113581251625e-12      -6.707697365947e-12       5.845246094681e-15       5.725123932212e-16       4.613046570824e-16      -3.117077917116e-17 
 1513       9.029420530356e-11       2.093508692257e-12      -6.666827867908e-12       5.842519956129e-15       5.709940729543e-16       4.602188671137e-16      -3.074550558544e-17 
 1514       9.037108942478e-11       2.073581673093e-12      -6.624877624855e-12       5.839791497287e-15       5.694806893655e-16       4.591299159016e-16      -3.032151487933e-17 
 1515       9.044484634245e-11       2.053804976953e-12      -6.581864815312e-12       5.837060068637e-15       5.679722255508e-16       4.580382128831e-16      -2.989873905701e-17 
 1516       9.051542415815e-11       2.034183409023e-12      -6.537807729476e-12       5.834325017058e-15       5.664686643844e-16       4.569441696664e-16      -2.947710973099e-17 
 1517       9.058277074869e-11       2.014721796896e-12      -6.492724769405e-12       5.831585685821e-15       5.649699885182e-16       4.558482000342e-16      -2.905655812145e-17 
 1518       9.064683376571e-11       1.995424990600e-12      -6.446634449213e-12       5.828841414580e-15       5.634761803813e-16       4.547507199476e-16      -2.863701505557e-17 
 1519       9.070756063540e-11       1.976297862638e-12      -6.399555395262e-12       5.826091539372e-15       5.619872221796e-16       4.536521475495e-16      -2.821841096686e-17 
 1520       9.076489855813e-11       1.957345308020e-12      -6.351506346355e-12       5.823335392603e-15       5.605030958954e-16       4.525529031680e-16      -2.780067589449e-17 
 1521       9.081879450809e-11       1.938572244301e-12      -6.302506153927e-12       5.820572303049e-15       5.590237832869e-16       4.514534093202e-16      -2.738373948262e-17 
 1522       9.086919523296e-11       1.919983611615e-12      -6.252573782238e-12       5.817801595845e-15       5.575492658875e-16       4.503540907158e-16      -2.696753097978e-17 
 1523       9.091604725359e-11       1.901584372707e-12      -6.201728308564e-12       5.815022592483e-15       5.560795250060e-16       4.492553742605e-16      -2.655197923811e-17 
 1524       9.095929686360e-11       1.883379512975e-12      -6.149988923394e-12       5.812234610800e-15       5.546145417253e-16       4.481576890596e-16      -2.613701271278e-17 
 1525       9.099889012909e-11       1.865374040498e-12      -6.097374930616e-12       5.809436964979e-15       5.531542969025e-16       4.470614664218e-16      -2.572255946127e-17 
 1526       9.103477288828e-11       1.847572986075e-12      -6.043905747715e-12       5.806628965538e-15       5.516987711684e-16       4.459671398624e-16      -2.530854714274e-17 
 1527       9.106689075114e-11       1.829981403260e-12      -5.989600905962e-12       5.803809919324e-15       5.502479449268e-16       4.448751451072e-16      -2.489490301733e-17 
 1528       9.109518909909e-11       1.812604368396e-12      -5.934480050606e-12       5.800979129511e-15       5.488017983543e-16       4.437859200958e-16      -2.448155394549e-17 
 1529       9.111961308462e-11       1.795446980651e-12      -5.878562941069e-12       5.798135895588e-15       5.473603113997e-16       4.426999049856e-16      -2.406842638737e-17 
 1530       9.114010763098e-11       1.778514362051e-12      -5.821869451139e-12       5.795279513357e-15       5.459234637836e-16       4.416175421548e-16      -2.365544640207e-17 
 1531       9.115661743178e-11       1.761811657519e-12      -5.764419569158e-12       5.792409274927e-15       5.444912349978e-16       4.405392762064e-16      -2.324253964704e-17 
 1532       9.116908695072e-11       1.745344034907e-12      -5.706233398217e-12       5.789524468706e-15       5.430636043051e-16       4.394655539715e-16      -2.282963137737e-17 
 1533       9.117746042119e-11       1.729116685032e-12      -5.647331156350e-12       5.786624379395e-15       5.416405507387e-16       4.383968245132e-16      -2.241664644515e-17 
 1534       9.118168184594e-11       1.713134821712e-12      -5.587733176723e-12       5.783708287982e-15       5.402220531018e-16       4.373335391299e-16      -2.200350929879e-17 
 1535       9.118169499677e-11       1.697403681798e-12      -5.527459907829e-12       5.780775471739e-15       5.388080899669e-16       4.362761513588e-16      -2.159014398235e-17 
 1536       9.117744341411e-11       1.681928525215e-12      -5.466531913680e-12       5.777825204209e-15       5.373986396757e-16       4.352251169799e-16      -2.117647413487e-17 
 1537       9.116887040678e-11       1.666714634991e-12      -5.404969873998e-12       5.774856755208e-15       5.359936803384e-16       4.341808940190e-16      -2.076242298974e-17 
 1538       9.115591905154e-11       1.651767317295e-12      -5.342794584409e-12       5.771869390813e-15       5.345931898335e-16       4.331439427518e-16      -2.034791337396e-17 
 1539       9.113853219282e-11       1.637091901473e-12      -5.280026956635e-12       5.768862373359e-15       5.331971458070e-16       4.321147257070e-16      -1.993286770755e-17 
 1540       9.111665244235e-11       1.622693740081e-12      -5.216688018684e-12       5.765834961430e-15       5.318055256722e-16       4.310937076705e-16      -1.951720800282e-17 
 1541       9.109023320387e-11       1.608577452971e-12      -5.152798807225e-12       5.762786482948e-15       5.304183084508e-16       4.300811473960e-16      -1.910087943865e-17 
 1542       9.105927186240e-11       1.594744651626e-12      -5.088380043200e-12       5.759716555191e-15       5.290354803168e-16       4.290764705706e-16      -1.868392132919e-17 
 1543       9.102377690933e-11       1.581196193297e-12      -5.023452453511e-12       5.756624866853e-15       5.276570291042e-16       4.280788909043e-16      -1.826639682749e-17 
 1544       9.098375694618e-11       1.567932934982e-12      -4.958036878754e-12       5.753511105134e-15       5.262829424701e-16       4.270876178759e-16      -1.784836941222e-17 
 1545       9.093922068479e-11       1.554955733430e-12      -4.892154273402e-12       5.750374955739e-15       5.249132078940e-16       4.261018567254e-16      -1.742990288823e-17 
 1546       9.089017694756e-11       1.542265445134e-12      -4.825825705995e-12       5.747216102878e-15       5.235478126775e-16       4.251208084471e-16      -1.701106138704e-17 
 1547       9.083663466764e-11       1.529862926328e-12      -4.759072359323e-12       5.744034229262e-15       5.221867439443e-16       4.241436697833e-16      -1.659190936739e-17 
 1548       9.077860288916e-11       1.517749032988e-12      -4.691915530618e-12       5.740829016097e-15       5.208299886391e-16       4.231696332164e-16      -1.617251161574e-17 
 1549       9.071609076744e-11       1.505924620823e-12      -4.624376631737e-12       5.737600143090e-15       5.194775335280e-16       4.221978869627e-16      -1.575293324683e-17 
 1550       9.064910756918e-11       1.494390545277e-12      -4.556477189351e-12       5.734347288439e-15       5.181293651978e-16       4.212276149652e-16      -1.533323970415e-17 
 1551       9.057766267271e-11       1.483147661523e-12      -4.488238845130e-12       5.731070128831e-15       5.167854700554e-16       4.202579968864e-16      -1.491349676051e-17 
 1552       9.050176556818e-11       1.472196824459e-12      -4.419683355933e-12       5.727768339447e-15       5.154458343280e-16       4.192882081018e-16      -1.449377051854e-17 
 1553       9.042142585778e-11       1.461538888711e-12      -4.350832593991e-12       5.724441593950e-15       5.141104440623e-16       4.183174196928e-16      -1.407412741121e-17 
 1554       9.033665325595e-11       1.451174708621e-12      -4.281708547098e-12       5.721089564488e-15       5.127792851241e-16       4.173447984395e-16      -1.365463420239e-17 
 1555       9.024745758959e-11       1.441105138253e-12      -4.212333318794e-12       5.717711921692e-15       5.114523431983e-16       4.163695068141e-16      -1.323535798730e-17 
 1556       9.015384879828e-11       1.431331031382e-12      -4.142729128556e-12       5.714308334669e-15       5.101296037884e-16       4.153907029738e-16      -1.281636619312e-17 
 1557       9.005583693449e-11       1.421853241497e-12      -4.072918311982e-12       5.710878471007e-15       5.088110522158e-16       4.144075407538e-16      -1.239772657945e-17 
 1558       8.995343216378e-11       1.412672621795e-12      -4.002923320979e-12       5.707421996764e-15       5.074966736199e-16       4.134191696604e-16      -1.197950723885e-17 
 1559       8.984664476506e-11       1.403790025176e-12      -3.932766723949e-12       5.703938576471e-15       5.061864529574e-16       4.124247348642e-16      -1.156177659738e-17 
 1560       8.973548513072e-11       1.395206304247e-12      -3.862471205978e-12       5.700427873130e-15       5.048803750024e-16       4.114233771928e-16      -1.114460341511e-17 
 1561       8.961996376694e-11       1.386922311310e-12      -3.792059569021e-12       5.696889548209e-15       5.035784243454e-16       4.104142331243e-16      -1.072805678664e-17 
 1562       8.950009129381e-11       1.378938898366e-12      -3.721554732090e-12       5.693323261639e-15       5.022805853933e-16       4.093964347800e-16      -1.031220614162e-17 
 1563       8.937587844563e-11       1.371256917109e-12      -3.650979731440e-12       5.689728671815e-15       5.009868423691e-16       4.083691099177e-16      -9.897121245281e-18 
 1564       8.924733607105e-11       1.363877218921e-12      -3.580357720758e-12       5.686105435592e-15       4.996971793114e-16       4.073313819244e-16      -9.482872198975e-18 
 1565       8.911447513332e-11       1.356800654874e-12      -3.509711971346e-12       5.682453208279e-15       4.984115800741e-16       4.062823698099e-16      -9.069529440663e-18 
 1566       8.897730671051e-11       1.350028075722e-12      -3.439065872313e-12       5.678771643644e-15       4.971300283259e-16       4.052211881993e-16      -8.657163745461e-18 
 1567       8.883584199569e-11       1.343560331902e-12      -3.368442930759e-12       5.675060393905e-15       4.958525075501e-16       4.041469473264e-16      -8.245846226158e-18 
 1568       8.869009229717e-11       1.337398273527e-12      -3.297866771960e-12       5.671319109729e-15       4.945790010442e-16       4.030587530266e-16      -7.835648333738e-18 
 1569       8.854006903871e-11       1.331542750387e-12      -3.227361139561e-12       5.667547440234e-15       4.933094919195e-16       4.019557067301e-16      -7.426641857906e-18 
 1570       8.838578375973e-11       1.325994611941e-12      -3.156949895755e-12       5.663745032981e-15       4.920439631007e-16       4.008369054548e-16      -7.018898927608e-18 
 1571       8.822724811550e-11       1.320754707321e-12      -3.086657021479e-12       5.659911533972e-15       4.907823973258e-16       3.997014417994e-16      -6.612492011555e-18 
 1572       8.806447387740e-11       1.315823885320e-12      -3.016506616591e-12       5.656046587652e-15       4.895247771452e-16       3.985484039364e-16      -6.207493918748e-18 
 1573       8.789747293310e-11       1.311202994398e-12      -2.946522900066e-12       5.652149836903e-15       4.882710849218e-16       3.973768756053e-16      -5.803977798999e-18 
 1574       8.772625728677e-11       1.306892882673e-12      -2.876730210178e-12       5.648220923042e-15       4.870213028307e-16       3.961859361057e-16      -5.402017143456e-18 
 1575       8.755083905932e-11       1.302894397918e-12      -2.807153004688e-12       5.644259485820e-15       4.857754128584e-16       3.949746602899e-16      -5.001685785125e-18 
 1576       8.737123048857e-11       1.299208387562e-12      -2.737815861029e-12       5.640265163417e-15       4.845333968027e-16       3.937421185565e-16      -4.603057899392e-18 
 1577       8.718744392951e-11       1.295835698684e-12      -2.668743476498e-12       5.636237592442e-15       4.832952362724e-16       3.924873768433e-16      -4.206208004550e-18 
 1578       8.699949185448e-11       1.292777178010e-12      -2.599960668438e-12       5.632176407931e-15       4.820609126868e-16       3.912094966201e-16      -3.811210962319e-18 
 1579       8.680738685342e-11       1.290033671910e-12      -2.531492374427e-12       5.628081243340e-15       4.808304072753e-16       3.899075348819e-16      -3.418141978368e-18 
 1580       8.661114826589e-11       1.287605432647e-12      -2.463361819199e-12       5.623951810187e-15       4.796037025853e-16       3.885807890617e-16      -3.027066171206e-18 
 1581       8.641082214408e-11       1.285490331113e-12      -2.395584996463e-12       5.619788137766e-15       4.783807870200e-16       3.872295342612e-16      -2.638007172162e-18 
 1582       8.620646147508e-11       1.283685627534e-12      -2.328176136366e-12       5.615590335642e-15       4.771616503420e-16       3.858542928316e-16      -2.250978235719e-18 
 1583       8.599811956635e-11       1.282188563694e-12      -2.261149534220e-12       5.611358514221e-15       4.759462821682e-16       3.844555900789e-16      -1.865992644795e-18 
 1584       8.578585004620e-11       1.280996362898e-12      -2.194519550600e-12       5.607092784748e-15       4.747346719700e-16       3.830339542682e-16      -1.483063710758e-18 
 1585       8.556970686437e-11       1.280106229944e-12      -2.128300611445e-12       5.602793259308e-15       4.735268090730e-16       3.815899166290e-16      -1.102204773457e-18 
 1586       8.534974429253e-11       1.279515351089e-12      -2.062507208155e-12       5.598460050830e-15       4.723226826563e-16       3.801240113595e-16      -7.234292012340e-19 
 1587       8.512601692483e-11       1.279220894015e-12      -1.997153897690e-12       5.594093273086e-15       4.711222817527e-16       3.786367756318e-16      -3.467503909535e-19 
 1588       8.489857967841e-11       1.279220007805e-12      -1.932255302673e-12       5.589693040695e-15       4.699255952480e-16       3.771287495966e-16       2.781823197885e-20 
 1589       8.466748779397e-11       1.279509822905e-12      -1.867826111480e-12       5.585259469120e-15       4.687326118812e-16       3.756004763882e-16       4.002632135932e-19 
 1590       8.443279683627e-11       1.280087451094e-12      -1.803881078348e-12       5.580792674674e-15       4.675433202436e-16       3.740525021288e-16       7.705710713337e-19 
 1591       8.419456269465e-11       1.280949985452e-12      -1.740435023469e-12       5.576292774519e-15       4.663577087789e-16       3.724853759339e-16       1.138728294036e-18 
 1592       8.395284158361e-11       1.282094500332e-12      -1.677502833091e-12       5.571759886669e-15       4.651757657830e-16       3.708996499169e-16       1.504721341907e-18 
 1593       8.370769004329e-11       1.283518051323e-12      -1.615099459614e-12       5.567194129988e-15       4.639974794034e-16       3.692958791938e-16       1.868536646499e-18 
 1594       8.345916494003e-11       1.285217675222e-12      -1.553239921692e-12       5.562595624197e-15       4.628228376389e-16       3.676746218882e-16       2.230160610692e-18 
 1595       8.320732346691e-11       1.287190390002e-12      -1.491939304332e-12       5.557964489869e-15       4.616518283398e-16       3.660364391360e-16       2.589579608669e-18 
 1596       8.295222314424e-11       1.289433194778e-12      -1.431212758988e-12       5.553300848436e-15       4.604844392070e-16       3.643818950903e-16       2.946779985895e-18 
 1597       8.269392182014e-11       1.291943069780e-12      -1.371075503667e-12       5.548604822186e-15       4.593206577921e-16       3.627115569261e-16       3.301748059093e-18 
 1598       8.243247767105e-11       1.294716976316e-12      -1.311542823023e-12       5.543876534268e-15       4.581604714969e-16       3.610259948453e-16       3.654470116225e-18 
 1599       8.216794920224e-11       1.297751856746e-12      -1.252630068457e-12       5.539116108690e-15       4.570038675732e-16       3.593257820814e-16       4.004932416468e-18 
 1600       8.190039524839e-11       1.301044634445e-12      -1.194352658215e-12       5.534323670325e-15       4.558508331226e-16       3.576114949042e-16       4.353121190192e-18 
 1601       8.162987497408e-11       1.304592213776e-12      -1.136726077490e-12       5.529499344906e-15       4.547013550961e-16       3.558837126249e-16       4.699022638940e-18 
 1602       8.135644787435e-11       1.308391480056e-12      -1.079765878517e-12       5.524643259033e-15       4.535554202938e-16       3.541430176009e-16       5.042622935403e-18 
 1603       8.108017377518e-11       1.312439299523e-12      -1.023487680677e-12       5.519755540174e-15       4.524130153645e-16       3.523899952402e-16       5.383908223397e-18 
 1604       8.080111283412e-11       1.316732519309e-12      -9.679071705875e-13       5.514836316660e-15       4.512741268058e-16       3.506252340066e-16       5.722864617848e-18 
 1605       8.051932554070e-11       1.321267967404e-12      -9.130401022109e-13       5.509885717696e-15       4.501387409633e-16       3.488493254247e-16       6.059478204761e-18 
 1606       8.023487271706e-11       1.326042452628e-12      -8.589022969468e-13       5.504903873355e-15       4.490068440306e-16       3.470628640841e-16       6.393735041203e-18 
 1607       7.994781551844e-11       1.331052764595e-12      -8.055096437336e-13       5.499890914583e-15       4.478784220493e-16       3.452664476448e-16       6.725621155281e-18 
 1608       7.965821543370e-11       1.336295673685e-12      -7.528780991468e-13       5.494846973199e-15       4.467534609079e-16       3.434606768416e-16       7.055122546119e-18 
 1609       7.936613428588e-11       1.341767931013e-12      -7.010236874978e-13       5.489772181896e-15       4.456319463423e-16       3.416461554893e-16       7.382225183835e-18 
 1610       7.907163423272e-11       1.347466268395e-12      -6.499625009330e-13       5.484666674245e-15       4.445138639351e-16       3.398234904872e-16       7.706915009520e-18 
 1611       7.877477776718e-11       1.353387398315e-12      -5.997106995324e-13       5.479530584692e-15       4.433991991155e-16       3.379932918241e-16       8.029177935215e-18 
 1612       7.847562771799e-11       1.359528013900e-12      -5.502845114088e-13       5.474364048565e-15       4.422879371587e-16       3.361561725832e-16       8.348999843892e-18 
 1613       7.817424725017e-11       1.365884788880e-12      -5.017002328065e-13       5.469167202071e-15       4.411800631860e-16       3.343127489466e-16       8.666366589427e-18 
 1614       7.787069986556e-11       1.372454377563e-12      -4.539742282002e-13       5.463940182297e-15       4.400755621644e-16       3.324636402002e-16       8.981263996582e-18 
 1615       7.756504940337e-11       1.379233414800e-12      -4.071229303938e-13       5.458683127217e-15       4.389744189060e-16       3.306094687390e-16       9.293677860982e-18 
 1616       7.725736004068e-11       1.386218515956e-12      -3.611628406195e-13       5.453396175686e-15       4.378766180683e-16       3.287508600712e-16       9.603593949091e-18 
 1617       7.694769629301e-11       1.393406276875e-12      -3.161105286364e-13       5.448079467447e-15       4.367821441531e-16       3.268884428236e-16       9.910997998192e-18 
 1618       7.663612301481e-11       1.400793273851e-12      -2.719826328297e-13       5.442733143130e-15       4.356909815072e-16       3.250228487461e-16       1.021587571637e-17 
 1619       7.632270536133e-11       1.408375889443e-12      -2.287934160284e-13       5.437357390862e-15       4.346031155532e-16       3.231546789582e-16       1.051821330710e-17 
 1620       7.600750867264e-11       1.416149788266e-12      -1.865474086064e-13       5.431952586561e-15       4.335185364978e-16       3.212844023460e-16       1.081799904837e-17 
 1621       7.569059858961e-11       1.424110436399e-12      -1.452466991003e-13       5.426519154913e-15       4.324372356568e-16       3.194124562567e-16       1.111522172777e-17 
 1622       7.537204109305e-11       1.432253275072e-12      -1.048933724433e-13       5.421057522879e-15       4.313592042257e-16       3.175392801770e-16       1.140987011921e-17 
 1623       7.505190250420e-11       1.440573720623e-12      -6.548950995313e-14       5.415568119706e-15       4.302844332800e-16       3.156653157362e-16       1.170193298289e-17 
 1624       7.473024948531e-11       1.449067164458e-12      -2.703718931831e-14       5.410051376922e-15       4.292129137745e-16       3.137910067099e-16       1.199139906530e-17 
 1625       7.440714904013e-11       1.457728973015e-12       1.046151541434e-14       5.404507728346e-15       4.281446365432e-16       3.119167990225e-16       1.227825709924e-17 
 1626       7.408266851447e-11       1.466554487721e-12       4.700453385281e-14       5.398937610088e-15       4.270795922991e-16       3.100431407513e-16       1.256249580383e-17 
 1627       7.375687559672e-11       1.475539024955e-12       8.258979927285e-14       5.393341460553e-15       4.260177716339e-16       3.081704821293e-16       1.284410388446e-17 
 1628       7.342983831835e-11       1.484677876007e-12       1.172152486309e-13       5.387719720446e-15       4.249591650180e-16       3.062992755484e-16       1.312307003287e-17 
 1629       7.310162505449e-11       1.493966307037e-12       1.508788225771e-13       5.382072832774e-15       4.239037627998e-16       3.044299755632e-16       1.339938292707e-17 
 1630       7.277230452443e-11       1.503399559041e-12       1.835784654681e-13       5.376401242851e-15       4.228515552059e-16       3.025630388936e-16       1.367303123141e-17 
 1631       7.244194579216e-11       1.512972847804e-12       2.153121253801e-13       5.370705398300e-15       4.218025323407e-16       3.006989244288e-16       1.394400359655e-17 
 1632       7.211061826687e-11       1.522681363866e-12       2.460777541220e-13       5.364985749056e-15       4.207566841862e-16       2.988380932297e-16       1.421228865944e-17 
 1633       7.177839170353e-11       1.532520272480e-12       2.758733072480e-13       5.359242747374e-15       4.197140006017e-16       2.969810085329e-16       1.447787504337e-17 
 1634       7.144533620339e-11       1.542484713574e-12       3.046967440706e-13       5.353476847826e-15       4.186744713236e-16       2.951281357540e-16       1.474075135796e-17 
 1635       7.111152221452e-11       1.552569801709e-12       3.325460276739e-13       5.347688507310e-15       4.176380859651e-16       2.932799424900e-16       1.500090619913e-17 
 1636       7.077702053231e-11       1.562770626043e-12       3.594191249263e-13       5.341878185049e-15       4.166048340162e-16       2.914368985238e-16       1.525832814913e-17 
 1637       7.044190230005e-11       1.573082250287e-12       3.853140064933e-13       5.336046342599e-15       4.155747048432e-16       2.895994758264e-16       1.551300577654e-17 
 1638       7.010623900942e-11       1.583499712670e-12       4.102286468507e-13       5.330193443850e-15       4.145476876887e-16       2.877681485609e-16       1.576492763626e-17 
 1639       6.977010250104e-11       1.594018025896e-12       4.341610242975e-13       5.324319955030e-15       4.135237716710e-16       2.859433930853e-16       1.601408226952e-17 
 1640       6.943356496499e-11       1.604632177107e-12       4.571091209688e-13       5.318426344707e-15       4.125029457842e-16       2.841256879562e-16       1.626045820388e-17 
 1641       6.909669894134e-11       1.615337127842e-12       4.790709228489e-13       5.312513083796e-15       4.114851988980e-16       2.823155139318e-16       1.650404395326e-17 
 1642       6.875957732069e-11       1.626127813996e-12       5.000444197840e-13       5.306580645559e-15       4.104705197572e-16       2.805133539749e-16       1.674482801786e-17 
 1643       6.842227334468e-11       1.636999145784e-12       5.200276054953e-13       5.300629505611e-15       4.094588969816e-16       2.787196932571e-16       1.698279888428e-17 
 1644       6.808486060655e-11       1.647946007701e-12       5.390184775919e-13       5.294660141923e-15       4.084503190659e-16       2.769350191609e-16       1.721794502540e-17 
 1645       6.774741305164e-11       1.658963258477e-12       5.570150375840e-13       5.288673034824e-15       4.074447743791e-16       2.751598212840e-16       1.745025490049e-17 
 1646       6.741000497794e-11       1.670045731045e-12       5.740152908953e-13       5.282668667005e-15       4.064422511646e-16       2.733945914417e-16       1.767971695514e-17 
 1647       6.707271103659e-11       1.681188232497e-12       5.900172468767e-13       5.276647523527e-15       4.054427375400e-16       2.716398236711e-16       1.790631962127e-17 
 1648       6.673560623247e-11       1.692385544045e-12       6.050189188184e-13       5.270610091816e-15       4.044462214966e-16       2.698960142334e-16       1.813005131718e-17 
 1649       6.639876592465e-11       1.703632420984e-12       6.190183239638e-13       5.264556861674e-15       4.034526908992e-16       2.681636616179e-16       1.835090044749e-17 
 1650       6.606226582699e-11       1.714923592647e-12       6.320134835214e-13       5.258488325279e-15       4.024621334861e-16       2.664432665451e-16       1.856885540320e-17 
 1651       6.572618200863e-11       1.726253762371e-12       6.440024226789e-13       5.252404977191e-15       4.014745368688e-16       2.647353319697e-16       1.878390456162e-17 
 1652       6.539059089452e-11       1.737617607455e-12       6.549831706150e-13       5.246307314351e-15       4.004898885314e-16       2.630403630841e-16       1.899603628647e-17 
 1653       6.505556926599e-11       1.749009779122e-12       6.649537605133e-13       5.240195836089e-15       3.995081758310e-16       2.613588673218e-16       1.920523892777e-17 
 1654       6.472119426122e-11       1.760424902476e-12       6.739122295748e-13       5.234071044126e-15       3.985293859968e-16       2.596913543604e-16       1.941150082194e-17 
 1655       6.438754337581e-11       1.771857576465e-12       6.818566190306e-13       5.227933442578e-15       3.975535061305e-16       2.580383361251e-16       1.961481029174e-17 
 1656       6.405469446330e-11       1.783302373844e-12       6.887849741557e-13       5.221783537958e-15       3.965805232055e-16       2.564003267917e-16       1.981515564630e-17 
 1657       6.372272573571e-11       1.794753841128e-12       6.946953442809e-13       5.215621839181e-15       3.956104240671e-16       2.547778427901e-16       2.001252518110e-17 
 1658       6.339171027844e-11       1.806206761734e-12       6.995876008190e-13       5.209448853743e-15       3.946431964460e-16       2.531712280400e-16       2.020690917847e-17 
 1659       6.306169954112e-11       1.817656947992e-12       7.034689088583e-13       5.203265076216e-15       3.936788320103e-16       2.515801279642e-16       2.039830592818e-17 
 1660       6.273273970216e-11       1.829100456040e-12       7.063483038767e-13       5.197070999659e-15       3.927173233400e-16       2.500040108400e-16       2.058671575997e-17 
 1661       6.240487714140e-11       1.840533323258e-12       7.082348782040e-13       5.190867119436e-15       3.917586629155e-16       2.484423421419e-16       2.077213904798e-17 
 1662       6.207815844041e-11       1.851951568238e-12       7.091377811134e-13       5.184653933220e-15       3.908028431170e-16       2.468945845368e-16       2.095457621084e-17 
 1663       6.175263038280e-11       1.863351190760e-12       7.090662189148e-13       5.178431940993e-15       3.898498562247e-16       2.453601978797e-16       2.113402771180e-17 
 1664       6.142833995448e-11       1.874728171760e-12       7.080294550460e-13       5.172201645053e-15       3.888996944182e-16       2.438386392093e-16       2.131049405874e-17 
 1665       6.110533434398e-11       1.886078473303e-12       7.060368101658e-13       5.165963550018e-15       3.879523497768e-16       2.423293627439e-16       2.148397580433e-17 
 1666       6.078366094270e-11       1.897398038554e-12       7.030976622459e-13       5.159718162826e-15       3.870078142790e-16       2.408318198770e-16       2.165447354610e-17 
 1667       6.046336734525e-11       1.908682791755e-12       6.992214466630e-13       5.153465992738e-15       3.860660798022e-16       2.393454591726e-16       2.182198792651e-17 
 1668       6.014450134970e-11       1.919928638188e-12       6.944176562916e-13       5.147207551347e-15       3.851271381228e-16       2.378697263613e-16       2.198651963307e-17 
 1669       5.982711095789e-11       1.931131464157e-12       6.886958415957e-13       5.140943352576e-15       3.841909809158e-16       2.364040643356e-16       2.214806939839e-17 
 1670       5.951124437573e-11       1.942287136951e-12       6.820656107214e-13       5.134673912683e-15       3.832575997549e-16       2.349479131459e-16       2.230663800030e-17 
 1671       5.919695001344e-11       1.953391504822e-12       6.745366295890e-13       5.128399750265e-15       3.823269861119e-16       2.335007099957e-16       2.246222626194e-17 
 1672       5.888427648593e-11       1.964440396955e-12       6.661186219855e-13       5.122121386259e-15       3.813991313567e-16       2.320618892377e-16       2.261483505183e-17 
 1673       5.857327261298e-11       1.975429623438e-12       6.568213696565e-13       5.115839343950e-15       3.804740267573e-16       2.306308823691e-16       2.276446528397e-17 
 1674       5.826398741964e-11       1.986354975238e-12       6.466547123988e-13       5.109554148969e-15       3.795516634793e-16       2.292071180277e-16       2.291111791794e-17 
 1675       5.795647013645e-11       1.997212224169e-12       6.356285481526e-13       5.103266329300e-15       3.786320325858e-16       2.277900219868e-16       2.305479395895e-17 
 1676       5.765077019973e-11       2.007997122866e-12       6.237528330936e-13       5.096976415283e-15       3.777151250374e-16       2.263790171517e-16       2.319549445799e-17 
 1677       5.734693725191e-11       2.018705404758e-12       6.110375817252e-13       5.090684939615e-15       3.768009316917e-16       2.249735235548e-16       2.333322051186e-17 
 1678       5.704502114180e-11       2.029332784035e-12       5.974928669713e-13       5.084392437356e-15       3.758894433035e-16       2.235729583514e-16       2.346797326330e-17 
 1679       5.674507192487e-11       2.039874955628e-12       5.831288202680e-13       5.078099445932e-15       3.749806505242e-16       2.221767358153e-16       2.359975390106e-17 
 1680       5.644713986357e-11       2.050327595172e-12       5.679556316561e-13       5.071806505136e-15       3.740745439018e-16       2.207842673346e-16       2.372856365999e-17 
 1681       5.615127542758e-11       2.060686358986e-12       5.519835498733e-13       5.065514157135e-15       3.731711138807e-16       2.193949614072e-16       2.385440382113e-17 
 1682       5.585752929413e-11       2.070946884038e-12       5.352228824464e-13       5.059222946470e-15       3.722703508017e-16       2.180082236365e-16       2.397727571183e-17 
 1683       5.556595234829e-11       2.081104787923e-12       5.176839957840e-13       5.052933420061e-15       3.713722449013e-16       2.166234567272e-16       2.409718070576e-17 
 1684       5.527659568324e-11       2.091155668830e-12       4.993773152681e-13       5.046646127210e-15       3.704767863122e-16       2.152400604805e-16       2.421412022311e-17 
 1685       5.498951060058e-11       2.101095105517e-12       4.803133253469e-13       5.040361619607e-15       3.695839650625e-16       2.138574317904e-16       2.432809573056e-17 
 1686       5.470474861062e-11       2.110918657282e-12       4.605025696267e-13       5.034080451328e-15       3.686937710758e-16       2.124749646387e-16       2.443910874148e-17 
 1687       5.442236143265e-11       2.120621863936e-12       4.399556509644e-13       5.027803178842e-15       3.678061941709e-16       2.110920500912e-16       2.454716081593e-17 
 1688       5.414240099526e-11       2.130200245771e-12       4.186832315598e-13       5.021530361014e-15       3.669212240618e-16       2.097080762929e-16       2.465225356082e-17 
 1689       5.386491943661e-11       2.139649303538e-12       3.966960330476e-13       5.015262559110e-15       3.660388503574e-16       2.083224284640e-16       2.475438862994e-17 
 1690       5.358996910471e-11       2.148964518413e-12       3.740048365900e-13       5.009000336794e-15       3.651590625612e-16       2.069344888954e-16       2.485356772409e-17 
 1691       5.331760255775e-11       2.158141351974e-12       3.506204829685e-13       5.002744260139e-15       3.642818500712e-16       2.055436369442e-16       2.494979259115e-17 
 1692       5.304787256435e-11       2.167175246169e-12       3.265538726768e-13       4.996494897628e-15       3.634072021798e-16       2.041492490297e-16       2.504306502617e-17 
 1693       5.278083210388e-11       2.176061623291e-12       3.018159660126e-13       4.990252820153e-15       3.625351080735e-16       2.027506986288e-16       2.513338687147e-17 
 1694       5.251653436672e-11       2.184795885948e-12       2.764177831698e-13       4.984018601024e-15       3.616655568325e-16       2.013473562716e-16       2.522076001673e-17 
 1695       5.225503275458e-11       2.193373417034e-12       2.503704043313e-13       4.977792815971e-15       3.607985374312e-16       1.999385895373e-16       2.530518639906e-17 
 1696       5.199638088079e-11       2.201789579704e-12       2.236849697607e-13       4.971576043145e-15       3.599340387372e-16       1.985237630496e-16       2.538666800311e-17 
 1697       5.174062512669e-11       2.210040234248e-12       1.963731450382e-13       4.965368819049e-15       3.590720503471e-16       1.971024149112e-16       2.546520825980e-17 
 1698       5.148778224019e-11       2.218123293646e-12       1.684485209686e-13       4.959171505898e-15       3.582125651011e-16       1.956747876785e-16       2.554081625569e-17 
 1699       5.123786154465e-11       2.226037181366e-12       1.399252259268e-13       4.952984423124e-15       3.573555765893e-16       1.942413019566e-16       2.561350256007e-17 
 1700       5.099087236526e-11       2.233780315678e-12       1.108174619217e-13       4.946807891342e-15       3.565010783187e-16       1.928023803781e-16       2.568327782978e-17 
 1701       5.074682402892e-11       2.241351109641e-12       8.113950470723e-14       4.940642232358e-15       3.556490637123e-16       1.913584476073e-16       2.575015280934e-17 
 1702       5.050572586431e-11       2.248747971100e-12       5.090570389468e-14       4.934487769168e-15       3.547995261093e-16       1.899099303422e-16       2.581413833109e-17 
 1703       5.026758720183e-11       2.255969302677e-12       2.013048306393e-14       4.928344825958e-15       3.539524587652e-16       1.884572573179e-16       2.587524531534e-17 
 1704       5.003241737359e-11       2.263013501767e-12      -1.117166012482e-14       4.922213728108e-15       3.531078548509e-16       1.870008593097e-16       2.593348477052e-17 
 1705       4.980022571337e-11       2.269878960531e-12      -4.298615381935e-14       4.916094802191e-15       3.522657074533e-16       1.855411691361e-16       2.598886779335e-17 
 1706       4.957102155664e-11       2.276564065888e-12      -7.529835186389e-14       4.909988375978e-15       3.514260095749e-16       1.840786216615e-16       2.604140556894e-17 
 1707       4.934481424051e-11       2.283067199508e-12      -1.080935336874e-13       4.903894778437e-15       3.505887541334e-16       1.826136537993e-16       2.609110937097e-17 
 1708       4.912161310370e-11       2.289386737809e-12      -1.413569041919e-13       4.897814339735e-15       3.497539339619e-16       1.811467045153e-16       2.613799056185e-17 
 1709       4.890142748657e-11       2.295521051948e-12      -1.750735936410e-13       4.891747391238e-15       3.489215418083e-16       1.796782148300e-16       2.618206059282e-17 
 1710       4.868426673106e-11       2.301468507812e-12      -2.092286575481e-13       4.885694265517e-15       3.480915703359e-16       1.782086278223e-16       2.622333100415e-17 
 1711       4.847014018066e-11       2.307227466017e-12      -2.438070765649e-13       4.879655296345e-15       3.472640121223e-16       1.767383886320e-16       2.626181342525e-17 
 1712       4.825905718044e-11       2.312796281898e-12      -2.787937563694e-13       4.873630818699e-15       3.464388596600e-16       1.752679444630e-16       2.629751957483e-17 
 1713       4.805102707697e-11       2.318173305503e-12      -3.141735275549e-13       4.867621168767e-15       3.456161053559e-16       1.737977445863e-16       2.633046126106e-17 
 1714       4.784605921836e-11       2.323356881585e-12      -3.499311455177e-13       4.861626683940e-15       3.447957415311e-16       1.723282403429e-16       2.636065038170e-17 
 1715       4.764416295420e-11       2.328345349599e-12      -3.860512903460e-13       4.855647702823e-15       3.439777604210e-16       1.708598851469e-16       2.638809892424e-17 
 1716       4.744534763555e-11       2.333137043693e-12      -4.225185667079e-13       4.849684565230e-15       3.431621541749e-16       1.693931344886e-16       2.641281896608e-17 
 1717       4.724962261492e-11       2.337730292702e-12      -4.593175037399e-13       4.843737612188e-15       3.423489148559e-16       1.679284459370e-16       2.643482267466e-17 
 1718       4.705699724625e-11       2.342123420140e-12      -4.964325549351e-13       4.837807185940e-15       3.415380344410e-16       1.664662791436e-16       2.645412230759e-17 
 1719       4.686748088492e-11       2.346314744196e-12      -5.338480980321e-13       4.831893629944e-15       3.407295048205e-16       1.650070958446e-16       2.647073021281e-17 
 1720       4.668108288768e-11       2.350302577728e-12      -5.715484349025e-13       4.825997288875e-15       3.399233177981e-16       1.635513598646e-16       2.648465882877e-17 
 1721       4.649781261265e-11       2.354085228251e-12      -6.095177914402e-13       4.820118508627e-15       3.391194650910e-16       1.620995371188e-16       2.649592068452e-17 
 1722       4.631767941932e-11       2.357660997938e-12      -6.477403174491e-13       4.814257636316e-15       3.383179383290e-16       1.606520956168e-16       2.650452839989e-17 
 1723       4.614069266851e-11       2.361028183607e-12      -6.862000865315e-13       4.808415020278e-15       3.375187290551e-16       1.592095054652e-16       2.651049468564e-17 
 1724       4.596686172236e-11       2.364185076719e-12      -7.248810959768e-13       4.802591010074e-15       3.367218287251e-16       1.577722388706e-16       2.651383234361e-17 
 1725       4.579619594430e-11       2.367129963369e-12      -7.637672666498e-13       4.796785956490e-15       3.359272287073e-16       1.563407701426e-16       2.651455426684e-17 
 1726       4.562870469904e-11       2.369861124279e-12      -8.028424428788e-13       4.791000211538e-15       3.351349202824e-16       1.549155756969e-16       2.651267343974e-17 
 1727       4.546439735254e-11       2.372376834795e-12      -8.420903923441e-13       4.785234128459e-15       3.343448946434e-16       1.534971340581e-16       2.650820293824e-17 
 1728       4.530328327200e-11       2.374675364877e-12      -8.814948059665e-13       4.779488061723e-15       3.335571428955e-16       1.520859258632e-16       2.650115592992e-17 
 1729       4.514537182586e-11       2.376754979093e-12      -9.210392977955e-13       4.773762367032e-15       3.327716560559e-16       1.506824338637e-16       2.649154567417e-17 
 1730       4.499067238373e-11       2.378613936612e-12      -9.607074048977e-13       4.768057401321e-15       3.319884250536e-16       1.492871429297e-16       2.647938552236e-17 
 1731       4.483919431641e-11       2.380250491201e-12      -1.000482587245e-12       4.762373522758e-15       3.312074407292e-16       1.479005400519e-16       2.646468891792e-17 
 1732       4.469094699587e-11       2.381662891215e-12      -1.040348227604e-12       4.756711090747e-15       3.304286938348e-16       1.465231143451e-16       2.644746939656e-17 
 1733       4.454593979519e-11       2.382849379591e-12      -1.080287631422e-12       4.751070465931e-15       3.296521750339e-16       1.451553570514e-16       2.642774058637e-17 
 1734       4.440418208860e-11       2.383808193841e-12      -1.120284026717e-12       4.745452010190e-15       3.288778749014e-16       1.437977615427e-16       2.640551620802e-17 
 1735       4.426568325142e-11       2.384537566048e-12      -1.160320563969e-12       4.739856086646e-15       3.281057839228e-16       1.424508233239e-16       2.638081007483e-17 
 1736       4.413044701029e-11       2.385036213195e-12      -1.200381182247e-12       4.734283003903e-15       3.273358932147e-16       1.411149552255e-16       2.635363660634e-17 
 1737       4.399845444174e-11       2.385304812697e-12      -1.240453215831e-12       4.728732848250e-15       3.265681966891e-16       1.397902321935e-16       2.632401237327e-17 
 1738       4.386968083030e-11       2.385344539291e-12      -1.280524809342e-12       4.723205650051e-15       3.258026889068e-16       1.384766443545e-16       2.629195456584e-17 
 1739       4.374410130499e-11       2.385156575844e-12      -1.320584053411e-12       4.717701439369e-15       3.250393643588e-16       1.371741816301e-16       2.625748048179e-17 
 1740       4.362169083905e-11       2.384742113364e-12      -1.360618984606e-12       4.712220245967e-15       3.242782174666e-16       1.358828337371e-16       2.622060752652e-17 
 1741       4.350242424977e-11       2.384102351013e-12      -1.400617585353e-12       4.706762099312e-15       3.235192425815e-16       1.346025901867e-16       2.618135321329e-17 
 1742       4.338627619816e-11       2.383238496120e-12      -1.440567783858e-12       4.701327028567e-15       3.227624339849e-16       1.333334402843e-16       2.613973516335e-17 
 1743       4.327322118877e-11       2.382151764194e-12      -1.480457454030e-12       4.695915062597e-15       3.220077858882e-16       1.320753731291e-16       2.609577110614e-17 
 1744       4.316323356940e-11       2.380843378940e-12      -1.520274415405e-12       4.690526229962e-15       3.212552924323e-16       1.308283776137e-16       2.604947887943e-17 
 1745       4.305628753091e-11       2.379314572264e-12      -1.560006433069e-12       4.685160558923e-15       3.205049476878e-16       1.295924424238e-16       2.600087642952e-17 
 1746       4.295235710691e-11       2.377566584295e-12      -1.599641217578e-12       4.679818077436e-15       3.197567456549e-16       1.283675560376e-16       2.594998181139e-17 
 1747       4.285141617356e-11       2.375600663393e-12      -1.639166424885e-12       4.674498813152e-15       3.190106802629e-16       1.271537067257e-16       2.589681318886e-17 
 1748       4.275343844932e-11       2.373418066164e-12      -1.678569656259e-12       4.669202793421e-15       3.182667453706e-16       1.259508825507e-16       2.584138883476e-17 
 1749       4.265839749469e-11       2.371020057469e-12      -1.717838458210e-12       4.663930045285e-15       3.175249347657e-16       1.247590713664e-16       2.578372713112e-17 
 1750       4.256626671198e-11       2.368407910444e-12      -1.756960322411e-12       4.658680595480e-15       3.167852421650e-16       1.235782608182e-16       2.572384656933e-17 
 1751       4.247701934506e-11       2.365582906505e-12      -1.795922685624e-12       4.653454470439e-15       3.160476612140e-16       1.224084383419e-16       2.566176575026e-17 
 1752       4.239062847911e-11       2.362546335370e-12      -1.834712929615e-12       4.648251696283e-15       3.153121854872e-16       1.212495911639e-16       2.559750338452e-17 
 1753       4.230706704039e-11       2.359299495062e-12      -1.873318381087e-12       4.643072298828e-15       3.145788084873e-16       1.201017063005e-16       2.553107829254e-17 
 1754       4.222630779599e-11       2.355843691930e-12      -1.911726311594e-12       4.637916303581e-15       3.138475236458e-16       1.189647705577e-16       2.546250940478e-17 
 1755       4.214832335357e-11       2.352180240657e-12      -1.949923937469e-12       4.632783735740e-15       3.131183243223e-16       1.178387705307e-16       2.539181576191e-17 
 1756       4.207308616113e-11       2.348310464277e-12      -1.987898419745e-12       4.627674620192e-15       3.123912038048e-16       1.167236926038e-16       2.531901651493e-17 
 1757       4.200056850679e-11       2.344235694184e-12      -2.025636864079e-12       4.622588981513e-15       3.116661553094e-16       1.156195229495e-16       2.524413092541e-17 
 1758       4.193074251849e-11       2.339957270148e-12      -2.063126320673e-12       4.617526843970e-15       3.109431719799e-16       1.145262475287e-16       2.516717836557e-17 
 1759       4.186358016378e-11       2.335476540326e-12      -2.100353784199e-12       4.612488231516e-15       3.102222468882e-16       1.134438520898e-16       2.508817831851e-17 
 1760       4.179905324959e-11       2.330794861277e-12      -2.137306193719e-12       4.607473167791e-15       3.095033730339e-16       1.123723221689e-16       2.500715037839e-17 
 1761       4.173713342195e-11       2.325913597973e-12      -2.173970432612e-12       4.602481676123e-15       3.087865433440e-16       1.113116430887e-16       2.492411425052e-17 
 1762       4.167779216576e-11       2.320834123812e-12      -2.210333328492e-12       4.597513779526e-15       3.080717506731e-16       1.102617999589e-16       2.483908975162e-17 
 1763       4.162100080456e-11       2.315557820634e-12      -2.246381653135e-12       4.592569500698e-15       3.073589878030e-16       1.092227776753e-16       2.475209680991e-17 
 1764       4.156673050027e-11       2.310086078729e-12      -2.282102122398e-12       4.587648862021e-15       3.066482474429e-16       1.081945609195e-16       2.466315546534e-17 
 1765       4.151495225295e-11       2.304420296856e-12      -2.317481396146e-12       4.582751885563e-15       3.059395222289e-16       1.071771341587e-16       2.457228586972e-17 
 1766       4.146563690054e-11       2.298561882249e-12      -2.352506078173e-12       4.577878593074e-15       3.052328047241e-16       1.061704816451e-16       2.447950828690e-17 
 1767       4.141875511865e-11       2.292512250636e-12      -2.387162716121e-12       4.573029005987e-15       3.045280874185e-16       1.051745874157e-16       2.438484309294e-17 
 1768       4.137427742030e-11       2.286272826249e-12      -2.421437801411e-12       4.568203145415e-15       3.038253627286e-16       1.041894352920e-16       2.428831077626e-17 
 1769       4.133217415565e-11       2.279845041838e-12      -2.455317769158e-12       4.563401032154e-15       3.031246229978e-16       1.032150088792e-16       2.418993193784e-17 
 1770       4.129241551178e-11       2.273230338684e-12      -2.488788998098e-12       4.558622686680e-15       3.024258604956e-16       1.022512915663e-16       2.408972729137e-17 
 1771       4.125497151247e-11       2.266430166610e-12      -2.521837810511e-12       4.553868129148e-15       3.017290674180e-16       1.012982665255e-16       2.398771766340e-17 
 1772       4.121981201791e-11       2.259445983998e-12      -2.554450472141e-12       4.549137379393e-15       3.010342358871e-16       1.003559167118e-16       2.388392399354e-17 
 1773       4.118690672445e-11       2.252279257796e-12      -2.586613192123e-12       4.544430456928e-15       3.003413579512e-16       9.942422486283e-17       2.377836733463e-17 
 1774       4.115622516443e-11       2.244931463538e-12      -2.618312122899e-12       4.539747380944e-15       2.996504255843e-16       9.850317349807e-17       2.367106885285e-17 
 1775       4.112773507207e-11       2.237404322188e-12      -2.649534933386e-12       4.535088131323e-15       2.989614312553e-16       9.759275590377e-17       2.356204980097e-17 
 1776       4.110139746720e-11       2.229700512794e-12      -2.680275542779e-12       4.530452531333e-15       2.982743696384e-16       9.669300918604e-17       2.345133143719e-17 
 1777       4.107717153055e-11       2.221822965736e-12      -2.710529425615e-12       4.525840363965e-15       2.975892359163e-16       9.580398148931e-17       2.333893510595e-17 
 1778       4.105501623355e-11       2.213774626447e-12      -2.740292042059e-12       4.521251410830e-15       2.969060252126e-16       9.492572103623e-17       2.322488226498e-17 
 1779       4.103489033801e-11       2.205558455432e-12      -2.769558837894e-12       4.516685452154e-15       2.962247325916e-16       9.405827612776e-17       2.310919448554e-17 
 1780       4.101675239581e-11       2.197177428293e-12      -2.798325244494e-12       4.512142266777e-15       2.955453530583e-16       9.320169514313e-17       2.299189345251e-17 
 1781       4.100056074864e-11       2.188634535748e-12      -2.826586678815e-12       4.507621632152e-15       2.948678815582e-16       9.235602653994e-17       2.287300096460e-17 
 1782       4.098627352762e-11       2.179932783657e-12      -2.854338543372e-12       4.503123324343e-15       2.941923129770e-16       9.152131885420e-17       2.275253893453e-17 
 1783       4.097384865305e-11       2.171075193039e-12      -2.881576226225e-12       4.498647118019e-15       2.935186421410e-16       9.069762070032e-17       2.263052938915e-17 
 1784       4.096324383408e-11       2.162064800098e-12      -2.908295100962e-12       4.494192786456e-15       2.928468638166e-16       8.988498077122e-17       2.250699446965e-17 
 1785       4.095441656842e-11       2.152904656243e-12      -2.934490526679e-12       4.489760101535e-15       2.921769727103e-16       8.908344783833e-17       2.238195643170e-17 
 1786       4.094732414200e-11       2.143597828112e-12      -2.960157847963e-12       4.485348833734e-15       2.915089634686e-16       8.829307075162e-17       2.225543764563e-17 
 1787       4.094192362870e-11       2.134147397592e-12      -2.985292394879e-12       4.480958752135e-15       2.908428306780e-16       8.751389843967e-17       2.212746059660e-17 
 1788       4.093817189003e-11       2.124556461839e-12      -3.009889482948e-12       4.476589624414e-15       2.901785688647e-16       8.674597990971e-17       2.199804788475e-17 
 1789       4.093602557481e-11       2.114828133307e-12      -3.033944413132e-12       4.472241216842e-15       2.895161724945e-16       8.598936424764e-17       2.186722222539e-17 
 1790       4.093544111889e-11       2.104965539761e-12      -3.057452471814e-12       4.467913294282e-15       2.888556359729e-16       8.524410061808e-17       2.173500644914e-17 
 1791       4.093637474481e-11       2.094971824308e-12      -3.080408930785e-12       4.463605620190e-15       2.881969536448e-16       8.451023826442e-17       2.160142350212e-17 
 1792       4.093878246154e-11       2.084850145411e-12      -3.102809047225e-12       4.459317956607e-15       2.875401197946e-16       8.378782650885e-17       2.146649644611e-17 
 1793       4.094262006411e-11       2.074603676917e-12      -3.124648063684e-12       4.455050064162e-15       2.868851286460e-16       8.307691475241e-17       2.133024845871e-17 
 1794       4.094784313337e-11       2.064235608075e-12      -3.145921208065e-12       4.450801702067e-15       2.862319743615e-16       8.237755247502e-17       2.119270283352e-17 
 1795       4.095440703564e-11       2.053749143561e-12      -3.166623693611e-12       4.446572628116e-15       2.855806510431e-16       8.168978923552e-17       2.105388298028e-17 
 1796       4.096226692241e-11       2.043147503495e-12      -3.186750718881e-12       4.442362598683e-15       2.849311527315e-16       8.101367467174e-17       2.091381242507e-17 
 1797       4.097137773006e-11       2.032433923472e-12      -3.206297467739e-12       4.438171368718e-15       2.842834734063e-16       8.034925850051e-17       2.077251481046e-17 
 1798       4.098169417950e-11       2.021611654575e-12      -3.225259109331e-12       4.433998691747e-15       2.836376069858e-16       7.969659051769e-17       2.063001389569e-17 
 1799       4.099317077593e-11       2.010683963400e-12      -3.243630798073e-12       4.429844319870e-15       2.829935473272e-16       7.905572059825e-17       2.048633355681e-17 
 1800       4.100576180848e-11       1.999654132081e-12      -3.261407673630e-12       4.425708003756e-15       2.823512882258e-16       7.842669869629e-17       2.034149778686e-17 
 1801       4.101942134992e-11       1.988525458308e-12      -3.278584860901e-12       4.421589492644e-15       2.817108234156e-16       7.780957484509e-17       2.019553069605e-17 
 1802       4.103410325638e-11       1.977301255351e-12      -3.295157470001e-12       4.417488534339e-15       2.810721465689e-16       7.720439915713e-17       2.004845651193e-17 
 1803       4.104976116699e-11       1.965984852080e-12      -3.311120596241e-12       4.413404875209e-15       2.804352512963e-16       7.661122182414e-17       1.990029957951e-17 
 1804       4.106634850363e-11       1.954579592991e-12      -3.326469320117e-12       4.409338260187e-15       2.798001311463e-16       7.603009311716e-17       1.975108436150e-17 
 1805       4.108381847057e-11       1.943088838224e-12      -3.341198707286e-12       4.405288432764e-15       2.791667796055e-16       7.546106338657e-17       1.960083543840e-17 
 1806       4.110212405422e-11       1.931515963586e-12      -3.355303808552e-12       4.401255134988e-15       2.785351900985e-16       7.490418306211e-17       1.944957750872e-17 
 1807       4.112121802277e-11       1.919864360575e-12      -3.368779659851e-12       4.397238107466e-15       2.779053559876e-16       7.435950265296e-17       1.929733538914e-17 
 1808       4.114105292592e-11       1.908137436400e-12      -3.381621282228e-12       4.393237089355e-15       2.772772705727e-16       7.382707274773e-17       1.914413401467e-17 
 1809       4.116158109455e-11       1.896338614002e-12      -3.393823681824e-12       4.389251818365e-15       2.766509270916e-16       7.330694401456e-17       1.898999843878e-17 
 1810       4.118275464043e-11       1.884471332080e-12      -3.405381849858e-12       4.385282030754e-15       2.760263187193e-16       7.279916720112e-17       1.883495383365e-17 
 1811       4.120452545592e-11       1.872539045108e-12      -3.416290762609e-12       4.381327461328e-15       2.754034385682e-16       7.230379313466e-17       1.867902549025e-17 
 1812       4.122684521362e-11       1.860545223361e-12      -3.426545381399e-12       4.377387843438e-15       2.747822796882e-16       7.182087272205e-17       1.852223881857e-17 
 1813       4.124966536612e-11       1.848493352934e-12      -3.436140652575e-12       4.373462908977e-15       2.741628350660e-16       7.135045694984e-17       1.836461934775e-17 
 1814       4.127293949988e-11       1.836386867937e-12      -3.445072948729e-12       4.369552380235e-15       2.735450981166e-16       7.089256166933e-17       1.820619241359e-17 
 1815       4.129663041831e-11       1.824228946417e-12      -3.453344405097e-12       4.365655945398e-15       2.729290641588e-16       7.044706164122e-17       1.804698221793e-17 
 1816       4.132070311522e-11       1.812022712831e-12      -3.460958618109e-12       4.361773282846e-15       2.723147289514e-16       7.001379563631e-17       1.788701276201e-17 
 1817       4.134512242558e-11       1.799771305748e-12      -3.467919207358e-12       4.357904069277e-15       2.717020882026e-16       6.959260157161e-17       1.772630815862e-17 
 1818       4.136985302528e-11       1.787477877868e-12      -3.474229815640e-12       4.354047979708e-15       2.710911375705e-16       6.918331650910e-17       1.756489263223e-17 
 1819       4.139485943095e-11       1.775145596040e-12      -3.479894108989e-12       4.350204687465e-15       2.704818726627e-16       6.878577665451e-17       1.740279051917e-17 
 1820       4.142010599967e-11       1.762777641283e-12      -3.484915776711e-12       4.346373864185e-15       2.698742890363e-16       6.839981735603e-17       1.724002626777e-17 
 1821       4.144555692882e-11       1.750377208806e-12      -3.489298531418e-12       4.342555179817e-15       2.692683821978e-16       6.802527310311e-17       1.707662443854e-17 
 1822       4.147117625581e-11       1.737947508024e-12      -3.493046109066e-12       4.338748302610e-15       2.686641476030e-16       6.766197752519e-17       1.691260970429e-17 
 1823       4.149692785790e-11       1.725491762585e-12      -3.496162268989e-12       4.334952899122e-15       2.680615806572e-16       6.730976339048e-17       1.674800685031e-17 
 1824       4.152277545192e-11       1.713013210379e-12      -3.498650793935e-12       4.331168634207e-15       2.674606767144e-16       6.696846260470e-17       1.658284077452e-17 
 1825       4.154868259413e-11       1.700515103568e-12      -3.500515490098e-12       4.327395171020e-15       2.668614310780e-16       6.663790620984e-17       1.641713648761e-17 
 1826       4.157461267993e-11       1.688000708598e-12      -3.501760187158e-12       4.323632171011e-15       2.662638390003e-16       6.631792438293e-17       1.625091911322e-17 
 1827       4.160052894367e-11       1.675473306223e-12      -3.502388738314e-12       4.319879293924e-15       2.656678956824e-16       6.600834643478e-17       1.608421388810e-17 
 1828       4.162639445842e-11       1.662936191521e-12      -3.502405020317e-12       4.316136197792e-15       2.650735962744e-16       6.570900080876e-17       1.591704616223e-17 
 1829       4.165217213576e-11       1.650392673918e-12      -3.501812933511e-12       4.312402538940e-15       2.644809358750e-16       6.541971507953e-17       1.574944139900e-17 
 1830       4.167782472555e-11       1.637846077202e-12      -3.500616401863e-12       4.308677971974e-15       2.638899095314e-16       6.514031595181e-17       1.558142517536e-17 
 1831       4.170331481571e-11       1.625299739548e-12      -3.498819372998e-12       4.304962149788e-15       2.633005122396e-16       6.487062925915e-17       1.541302318198e-17 
 1832       4.172860483201e-11       1.612757013532e-12      -3.496425818240e-12       4.301254723555e-15       2.627127389438e-16       6.461047996267e-17       1.524426122342e-17 
 1833       4.175365703784e-11       1.600221266156e-12      -3.493439732641e-12       4.297555342727e-15       2.621265845368e-16       6.435969214982e-17       1.507516521822e-17 
 1834       4.177843353396e-11       1.587695878865e-12      -3.489865135021e-12       4.293863655030e-15       2.615420438596e-16       6.411808903315e-17       1.490576119916e-17 
 1835       4.180289625835e-11       1.575184247563e-12      -3.485706067997e-12       4.290179306468e-15       2.609591117013e-16       6.388549294906e-17       1.473607531333e-17 
 1836       4.182700698593e-11       1.562689782641e-12      -3.480966598027e-12       4.286501941312e-15       2.603777827992e-16       6.366172535653e-17       1.456613382230e-17 
 1837       4.185072732835e-11       1.550215908988e-12      -3.475650815438e-12       4.282831202104e-15       2.597980518387e-16       6.344660683594e-17       1.439596310232e-17 
 1838       4.187401873379e-11       1.537766066014e-12      -3.469762834464e-12       4.279166729651e-15       2.592199134530e-16       6.323995708777e-17       1.422558964442e-17 
 1839       4.189684248671e-11       1.525343707673e-12      -3.463306793281e-12       4.275508163025e-15       2.586433622231e-16       6.304159493138e-17       1.405504005462e-17 
 1840       4.191915970767e-11       1.512952302476e-12      -3.456286854043e-12       4.271855139557e-15       2.580683926779e-16       6.285133830376e-17       1.388434105402e-17 
 1841       4.194093135306e-11       1.500595333513e-12      -3.448707202917e-12       4.268207294840e-15       2.574949992940e-16       6.266900425832e-17       1.371351947903e-17 
 1842       4.196211821491e-11       1.488276298476e-12      -3.440572050115e-12       4.264564262720e-15       2.569231764954e-16       6.249440896360e-17       1.354260228145e-17 
 1843       4.198268092066e-11       1.475998709674e-12      -3.431885629936e-12       4.260925675301e-15       2.563529186538e-16       6.232736770204e-17       1.337161652868e-17 
 1844       4.200257993297e-11       1.463766094054e-12      -3.422652200793e-12       4.257291162933e-15       2.557842200882e-16       6.216769486876e-17       1.320058940387e-17 
 1845       4.202177554942e-11       1.451581993222e-12      -3.412876045258e-12       4.253660354219e-15       2.552170750650e-16       6.201520397031e-17       1.302954820604e-17 
 1846       4.204022790239e-11       1.439449963459e-12      -3.402561470086e-12       4.250032876009e-15       2.546514777977e-16       6.186970762340e-17       1.285852035028e-17 
 1847       4.205789695875e-11       1.427373575745e-12      -3.391712806260e-12       4.246408353392e-15       2.540874224470e-16       6.173101755369e-17       1.268753336787e-17 
 1848       4.207474251971e-11       1.415356415775e-12      -3.380334409020e-12       4.242786409705e-15       2.535249031209e-16       6.159894459455e-17       1.251661490645e-17 
 1849       4.209072422056e-11       1.403402083981e-12      -3.368430657903e-12       4.239166666519e-15       2.529639138741e-16       6.147329868577e-17       1.234579273018e-17 
 1850       4.210580153043e-11       1.391514195549e-12      -3.356005956774e-12       4.235548743644e-15       2.524044487082e-16       6.135388887238e-17       1.217509471991e-17 
 1851       4.211993375214e-11       1.379696380440e-12      -3.343064733863e-12       4.231932259124e-15       2.518465015717e-16       6.124052330337e-17       1.200454887327e-17 
 1852       4.213308002191e-11       1.367952283410e-12      -3.329611441801e-12       4.228316829233e-15       2.512900663598e-16       6.113300923044e-17       1.183418330491e-17 
 1853       4.214520380326e-11       1.356285252866e-12      -3.315651224176e-12       4.224702090702e-15       2.507351373356e-16       6.103118297944e-17       1.166402427732e-17 
 1854       4.215628640791e-11       1.344697404711e-12      -3.301191920884e-12       4.221087767575e-15       2.501817103964e-16       6.093500012581e-17       1.149409027603e-17 
 1855       4.216631358123e-11       1.333190551144e-12      -3.286242078683e-12       4.217473604875e-15       2.496297818173e-16       6.084444602882e-17       1.132439788797e-17 
 1856       4.217527101775e-11       1.321766511162e-12      -3.270810286175e-12       4.213859346422e-15       2.490793478308e-16       6.075950592338e-17       1.115496376654e-17 
 1857       4.218314436113e-11       1.310427110566e-12      -3.254905173857e-12       4.210244734835e-15       2.485304046265e-16       6.068016491980e-17       1.098580463173e-17 
 1858       4.218991920406e-11       1.299174181974e-12      -3.238535414182e-12       4.206629511527e-15       2.479829483511e-16       6.060640800367e-17       1.081693727019e-17 
 1859       4.219558108824e-11       1.288009564824e-12      -3.221709721620e-12       4.203013416704e-15       2.474369751085e-16       6.053822003559e-17       1.064837853533e-17 
 1860       4.220011550427e-11       1.276935105386e-12      -3.204436852713e-12       4.199396189364e-15       2.468924809594e-16       6.047558575105e-17       1.048014534741e-17 
 1861       4.220350789164e-11       1.265952656772e-12      -3.186725606137e-12       4.195777567296e-15       2.463494619218e-16       6.041848976014e-17       1.031225469360e-17 
 1862       4.220574363859e-11       1.255064078940e-12      -3.168584822755e-12       4.192157287077e-15       2.458079139703e-16       6.036691654746e-17       1.014472362811e-17 
 1863       4.220680808213e-11       1.244271238709e-12      -3.150023385684e-12       4.188535084070e-15       2.452678330362e-16       6.032085047183e-17       9.977569272216e-18 
 1864       4.220668650792e-11       1.233576009761e-12      -3.131050220345e-12       4.184910692424e-15       2.447292150078e-16       6.028027576617e-17       9.810808814417e-18 
 1865       4.220536415022e-11       1.222980272654e-12      -3.111674294527e-12       4.181283845071e-15       2.441920557299e-16       6.024517653723e-17       9.644459510469e-18 
 1866       4.220282619183e-11       1.212485914830e-12      -3.091904618443e-12       4.177654273724e-15       2.436563510038e-16       6.021553676548e-17       9.478538683491e-18 
 1867       4.219905776405e-11       1.202094830621e-12      -3.071750244789e-12       4.174021708878e-15       2.431220965875e-16       6.019134030484e-17       9.313063724055e-18 
 1868       4.219404394655e-11       1.191808921264e-12      -3.051220268805e-12       4.170385879804e-15       2.425892881953e-16       6.017257088252e-17       9.148052090264e-18 
 1869       4.218776976739e-11       1.181630094900e-12      -3.030323828329e-12       4.166746514550e-15       2.420579214979e-16       6.015921209883e-17       8.983521307843e-18 
 1870       4.218022020288e-11       1.171560266591e-12      -3.009070103858e-12       4.163103339941e-15       2.415279921221e-16       6.015124742696e-17       8.819488970228e-18 
 1871       4.217138017758e-11       1.161601358327e-12      -2.987468318608e-12       4.159456081571e-15       2.409994956513e-16       6.014866021279e-17       8.655972738649e-18 
 1872       4.216123456418e-11       1.151755299031e-12      -2.965527738571e-12       4.155804463811e-15       2.404724276247e-16       6.015143367472e-17       8.492990342215e-18 
 1873       4.214976818348e-11       1.142024024570e-12      -2.943257672571e-12       4.152148209796e-15       2.399467835377e-16       6.015955090344e-17       8.330559578006e-18 
 1874       4.213696580430e-11       1.132409477765e-12      -2.920667472328e-12       4.148487041434e-15       2.394225588417e-16       6.017299486178e-17       8.168698311158e-18 
 1875       4.212281214343e-11       1.122913608398e-12      -2.897766532512e-12       4.144820679397e-15       2.388997489440e-16       6.019174838444e-17       8.007424474947e-18 
 1876       4.210729186558e-11       1.113538373221e-12      -2.874564290802e-12       4.141148843122e-15       2.383783492078e-16       6.021579417786e-17       7.846756070877e-18 
 1877       4.209038958325e-11       1.104285735963e-12      -2.851070227950e-12       4.137471250809e-15       2.378583549520e-16       6.024511482003e-17       7.686711168768e-18 
 1878       4.207208985677e-11       1.095157667343e-12      -2.827293867830e-12       4.133787619420e-15       2.373397614513e-16       6.027969276022e-17       7.527307906843e-18 
 1879       4.205237719414e-11       1.086156145074e-12      -2.803244777504e-12       4.130097664676e-15       2.368225639359e-16       6.031951031887e-17       7.368564491811e-18 
 1880       4.203123605102e-11       1.077283153874e-12      -2.778932567279e-12       4.126401101056e-15       2.363067575918e-16       6.036454968733e-17       7.210499198959e-18 
 1881       4.200865083065e-11       1.068540685474e-12      -2.754366890764e-12       4.122697641796e-15       2.357923375602e-16       6.041479292772e-17       7.053130372233e-18 
 1882       4.198460588381e-11       1.059930738628e-12      -2.729557444930e-12       4.118986998886e-15       2.352792989379e-16       6.047022197268e-17       6.896476424331e-18 
 1883       4.195908550870e-11       1.051455319120e-12      -2.704513970165e-12       4.115268883068e-15       2.347676367770e-16       6.053081862521e-17       6.740555836782e-18 
 1884       4.193207395093e-11       1.043116439773e-12      -2.679246250340e-12       4.111543003838e-15       2.342573460850e-16       6.059656455847e-17       6.585387160042e-18 
 1885       4.190355540345e-11       1.034916120457e-12      -2.653764112859e-12       4.107809069438e-15       2.337484218243e-16       6.066744131557e-17       6.430989013570e-18 
 1886       4.187351400644e-11       1.026856388100e-12      -2.628077428723e-12       4.104066786861e-15       2.332408589127e-16       6.074343030938e-17       6.277380085925e-18 
 1887       4.184193384731e-11       1.018939276695e-12      -2.602196112588e-12       4.100315861843e-15       2.327346522230e-16       6.082451282236e-17       6.124579134846e-18 
 1888       4.180879896060e-11       1.011166827307e-12      -2.576130122820e-12       4.096555998868e-15       2.322297965830e-16       6.091067000631e-17       5.972604987341e-18 
 1889       4.177409332791e-11       1.003541088087e-12      -2.549889461558e-12       4.092786901160e-15       2.317262867752e-16       6.100188288224e-17       5.821476539774e-18 
 1890       4.173780087787e-11       9.960641142726e-13      -2.523484174771e-12       4.089008270684e-15       2.312241175372e-16       6.109813234011e-17       5.671212757949e-18 
 1891       4.169990548602e-11       9.887379682049e-13      -2.496924352314e-12       4.085219808147e-15       2.307232835614e-16       6.119939913869e-17       5.521832677201e-18 
 1892       4.166039512398e-11       9.815643572935e-13      -2.470219858868e-12       4.081421250845e-15       2.302237798546e-16       6.130565074041e-17       5.373351135639e-18 
 1893       4.161927434186e-11       9.745435448504e-13      -2.443379524359e-12       4.077612486556e-15       2.297256028218e-16       6.141680170508e-17       5.225765937630e-18 
 1894       4.157655188227e-11       9.676754308500e-13      -2.416411947390e-12       4.073793440523e-15       2.292287491907e-16       6.153275298946e-17       5.079070591195e-18 
 1895       4.153223653993e-11       9.609599131994e-13      -2.389325763847e-12       4.069964037688e-15       2.287332156527e-16       6.165340508368e-17       4.933258565783e-18 
 1896       4.148633716180e-11       9.543968877344e-13      -2.362129646948e-12       4.066124202685e-15       2.282389988629e-16       6.177865801062e-17       4.788323292211e-18 
 1897       4.143886264716e-11       9.479862482167e-13      -2.334832307291e-12       4.062273859842e-15       2.277460954398e-16       6.190841132530e-17       4.644258162608e-18 
 1898       4.138982194763e-11       9.417278863300e-13      -2.307442492905e-12       4.058412933183e-15       2.272545019654e-16       6.204256411420e-17       4.501056530361e-18 
 1899       4.133922406730e-11       9.356216916763e-13      -2.279968989300e-12       4.054541346422e-15       2.267642149849e-16       6.218101499466e-17       4.358711710060e-18 
 1900       4.128707806278e-11       9.296675517731e-13      -2.252420619514e-12       4.050659022966e-15       2.262752310071e-16       6.232366211423e-17       4.217216977434e-18 
 1901       4.123339304327e-11       9.238653520493e-13      -2.224806244165e-12       4.046765885917e-15       2.257875465039e-16       6.247040315002e-17       4.076565569306e-18 
 1902       4.117817817066e-11       9.182149758421e-13      -2.197134761500e-12       4.042861858065e-15       2.253011579105e-16       6.262113530809e-17       3.936750683526e-18 
 1903       4.112144265959e-11       9.127163043934e-13      -2.169415107444e-12       4.038946861894e-15       2.248160616252e-16       6.277575532277e-17       3.797765478921e-18 
 1904       4.106319577750e-11       9.073692168462e-13      -2.141656255649e-12       4.035020819579e-15       2.243322540093e-16       6.293415945609e-17       3.659603075240e-18 
 1905       4.100344684476e-11       9.021735902413e-13      -2.113867217544e-12       4.031083652983e-15       2.238497313874e-16       6.309624349708e-17       3.522256553090e-18 
 1906       4.094220523471e-11       8.971292995137e-13      -2.086057042387e-12       4.027135283662e-15       2.233684900467e-16       6.326190276117e-17       3.385718953889e-18 
 1907       4.087948037372e-11       8.922362174894e-13      -2.058234817309e-12       4.023175632860e-15       2.228885262376e-16       6.343103208953e-17       3.249983279804e-18 
 1908       4.081528174132e-11       8.874942148814e-13      -2.030409667368e-12       4.019204621511e-15       2.224098361733e-16       6.360352584845e-17       3.115042493694e-18 
 1909       4.074961887022e-11       8.829031602868e-13      -2.002590755599e-12       4.015222170238e-15       2.219324160296e-16       6.377927792871e-17       2.980889519059e-18 
 1910       4.068250134641e-11       8.784629201829e-13      -1.974787283060e-12       4.011228199351e-15       2.214562619453e-16       6.395818174492e-17       2.847517239979e-18 
 1911       4.061393880922e-11       8.741733589239e-13      -1.947008488883e-12       4.007222628849e-15       2.209813700216e-16       6.414013023490e-17       2.714918501059e-18 
 1912       4.054394095144e-11       8.700343387373e-13      -1.919263650325e-12       4.003205378419e-15       2.205077363224e-16       6.432501585902e-17       2.583086107375e-18 
 1913       4.047251751933e-11       8.660457197209e-13      -1.891562082815e-12       3.999176367435e-15       2.200353568744e-16       6.451273059962e-17       2.452012824414e-18 
 1914       4.039967831274e-11       8.622073598385e-13      -1.863913140006e-12       3.995135514957e-15       2.195642276664e-16       6.470316596030e-17       2.321691378019e-18 
 1915       4.032543318518e-11       8.585191149172e-13      -1.836326213823e-12       3.991082739731e-15       2.190943446498e-16       6.489621296534e-17       2.192114454335e-18 
 1916       4.024979204388e-11       8.549808386433e-13      -1.808810734513e-12       3.987017960191e-15       2.186257037385e-16       6.509176215902e-17       2.063274699750e-18 
 1917       4.017276484987e-11       8.515923825595e-13      -1.781376170694e-12       3.982941094454e-15       2.181583008083e-16       6.528970360503e-17       1.935164720840e-18 
 1918       4.009436161807e-11       8.483535960606e-13      -1.754032029405e-12       3.978852060324e-15       2.176921316978e-16       6.548992688580e-17       1.807777084311e-18 
 1919       4.001459241734e-11       8.452643263908e-13      -1.726787856155e-12       3.974750775287e-15       2.172271922073e-16       6.569232110185e-17       1.681104316946e-18 
 1920       3.993346737058e-11       8.423244186398e-13      -1.699653234975e-12       3.970637156516e-15       2.167634780995e-16       6.589677487121e-17       1.555138905547e-18 
 1921       3.985099665479e-11       8.395337157394e-13      -1.672637788463e-12       3.966511120866e-15       2.163009850990e-16       6.610317632873e-17       1.429873296876e-18 
 1922       3.976719050114e-11       8.368920584599e-13      -1.645751177837e-12       3.962372584876e-15       2.158397088926e-16       6.631141312547e-17       1.305299897605e-18 
 1923       3.968205919509e-11       8.343992854071e-13      -1.619003102983e-12       3.958221464768e-15       2.153796451289e-16       6.652137242803e-17       1.181411074252e-18 
 1924       3.959561307638e-11       8.320552330181e-13      -1.592403302506e-12       3.954057676447e-15       2.149207894184e-16       6.673294091797e-17       1.058199153132e-18 
 1925       3.950786253918e-11       8.298597355585e-13      -1.565961553777e-12       3.949881135498e-15       2.144631373334e-16       6.694600479113e-17       9.356564202954e-19 
 1926       3.941881803216e-11       8.278126251184e-13      -1.539687672987e-12       3.945691757189e-15       2.140066844082e-16       6.716044975700e-17       8.137751214753e-19 
 1927       3.932849005851e-11       8.259137316093e-13      -1.513591515190e-12       3.941489456470e-15       2.135514261383e-16       6.737616103809e-17       6.925474620290e-19 
 1928       3.923688917608e-11       8.241628827606e-13      -1.487682974357e-12       3.937274147971e-15       2.130973579814e-16       6.759302336930e-17       5.719656068823e-19 
 1929       3.914402599740e-11       8.225599041156e-13      -1.461971983427e-12       3.933045746003e-15       2.126444753565e-16       6.781092099727e-17       4.520216804737e-19 
 1930       3.904991118980e-11       8.211046190288e-13      -1.436468514351e-12       3.928804164554e-15       2.121927736441e-16       6.802973767974e-17       3.327077666976e-19 
 1931       3.895455745311e-11       8.197966066786e-13      -1.411181671437e-12       3.924549351221e-15       2.117422484846e-16       6.824937715828e-17       2.140160096747e-19 
 1932       3.885798546910e-11       8.186344741086e-13      -1.386116963754e-12       3.920281389263e-15       2.112928966761e-16       6.846982474729e-17       9.593891700935e-20 
 1933       3.876021799727e-11       8.176165786622e-13      -1.361279012152e-12       3.916000396317e-15       2.108447152831e-16       6.869108621050e-17      -2.153094128152e-20 
 1934       3.866127790148e-11       8.167412694536e-13      -1.336672454114e-12       3.911706490542e-15       2.103977013389e-16       6.891316733006e-17      -1.384010334392e-19 
 1935       3.856118815002e-11       8.160068873569e-13      -1.312301943778e-12       3.907399790622e-15       2.099518518454e-16       6.913607390655e-17      -2.546788660162e-19 
 1936       3.845997181582e-11       8.154117649942e-13      -1.288172151955e-12       3.903080415765e-15       2.095071637733e-16       6.935981175897e-17      -3.703719839292e-19 
 1937       3.835765207656e-11       8.149542267249e-13      -1.264287766154e-12       3.898748485704e-15       2.090636340615e-16       6.958438672480e-17      -4.854879705121e-19 
 1938       3.825425221479e-11       8.146325886344e-13      -1.240653490594e-12       3.894404120698e-15       2.086212596178e-16       6.980980466001e-17      -6.000344475692e-19 
 1939       3.814979561808e-11       8.144451585225e-13      -1.217274046234e-12       3.890047441532e-15       2.081800373182e-16       7.003607143909e-17      -7.140190754280e-19 
 1940       3.804430577918e-11       8.143902358923e-13      -1.194154170788e-12       3.885678569519e-15       2.077399640072e-16       7.026319295504e-17      -8.274495529924e-19 
 1941       3.793780629614e-11       8.144661119391e-13      -1.171298618744e-12       3.881297626500e-15       2.073010364977e-16       7.049117511944e-17      -9.403336177956e-19 
 1942       3.783032087245e-11       8.146710695391e-13      -1.148712161388e-12       3.876904734841e-15       2.068632515708e-16       7.072002386242e-17      -1.052679046053e-18 
 1943       3.772187331718e-11       8.150033832379e-13      -1.126399586824e-12       3.872500017442e-15       2.064266059760e-16       7.094974513273e-17      -1.164493652717e-18 
 1944       3.761248754512e-11       8.154613192394e-13      -1.104365699991e-12       3.868083597730e-15       2.059910964308e-16       7.118034489773e-17      -1.275785291525e-18 
 1945       3.750218757692e-11       8.160431353946e-13      -1.082615322687e-12       3.863655599662e-15       2.055567196212e-16       7.141182914342e-17      -1.386561855060e-18 
 1946       3.739099753921e-11       8.167470811903e-13      -1.061153293588e-12       3.859216147728e-15       2.051234722009e-16       7.164420387448e-17      -1.496831274797e-18 
 1947       3.727894166478e-11       8.175713977377e-13      -1.039984468268e-12       3.854765366949e-15       2.046913507919e-16       7.187747511425e-17      -1.606601521159e-18 
 1948       3.716604429270e-11       8.185143177615e-13      -1.019113719219e-12       3.850303382877e-15       2.042603519841e-16       7.211164890479e-17      -1.715880603569e-18 
 1949       3.705232986841e-11       8.195740655880e-13      -9.985459358737e-13       3.845830321600e-15       2.038304723356e-16       7.234673130691e-17      -1.824676570506e-18 
 1950       3.693782294396e-11       8.207488571347e-13      -9.782860246220e-13       3.841346309737e-15       2.034017083720e-16       7.258272840013e-17      -1.932997509553e-18 
 1951       3.682254817804e-11       8.220368998982e-13      -9.583389088351e-13       3.836851474443e-15       2.029740565871e-16       7.281964628277e-17      -2.040851547454e-18 
 1952       3.670653033621e-11       8.234363929436e-13      -9.387095288836e-13       3.832345943407e-15       2.025475134423e-16       7.305749107195e-17      -2.148246850165e-18 
 1953       3.658979429097e-11       8.249455268927e-13      -9.194028421588e-13       3.827829844856e-15       2.021220753668e-16       7.329626890359e-17      -2.255191622909e-18 
 1954       3.647236502195e-11       8.265624839131e-13      -9.004238230927e-13       3.823303307550e-15       2.016977387576e-16       7.353598593246e-17      -2.361694110227e-18 
 1955       3.635426761602e-11       8.282854377070e-13      -8.817774631782e-13       3.818766460790e-15       2.012744999792e-16       7.377664833218e-17      -2.467762596031e-18 
 1956       3.623552726742e-11       8.301125534995e-13      -8.634687709899e-13       3.814219434411e-15       2.008523553638e-16       7.401826229527e-17      -2.573405403660e-18 
 1957       3.611616927793e-11       8.320419880278e-13      -8.455027722042e-13       3.809662358790e-15       2.004313012111e-16       7.426083403313e-17      -2.678630895927e-18 
 1958       3.599621905699e-11       8.340718895298e-13      -8.278845096196e-13       3.805095364840e-15       2.000113337884e-16       7.450436977610e-17      -2.783447475181e-18 
 1959       3.587570212185e-11       8.362003977325e-13      -8.106190431772e-13       3.800518584016e-15       1.995924493302e-16       7.474887577348e-17      -2.887863583352e-18 
 1960       3.575464409768e-11       8.384256438414e-13      -7.937114499808e-13       3.795932148312e-15       1.991746440387e-16       7.499435829352e-17      -2.991887702006e-18 
 1961       3.563307071776e-11       8.407457505287e-13      -7.771668243177e-13       3.791336190264e-15       1.987579140833e-16       7.524082362347e-17      -3.095528352401e-18 
 1962       3.551100782356e-11       8.431588319222e-13      -7.609902776786e-13       3.786730842950e-15       1.983422556007e-16       7.548827806960e-17      -3.198794095537e-18 
 1963       3.538848136491e-11       8.456629935941e-13      -7.451869387782e-13       3.782116239990e-15       1.979276646949e-16       7.573672795720e-17      -3.301693532211e-18 
 1964       3.526551740017e-11       8.482563325497e-13      -7.297619535754e-13       3.777492515547e-15       1.975141374369e-16       7.598617963062e-17      -3.404235303069e-18 
 1965       3.514214209629e-11       8.509369372161e-13      -7.147204852939e-13       3.772859804328e-15       1.971016698651e-16       7.623663945332e-17      -3.506428088658e-18 
 1966       3.501838172902e-11       8.537028874310e-13      -7.000677144422e-13       3.768218241584e-15       1.966902579849e-16       7.648811380781e-17      -3.608280609480e-18 
 1967       3.489426268301e-11       8.565522544314e-13      -6.858088388343e-13       3.763567963111e-15       1.962798977687e-16       7.674060909577e-17      -3.709801626048e-18 
 1968       3.476981145199e-11       8.594831008424e-13      -6.719490736098e-13       3.758909105253e-15       1.958705851559e-16       7.699413173799e-17      -3.810999938932e-18 
 1969       3.464505463884e-11       8.624934806659e-13      -6.584936512543e-13       3.754241804898e-15       1.954623160529e-16       7.724868817445e-17      -3.911884388820e-18 
 1970       3.452001830360e-11       8.655814075035e-13      -6.454468166653e-13       3.749566213979e-15       1.950550866357e-16       7.750427180911e-17      -4.012460809618e-18 
 1971       3.439472600167e-11       8.687447589903e-13      -6.328088041459e-13       3.744882543082e-15       1.946488942610e-16       7.776082373831e-17      -4.112722862920e-18 
 1972       3.426920073130e-11       8.719813716289e-13      -6.205788379921e-13       3.740191018162e-15       1.942437365616e-16       7.801827173069e-17      -4.212661135549e-18 
 1973       3.414346558455e-11       8.752890724780e-13      -6.087561353976e-13       3.735491866079e-15       1.938396111445e-16       7.827654325544e-17      -4.312266180282e-18 
 1974       3.401754374745e-11       8.786656791406e-13      -5.973399064431e-13       3.730785314594e-15       1.934365155909e-16       7.853556548198e-17      -4.411528515811e-18 
 1975       3.389145850005e-11       8.821089997518e-13      -5.863293540857e-13       3.726071592376e-15       1.930344474559e-16       7.879526527957e-17      -4.510438626698e-18 
 1976       3.376523321664e-11       8.856168329660e-13      -5.757236741482e-13       3.721350929000e-15       1.926334042688e-16       7.905556921690e-17      -4.608986963336e-18 
 1977       3.363889136576e-11       8.891869679453e-13      -5.655220553083e-13       3.716623554946e-15       1.922333835326e-16       7.931640356174e-17      -4.707163941909e-18 
 1978       3.351245651040e-11       8.928171843469e-13      -5.557236790879e-13       3.711889701605e-15       1.918343827245e-16       7.957769428054e-17      -4.804959944350e-18 
 1979       3.338595230807e-11       8.965052523110e-13      -5.463277198425e-13       3.707149601276e-15       1.914363992954e-16       7.983936703804e-17      -4.902365318296e-18 
 1980       3.325940251096e-11       9.002489324484e-13      -5.373333447504e-13       3.702403487172e-15       1.910394306702e-16       8.010134719694e-17      -4.999370377053e-18 
 1981       3.313283096602e-11       9.040459758283e-13      -5.287397138019e-13       3.697651593414e-15       1.906434742473e-16       8.036355981744e-17      -5.095965399552e-18 
 1982       3.300626161509e-11       9.078941239664e-13      -5.205459797889e-13       3.692894155038e-15       1.902485273991e-16       8.062592965693e-17      -5.192140630308e-18 
 1983       3.287971849504e-11       9.117911088121e-13      -5.127512882939e-13       3.688131407994e-15       1.898545874718e-16       8.088838116954e-17      -5.287886279377e-18 
 1984       3.275322573786e-11       9.157346527367e-13      -5.053547776793e-13       3.683363589147e-15       1.894616517851e-16       8.115083850583e-17      -5.383192522320e-18 
 1985       3.262680757080e-11       9.197224685208e-13      -4.983555790770e-13       3.678590936279e-15       1.890697176324e-16       8.141322551236e-17      -5.478049500156e-18 
 1986       3.250048831646e-11       9.237522593425e-13      -4.917528163773e-13       3.673813688088e-15       1.886787822806e-16       8.167546573133e-17      -5.572447319323e-18 
 1987       3.237429239296e-11       9.278217187647e-13      -4.855456062185e-13       3.669032084192e-15       1.882888429703e-16       8.193748240017e-17      -5.666376051640e-18 
 1988       3.224824431399e-11       9.319285307232e-13      -4.797330579760e-13       3.664246365129e-15       1.878998969156e-16       8.219919845121e-17      -5.759825734262e-18 
 1989       3.212236868900e-11       9.360703695143e-13      -4.743142737518e-13       3.659456772357e-15       1.875119413039e-16       8.246053651123e-17      -5.852786369639e-18 
 1990       3.199669022325e-11       9.402448997825e-13      -4.692883483634e-13       3.654663548256e-15       1.871249732962e-16       8.272141890116e-17      -5.945247925478e-18 
 1991       3.187123371800e-11       9.444497765085e-13      -4.646543693336e-13       3.649866936129e-15       1.867389900268e-16       8.298176763562e-17      -6.037200334696e-18 
 1992       3.174602407057e-11       9.486826449966e-13      -4.604114168794e-13       3.645067180203e-15       1.863539886034e-16       8.324150442259e-17      -6.128633495388e-18 
 1993       3.162108627447e-11       9.529411408628e-13      -4.565585639015e-13       3.640264525632e-15       1.859699661071e-16       8.350055066299e-17      -6.219537270776e-18 
 1994       3.149644541956e-11       9.572228900223e-13      -4.530948759736e-13       3.635459218495e-15       1.855869195920e-16       8.375882745035e-17      -6.309901489175e-18 
 1995       3.137212669211e-11       9.615255086776e-13      -4.500194113315e-13       3.630651505798e-15       1.852048460856e-16       8.401625557038e-17      -6.399715943947e-18 
 1996       3.124815537495e-11       9.658466033057e-13      -4.473312208625e-13       3.625841635476e-15       1.848237425886e-16       8.427275550060e-17      -6.488970393465e-18 
 1997       3.112455684761e-11       9.701837706466e-13      -4.450293480949e-13       3.621029856395e-15       1.844436060748e-16       8.452824740997e-17      -6.577654561068e-18 
 1998       3.100135658637e-11       9.745345976902e-13      -4.431128291870e-13       3.616216418351e-15       1.840644334911e-16       8.478265115853e-17      -6.665758135018e-18 
 1999       3.087858016447e-11       9.788966616649e-13      -4.415806929164e-13       3.611401572072e-15       1.836862217574e-16       8.503588629694e-17      -6.753270768466e-18 
 2000       3.075625325214e-11       9.832675300247e-13      -4.404319606696e-13       3.606585569219e-15       1.833089677667e-16       8.528787206620e-17      -6.840182079403e-18 
 2001       3.063440161680e-11       9.876447604374e-13      -4.396656464310e-13       3.601768662388e-15       1.829326683849e-16       8.553852739718e-17      -6.926481650626e-18 
 2002       3.051305112309e-11       9.920259007719e-13      -4.392807567722e-13       3.596951105108e-15       1.825573204510e-16       8.578777091029e-17      -7.012159029690e-18 
 2003       3.039222773309e-11       9.964084890867e-13      -4.392762908415e-13       3.592133151848e-15       1.821829207767e-16       8.603552091511e-17      -7.097203728872e-18 
 2004       3.027195750634e-11       1.000790053617e-12      -4.396512403530e-13       3.587315058012e-15       1.818094661466e-16       8.628169540993e-17      -7.181605225127e-18 
 2005       3.015226660003e-11       1.005168112762e-12      -4.404045895761e-13       3.582497079944e-15       1.814369533182e-16       8.652621208148e-17      -7.265352960050e-18 
 2006       3.003318126909e-11       1.009540175074e-12      -4.415353153244e-13       3.577679474927e-15       1.810653790216e-16       8.676898830445e-17      -7.348436339829e-18 
 2007       2.991472786631e-11       1.013903739247e-12      -4.430423869454e-13       3.572862501186e-15       1.806947399598e-16       8.700994114116e-17      -7.430844735212e-18 
 2008       2.979693284245e-11       1.018256294099e-12      -4.449247663098e-13       3.568046417886e-15       1.803250328085e-16       8.724898734117e-17      -7.512567481458e-18 
 2009       2.967982032347e-11       1.022595474337e-12      -4.471807793143e-13       3.563231476185e-15       1.799562544187e-16       8.748605688065e-17      -7.593591557093e-18 
 2010       2.956340482252e-11       1.026919529093e-12      -4.498062254075e-13       3.558417892305e-15       1.795884024272e-16       8.772113368912e-17      -7.673894601751e-18 
 2011       2.944769847508e-11       1.031226856773e-12      -4.527962542693e-13       3.553605874264e-15       1.792214746508e-16       8.795421521868e-17      -7.753451847382e-18 
 2012       2.933271345709e-11       1.035515849591e-12      -4.561459930182e-13       3.548795630813e-15       1.788554688834e-16       8.818529893119e-17      -7.832238434728e-18 
 2013       2.921846198499e-11       1.039784893559e-12      -4.598505461807e-13       3.543987371437e-15       1.784903828965e-16       8.841438229830e-17      -7.910229413215e-18 
 2014       2.910495631582e-11       1.044032368483e-12      -4.639049956628e-13       3.539181306352e-15       1.781262144388e-16       8.864146280149e-17      -7.987399740843e-18 
 2015       2.899220874716e-11       1.048256647953e-12      -4.683044007203e-13       3.534377646513e-15       1.777629612362e-16       8.886653793206e-17      -8.063724284076e-18 
 2016       2.888023161730e-11       1.052456099333e-12      -4.730437979295e-13       3.529576603608e-15       1.774006209920e-16       8.908960519117e-17      -8.139177817732e-18 
 2017       2.876903730520e-11       1.056629083761e-12      -4.781182011576e-13       3.524778390061e-15       1.770391913866e-16       8.931066208986e-17      -8.213735024871e-18 
 2018       2.865863823056e-11       1.060773956132e-12      -4.835226015336e-13       3.519983219034e-15       1.766786700774e-16       8.952970614906e-17      -8.287370496686e-18 
 2019       2.854904685389e-11       1.064889065098e-12      -4.892519674189e-13       3.515191304429e-15       1.763190546993e-16       8.974673489963e-17      -8.360058732395e-18 
 2020       2.844027567653e-11       1.068972753055e-12      -4.953012443776e-13       3.510402860884e-15       1.759603428641e-16       8.996174588236e-17      -8.431774139128e-18 
 2021       2.833233724070e-11       1.073023356139e-12      -5.016653551475e-13       3.505618103780e-15       1.756025321605e-16       9.017473664799e-17      -8.502491031818e-18 
 2022       2.822524412956e-11       1.077039204217e-12      -5.083391996104e-13       3.500837249236e-15       1.752456201545e-16       9.038570475725e-17      -8.572183633090e-18 
 2023       2.811900896725e-11       1.081018620879e-12      -5.153176547630e-13       3.496060514115e-15       1.748896043890e-16       9.059464778087e-17      -8.640826073154e-18 
 2024       2.801364441891e-11       1.084959923430e-12      -5.225955746873e-13       3.491288116019e-15       1.745344823838e-16       9.080156329961e-17      -8.708392389689e-18 
 2025       2.790916319079e-11       1.088861422886e-12      -5.301677905214e-13       3.486520273298e-15       1.741802516356e-16       9.100644890426e-17      -8.774856527741e-18 
 2026       2.780557803023e-11       1.092721423960e-12      -5.380291104299e-13       3.481757205042e-15       1.738269096181e-16       9.120930219567e-17      -8.840192339603e-18 
 2027       2.770290172575e-11       1.096538225061e-12      -5.461743195747e-13       3.476999131089e-15       1.734744537817e-16       9.141012078479e-17      -8.904373584715e-18 
 2028       2.760114710708e-11       1.100310118282e-12      -5.545981800856e-13       3.472246272021e-15       1.731228815537e-16       9.160890229265e-17      -8.967373929548e-18 
 2029       2.750032704519e-11       1.104035389394e-12      -5.632954310308e-13       3.467498849167e-15       1.727721903383e-16       9.180564435043e-17      -9.029166947492e-18 
 2030       2.740045445238e-11       1.107712317837e-12      -5.722607883876e-13       3.462757084604e-15       1.724223775162e-16       9.200034459945e-17      -9.089726118752e-18 
 2031       2.730154228229e-11       1.111339176717e-12      -5.814889450130e-13       3.458021201157e-15       1.720734404450e-16       9.219300069118e-17      -9.149024830235e-18 
 2032       2.720360352997e-11       1.114914232790e-12      -5.909745706144e-13       3.453291422400e-15       1.717253764588e-16       9.238361028730e-17      -9.207036375437e-18 
 2033       2.710665123189e-11       1.118435746463e-12      -6.007123117199e-13       3.448567972659e-15       1.713781828685e-16       9.257217105969e-17      -9.263733954338e-18 
 2034       2.701069846604e-11       1.121901971782e-12      -6.106967916494e-13       3.443851077008e-15       1.710318569615e-16       9.275868069044e-17      -9.319090673289e-18 
 2035       2.691575835192e-11       1.125311156424e-12      -6.209226104850e-13       3.439140961275e-15       1.706863960018e-16       9.294313687193e-17      -9.373079544901e-18 
 2036       2.682184405065e-11       1.128661541691e-12      -6.313843450414e-13       3.434437852040e-15       1.703417972300e-16       9.312553730677e-17      -9.425673487938e-18 
 2037       2.672896876495e-11       1.131951362503e-12      -6.420765488367e-13       3.429741976636e-15       1.699980578631e-16       9.330587970788e-17      -9.476845327204e-18 
 2038       2.663714573924e-11       1.135178847387e-12      -6.529937520633e-13       3.425053563152e-15       1.696551750945e-16       9.348416179850e-17      -9.526567793433e-18 
 2039       2.654638825966e-11       1.138342218474e-12      -6.641304615579e-13       3.420372840429e-15       1.693131460942e-16       9.366038131219e-17      -9.574813523183e-18 
 2040       2.645670965410e-11       1.141439691487e-12      -6.754811607727e-13       3.415700038067e-15       1.689719680086e-16       9.383453599286e-17      -9.621555058719e-18 
 2041       2.636812329231e-11       1.144469475737e-12      -6.870403097456e-13       3.411035386423e-15       1.686316379602e-16       9.400662359481e-17      -9.666764847910e-18 
 2042       2.628064258587e-11       1.147429774113e-12      -6.988023450712e-13       3.406379116609e-15       1.682921530481e-16       9.417664188272e-17      -9.710415244114e-18 
 2043       2.619428098829e-11       1.150318783075e-12      -7.107616798711e-13       3.401731460498e-15       1.679535103475e-16       9.434458863169e-17      -9.752478506068e-18 
 2044       2.610905199503e-11       1.153134692647e-12      -7.229127037644e-13       3.397092650721e-15       1.676157069099e-16       9.451046162727e-17      -9.792926797782e-18 
 2045       2.602496914356e-11       1.155875686409e-12      -7.352497828390e-13       3.392462920672e-15       1.672787397631e-16       9.467425866544e-17      -9.831732188424e-18 
 2046       2.594204601340e-11       1.158539941489e-12      -7.477672596213e-13       3.387842504502e-15       1.669426059110e-16       9.483597755269e-17      -9.868866652214e-18 
 2047       2.586029622618e-11       1.161125628556e-12      -7.604594530477e-13       3.383231637127e-15       1.666073023336e-16       9.499561610599e-17      -9.904302068311e-18 
 2048       2.577973074737e-11       1.163631150876e-12      -7.733206330907e-13       3.378630530654e-15       1.662728261631e-16       9.515317566607e-17      -9.938014982430e-18 
 2049       2.570034977041e-11       1.166055863365e-12      -7.863449445009e-13       3.374039303481e-15       1.659391752127e-16       9.530867166471e-17      -9.970000929124e-18 
 2050       2.562215077470e-11       1.168399358657e-12      -7.995264824616e-13       3.369458050695e-15       1.656063474515e-16       9.546212313300e-17      -1.000026021164e-17 
 2051       2.554513121856e-11       1.170661228514e-12      -8.128593178532e-13       3.364886867593e-15       1.652743408287e-16       9.561354919510e-17      -1.002879314953e-17 
 2052       2.546928853921e-11       1.172841063815e-12      -8.263374972231e-13       3.360325849685e-15       1.649431532735e-16       9.576296906836e-17      -1.005560007866e-17 
 2053       2.539462015278e-11       1.174938454564e-12      -8.399550427555e-13       3.355775092693e-15       1.646127826954e-16       9.591040206344e-17      -1.008068135123e-17 
 2054       2.532112345420e-11       1.176952989883e-12      -8.537059522412e-13       3.351234692552e-15       1.642832269837e-16       9.605586758442e-17      -1.010403733583e-17 
 2055       2.524879581725e-11       1.178884258016e-12      -8.675841990476e-13       3.346704745408e-15       1.639544840078e-16       9.619938512894e-17      -1.012566841743e-17 
 2056       2.517763459447e-11       1.180731846324e-12      -8.815837320889e-13       3.342185347622e-15       1.636265516172e-16       9.634097428829e-17      -1.014557499743e-17 
 2057       2.510763711717e-11       1.182495341289e-12      -8.956984757953e-13       3.337676595768e-15       1.632994276411e-16       9.648065474758e-17      -1.016375749370e-17 
 2058       2.503880069538e-11       1.184174328508e-12      -9.099223300834e-13       3.333178586632e-15       1.629731098889e-16       9.661844628582e-17      -1.018021634054e-17 
 2059       2.497112261781e-11       1.185768392695e-12      -9.242491703262e-13       3.328691417213e-15       1.626475961498e-16       9.675436877604e-17      -1.019495198880e-17 
 2060       2.490460015185e-11       1.187277117680e-12      -9.386728473225e-13       3.324215184726e-15       1.623228841927e-16       9.688844218545e-17      -1.020796490583e-17 
 2061       2.483923054351e-11       1.188700086411e-12      -9.531871872671e-13       3.319749986597e-15       1.619989717666e-16       9.702068657551e-17      -1.021925557554e-17 
 2062       2.477501101741e-11       1.190036880945e-12      -9.677859917208e-13       3.315295920468e-15       1.616758566000e-16       9.715112210211e-17      -1.022882449841e-17 
 2063       2.471193877672e-11       1.191287082458e-12      -9.824630375801e-13       3.310853084194e-15       1.613535364014e-16       9.727976901564e-17      -1.023667219154e-17 
 2064       2.465001100318e-11       1.192450271234e-12      -9.972120770469e-13       3.306421575844e-15       1.610320088591e-16       9.740664766112e-17      -1.024279918866e-17 
 2065       2.458922485702e-11       1.193526026674e-12      -1.012026837599e-12       3.302001493702e-15       1.607112716408e-16       9.753177847834e-17      -1.024720604016e-17 
 2066       2.452957747695e-11       1.194513927286e-12      -1.026901021959e-12       3.297592936267e-15       1.603913223942e-16       9.765518200200e-17      -1.024989331310e-17 
 2067       2.447106598014e-11       1.195413550690e-12      -1.041828308066e-12       3.293196002253e-15       1.600721587464e-16       9.777687886176e-17      -1.025086159126e-17 
 2068       2.441368746216e-11       1.196224473618e-12      -1.056802349043e-12       3.288810790587e-15       1.597537783044e-16       9.789688978244e-17      -1.025011147516e-17 
 2069       2.435743899699e-11       1.196946271906e-12      -1.071816773169e-12       3.284437400413e-15       1.594361786545e-16       9.801523558407e-17      -1.024764358206e-17 
 2070       2.430231763696e-11       1.197578520503e-12      -1.086865183847e-12       3.280075931091e-15       1.591193573627e-16       9.813193718210e-17      -1.024345854605e-17 
 2071       2.424832041271e-11       1.198120793463e-12      -1.101941159577e-12       3.275726482195e-15       1.588033119745e-16       9.824701558741e-17      -1.023755701800e-17 
 2072       2.419544433319e-11       1.198572663947e-12      -1.117038253920e-12       3.271389153514e-15       1.584880400150e-16       9.836049190653e-17      -1.022993966562e-17 
 2073       2.414368638563e-11       1.198933704222e-12      -1.132149995476e-12       3.267064045055e-15       1.581735389887e-16       9.847238734172e-17      -1.022060717350e-17 
 2074       2.409304353547e-11       1.199203485659e-12      -1.147269887846e-12       3.262751257040e-15       1.578598063794e-16       9.858272319106e-17      -1.020956024312e-17 
 2075       2.404351272636e-11       1.199381578735e-12      -1.162391409609e-12       3.258450889906e-15       1.575468396506e-16       9.869152084865e-17      -1.019679959289e-17 
 2076       2.399509088014e-11       1.199467553030e-12      -1.177508014284e-12       3.254163044309e-15       1.572346362449e-16       9.879880180464e-17      -1.018232595813e-17 
 2077       2.394777489679e-11       1.199460977226e-12      -1.192613130308e-12       3.249887821119e-15       1.569231935843e-16       9.890458764543e-17      -1.016614009116e-17 
 2078       2.390156165438e-11       1.199361419107e-12      -1.207700161000e-12       3.245625321426e-15       1.566125090704e-16       9.900890005374e-17      -1.014824276129e-17 
 2079       2.385644800910e-11       1.199168445559e-12      -1.222762484534e-12       3.241375646532e-15       1.563025800837e-16       9.911176080876e-17      -1.012863475485e-17 
 2080       2.381243079516e-11       1.198881622569e-12      -1.237793453908e-12       3.237138897961e-15       1.559934039842e-16       9.921319178624e-17      -1.010731687522e-17 
 2081       2.376950682480e-11       1.198500515220e-12      -1.252786396913e-12       3.232915177451e-15       1.556849781111e-16       9.931321495866e-17      -1.008428994285e-17 
 2082       2.372767288828e-11       1.198024687699e-12      -1.267734616105e-12       3.228704586960e-15       1.553772997826e-16       9.941185239529e-17      -1.005955479531e-17 
 2083       2.368692575378e-11       1.197453703287e-12      -1.282631388771e-12       3.224507228660e-15       1.550703662963e-16       9.950912626237e-17      -1.003311228726e-17 
 2084       2.364726216744e-11       1.196787124364e-12      -1.297469966904e-12       3.220323204946e-15       1.547641749290e-16       9.960505882320e-17      -1.000496329055e-17 
 2085       2.360867885327e-11       1.196024512407e-12      -1.312243577170e-12       3.216152618425e-15       1.544587229362e-16       9.969967243824e-17      -9.975108694189e-18 
 2086       2.357117251319e-11       1.195165427988e-12      -1.326945420877e-12       3.211995571927e-15       1.541540075530e-16       9.979298956530e-17      -9.943549404398e-18 
 2087       2.353473815996e-11       1.194209628643e-12      -1.341569142988e-12       3.207852145147e-15       1.538500261682e-16       9.988499865472e-17      -9.910295248901e-18 
 2088       2.349936410344e-11       1.193157664000e-12      -1.356110242801e-12       3.203722324412e-15       1.535467768515e-16       9.997555157350e-17      -9.875391758044e-18 
 2089       2.346503692916e-11       1.192010284823e-12      -1.370564673103e-12       3.199606072426e-15       1.532442578302e-16       1.000644654620e-16      -9.838893571573e-18 
 2090       2.343174316196e-11       1.190768245528e-12      -1.384928372009e-12       3.195503351570e-15       1.529424673147e-16       1.001515567726e-16      -9.800855551676e-18 
 2091       2.339946926599e-11       1.189432304187e-12      -1.399197262946e-12       3.191414123910e-15       1.526414034983e-16       1.002366412690e-16      -9.761332783263e-18 
 2092       2.336820164454e-11       1.188003222531e-12      -1.413367254633e-12       3.187338351189e-15       1.523410645573e-16       1.003195340255e-16      -9.720380574229e-18 
 2093       2.333792664005e-11       1.186481765957e-12      -1.427434241070e-12       3.183275994831e-15       1.520414486507e-16       1.004000494256e-16      -9.678054455733e-18 
 2094       2.330863053399e-11       1.184868703534e-12      -1.441394101512e-12       3.179227015936e-15       1.517425539208e-16       1.004780011621e-16      -9.634410182464e-18 
 2095       2.328029954680e-11       1.183164808002e-12      -1.455242700461e-12       3.175191375287e-15       1.514443784923e-16       1.005532022354e-16      -9.589503732914e-18 
 2096       2.325291983778e-11       1.181370855783e-12      -1.468975887643e-12       3.171169033342e-15       1.511469204731e-16       1.006254649534e-16      -9.543391309648e-18 
 2097       2.322647750506e-11       1.179487626981e-12      -1.482589497990e-12       3.167159950237e-15       1.508501779537e-16       1.006946009300e-16      -9.496129339579e-18 
 2098       2.320095858549e-11       1.177515905389e-12      -1.496079351628e-12       3.163164085787e-15       1.505541490075e-16       1.007604210851e-16      -9.447774474234e-18 
 2099       2.317634905461e-11       1.175456478494e-12      -1.509441253857e-12       3.159181399481e-15       1.502588316906e-16       1.008227356428e-16      -9.398383590029e-18 
 2100       2.315263482649e-11       1.173310137481e-12      -1.522670995131e-12       3.155211850485e-15       1.499642240418e-16       1.008813541316e-16      -9.348013788539e-18 
 2101       2.312980175374e-11       1.171077677236e-12      -1.535764351046e-12       3.151255397643e-15       1.496703240827e-16       1.009360853827e-16      -9.296722396771e-18 
 2102       2.310783562738e-11       1.168759896354e-12      -1.548717082318e-12       3.147311999471e-15       1.493771298176e-16       1.009867375297e-16      -9.244566967431e-18 
 2103       2.308672217679e-11       1.166357597141e-12      -1.561524934771e-12       3.143381614162e-15       1.490846392334e-16       1.010331180077e-16      -9.191605279199e-18 
 2104       2.306644706961e-11       1.163871585619e-12      -1.574183639315e-12       3.139464199582e-15       1.487928502995e-16       1.010750335523e-16      -9.137895336999e-18 
 2105       2.304699591171e-11       1.161302671533e-12      -1.586688911931e-12       3.135559713272e-15       1.485017609682e-16       1.011122901992e-16      -9.083495372272e-18 
 2106       2.302835424705e-11       1.158651668353e-12      -1.599036453654e-12       3.131668112445e-15       1.482113691742e-16       1.011446932828e-16      -9.028463843244e-18 
 2107       2.301050755764e-11       1.155919393279e-12      -1.611221950555e-12       3.127789353989e-15       1.479216728348e-16       1.011720474357e-16      -8.972859435200e-18 
 2108       2.299344126347e-11       1.153106667247e-12      -1.623241073724e-12       3.123923394463e-15       1.476326698498e-16       1.011941565879e-16      -8.916741060752e-18 
 2109       2.297714072241e-11       1.150214314932e-12      -1.635089479254e-12       3.120070190098e-15       1.473443581015e-16       1.012108239662e-16      -8.860167860115e-18 
 2110       2.296159123017e-11       1.147243164756e-12      -1.646762808220e-12       3.116229696796e-15       1.470567354548e-16       1.012218520927e-16      -8.803199201375e-18 
 2111       2.294677802018e-11       1.144194048888e-12      -1.658256686669e-12       3.112401870133e-15       1.467697997569e-16       1.012270427846e-16      -8.745894680760e-18 
 2112       2.293268626353e-11       1.141067803251e-12      -1.669566725594e-12       3.108586665351e-15       1.464835488375e-16       1.012261971533e-16      -8.688314122914e-18 
 2113       2.291930106891e-11       1.137865267528e-12      -1.680688520924e-12       3.104784037366e-15       1.461979805088e-16       1.012191156033e-16      -8.630517581165e-18 
 2114       2.290660748251e-11       1.134587285164e-12      -1.691617653504e-12       3.100993940763e-15       1.459130925652e-16       1.012055978316e-16      -8.572565337798e-18 
 2115       2.289459048796e-11       1.131234703374e-12      -1.702349689075e-12       3.097216329793e-15       1.456288827836e-16       1.011854428269e-16      -8.514517904327e-18 
 2116       2.288323500625e-11       1.127808373143e-12      -1.712880178264e-12       3.093451158381e-15       1.453453489232e-16       1.011584488685e-16      -8.456436021765e-18 
 2117       2.287252589564e-11       1.124309149235e-12      -1.723204656558e-12       3.089698380115e-15       1.450624887253e-16       1.011244135260e-16      -8.398380660893e-18 
 2118       2.286244795162e-11       1.120737890196e-12      -1.733318644295e-12       3.085957948255e-15       1.447802999139e-16       1.010831336580e-16      -8.340413022538e-18 
 2119       2.285298590679e-11       1.117095458358e-12      -1.743217646640e-12       3.082229815726e-15       1.444987801948e-16       1.010344054115e-16      -8.282594537837e-18 
 2120       2.284412443079e-11       1.113382719844e-12      -1.752897153572e-12       3.078513935120e-15       1.442179272564e-16       1.009780242210e-16      -8.224986868512e-18 
 2121       2.283584813027e-11       1.109600544575e-12      -1.762352639868e-12       3.074810258696e-15       1.439377387691e-16       1.009137848077e-16      -8.167651907141e-18 
 2122       2.282814154874e-11       1.105749806270e-12      -1.771579565080e-12       3.071118738380e-15       1.436582123855e-16       1.008414811789e-16      -8.110651777428e-18 
 2123       2.282098916658e-11       1.101831382455e-12      -1.780573373522e-12       3.067439325760e-15       1.433793457404e-16       1.007609066268e-16      -8.054048834477e-18 
 2124       2.281437540087e-11       1.097846154466e-12      -1.789329494254e-12       3.063771972093e-15       1.431011364507e-16       1.006718537279e-16      -7.997905665059e-18 
 2125       2.280828460539e-11       1.093795007454e-12      -1.797843341061e-12       3.060116628297e-15       1.428235821153e-16       1.005741143422e-16      -7.942285087886e-18 
 2126       2.280270101961e-11       1.089678906075e-12      -1.806110975267e-12       3.056473232822e-15       1.425466804939e-16       1.004675671447e-16      -7.887233579532e-18 
 2127       2.279760861549e-11       1.085499122121e-12      -1.814131099184e-12       3.052841675143e-15       1.422704300431e-16       1.003524408799e-16      -7.832731426906e-18 
 2128       2.279299124953e-11       1.081257008470e-12      -1.821903076356e-12       3.049221832012e-15       1.419948293839e-16       1.002290529185e-16      -7.778742232098e-18 
 2129       2.278883271338e-11       1.076953923541e-12      -1.829426269973e-12       3.045613579570e-15       1.417198771231e-16       1.000977218906e-16      -7.725229455400e-18 
 2130       2.278511673388e-11       1.072591231309e-12      -1.836700042874e-12       3.042016793344e-15       1.414455718539e-16       9.995876768785e-17      -7.672156415132e-18 
 2131       2.278182697289e-11       1.068170301303e-12      -1.843723757546e-12       3.038431348250e-15       1.411719121550e-16       9.981251146435e-17      -7.619486287482e-18 
 2132       2.277894702728e-11       1.063692508620e-12      -1.850496776125e-12       3.034857118586e-15       1.408988965915e-16       9.965927563852e-17      -7.567182106330e-18 
 2133       2.277646042881e-11       1.059159233928e-12      -1.857018460397e-12       3.031293978040e-15       1.406265237142e-16       9.949938389450e-17      -7.515206763082e-18 
 2134       2.277435064405e-11       1.054571863473e-12      -1.863288171797e-12       3.027741799679e-15       1.403547920600e-16       9.933316118363e-17      -7.463523006503e-18 
 2135       2.277260107434e-11       1.049931789086e-12      -1.869305271411e-12       3.024200455957e-15       1.400837001515e-16       9.916093372603e-17      -7.412093442548e-18 
 2136       2.277119505568e-11       1.045240408191e-12      -1.875069119976e-12       3.020669818711e-15       1.398132464974e-16       9.898302901201e-17      -7.360880534190e-18 
 2137       2.277011585867e-11       1.040499123809e-12      -1.880579077879e-12       3.017149759156e-15       1.395434295921e-16       9.879977580365e-17      -7.309846601256e-18 
 2138       2.276934668842e-11       1.035709344568e-12      -1.885834505158e-12       3.013640147893e-15       1.392742479160e-16       9.861150413626e-17      -7.258953820256e-18 
 2139       2.276887068446e-11       1.030872484704e-12      -1.890834761505e-12       3.010140854900e-15       1.390056999353e-16       9.841854531993e-17      -7.208164224214e-18 
 2140       2.276867092070e-11       1.025989964077e-12      -1.895579206261e-12       3.006651749535e-15       1.387377841020e-16       9.822123194098e-17      -7.157439702501e-18 
 2141       2.276873040532e-11       1.021063208168e-12      -1.900067198423e-12       3.003172700537e-15       1.384704988537e-16       9.801989786351e-17      -7.106742000665e-18 
 2142       2.276903208072e-11       1.016093648090e-12      -1.904298096639e-12       2.999703576019e-15       1.382038426141e-16       9.781487823087e-17      -7.056032720265e-18 
 2143       2.276955882341e-11       1.011082720599e-12      -1.908271259211e-12       2.996244243476e-15       1.379378137923e-16       9.760650946720e-17      -7.005273318698e-18 
 2144       2.277029344394e-11       1.006031868090e-12      -1.911986044093e-12       2.992794569774e-15       1.376724107835e-16       9.739512927891e-17      -6.954425109035e-18 
 2145       2.277121868685e-11       1.000942538614e-12      -1.915441808897e-12       2.989354421159e-15       1.374076319683e-16       9.718107665619e-17      -6.903449259849e-18 
 2146       2.277231723055e-11       9.958161858794e-13      -1.918637910886e-12       2.985923663249e-15       1.371434757131e-16       9.696469187451e-17      -6.852306795047e-18 
 2147       2.277357168730e-11       9.906542692604e-13      -1.921573706980e-12       2.982502161038e-15       1.368799403700e-16       9.674631649614e-17      -6.800958593706e-18 
 2148       2.277496460306e-11       9.854582538024e-13      -1.924248553753e-12       2.979089778892e-15       1.366170242766e-16       9.652629337166e-17      -6.749365389897e-18 
 2149       2.277647845747e-11       9.802296102299e-13      -1.926661807437e-12       2.975686380550e-15       1.363547257563e-16       9.630496664143e-17      -6.697487772521e-18 
 2150       2.277809566374e-11       9.749698149526e-13      -1.928812823917e-12       2.972291829122e-15       1.360930431180e-16       9.608268173712e-17      -6.645286185140e-18 
 2151       2.277979856860e-11       9.696803500722e-13      -1.930700958738e-12       2.968905987089e-15       1.358319746563e-16       9.585978538322e-17      -6.592720925807e-18 
 2152       2.278156945218e-11       9.643627033891e-13      -1.932325567099e-12       2.965528716302e-15       1.355715186512e-16       9.563662559852e-17      -6.539752146901e-18 
 2153       2.278339052798e-11       9.590183684091e-13      -1.933686003859e-12       2.962159877983e-15       1.353116733682e-16       9.541355169766e-17      -6.486339854952e-18 
 2154       2.278524394277e-11       9.536488443500e-13      -1.934781623532e-12       2.958799332719e-15       1.350524370586e-16       9.519091429258e-17      -6.432443910479e-18 
 2155       2.278711177650e-11       9.482556361484e-13      -1.935611780292e-12       2.955446940468e-15       1.347938079590e-16       9.496906529405e-17      -6.378024027817e-18 
 2156       2.278897604224e-11       9.428402544662e-13      -1.936175827973e-12       2.952102560553e-15       1.345357842914e-16       9.474835791320e-17      -6.323039774951e-18 
 2157       2.279081868611e-11       9.374042156974e-13      -1.936473120064e-12       2.948766051664e-15       1.342783642634e-16       9.452914666298e-17      -6.267450573347e-18 
 2158       2.279262158717e-11       9.319490419749e-13      -1.936503009716e-12       2.945437271856e-15       1.340215460681e-16       9.431178735968e-17      -6.211215697781e-18 
 2159       2.279436655737e-11       9.264762611769e-13      -1.936264849740e-12       2.942116078547e-15       1.337653278838e-16       9.409663712446e-17      -6.154294276174e-18 
 2160       2.279603534147e-11       9.209874069339e-13      -1.935757992606e-12       2.938802328523e-15       1.335097078744e-16       9.388405438483e-17      -6.096645289422e-18 
 2161       2.279760961694e-11       9.154840186349e-13      -1.934981790446e-12       2.935495877927e-15       1.332546841891e-16       9.367439887615e-17      -6.038227571225e-18 
 2162       2.279907099392e-11       9.099676414348e-13      -1.933935595051e-12       2.932196582270e-15       1.330002549623e-16       9.346803164315e-17      -5.978999807922e-18 
 2163       2.280040101511e-11       9.044398262603e-13      -1.932618757875e-12       2.928904296420e-15       1.327464183140e-16       9.326531504144e-17      -5.918920538323e-18 
 2164       2.280158115571e-11       8.989021298173e-13      -1.931030630032e-12       2.925618874609e-15       1.324931723494e-16       9.306661273898e-17      -5.857948153534e-18 
 2165       2.280259412277e-11       8.933560572843e-13      -1.929171076625e-12       2.922340172093e-15       1.322405152744e-16       9.287219876871e-17      -5.796056081755e-18 
 2166       2.280342776313e-11       8.878028899578e-13      -1.927042023513e-12       2.919068050172e-15       1.319884457428e-16       9.268198401105e-17      -5.733278455206e-18 
 2167       2.280407118176e-11       8.822438564550e-13      -1.924645921004e-12       2.915802371206e-15       1.317369625114e-16       9.249578786498e-17      -5.669664751640e-18 
 2168       2.280451344466e-11       8.766801899263e-13      -1.921985230487e-12       2.912542996948e-15       1.314860643248e-16       9.231342902817e-17      -5.605264637647e-18 
 2169       2.280474357884e-11       8.711131280596e-13      -1.919062424453e-12       2.909289788547e-15       1.312357499155e-16       9.213472549618e-17      -5.540127968873e-18 
 2170       2.280475057225e-11       8.655439130866e-13      -1.915879986502e-12       2.906042606542e-15       1.309860180035e-16       9.195949456168e-17      -5.474304790236e-18 
 2171       2.280452337376e-11       8.599737917872e-13      -1.912440411362e-12       2.902801310867e-15       1.307368672969e-16       9.178755281354e-17      -5.407845336148e-18 
 2172       2.280405089308e-11       8.544040154951e-13      -1.908746204897e-12       2.899565760845e-15       1.304882964913e-16       9.161871613609e-17      -5.340800030737e-18 
 2173       2.280332200074e-11       8.488358401030e-13      -1.904799884127e-12       2.896335815192e-15       1.302403042699e-16       9.145279970824e-17      -5.273219488065e-18 
 2174       2.280232552807e-11       8.432705260674e-13      -1.900603977237e-12       2.893111332012e-15       1.299928893038e-16       9.128961800271e-17      -5.205154512347e-18 
 2175       2.280105026708e-11       8.377093384147e-13      -1.896161023589e-12       2.889892168800e-15       1.297460502517e-16       9.112898478515e-17      -5.136656098175e-18 
 2176       2.279948497050e-11       8.321535467453e-13      -1.891473573742e-12       2.886678182438e-15       1.294997857599e-16       9.097071311337e-17      -5.067775430734e-18 
 2177       2.279761835170e-11       8.266044252398e-13      -1.886544189460e-12       2.883469229196e-15       1.292540944624e-16       9.081461533648e-17      -4.998563886022e-18 
 2178       2.279543908461e-11       8.210632526637e-13      -1.881375443728e-12       2.880265164733e-15       1.290089749808e-16       9.066050309409e-17      -4.929073031074e-18 
 2179       2.279293580375e-11       8.155313123725e-13      -1.875969920765e-12       2.877065844091e-15       1.287644259244e-16       9.050818731546e-17      -4.859354624177e-18 
 2180       2.279009710411e-11       8.100098923174e-13      -1.870330216037e-12       2.873871121700e-15       1.285204458898e-16       9.035747821873e-17      -4.789460615095e-18 
 2181       2.278691154117e-11       8.045002850500e-13      -1.864458936271e-12       2.870680851373e-15       1.282770334614e-16       9.020818531003e-17      -4.719443145284e-18 
 2182       2.278336763081e-11       7.990037877280e-13      -1.858358699469e-12       2.867494886309e-15       1.280341872112e-16       9.006011738271e-17      -4.649354548116e-18 
 2183       2.277945384928e-11       7.935217021199e-13      -1.852032134922e-12       2.864313079088e-15       1.277919056985e-16       8.991308251651e-17      -4.579247349097e-18 
 2184       2.277515863317e-11       7.880553346107e-13      -1.845481883221e-12       2.861135281674e-15       1.275501874702e-16       8.976688807670e-17      -4.509174266087e-18 
 2185       2.277047037935e-11       7.826059962068e-13      -1.838710596273e-12       2.857961345413e-15       1.273090310608e-16       8.962134071329e-17      -4.439188209521e-18 
 2186       2.276537744491e-11       7.771750025413e-13      -1.831720937314e-12       2.854791121030e-15       1.270684349923e-16       8.947624636023e-17      -4.369342282628e-18 
 2187       2.275986814715e-11       7.717636738792e-13      -1.824515580924e-12       2.851624458633e-15       1.268283977738e-16       8.933141023453e-17      -4.299689781651e-18 
 2188       2.275393076353e-11       7.663733351227e-13      -1.817097213036e-12       2.848461207708e-15       1.265889179024e-16       8.918663683547e-17      -4.230284196069e-18 
 2189       2.274755353158e-11       7.610053158164e-13      -1.809468530955e-12       2.845301217119e-15       1.263499938621e-16       8.904172994379e-17      -4.161179208814e-18 
 2190       2.274072464893e-11       7.556609501524e-13      -1.801632243367e-12       2.842144335111e-15       1.261116241246e-16       8.889649262084e-17      -4.092428696493e-18 
 2191       2.273343227320e-11       7.503415769754e-13      -1.793591070357e-12       2.838990409302e-15       1.258738071489e-16       8.875072720776e-17      -4.024086729608e-18 
 2192       2.272566452200e-11       7.450485397885e-13      -1.785347743418e-12       2.835839286689e-15       1.256365413814e-16       8.860423532470e-17      -3.956207572774e-18 
 2193       2.271740947284e-11       7.397831867577e-13      -1.776905005469e-12       2.832690813647e-15       1.253998252558e-16       8.845681786992e-17      -3.888845684942e-18 
 2194       2.270865516314e-11       7.345468707174e-13      -1.768265610864e-12       2.829544835921e-15       1.251636571933e-16       8.830827501906e-17      -3.822055719617e-18 
 2195       2.269938959014e-11       7.293409491759e-13      -1.759432325410e-12       2.826401198634e-15       1.249280356021e-16       8.815840622423e-17      -3.755892525077e-18 
 2196       2.268960071089e-11       7.241667843202e-13      -1.750407926377e-12       2.823259746282e-15       1.246929588780e-16       8.800701021325e-17      -3.690411144597e-18 
 2197       2.267927644217e-11       7.190257430212e-13      -1.741195202514e-12       2.820120322733e-15       1.244584254040e-16       8.785388498879e-17      -3.625666816664e-18 
 2198       2.266840466047e-11       7.139191968394e-13      -1.731796954061e-12       2.816982771227e-15       1.242244335503e-16       8.769882782757e-17      -3.561714975202e-18 
 2199       2.265697320196e-11       7.088485220296e-13      -1.722215992763e-12       2.813846934376e-15       1.239909816743e-16       8.754163527954e-17      -3.498611249788e-18 
 2200       2.264496986240e-11       7.038150995464e-13      -1.712455141884e-12       2.810712654162e-15       1.237580681208e-16       8.738210316703e-17      -3.436411465873e-18 
 2201       2.263238239713e-11       6.988203150491e-13      -1.702517236221e-12       2.807579771938e-15       1.235256912217e-16       8.722002658396e-17      -3.375171645003e-18 
 2202       2.261919852101e-11       6.938655589075e-13      -1.692405122115e-12       2.804448128423e-15       1.232938492961e-16       8.705519989498e-17      -3.314948005039e-18 
 2203       2.260540590841e-11       6.889522262066e-13      -1.682121657469e-12       2.801317563709e-15       1.230625406503e-16       8.688741673469e-17      -3.255796960376e-18 
 2204       2.259099400862e-11       6.840815777299e-13      -1.671669874206e-12       2.798187929013e-15       1.228317636509e-16       8.671651412578e-17      -3.197759414173e-18 
 2205       2.257595950564e-11       6.792543218910e-13      -1.661053466820e-12       2.795059122055e-15       1.226015169449e-16       8.654250515543e-17      -3.140813520566e-18 
 2206       2.256030089457e-11       6.744710300355e-13      -1.650276307099e-12       2.791931051915e-15       1.223717992410e-16       8.636544717854e-17      -3.084921609130e-18 
 2207       2.254401666943e-11       6.697322752126e-13      -1.639342281988e-12       2.788803627296e-15       1.221426092366e-16       8.618539777904e-17      -3.030045864214e-18 
 2208       2.252710532317e-11       6.650386321772e-13      -1.628255293607e-12       2.785676756523e-15       1.219139456178e-16       8.600241477011e-17      -2.976148324773e-18 
 2209       2.250956534761e-11       6.603906773915e-13      -1.617019259269e-12       2.782550347542e-15       1.216858070595e-16       8.581655619451e-17      -2.923190884201e-18 
 2210       2.249139523351e-11       6.557889890265e-13      -1.605638111495e-12       2.779424307919e-15       1.214581922249e-16       8.562788032478e-17      -2.871135290160e-18 
 2211       2.247259347051e-11       6.512341469642e-13      -1.594115798036e-12       2.776298544840e-15       1.212310997663e-16       8.543644566358e-17      -2.819943144415e-18 
 2212       2.245315854717e-11       6.467267327993e-13      -1.582456281887e-12       2.773172965111e-15       1.210045283242e-16       8.524231094390e-17      -2.769575902665e-18 
 2213       2.243308895097e-11       6.422673298407e-13      -1.570663541304e-12       2.770047475156e-15       1.207784765281e-16       8.504553512933e-17      -2.719994874378e-18 
 2214       2.241238316829e-11       6.378565231136e-13      -1.558741569825e-12       2.766921981020e-15       1.205529429957e-16       8.484617741438e-17      -2.671161222618e-18 
 2215       2.239103968442e-11       6.334948993612e-13      -1.546694376286e-12       2.763796388364e-15       1.203279263335e-16       8.464429722468e-17      -2.623035963880e-18 
 2216       2.236905698354e-11       6.291830470462e-13      -1.534525984837e-12       2.760670602468e-15       1.201034251365e-16       8.443995421728e-17      -2.575579967923e-18 
 2217       2.234643354877e-11       6.249215563532e-13      -1.522240434962e-12       2.757544528230e-15       1.198794379883e-16       8.423320828092e-17      -2.528753957600e-18 
 2218       2.232316786214e-11       6.207110191898e-13      -1.509841781494e-12       2.754418070163e-15       1.196559634610e-16       8.402411953631e-17      -2.482518508691e-18 
 2219       2.229925840456e-11       6.165520291888e-13      -1.497334094636e-12       2.751291132397e-15       1.194330001152e-16       8.381274833633e-17      -2.436834049738e-18 
 2220       2.227470365587e-11       6.124451817098e-13      -1.484721459974e-12       2.748163618679e-15       1.192105464999e-16       8.359915526639e-17      -2.391660861871e-18 
 2221       2.224950209484e-11       6.083910738411e-13      -1.472007978501e-12       2.745035432371e-15       1.189886011527e-16       8.338340114462e-17      -2.346959078646e-18 
 2222       2.222365219912e-11       6.043903044016e-13      -1.459197766626e-12       2.741906476450e-15       1.187671625997e-16       8.316554702219e-17      -2.302688685873e-18 
 2223       2.219715244529e-11       6.004434739421e-13      -1.446294956200e-12       2.738776653506e-15       1.185462293553e-16       8.294565418355e-17      -2.258809521451e-18 
 2224       2.217000130884e-11       5.965511847475e-13      -1.433303694529e-12       2.735645865747e-15       1.183257999224e-16       8.272378414669e-17      -2.215281275199e-18 
 2225       2.214219726416e-11       5.927140408386e-13      -1.420228144391e-12       2.732514014991e-15       1.181058727924e-16       8.249999866343e-17      -2.172063488688e-18 
 2226       2.211373878458e-11       5.889326479736e-13      -1.407072484057e-12       2.729381002671e-15       1.178864464449e-16       8.227435971968e-17      -2.129115555073e-18 
 2227       2.208462434232e-11       5.852076136502e-13      -1.393840907306e-12       2.726246729833e-15       1.176675193481e-16       8.204692953569e-17      -2.086396718925e-18 
 2228       2.205485240852e-11       5.815395471070e-13      -1.380537623441e-12       2.723111097133e-15       1.174490899585e-16       8.181777056633e-17      -2.043866076066e-18 
 2229       2.202442145323e-11       5.779290593258e-13      -1.367166857312e-12       2.719974004842e-15       1.172311567208e-16       8.158694550137e-17      -2.001482573395e-18 
 2230       2.199332994544e-11       5.743767630327e-13      -1.353732849329e-12       2.716835352840e-15       1.170137180682e-16       8.135451726574e-17      -1.959205008726e-18 
 2231       2.196157635301e-11       5.708832727007e-13      -1.340239855480e-12       2.713695040620e-15       1.167967724223e-16       8.112054901975e-17      -1.916992030618e-18 
 2232       2.192915914276e-11       5.674492045506e-13      -1.326692147351e-12       2.710552967284e-15       1.165803181927e-16       8.088510415945e-17      -1.874802138208e-18 
 2233       2.189607678041e-11       5.640751765536e-13      -1.313094012140e-12       2.707409031545e-15       1.163643537775e-16       8.064824631680e-17      -1.832593681039e-18 
 2234       2.186232773057e-11       5.607618084325e-13      -1.299449752679e-12       2.704263131723e-15       1.161488775632e-16       8.041003936002e-17      -1.790324858900e-18 
 2235       2.182791045681e-11       5.575097216637e-13      -1.285763687448e-12       2.701115165752e-15       1.159338879242e-16       8.017054739378e-17      -1.747953721648e-18 
 2236       2.179282342158e-11       5.543195394792e-13      -1.272040150592e-12       2.697965031170e-15       1.157193832234e-16       7.992983475954e-17      -1.705438169052e-18 
 2237       2.175706508627e-11       5.511918868677e-13      -1.258283491943e-12       2.694812625126e-15       1.155053618120e-16       7.968796603575e-17      -1.662735950612e-18 
 2238       2.172063391118e-11       5.481273905773e-13      -1.244498077035e-12       2.691657844375e-15       1.152918220291e-16       7.944500603819e-17      -1.619804665405e-18 
 2239       2.168352835553e-11       5.451266791166e-13      -1.230688287118e-12       2.688500585281e-15       1.150787622022e-16       7.920101982015e-17      -1.576601761903e-18 
 2240       2.164574687744e-11       5.421903827567e-13      -1.216858519183e-12       2.685340743813e-15       1.148661806469e-16       7.895607267277e-17      -1.533084537819e-18 
 2241       2.160728793399e-11       5.393191335329e-13      -1.203013185972e-12       2.682178215549e-15       1.146540756671e-16       7.871023012529e-17      -1.489210139926e-18 
 2242       2.156814998113e-11       5.365135652469e-13      -1.189156716003e-12       2.679012895670e-15       1.144424455548e-16       7.846355794527e-17      -1.444935563901e-18 
 2243       2.152833286174e-11       5.337741700243e-13      -1.175293355566e-12       2.675844694715e-15       1.142312887031e-16       7.821611473063e-17      -1.400224190792e-18 
 2244       2.148784197938e-11       5.311008669638e-13      -1.161426573285e-12       2.672673585947e-15       1.140206039475e-16       7.796792963215e-17      -1.355065443413e-18 
 2245       2.144668415178e-11       5.284934306762e-13      -1.147559651706e-12       2.669499558294e-15       1.138103902268e-16       7.771902448604e-17      -1.309455257914e-18 
 2246       2.140486622531e-11       5.259516344715e-13      -1.133695884976e-12       2.666322600623e-15       1.136006464704e-16       7.746942120918e-17      -1.263389558774e-18 
 2247       2.136239507505e-11       5.234752503563e-13      -1.119838578852e-12       2.663142701746e-15       1.133913715981e-16       7.721914179918e-17      -1.216864258787e-18 
 2248       2.131927760481e-11       5.210640490331e-13      -1.105991050713e-12       2.659959850415e-15       1.131825645204e-16       7.696820833444e-17      -1.169875259055e-18 
 2249       2.127552074720e-11       5.187177998978e-13      -1.092156629578e-12       2.656774035324e-15       1.129742241379e-16       7.671664297431e-17      -1.122418448969e-18 
 2250       2.123113146360e-11       5.164362710388e-13      -1.078338656114e-12       2.653585245108e-15       1.127663493421e-16       7.646446795911e-17      -1.074489706203e-18 
 2251       2.118611674423e-11       5.142192292348e-13      -1.064540482651e-12       2.650393468343e-15       1.125589390147e-16       7.621170561028e-17      -1.026084896700e-18 
 2252       2.114048360819e-11       5.120664399535e-13      -1.050765473194e-12       2.647198693547e-15       1.123519920277e-16       7.595837833041e-17      -9.771998746583e-19 
 2253       2.109423910348e-11       5.099776673499e-13      -1.037017003437e-12       2.644000909178e-15       1.121455072438e-16       7.570450860340e-17      -9.278304825216e-19 
 2254       2.104739030704e-11       5.079526742645e-13      -1.023298460773e-12       2.640800103638e-15       1.119394835160e-16       7.545011899449e-17      -8.779725509662e-19 
 2255       2.099994432477e-11       5.059912222218e-13      -1.009613244313e-12       2.637596265265e-15       1.117339196875e-16       7.519523215037e-17      -8.276218988890e-19 
 2256       2.095190829158e-11       5.040930714287e-13      -9.959647648914e-13       2.634389382343e-15       1.115288145923e-16       7.493987079929e-17      -7.767743333953e-19 
 2257       2.090328937142e-11       5.022579807728e-13      -9.823564450829e-13       2.631179443093e-15       1.113241670543e-16       7.468405775111e-17      -7.254256497873e-19 
 2258       2.085409475730e-11       5.004857078208e-13      -9.687917192155e-13       2.627966435679e-15       1.111199758880e-16       7.442781589744e-17      -6.735716315515e-19 
 2259       2.080433167134e-11       4.987760088166e-13      -9.552740333820e-13       2.624750348206e-15       1.109162398983e-16       7.417116821170e-17      -6.212080503472e-19 
 2260       2.075400736481e-11       4.971286386801e-13      -9.418068454536e-13       2.621531168717e-15       1.107129578802e-16       7.391413774919e-17      -5.683306659939e-19 
 2261       2.070312911812e-11       4.955433510053e-13      -9.283936250926e-13       2.618308885198e-15       1.105101286192e-16       7.365674764724e-17      -5.149352264598e-19 
 2262       2.065170424092e-11       4.940198980588e-13      -9.150378537651e-13       2.615083485574e-15       1.103077508910e-16       7.339902112523e-17      -4.610174678496e-19 
 2263       2.059974007206e-11       4.925580307778e-13      -9.017430247539e-13       2.611854957712e-15       1.101058234617e-16       7.314098148476e-17      -4.065731143923e-19 
 2264       2.054724397969e-11       4.911574987690e-13      -8.885126431715e-13       2.608623289417e-15       1.099043450874e-16       7.288265210965e-17      -3.515978784295e-19 
 2265       2.049422336127e-11       4.898180503067e-13      -8.753502259730e-13       2.605388468435e-15       1.097033145149e-16       7.262405646610e-17      -2.960874604031e-19 
 2266       2.044068564355e-11       4.885394323309e-13      -8.622593019685e-13       2.602150482454e-15       1.095027304807e-16       7.236521810276e-17      -2.400375488435e-19 
 2267       2.038663828271e-11       4.873213904461e-13      -8.492434118365e-13       2.598909319099e-15       1.093025917121e-16       7.210616065081e-17      -1.834438203572e-19 
 2268       2.033208876431e-11       4.861636689195e-13      -8.363061081365e-13       2.595664965937e-15       1.091028969262e-16       7.184690782405e-17      -1.263019396155e-19 
 2269       2.027704460332e-11       4.850660106792e-13      -8.234509553216e-13       2.592417410474e-15       1.089036448305e-16       7.158748341900e-17      -6.860755934158e-20 
 2270       2.022151334424e-11       4.840281573130e-13      -8.106815297519e-13       2.589166640157e-15       1.087048341226e-16       7.132791131502e-17      -1.035632029925e-20 
 2271       2.016550256102e-11       4.830498490661e-13      -7.980014197069e-13       2.585912642370e-15       1.085064634903e-16       7.106821547431e-17       4.845614871954e-20 
 2272       2.010901985719e-11       4.821308248400e-13      -7.854142253986e-13       2.582655404440e-15       1.083085316117e-16       7.080841994211e-17       1.078342309066e-19 
 2273       2.005207286582e-11       4.812708221907e-13      -7.729235589842e-13       2.579394913631e-15       1.081110371548e-16       7.054854884671e-17       1.677823214493e-19 
 2274       1.999466924960e-11       4.804695773271e-13      -7.605330445789e-13       2.576131157148e-15       1.079139787781e-16       7.028862639958e-17       2.283048275431e-19 
 2275       1.993681670087e-11       4.797268251091e-13      -7.482463182691e-13       2.572864122134e-15       1.077173551297e-16       7.002867689545e-17       2.894061684029e-19 
 2276       1.987852294162e-11       4.790422990465e-13      -7.360670281248e-13       2.569593795672e-15       1.075211648484e-16       6.976872471239e-17       3.510907752758e-19 
 2277       1.981979572356e-11       4.784157312966e-13      -7.239988342128e-13       2.566320164785e-15       1.073254065627e-16       6.950879431192e-17       4.133630914524e-19 
 2278       1.976064282814e-11       4.778468526635e-13      -7.120454086092e-13       2.563043216433e-15       1.071300788913e-16       6.924891023909e-17       4.762275722793e-19 
 2279       1.970107206656e-11       4.773353925955e-13      -7.002104354128e-13       2.559762937519e-15       1.069351804430e-16       6.898909712256e-17       5.396886851710e-19 
 2280       1.964109127986e-11       4.768810791842e-13      -6.884976107571e-13       2.556479314880e-15       1.067407098167e-16       6.872937967472e-17       6.037509096218e-19 
 2281       1.958070833890e-11       4.764836391625e-13      -6.769106428241e-13       2.553192335295e-15       1.065466656013e-16       6.846978269174e-17       6.684187372181e-19 
 2282       1.951993154436e-11       4.761427146829e-13      -6.654528500296e-13       2.549901998497e-15       1.063530465010e-16       6.821032654361e-17       7.336857992399e-19 
 2283       1.945877082943e-11       4.758576130723e-13      -6.541259527381e-13       2.546608356312e-15       1.061598517130e-16       6.795101361231e-17       7.995021732118e-19 
 2284       1.939723656490e-11       4.756275554685e-13      -6.429312738219e-13       2.543311473772e-15       1.059670805520e-16       6.769184176682e-17       8.658068666289e-19 
 2285       1.933533915997e-11       4.754517598908e-13      -6.318701397874e-13       2.540011416122e-15       1.057747323256e-16       6.743280886523e-17       9.325386700835e-19 
 2286       1.927308906226e-11       4.753294412368e-13      -6.209438807794e-13       2.536708248817e-15       1.055828063340e-16       6.717391275481e-17       9.996361570266e-19 
 2287       1.921049675788e-11       4.752598112786e-13      -6.101538305840e-13       2.533402037531e-15       1.053913018697e-16       6.691515127194e-17       1.067037683530e-18 
 2288       1.914757277149e-11       4.752420786593e-13      -5.995013266327e-13       2.530092848145e-15       1.052002182182e-16       6.665652224209e-17       1.134681388046e-18 
 2289       1.908432766630e-11       4.752754488896e-13      -5.889877100055e-13       2.526780746758e-15       1.050095546575e-16       6.639802347985e-17       1.202505191172e-18 
 2290       1.902077204412e-11       4.753591243438e-13      -5.786143254350e-13       2.523465799682e-15       1.048193104580e-16       6.613965278889e-17       1.270446795410e-18 
 2291       1.895691654543e-11       4.754923042569e-13      -5.683825213096e-13       2.520148073442e-15       1.046294848829e-16       6.588140796195e-17       1.338443684929e-18 
 2292       1.889277184942e-11       4.756741847205e-13      -5.582936496775e-13       2.516827634778e-15       1.044400771879e-16       6.562328678081e-17       1.406433125326e-18 
 2293       1.882834867399e-11       4.759039586794e-13      -5.483490662496e-13       2.513504550644e-15       1.042510866211e-16       6.536528701631e-17       1.474352163387e-18 
 2294       1.876365777584e-11       4.761808159282e-13      -5.385501304041e-13       2.510178888210e-15       1.040625124233e-16       6.510740642832e-17       1.542137626852e-18 
 2295       1.869870995050e-11       4.765039431075e-13      -5.288982051890e-13       2.506850714860e-15       1.038743538279e-16       6.484964276570e-17       1.609726124171e-18 
 2296       1.863351603236e-11       4.768725237007e-13      -5.193946573267e-13       2.503520098193e-15       1.036866100606e-16       6.459199376636e-17       1.677054044270e-18 
 2297       1.856808689472e-11       4.772857380298e-13      -5.100408572167e-13       2.500187106024e-15       1.034992803399e-16       6.433445715714e-17       1.744057556312e-18 
 2298       1.850243344983e-11       4.777427632528e-13      -5.008381789400e-13       2.496851806383e-15       1.033123638766e-16       6.407703065390e-17       1.810672609458e-18 
 2299       1.843656664895e-11       4.782427733591e-13      -4.917880002621e-13       2.493514267516e-15       1.031258598740e-16       6.381971196144e-17       1.876834932627e-18 
 2300       1.837049748236e-11       4.787849391668e-13      -4.828917026368e-13       2.490174557886e-15       1.029397675279e-16       6.356249877351e-17       1.942480034259e-18 
 2301       1.830423697944e-11       4.793684283186e-13      -4.741506712100e-13       2.486832746171e-15       1.027540860267e-16       6.330538877280e-17       2.007543202078e-18 
 2302       1.823779620867e-11       4.799924052786e-13      -4.655662948227e-13       2.483488901267e-15       1.025688145511e-16       6.304837963091e-17       2.071959502851e-18 
 2303       1.817118627772e-11       4.806560313284e-13      -4.571399660155e-13       2.480143092284e-15       1.023839522743e-16       6.279146900836e-17       2.135663782153e-18 
 2304       1.810441833346e-11       4.813584645639e-13      -4.488730810312e-13       2.476795388552e-15       1.021994983620e-16       6.253465455455e-17       2.198590664123e-18 
 2305       1.803750356201e-11       4.820988598914e-13      -4.407670398193e-13       2.473445859616e-15       1.020154519722e-16       6.227793390776e-17       2.260674551231e-18 
 2306       1.797045318879e-11       4.828763690245e-13      -4.328232460389e-13       2.470094575240e-15       1.018318122556e-16       6.202130469515e-17       2.321849624039e-18 
 2307       1.790327847854e-11       4.836901404799e-13      -4.250431070626e-13       2.466741605403e-15       1.016485783549e-16       6.176476453273e-17       2.382049840958e-18 
 2308       1.783599073541e-11       4.845393195745e-13      -4.174280339802e-13       2.463387020306e-15       1.014657494056e-16       6.150831102532e-17       2.441208938014e-18 
 2309       1.776860130294e-11       4.854230484214e-13      -4.099794416019e-13       2.460030890364e-15       1.012833245353e-16       6.125194176661e-17       2.499260428609e-18 
 2310       1.770112156415e-11       4.863404659265e-13      -4.026987484626e-13       2.456673286213e-15       1.011013028641e-16       6.099565433908e-17       2.556137603283e-18 
 2311       1.763356294158e-11       4.872907077851e-13      -3.955873768245e-13       2.453314278705e-15       1.009196835045e-16       6.073944631399e-17       2.611773529471e-18 
 2312       1.756593689730e-11       4.882729064780e-13      -3.886467526817e-13       2.449953938913e-15       1.007384655614e-16       6.048331525141e-17       2.666101051272e-18 
 2313       1.749825493299e-11       4.892861912683e-13      -3.818783057630e-13       2.446592338127e-15       1.005576481319e-16       6.022725870018e-17       2.719052789204e-18 
 2314       1.743052858994e-11       4.903296881975e-13      -3.752834695360e-13       2.443229547858e-15       1.003772303054e-16       5.997127419788e-17       2.770561139970e-18 
 2315       1.736276944914e-11       4.914025200822e-13      -3.688636812104e-13       2.439865639834e-15       1.001972111639e-16       5.971535927086e-17       2.820558276216e-18 
 2316       1.729498913131e-11       4.925038065105e-13      -3.626203817420e-13       2.436500686006e-15       1.000175897816e-16       5.945951143417e-17       2.868976146297e-18 
 2317       1.722719929690e-11       4.936326638385e-13      -3.565550158357e-13       2.433134758541e-15       9.983836522476e-17       5.920372819159e-17       2.915746474034e-18 
 2318       1.715941164620e-11       4.947882051864e-13      -3.506690319495e-13       2.429767929829e-15       9.965953655231e-17       5.894800703562e-17       2.960800758479e-18 
 2319       1.709163791933e-11       4.959695404354e-13      -3.449638822980e-13       2.426400272477e-15       9.948110281527e-17       5.869234544742e-17       3.004070273675e-18 
 2320       1.702388989631e-11       4.971757762240e-13      -3.394410228560e-13       2.423031859317e-15       9.930306305696e-17       5.843674089685e-17       3.045486068416e-18 
 2321       1.695617883925e-11       4.984060201968e-13      -3.341015310631e-13       2.419662767775e-15       9.912541631335e-17       5.818119538761e-17       3.084997809069e-18 
 2322       1.688851381509e-11       4.996593937886e-13      -3.289449562941e-13       2.416293093043e-15       9.894816161411e-17       5.792572912424e-17       3.122630438391e-18 
 2323       1.682090336238e-11       5.009350195142e-13      -3.239704621448e-13       2.412922934992e-15       9.877129798153e-17       5.767036693127e-17       3.158427873634e-18 
 2324       1.675335604817e-11       5.022320167194e-13      -3.191772080670e-13       2.409552393810e-15       9.859482443012e-17       5.741513371605e-17       3.192434196126e-18 
 2325       1.668588046806e-11       5.035495015775e-13      -3.145643493644e-13       2.406181569991e-15       9.841873996667e-17       5.716005446873e-17       3.224693651452e-18 
 2326       1.661848524620e-11       5.048865870863e-13      -3.101310371872e-13       2.402810564347e-15       9.824304359014e-17       5.690515426244e-17       3.255250649632e-18 
 2327       1.655117903535e-11       5.062423830641e-13      -3.058764185270e-13       2.399439478000e-15       9.806773429175e-17       5.665045825330e-17       3.284149765306e-18 
 2328       1.648397051691e-11       5.076159961465e-13      -3.017996362125e-13       2.396068412385e-15       9.789281105488e-17       5.639599168055e-17       3.311435737914e-18 
 2329       1.641686840092e-11       5.090065297830e-13      -2.978998289040e-13       2.392697469254e-15       9.771827285515e-17       5.614177986666e-17       3.337153471876e-18 
 2330       1.634988142613e-11       5.104130842333e-13      -2.941761310888e-13       2.389326750668e-15       9.754411866032e-17       5.588784821734e-17       3.361348036772e-18 
 2331       1.628301835999e-11       5.118347565641e-13      -2.906276730763e-13       2.385956359006e-15       9.737034743035e-17       5.563422222170e-17       3.384064667529e-18 
 2332       1.621628799871e-11       5.132706406454e-13      -2.872535809928e-13       2.382586396961e-15       9.719695811734e-17       5.538092745233e-17       3.405348764596e-18 
 2333       1.614969916728e-11       5.147198271473e-13      -2.840529767768e-13       2.379216967538e-15       9.702394966555e-17       5.512798956532e-17       3.425245894125e-18 
 2334       1.608326071950e-11       5.161814035365e-13      -2.810249781742e-13       2.375848174061e-15       9.685132101140e-17       5.487543430045e-17       3.443801788160e-18 
 2335       1.601698153802e-11       5.176544540723e-13      -2.781686987330e-13       2.372480120166e-15       9.667907108340e-17       5.462328748120e-17       3.461062344807e-18 
 2336       1.595087053435e-11       5.191380598041e-13      -2.754832477987e-13       2.369112909808e-15       9.650719880223e-17       5.437157501486e-17       3.477073628424e-18 
 2337       1.588493664890e-11       5.206312985670e-13      -2.729677305095e-13       2.365746647256e-15       9.633570308064e-17       5.412032289264e-17       3.491881869799e-18 
 2338       1.581918885102e-11       5.221332449791e-13      -2.706212477907e-13       2.362381437096e-15       9.616458282349e-17       5.386955718971e-17       3.505533466329e-18 
 2339       1.575363613902e-11       5.236429704375e-13      -2.684428963507e-13       2.359017384231e-15       9.599383692774e-17       5.361930406534e-17       3.518074982206e-18 
 2340       1.568828754019e-11       5.251595431151e-13      -2.664317686754e-13       2.355654593881e-15       9.582346428244e-17       5.336958976296e-17       3.529553148592e-18 
 2341       1.562315211087e-11       5.266820279570e-13      -2.645869530236e-13       2.352293171582e-15       9.565346376867e-17       5.312044061024e-17       3.540014863808e-18 
 2342       1.555823893642e-11       5.282094866772e-13      -2.629075334220e-13       2.348933223190e-15       9.548383425960e-17       5.287188301919e-17       3.549507193506e-18 
 2343       1.549355713131e-11       5.297409777552e-13      -2.613925896603e-13       2.345574854878e-15       9.531457462044e-17       5.262394348627e-17       3.558077370857e-18 
 2344       1.542911583911e-11       5.312755564320e-13      -2.600411972861e-13       2.342218173137e-15       9.514568370844e-17       5.237664859242e-17       3.565772796732e-18 
 2345       1.536492423253e-11       5.328122747074e-13      -2.588524276003e-13       2.338863284776e-15       9.497716037288e-17       5.213002500320e-17       3.572641039878e-18 
 2346       1.530099151346e-11       5.343501813361e-13      -2.578253476520e-13       2.335510296925e-15       9.480900345505e-17       5.188409946886e-17       3.578729837103e-18 
 2347       1.523732691300e-11       5.358883218242e-13      -2.569590202337e-13       2.332159317031e-15       9.464121178825e-17       5.163889882443e-17       3.584087093457e-18 
 2348       1.517393969146e-11       5.374257384259e-13      -2.562525038760e-13       2.328810452863e-15       9.447378419779e-17       5.139444998979e-17       3.588760882414e-18 
 2349       1.511083913844e-11       5.389614701401e-13      -2.557048528434e-13       2.325463812507e-15       9.430671950095e-17       5.115077996978e-17       3.592799446049e-18 
 2350       1.504803457283e-11       5.404945527067e-13      -2.553151171285e-13       2.322119504373e-15       9.414001650699e-17       5.090791585429e-17       3.596251195223e-18 
 2351       1.498553534284e-11       5.420240186033e-13      -2.550823424479e-13       2.318777637187e-15       9.397367401715e-17       5.066588481833e-17       3.599164709765e-18 
 2352       1.492335082602e-11       5.435488970418e-13      -2.550055702368e-13       2.315438319999e-15       9.380769082460e-17       5.042471412211e-17       3.601588738648e-18 
 2353       1.486149042934e-11       5.450682139647e-13      -2.550838376440e-13       2.312101662180e-15       9.364206571449e-17       5.018443111117e-17       3.603572200175e-18 
 2354       1.479996358915e-11       5.465809920420e-13      -2.553161775275e-13       2.308767773422e-15       9.347679746386e-17       4.994506321642e-17       3.605164182160e-18 
 2355       1.473877977127e-11       5.480862506674e-13      -2.557016184491e-13       2.305436763738e-15       9.331188484173e-17       4.970663795425e-17       3.606413942104e-18 
 2356       1.467794847098e-11       5.495830059549e-13      -2.562391846696e-13       2.302108743464e-15       9.314732660900e-17       4.946918292664e-17       3.607370907384e-18 
 2357       1.461747921308e-11       5.510702707356e-13      -2.569278961441e-13       2.298783823258e-15       9.298312151847e-17       4.923272582118e-17       3.608084675426e-18 
 2358       1.455738155190e-11       5.525470545539e-13      -2.577667685167e-13       2.295462114102e-15       9.281926831486e-17       4.899729441124e-17       3.608605013894e-18 
 2359       1.449766507134e-11       5.540123636643e-13      -2.587548131159e-13       2.292143727299e-15       9.265576573475e-17       4.876291655600e-17       3.608981860864e-18 
 2360       1.443833835359e-11       5.554652740014e-13      -2.598908369105e-13       2.288828768851e-15       9.249261259300e-17       4.852961266239e-17       3.609260446403e-18 
 2361       1.437940587838e-11       5.569051505925e-13      -2.611728410306e-13       2.285517322543e-15       9.232980804243e-17       4.829737301948e-17       3.609466623848e-18 
 2362       1.432087110455e-11       5.583314294998e-13      -2.625986185053e-13       2.282209466754e-15       9.216735131574e-17       4.806618032368e-17       3.609621447883e-18 
 2363       1.426273749963e-11       5.597435449675e-13      -2.641659539536e-13       2.278905280072e-15       9.200524163921e-17       4.783601720401e-17       3.609746044959e-18 
 2364       1.420500853982e-11       5.611409294209e-13      -2.658726235753e-13       2.275604841294e-15       9.184347823273e-17       4.760686622204e-17       3.609861613371e-18 
 2365       1.414768771006e-11       5.625230134639e-13      -2.677163951417e-13       2.272308229429e-15       9.168206030975e-17       4.737870987185e-17       3.609989423331e-18 
 2366       1.409077850394e-11       5.638892258774e-13      -2.696950279867e-13       2.269015523696e-15       9.152098707733e-17       4.715153057990e-17       3.610150817048e-18 
 2367       1.403428442382e-11       5.652389936171e-13      -2.718062729968e-13       2.265726803523e-15       9.136025773608e-17       4.692531070501e-17       3.610367208801e-18 
 2368       1.397820898073e-11       5.665717418121e-13      -2.740478726028e-13       2.262442148551e-15       9.119987148018e-17       4.670003253824e-17       3.610660085016e-18 
 2369       1.392255569447e-11       5.678868937625e-13      -2.764175607700e-13       2.259161638630e-15       9.103982749734e-17       4.647567830284e-17       3.611051004344e-18 
 2370       1.386732809354e-11       5.691838709378e-13      -2.789130629889e-13       2.255885353822e-15       9.088012496885e-17       4.625223015417e-17       3.611561597735e-18 
 2371       1.381252971523e-11       5.704620929749e-13      -2.815320962664e-13       2.252613374400e-15       9.072076306950e-17       4.602967017964e-17       3.612213568513e-18 
 2372       1.375816410554e-11       5.717209776765e-13      -2.842723691165e-13       2.249345780849e-15       9.056174096763e-17       4.580798039859e-17       3.613028692456e-18 
 2373       1.370423481926e-11       5.729599410087e-13      -2.871315815505e-13       2.246082653865e-15       9.040305782509e-17       4.558714276226e-17       3.614028817869e-18 
 2374       1.365074541993e-11       5.741783970994e-13      -2.901074250687e-13       2.242824074357e-15       9.024471279724e-17       4.536713915372e-17       3.615235865658e-18 
 2375       1.359769947989e-11       5.753757582366e-13      -2.931975826502e-13       2.239570123445e-15       9.008670503293e-17       4.514795138776e-17       3.616671829413e-18 
 2376       1.354510058024e-11       5.765514348661e-13      -2.963997287446e-13       2.236320882462e-15       8.992903367454e-17       4.492956121081e-17       3.618358775479e-18 
 2377       1.349295231090e-11       5.777048355899e-13      -2.997115292621e-13       2.233076432952e-15       8.977169785789e-17       4.471195030093e-17       3.620318843030e-18 
 2378       1.344125827056e-11       5.788353671642e-13      -3.031306415644e-13       2.229836856674e-15       8.961469671230e-17       4.449510026766e-17       3.622574244153e-18 
 2379       1.339002206675e-11       5.799424344975e-13      -3.066547144558e-13       2.226602235599e-15       8.945802936056e-17       4.427899265199e-17       3.625147263915e-18 
 2380       1.333924731579e-11       5.810254406489e-13      -3.102813881736e-13       2.223372651910e-15       8.930169491891e-17       4.406360892627e-17       3.628060260446e-18 
 2381       1.328893764286e-11       5.820837868259e-13      -3.140082943791e-13       2.220148188005e-15       8.914569249705e-17       4.384893049413e-17       3.631335665012e-18 
 2382       1.323909668194e-11       5.831168723827e-13      -3.178330561483e-13       2.216928926493e-15       8.899002119811e-17       4.363493869044e-17       3.634995982089e-18 
 2383       1.318972807587e-11       5.841240948184e-13      -3.217532879626e-13       2.213714950200e-15       8.883468011867e-17       4.342161478118e-17       3.639063789446e-18 
 2384       1.314083547634e-11       5.851048497749e-13      -3.257665956997e-13       2.210506342163e-15       8.867966834872e-17       4.320893996341e-17       3.643561738212e-18 
 2385       1.309242254388e-11       5.860585310350e-13      -3.298705766242e-13       2.207303185634e-15       8.852498497167e-17       4.299689536516e-17       3.648512552961e-18 
 2386       1.304449294791e-11       5.869845305208e-13      -3.340628193788e-13       2.204105564081e-15       8.837062906436e-17       4.278546204540e-17       3.653939031781e-18 
 2387       1.299705036671e-11       5.878822382915e-13      -3.383409039745e-13       2.200913561183e-15       8.821659969700e-17       4.257462099392e-17       3.659864046353e-18 
 2388       1.295009848743e-11       5.887510425417e-13      -3.427024017817e-13       2.197727260836e-15       8.806289593322e-17       4.236435313129e-17       3.666310542028e-18 
 2389       1.290364100614e-11       5.895903295994e-13      -3.471448755208e-13       2.194546747150e-15       8.790951683001e-17       4.215463930876e-17       3.673301537903e-18 
 2390       1.285768162779e-11       5.903994839243e-13      -3.516658792534e-13       2.191372104451e-15       8.775646143774e-17       4.194546030820e-17       3.680860126895e-18 
 2391       1.281222406623e-11       5.911778881056e-13      -3.562629583724e-13       2.188203417280e-15       8.760372880017e-17       4.173679684201e-17       3.689009475817e-18 
 2392       1.276727204424e-11       5.919249228603e-13      -3.609336495934e-13       2.185040770392e-15       8.745131795439e-17       4.152862955308e-17       3.697772825457e-18 
 2393       1.272282929350e-11       5.926399670314e-13      -3.656754809451e-13       2.181884248758e-15       8.729922793085e-17       4.132093901466e-17       3.707173490653e-18 
 2394       1.267889955464e-11       5.933223975859e-13      -3.704859717601e-13       2.178733937567e-15       8.714745775335e-17       4.111370573035e-17       3.717234860367e-18 
 2395       1.263548657723e-11       5.939715896127e-13      -3.753626326661e-13       2.175589922222e-15       8.699600643900e-17       4.090691013396e-17       3.727980397762e-18 
 2396       1.259259411976e-11       5.945869163212e-13      -3.803029655758e-13       2.172452288342e-15       8.684487299827e-17       4.070053258950e-17       3.739433640282e-18 
 2397       1.255022594970e-11       5.951677490389e-13      -3.853044636787e-13       2.169321121764e-15       8.669405643492e-17       4.049455339103e-17       3.751618199722e-18 
 2398       1.250838584346e-11       5.957134572100e-13      -3.903646114310e-13       2.166196508539e-15       8.654355574602e-17       4.028895276268e-17       3.764557762306e-18 
 2399       1.246707659377e-11       5.962235072380e-13      -3.954809277078e-13       2.163078523477e-15       8.639337001443e-17       4.008371861392e-17       3.778261020834e-18 
 2400       1.242629702490e-11       5.966977596778e-13      -4.006510955637e-13       2.159967195679e-15       8.624349868683e-17       3.987886985757e-17       3.792676370459e-18 
 2401       1.238604495926e-11       5.971361738540e-13      -4.058728332454e-13       2.156862542792e-15       8.609394129737e-17       3.967443323399e-17       3.807736936557e-18 
 2402       1.234631820832e-11       5.975387091806e-13      -4.111438510948e-13       2.153764582452e-15       8.594469737530e-17       3.947043556866e-17       3.823375617315e-18 
 2403       1.230711457266e-11       5.979053251612e-13      -4.164618515402e-13       2.150673332282e-15       8.579576644503e-17       3.926690377228e-17       3.839525083492e-18 
 2404       1.226843184193e-11       5.982359813895e-13      -4.218245290885e-13       2.147588809893e-15       8.564714802605e-17       3.906386484082e-17       3.856117778180e-18 
 2405       1.223026779486e-11       5.985306375488e-13      -4.272295703166e-13       2.144511032883e-15       8.549884163298e-17       3.886134585565e-17       3.873085916570e-18 
 2406       1.219262019921e-11       5.987892534130e-13      -4.326746538630e-13       2.141440018837e-15       8.535084677554e-17       3.865937398358e-17       3.890361485710e-18 
 2407       1.215548681180e-11       5.990117888461e-13      -4.381574504196e-13       2.138375785329e-15       8.520316295852e-17       3.845797647700e-17       3.907876244267e-18 
 2408       1.211886537846e-11       5.991982038027e-13      -4.436756227234e-13       2.135318349919e-15       8.505578968184e-17       3.825718067393e-17       3.925561722294e-18 
 2409       1.208275363405e-11       5.993484583280e-13      -4.492268255481e-13       2.132267730156e-15       8.490872644046e-17       3.805701399812e-17       3.943349220984e-18 
 2410       1.204714930242e-11       5.994625125584e-13      -4.548087056958e-13       2.129223943575e-15       8.476197272444e-17       3.785750395911e-17       3.961169812442e-18 
 2411       1.201205009641e-11       5.995403267209e-13      -4.604189019887e-13       2.126187007698e-15       8.461552801891e-17       3.765867815239e-17       3.978954339436e-18 
 2412       1.197745371784e-11       5.995818611339e-13      -4.660550452606e-13       2.123156940037e-15       8.446939180405e-17       3.746056425939e-17       3.996633415168e-18 
 2413       1.194335785750e-11       5.995870762074e-13      -4.717147583489e-13       2.120133758087e-15       8.432356355511e-17       3.726319004764e-17       4.014137423033e-18 
 2414       1.190976019512e-11       5.995559324425e-13      -4.773956560860e-13       2.117117479334e-15       8.417804274236e-17       3.706658337083e-17       4.031396516378e-18 
 2415       1.187665839937e-11       5.994883904325e-13      -4.830953452910e-13       2.114108121249e-15       8.403282883116e-17       3.687077216889e-17       4.048340618269e-18 
 2416       1.184405012785e-11       5.993844108622e-13      -4.888114247616e-13       2.111105701292e-15       8.388792128186e-17       3.667578446809e-17       4.064899421251e-18 
 2417       1.181193302707e-11       5.992439545088e-13      -4.945414852655e-13       2.108110236907e-15       8.374331954987e-17       3.648164838112e-17       4.081002387108e-18 
 2418       1.178030473245e-11       5.990669822414e-13      -5.002831095321e-13       2.105121745528e-15       8.359902308561e-17       3.628839210719e-17       4.096578746628e-18 
 2419       1.174916286828e-11       5.988534550218e-13      -5.060338722445e-13       2.102140244575e-15       8.345503133453e-17       3.609604393209e-17       4.111557499364e-18 
 2420       1.171850504773e-11       5.986033339043e-13      -5.117913400306e-13       2.099165751454e-15       8.331134373708e-17       3.590463222831e-17       4.125867413396e-18 
 2421       1.168832887285e-11       5.983165800358e-13      -5.175530714555e-13       2.096198283558e-15       8.316795972870e-17       3.571418545510e-17       4.139437025092e-18 
 2422       1.165863193452e-11       5.979931546563e-13      -5.233166170124e-13       2.093237858270e-15       8.302487873986e-17       3.552473215856e-17       4.152194638873e-18 
 2423       1.162941181245e-11       5.976330190989e-13      -5.290795191148e-13       2.090284492955e-15       8.288210019600e-17       3.533630097175e-17       4.164068326970e-18 
 2424       1.160066607521e-11       5.972361347899e-13      -5.348393120881e-13       2.087338204968e-15       8.273962351754e-17       3.514892061476e-17       4.174985929192e-18 
 2425       1.157239228015e-11       5.968024632489e-13      -5.405935221612e-13       2.084399011650e-15       8.259744811990e-17       3.496261989478e-17       4.184875052684e-18 
 2426       1.154458797343e-11       5.963319660894e-13      -5.463396674580e-13       2.081466930328e-15       8.245557341344e-17       3.477742770622e-17       4.193663071689e-18 
 2427       1.151725068999e-11       5.958246050184e-13      -5.520752579893e-13       2.078541978316e-15       8.231399880353e-17       3.459337303078e-17       4.201277127315e-18 
 2428       1.149037795355e-11       5.952803418372e-13      -5.577977956446e-13       2.075624172915e-15       8.217272369045e-17       3.441048493754e-17       4.207644127288e-18 
 2429       1.146396727658e-11       5.946991384408e-13      -5.635047741833e-13       2.072713531412e-15       8.203174746946e-17       3.422879258304e-17       4.212690745723e-18 
 2430       1.143801616033e-11       5.940809568187e-13      -5.691936792269e-13       2.069810071081e-15       8.189106953076e-17       3.404832521138e-17       4.216343422882e-18 
 2431       1.141252209475e-11       5.934257590550e-13      -5.748619882503e-13       2.066913809182e-15       8.175068925949e-17       3.386911215428e-17       4.218528364935e-18 
 2432       1.138748255852e-11       5.927335073282e-13      -5.805071705737e-13       2.064024762962e-15       8.161060603571e-17       3.369118283122e-17       4.219171543723e-18 
 2433       1.136289501905e-11       5.920041639117e-13      -5.861266873541e-13       2.061142949654e-15       8.147081923444e-17       3.351456674946e-17       4.218198696524e-18 
 2434       1.133875693243e-11       5.912376911740e-13      -5.917179915771e-13       2.058268386477e-15       8.133132822558e-17       3.333929350418e-17       4.215535325807e-18 
 2435       1.131506574343e-11       5.904340515785e-13      -5.972785280485e-13       2.055401090636e-15       8.119213237396e-17       3.316539277854e-17       4.211106699001e-18 
 2436       1.129181888552e-11       5.895932076840e-13      -6.028057333861e-13       2.052541079323e-15       8.105323103932e-17       3.299289434377e-17       4.204837848254e-18 
 2437       1.126901378079e-11       5.887151221451e-13      -6.082970360112e-13       2.049688369717e-15       8.091462357630e-17       3.282182805928e-17       4.196653570196e-18 
 2438       1.124664740986e-11       5.877998181300e-13      -6.137500433294e-13       2.046842971632e-15       8.077630933971e-17       3.265221758975e-17       4.186502564305e-18 
 2439       1.122471501847e-11       5.868475609732e-13      -6.191631045177e-13       2.044004865422e-15       8.063828770036e-17       3.248406151519e-17       4.174430006896e-18 
 2440       1.120321140310e-11       5.858586776144e-13      -6.245347511011e-13       2.041174023944e-15       8.050055802933e-17       3.231735210759e-17       4.160505412519e-18 
 2441       1.118213134032e-11       5.848334962810e-13      -6.298635100653e-13       2.038350419896e-15       8.036311969269e-17       3.215208160362e-17       4.144798535184e-18 
 2442       1.116146958684e-11       5.837723464888e-13      -6.351479038526e-13       2.035534025820e-15       8.022597205144e-17       3.198824220450e-17       4.127379368608e-18 
 2443       1.114122087941e-11       5.826755590442e-13      -6.403864503571e-13       2.032724814094e-15       8.008911446159e-17       3.182582607603e-17       4.108318146465e-18 
 2444       1.112137993490e-11       5.815434660450e-13      -6.455776629202e-13       2.029922756939e-15       7.995254627408e-17       3.166482534850e-17       4.087685342638e-18 
 2445       1.110194145018e-11       5.803764008818e-13      -6.507200503262e-13       2.027127826417e-15       7.981626683483e-17       3.150523211669e-17       4.065551671464e-18 
 2446       1.108290010215e-11       5.791746982400e-13      -6.558121167975e-13       2.024339994430e-15       7.968027548466e-17       3.134703843980e-17       4.041988087984e-18 
 2447       1.106425054772e-11       5.779386941003e-13      -6.608523619905e-13       2.021559232717e-15       7.954457155939e-17       3.119023634141e-17       4.017065788196e-18 
 2448       1.104598742377e-11       5.766687257410e-13      -6.658392809903e-13       2.018785512861e-15       7.940915438972e-17       3.103481780947e-17       3.990856209298e-18 
 2449       1.102810534714e-11       5.753651317385e-13      -6.707713643070e-13       2.016018806282e-15       7.927402330130e-17       3.088077479625e-17       3.963431029943e-18 
 2450       1.101059891461e-11       5.740282519695e-13      -6.756470978704e-13       2.013259084240e-15       7.913917761472e-17       3.072809921827e-17       3.934862170485e-18 
 2451       1.099346270286e-11       5.726584276117e-13      -6.804649630261e-13       2.010506317834e-15       7.900461664544e-17       3.057678295628e-17       3.905221793228e-18 
 2452       1.097669126848e-11       5.712560011459e-13      -6.852234365305e-13       2.007760478003e-15       7.887033970387e-17       3.042681785524e-17       3.874582302676e-18 
 2453       1.096027914791e-11       5.698213163567e-13      -6.899209905464e-13       2.005021535524e-15       7.873634609530e-17       3.027819572427e-17       3.843016345783e-18 
 2454       1.094422085747e-11       5.683547183342e-13      -6.945560926385e-13       2.002289461011e-15       7.860263511991e-17       3.013090833656e-17       3.810596812200e-18 
 2455       1.092851089328e-11       5.668565534755e-13      -6.991272057686e-13       1.999564224920e-15       7.846920607280e-17       2.998494742942e-17       3.777396834528e-18 
 2456       1.091314373129e-11       5.653271694860e-13      -7.036327882916e-13       1.996845797543e-15       7.833605824390e-17       2.984030470416e-17       3.743489788563e-18 
 2457       1.089811382722e-11       5.637669153807e-13      -7.080712939504e-13       1.994134149009e-15       7.820319091807e-17       2.969697182610e-17       3.708949293545e-18 
 2458       1.088341561656e-11       5.621761414857e-13      -7.124411718715e-13       1.991429249288e-15       7.807060337501e-17       2.955494042451e-17       3.673849212413e-18 
 2459       1.086904351455e-11       5.605551994394e-13      -7.167408665606e-13       1.988731068185e-15       7.793829488928e-17       2.941420209257e-17       3.638263652047e-18 
 2460       1.085499191614e-11       5.589044421942e-13      -7.209688178979e-13       1.986039575344e-15       7.780626473032e-17       2.927474838734e-17       3.602266963521e-18 
 2461       1.084125519599e-11       5.572242240178e-13      -7.251234611337e-13       1.983354740245e-15       7.767451216240e-17       2.913657082969e-17       3.565933742352e-18 
 2462       1.082782770843e-11       5.555149004942e-13      -7.292032268837e-13       1.980676532206e-15       7.754303644464e-17       2.899966090432e-17       3.529338828750e-18 
 2463       1.081470378747e-11       5.537768285258e-13      -7.332065411244e-13       1.978004920381e-15       7.741183683100e-17       2.886401005965e-17       3.492557307863e-18 
 2464       1.080187774674e-11       5.520103663340e-13      -7.371318251889e-13       1.975339873763e-15       7.728091257027e-17       2.872960970784e-17       3.455664510031e-18 
 2465       1.078934387947e-11       5.502158734614e-13      -7.409774957620e-13       1.972681361178e-15       7.715026290607e-17       2.859645122471e-17       3.418736011033e-18 
 2466       1.077709645851e-11       5.483937107724e-13      -7.447419648755e-13       1.970029351292e-15       7.701988707682e-17       2.846452594971e-17       3.381847632336e-18 
 2467       1.076512973628e-11       5.465442404553e-13      -7.484236399044e-13       1.967383812604e-15       7.688978431577e-17       2.833382518590e-17       3.345075441344e-18 
 2468       1.075343794473e-11       5.446678260232e-13      -7.520209235615e-13       1.964744713450e-15       7.675995385098e-17       2.820434019987e-17       3.308495751649e-18 
 2469       1.074201529537e-11       5.427648323155e-13      -7.555322138934e-13       1.962112022004e-15       7.663039490530e-17       2.807606222175e-17       3.272185123278e-18 
 2470       1.073085597920e-11       5.408356254994e-13      -7.589559042755e-13       1.959485706271e-15       7.650110669636e-17       2.794898244512e-17       3.236220362943e-18 
 2471       1.071995416670e-11       5.388805730714e-13      -7.622903834082e-13       1.956865734095e-15       7.637208843660e-17       2.782309202703e-17       3.200678524291e-18 
 2472       1.070930400784e-11       5.369000438581e-13      -7.655340353113e-13       1.954252073155e-15       7.624333933324e-17       2.769838208788e-17       3.165636908152e-18 
 2473       1.069889963202e-11       5.348944080185e-13      -7.686852393205e-13       1.951644690963e-15       7.611485858824e-17       2.757484371146e-17       3.131173062789e-18 
 2474       1.068873514806e-11       5.328640370446e-13      -7.717423700820e-13       1.949043554867e-15       7.598664539837e-17       2.745246794486e-17       3.097364784146e-18 
 2475       1.067880464418e-11       5.308093037632e-13      -7.747037975486e-13       1.946448632050e-15       7.585869895515e-17       2.733124579845e-17       3.064290116097e-18 
 2476       1.066910218800e-11       5.287305823371e-13      -7.775678869748e-13       1.943859889529e-15       7.573101844482e-17       2.721116824583e-17       3.032027350699e-18 
 2477       1.065962152752e-11       5.266283053381e-13      -7.803333301636e-13       1.941277285967e-15       7.560360301214e-17       2.709223135882e-17       3.000637700705e-18 
 2478       1.065035519238e-11       5.245031353303e-13      -7.830001413564e-13       1.938700747062e-15       7.547645165122e-17       2.697445174568e-17       2.970113204690e-18 
 2479       1.064129538724e-11       5.223557943038e-13      -7.855686672213e-13       1.936130190015e-15       7.534956331398e-17       2.685785120408e-17       2.940428514475e-18 
 2480       1.063243429027e-11       5.201870066978e-13      -7.880392561381e-13       1.933565531699e-15       7.522293694637e-17       2.674245159441e-17       2.911558194801e-18 
 2481       1.062376405311e-11       5.179974994033e-13      -7.904122582001e-13       1.931006688663e-15       7.509657148836e-17       2.662827483983e-17       2.883476723240e-18 
 2482       1.061527680082e-11       5.157880017652e-13      -7.926880252163e-13       1.928453577129e-15       7.497046587393e-17       2.651534292636e-17       2.856158490107e-18 
 2483       1.060696463190e-11       5.135592455853e-13      -7.948669107133e-13       1.925906112993e-15       7.484461903106e-17       2.640367790294e-17       2.829577798367e-18 
 2484       1.059881961821e-11       5.113119651246e-13      -7.969492699369e-13       1.923364211826e-15       7.471902988173e-17       2.629330188144e-17       2.803708863550e-18 
 2485       1.059083380498e-11       5.090468971055e-13      -7.989354598545e-13       1.920827788870e-15       7.459369734191e-17       2.618423703678e-17       2.778525813656e-18 
 2486       1.058299921077e-11       5.067647807149e-13      -8.008258391567e-13       1.918296759041e-15       7.446862032155e-17       2.607650560697e-17       2.754002689071e-18 
 2487       1.057530782745e-11       5.044663576062e-13      -8.026207682592e-13       1.915771036926e-15       7.434379772459e-17       2.597012989317e-17       2.730113442473e-18 
 2488       1.056775162014e-11       5.021523719022e-13      -8.043206093050e-13       1.913250536784e-15       7.421922844890e-17       2.586513225972e-17       2.706831938745e-18 
 2489       1.056032252725e-11       4.998235701972e-13      -8.059257261661e-13       1.910735172548e-15       7.409491138636e-17       2.576153513427e-17       2.684131954884e-18 
 2490       1.055301246038e-11       4.974807015598e-13      -8.074364844455e-13       1.908224857819e-15       7.397084542277e-17       2.565936100776e-17       2.661987179913e-18 
 2491       1.054581330434e-11       4.951245175353e-13      -8.088532514791e-13       1.905719505870e-15       7.384702943789e-17       2.555863243455e-17       2.640371214789e-18 
 2492       1.053871691709e-11       4.927557721484e-13      -8.101763963377e-13       1.903219029647e-15       7.372346230541e-17       2.545937203244e-17       2.619257572317e-18 
 2493       1.053171512975e-11       4.903752219053e-13      -8.114062898288e-13       1.900723341762e-15       7.360014289298e-17       2.536160248274e-17       2.598619677055e-18 
 2494       1.052479974654e-11       4.879836257965e-13      -8.125433044988e-13       1.898232354500e-15       7.347707006214e-17       2.526534653033e-17       2.578430865229e-18 
 2495       1.051796254479e-11       4.855817452993e-13      -8.135878146345e-13       1.895745979814e-15       7.335424266837e-17       2.517062698373e-17       2.558664384644e-18 
 2496       1.051119527484e-11       4.831703443803e-13      -8.145401962653e-13       1.893264129328e-15       7.323165956105e-17       2.507746671514e-17       2.539293394590e-18 
 2497       1.050448966012e-11       4.807501894977e-13      -8.154008271652e-13       1.890786714331e-15       7.310931958349e-17       2.498588866052e-17       2.520290965755e-18 
 2498       1.049783739702e-11       4.783220496042e-13      -8.161700868545e-13       1.888313645784e-15       7.298722157286e-17       2.489591581964e-17       2.501630080136e-18 
 2499       1.049123015492e-11       4.758866961490e-13      -8.168483566019e-13       1.885844834315e-15       7.286536436025e-17       2.480757125617e-17       2.483283630949e-18 
 2500       1.048465957617e-11       4.734449030808e-13      -8.174360194264e-13       1.883380190220e-15       7.274374677061e-17       2.472087809767e-17       2.465224422539e-18 
