# dimensionless total [l(l+1)/2pi] C_l's
# for l=2 to 3000, i.e. number of multipoles equal to 2999
#
# -> if you prefer output in CAMB/HealPix/LensPix units/order, set 'format' to 'camb' in input file
# -> if you don't want to see such a header, set 'headers' to 'no' in input file
# -> for CMB lensing (phi), these are C_l^phi-phi for the lensing potential.
#    Remember the conversion factors:
#    C_l^dd (deflection) = l(l+1) C_l^phi-phi
#    C_l^gg (shear/convergence) = 1/4 (l(l+1))^2 C_l^phi-phi
#
# 1:l     2:TT                     3:EE                     4:TE                     5:BB                     6:phiphi                 7:TPhi                   8:Ephi               
    2       1.342963853135e-10       4.099695155502e-15       3.511826320971e-13       0.000000000000e+00       7.971230082395e-09       4.246103965124e-10      -1.822572974679e-12 
    3       1.275623240645e-10       5.498989870949e-15       3.988579960855e-13       0.000000000000e+00       4.828656041361e-09       2.988969076963e-10      -1.417454670335e-12 
    4       1.210836183796e-10       5.009410716760e-15       3.777702120798e-13       0.000000000000e+00       3.319038199327e-09       2.247861614630e-10      -9.647087201217e-13 
    5       1.162427621702e-10       3.532876305929e-15       3.259859618271e-13       0.000000000000e+00       2.453705241180e-09       1.763331478280e-10      -5.713966677759e-13 
    6       1.129654742852e-10       2.069887438157e-15       2.658770635558e-13       0.000000000000e+00       1.900179226085e-09       1.424875342877e-10      -2.688776595077e-13 
    7       1.109237165872e-10       1.124464728575e-15       2.107488859685e-13       0.000000000000e+00       1.520812967163e-09       1.177615302802e-10      -6.296070634619e-14 
    8       1.098252334897e-10       6.911693824414e-16       1.667978057631e-13       0.000000000000e+00       1.247540575218e-09       9.905981425938e-11       5.527451118287e-14 
    9       1.094419658404e-10       5.399089265720e-16       1.359317022655e-13       0.000000000000e+00       1.043146627166e-09       8.454085007439e-11       1.031603737685e-13 
   10       1.095576881783e-10       4.696344020015e-16       1.174503848036e-13       0.000000000000e+00       8.857862539984e-10       7.308751973346e-11       1.019119513602e-13 
   11       1.101404648260e-10       4.006621138599e-16       1.091904728544e-13       0.000000000000e+00       7.562737397992e-10       6.472211405547e-11       7.297621306465e-14 
   12       1.110401630483e-10       3.388511890467e-16       1.083630671877e-13       0.000000000000e+00       6.578230248535e-10       5.698740173961e-11       3.411880578620e-14 
   13       1.121546391101e-10       3.066691331559e-16       1.123054113568e-13       0.000000000000e+00       5.772475816874e-10       5.069240921421e-11      -1.207791993452e-15 
   14       1.134661615499e-10       3.068782358486e-16       1.188981602941e-13       0.000000000000e+00       5.104126588437e-10       4.518823420768e-11      -2.599145852499e-14 
   15       1.149998580335e-10       3.264201539583e-16       1.266243034676e-13       0.000000000000e+00       4.543282292292e-10       4.058706809091e-11      -3.761957159993e-14 
   16       1.166318901085e-10       3.545263550239e-16       1.345362276851e-13       0.000000000000e+00       4.067860844674e-10       3.671802387766e-11      -3.763606400833e-14 
   17       1.184026772753e-10       3.916119036722e-16       1.423114424865e-13       0.000000000000e+00       3.661235972197e-10       3.336983612538e-11      -2.984374785567e-14 
   18       1.202579391395e-10       4.451128107729e-16       1.499868954158e-13       0.000000000000e+00       3.309385242841e-10       3.039634851940e-11      -1.888897478426e-14 
   19       1.222100701192e-10       5.187795013486e-16       1.577832146949e-13       0.000000000000e+00       3.006320004078e-10       2.778548145327e-11      -8.204689903273e-15 
   20       1.242533374994e-10       6.138587367706e-16       1.659627392188e-13       0.000000000000e+00       2.740196891386e-10       2.550181250546e-11      -1.012688285419e-15 
   21       1.263832340481e-10       7.286449325625e-16       1.746272266750e-13       0.000000000000e+00       2.506626860645e-10       2.350612468508e-11       1.823520286716e-15 
   22       1.285671474212e-10       8.601646018114e-16       1.837688324316e-13       0.000000000000e+00       2.299797257719e-10       2.172411195915e-11       5.999193186343e-16 
   23       1.308163594211e-10       1.008782608337e-15       1.932064150940e-13       0.000000000000e+00       2.116796786716e-10       2.012716213491e-11      -3.407357354822e-15 
   24       1.331329084944e-10       1.175628926629e-15       2.026307837126e-13       0.000000000000e+00       1.953304915178e-10       1.868419575120e-11      -8.311421811547e-15 
   25       1.355063197010e-10       1.360457755765e-15       2.116618690617e-13       0.000000000000e+00       1.806998827396e-10       1.739304469594e-11      -1.260057314587e-14 
   26       1.379105222566e-10       1.562674620838e-15       2.198948435142e-13       0.000000000000e+00       1.674912197772e-10       1.624663599811e-11      -1.493973227797e-14 
   27       1.403562469411e-10       1.783306402842e-15       2.271879986943e-13       0.000000000000e+00       1.556292302363e-10       1.522924156845e-11      -1.523465112458e-14 
   28       1.428516797961e-10       2.024035448372e-15       2.334902673966e-13       0.000000000000e+00       1.449632696070e-10       1.430537462141e-11      -1.391079927781e-14 
   29       1.453915587267e-10       2.286649747024e-15       2.387716129057e-13       0.000000000000e+00       1.352258522257e-10       1.343059288094e-11      -1.156985482149e-14 
   30       1.479808776696e-10       2.572520163176e-15       2.430333171154e-13       0.000000000000e+00       1.263586398306e-10       1.260960432006e-11      -8.831122988148e-15 
   31       1.506169455073e-10       2.882925792468e-15       2.463053100495e-13       0.000000000000e+00       1.182917306562e-10       1.185950368075e-11      -6.454942313889e-15 
   32       1.532877450515e-10       3.219111162014e-15       2.486324078768e-13       0.000000000000e+00       1.108925504342e-10       1.119090033581e-11      -5.184046292880e-15 
   33       1.559941969238e-10       3.582016101616e-15       2.500275804843e-13       0.000000000000e+00       1.041176112969e-10       1.059540043901e-11      -4.993876139430e-15 
   34       1.587337319944e-10       3.972437959789e-15       2.505032729258e-13       0.000000000000e+00       9.790370317914e-11       1.005219396037e-11      -5.561766671833e-15 
   35       1.614987553083e-10       4.391136380995e-15       2.500583760021e-13       0.000000000000e+00       9.215456622687e-11       9.537725504849e-12      -6.506415266706e-15 
   36       1.642955241521e-10       4.838977705094e-15       2.485888536920e-13       0.000000000000e+00       8.685323392637e-11       9.050929922028e-12      -7.572497899092e-15 
   37       1.671303504227e-10       5.316832751117e-15       2.459446270810e-13       0.000000000000e+00       8.198130236258e-11       8.596007003600e-12      -8.500584665627e-15 
   38       1.700037294168e-10       5.825534424701e-15       2.419509796147e-13       0.000000000000e+00       7.748503503881e-11       8.175496283368e-12      -8.973394873313e-15 
   39       1.729121008046e-10       6.365850153315e-15       2.364452615980e-13       0.000000000000e+00       7.329427208436e-11       7.789989285892e-12      -8.719851839753e-15 
   40       1.758555135864e-10       6.938395782013e-15       2.294063819529e-13       0.000000000000e+00       6.939480168714e-11       7.437607416739e-12      -7.879169122367e-15 
   41       1.788314323917e-10       7.543686881278e-15       2.208664966931e-13       0.000000000000e+00       6.577523748416e-11       7.114029971661e-12      -6.754554462451e-15 
   42       1.818320296395e-10       8.182155491658e-15       2.108774813654e-13       0.000000000000e+00       6.240546141466e-11       6.812383774589e-12      -5.720442923998e-15 
   43       1.848483216089e-10       8.854229596132e-15       1.994924067022e-13       0.000000000000e+00       5.924744965820e-11       6.525283473700e-12      -5.130385161060e-15 
   44       1.878853020001e-10       9.560613313681e-15       1.867002999338e-13       0.000000000000e+00       5.629549266037e-11       6.252181277031e-12      -4.995838874147e-15 
   45       1.909506844585e-10       1.030208541565e-14       1.724730080275e-13       0.000000000000e+00       5.354587720746e-11       5.993975452809e-12      -5.214731357107e-15 
   46       1.940504768749e-10       1.107942253253e-14       1.567830414125e-13       0.000000000000e+00       5.098482846473e-11       5.750917117979e-12      -5.657704328114e-15 
   47       1.971887753091e-10       1.189339937547e-14       1.396034938868e-13       0.000000000000e+00       4.858773022743e-11       5.522554204750e-12      -6.166456642001e-15 
   48       2.003675664430e-10       1.274469568380e-14       1.209052324811e-13       0.000000000000e+00       4.632654098895e-11       5.307995692430e-12      -6.589369990559e-15 
   49       2.035865499353e-10       1.363358553335e-14       1.006477172248e-13       0.000000000000e+00       4.419633358233e-11       5.106923124937e-12      -6.904128241415e-15 
   50       2.068429119294e-10       1.456016082848e-14       7.878545597542e-14       0.000000000000e+00       4.219489704249e-11       4.918767955924e-12      -7.126815583098e-15 
   51       2.101311115732e-10       1.552441250376e-14       5.527029454077e-14       0.000000000000e+00       4.031484127109e-11       4.742377461861e-12      -7.277890248665e-15 
   52       2.134426753785e-10       1.652622598660e-14       3.005119729783e-14       0.000000000000e+00       3.854323544151e-11       4.575975048650e-12      -7.382429421306e-15 
   53       2.167692494742e-10       1.756549626243e-14       3.080090708751e-15       0.000000000000e+00       3.686556568005e-11       4.417653066936e-12      -7.466339202600e-15 
   54       2.201131511613e-10       1.864251825157e-14      -2.566833706031e-14       0.000000000000e+00       3.527963523220e-11       4.267091402187e-12      -7.543276611805e-15 
   55       2.234791722127e-10       1.975768890696e-14      -5.621172677740e-14       0.000000000000e+00       3.378460841635e-11       4.124211627870e-12      -7.624791507572e-15 
   56       2.268714909873e-10       2.091139686485e-14      -8.856563134678e-14       0.000000000000e+00       3.237682778226e-11       3.988666203726e-12      -7.724141186535e-15 
   57       2.302936033885e-10       2.210402292218e-14      -1.227434809805e-13       0.000000000000e+00       3.104963361774e-11       3.859821109792e-12      -7.856366109149e-15 
   58       2.337482538233e-10       2.333594051396e-14      -1.587565483701e-13       0.000000000000e+00       2.979318345534e-11       3.736738480416e-12      -8.038365625523e-15 
   59       2.372373889480e-10       2.460743093670e-14      -1.966112378004e-13       0.000000000000e+00       2.859710566221e-11       3.618460652586e-12      -8.282674376466e-15 
   60       2.407621631685e-10       2.591840494409e-14      -2.363002964378e-13       0.000000000000e+00       2.745958976114e-11       3.504978782351e-12      -8.576931753459e-15 
   61       2.443228123991e-10       2.726861722635e-14      -2.778094968602e-13       0.000000000000e+00       2.638009190819e-11       3.396458877839e-12      -8.899769997416e-15 
   62       2.479185645131e-10       2.865774361625e-14      -3.211200106802e-13       0.000000000000e+00       2.535660372460e-11       3.292953160389e-12      -9.226559316834e-15 
   63       2.515475710732e-10       3.008537867648e-14      -3.662082830028e-13       0.000000000000e+00       2.438556787402e-11       3.194392916009e-12      -9.529270077192e-15 
   64       2.552068390636e-10       3.155103328717e-14      -4.130459068836e-13       0.000000000000e+00       2.346179363990e-11       3.100581346828e-12      -9.776334990359e-15 
   65       2.588933755902e-10       3.305414976813e-14      -4.616066106648e-13       0.000000000000e+00       2.257985489338e-11       3.011258155136e-12      -9.940123123619e-15 
   66       2.626080570994e-10       3.459415638734e-14      -5.118892219317e-13       0.000000000000e+00       2.173881773861e-11       2.926325249864e-12      -1.002151122665e-14 
   67       2.663524599773e-10       3.617042011786e-14      -5.638993568766e-13       0.000000000000e+00       2.093836614594e-11       2.845656203383e-12      -1.003028521281e-14 
   68       2.701276861885e-10       3.778222823538e-14      -6.176428086067e-13       0.000000000000e+00       2.017736575485e-11       2.769023690862e-12      -9.978061220768e-15 
   69       2.739343289364e-10       3.942878639615e-14      -6.731256205636e-13       0.000000000000e+00       1.945382091671e-11       2.696094348225e-12      -9.878360721866e-15 
   70       2.777724383236e-10       4.110921671488e-14      -7.303541599429e-13       0.000000000000e+00       1.876483173758e-11       2.626423630114e-12      -9.746685627602e-15 
   71       2.816414870125e-10       4.282255584266e-14      -7.893351911134e-13       0.000000000000e+00       1.810655112097e-11       2.559450667841e-12      -9.600593397049e-15 
   72       2.855408648508e-10       4.456782854726e-14      -8.500703826716e-13       0.000000000000e+00       1.747515447953e-11       2.494638227441e-12      -9.456142241730e-15 
   73       2.894715489755e-10       4.634428907645e-14      -9.125384447972e-13       0.000000000000e+00       1.687005982200e-11       2.431935112364e-12      -9.316269880378e-15 
   74       2.934346937207e-10       4.815122286652e-14      -9.767096798801e-13       0.000000000000e+00       1.629125100915e-11       2.371393639730e-12      -9.180309431746e-15 
   75       2.974311081732e-10       4.998787495006e-14      -1.042551192331e-12       0.000000000000e+00       1.573830035134e-11       2.313030606462e-12      -9.047414032574e-15 
   76       3.014612339095e-10       5.185344975764e-14      -1.110026834916e-12       0.000000000000e+00       1.521034877158e-11       2.256825460034e-12      -8.916549070541e-15 
   77       3.055251227329e-10       5.374711091955e-14      -1.179097155086e-12       0.000000000000e+00       1.470608596864e-11       2.202718469212e-12      -8.786484417207e-15 
   78       3.096224144111e-10       5.566798106746e-14      -1.249719341315e-12       0.000000000000e+00       1.422373058008e-11       2.150608894808e-12      -8.655786660964e-15 
   79       3.137523144134e-10       5.761514163620e-14      -1.321847169432e-12       0.000000000000e+00       1.376101034536e-11       2.100353160417e-12      -8.522811339978e-15 
   80       3.179140025207e-10       5.958759996342e-14      -1.395434559303e-12       0.000000000000e+00       1.331571531219e-11       2.051804896005e-12      -8.386287550435e-15 
   81       3.221079893561e-10       6.158418444489e-14      -1.470447074293e-12       0.000000000000e+00       1.288751173817e-11       2.004947101724e-12      -8.247205780453e-15 
   82       3.263349558996e-10       6.360363072402e-14      -1.546852330249e-12       0.000000000000e+00       1.247640846449e-11       1.959779704585e-12      -8.107245284941e-15 
   83       3.305953294765e-10       6.564461198516e-14      -1.624616575522e-12       0.000000000000e+00       1.208220276916e-11       1.916278686666e-12      -7.968213983424e-15 
   84       3.348892694733e-10       6.770573814974e-14      -1.703704704153e-12       0.000000000000e+00       1.170447114205e-11       1.874395031275e-12      -7.832051662907e-15 
   85       3.392166530546e-10       6.978555507237e-14      -1.784080269069e-12       0.000000000000e+00       1.134256005982e-11       1.834053669126e-12      -7.700833180730e-15 
   86       3.435770608793e-10       7.188254373699e-14      -1.865705495273e-12       0.000000000000e+00       1.099557676096e-11       1.795152424500e-12      -7.576771667431e-15 
   87       3.479697628167e-10       7.399511945295e-14      -1.948541293035e-12       0.000000000000e+00       1.066238002074e-11       1.757560961421e-12      -7.462221729603e-15 
   88       3.523937036634e-10       7.612163105117e-14      -2.032547271086e-12       0.000000000000e+00       1.034157092623e-11       1.721119729822e-12      -7.359682652751e-15 
   89       3.568478800829e-10       7.826041407682e-14      -2.117681148228e-12       0.000000000000e+00       1.003181981032e-11       1.685679352150e-12      -7.271179181958e-15 
   90       3.613325703242e-10       8.040996168253e-14      -2.203896853648e-12       0.000000000000e+00       9.732925937173e-12       1.651228161044e-12      -7.196285562009e-15 
   91       3.658482719874e-10       8.256877918635e-14      -2.291146151522e-12       0.000000000000e+00       9.444907824008e-12       1.617782819653e-12      -7.133795992533e-15 
   92       3.703953196672e-10       8.473533246670e-14      -2.379379220191e-12       0.000000000000e+00       9.167677749600e-12       1.585349220475e-12      -7.082313420583e-15 
   93       3.749738765311e-10       8.690804796732e-14      -2.468544656338e-12       0.000000000000e+00       8.901037565352e-12       1.553922037372e-12      -7.040243418820e-15 
   94       3.795839258961e-10       8.908531270240e-14      -2.558589479168e-12       0.000000000000e+00       8.644674506369e-12       1.523484277587e-12      -7.005788063696e-15 
   95       3.842252628065e-10       9.126547426160e-14      -2.649459134585e-12       0.000000000000e+00       8.398157002541e-12       1.494006833768e-12      -6.976939813632e-15 
   96       3.888974856112e-10       9.344684081514e-14      -2.741097499376e-12       0.000000000000e+00       8.160930489621e-12       1.465448035980e-12      -6.951475387204e-15 
   97       3.935999875411e-10       9.562768111884e-14      -2.833446885388e-12       0.000000000000e+00       7.932313220302e-12       1.437753203725e-12      -6.926949641325e-15 
   98       3.983319482867e-10       9.780622451916e-14      -2.926448043705e-12       0.000000000000e+00       7.711492075302e-12       1.410854197963e-12      -6.900689449423e-15 
   99       4.030925619977e-10       9.998068893401e-14      -3.020040820028e-12       0.000000000000e+00       7.497705525110e-12       1.384685894864e-12      -6.870345842272e-15 
  100       4.078817763373e-10       1.021493693063e-13      -3.114166217686e-12       0.000000000000e+00       7.290831139672e-12       1.359239237872e-12      -6.835652898376e-15 
  101       4.126996429495e-10       1.043105617466e-13      -3.208764635951e-12       0.000000000000e+00       7.090873899763e-12       1.334514902753e-12      -6.796907771745e-15 
  102       4.175460848881e-10       1.064625370152e-13      -3.303775256836e-12       0.000000000000e+00       6.897784574110e-12       1.310506806436e-12      -6.754435291982e-15 
  103       4.224208910605e-10       1.086035408662e-13      -3.399136057167e-12       0.000000000000e+00       6.711457798958e-12       1.287201864144e-12      -6.708588609283e-15 
  104       4.273237106703e-10       1.107317943915e-13      -3.494783820652e-12       0.000000000000e+00       6.531730157648e-12       1.264579746527e-12      -6.659749839440e-15 
  105       4.322540476611e-10       1.128454943652e-13      -3.590654149959e-12       0.000000000000e+00       6.358378260186e-12       1.242612636788e-12      -6.608330708841e-15 
  106       4.372112551590e-10       1.149428135877e-13      -3.686681478782e-12       0.000000000000e+00       6.191116822814e-12       1.221264987814e-12      -6.554773199474e-15 
  107       4.421945299160e-10       1.170219012297e-13      -3.782799083922e-12       0.000000000000e+00       6.029596747584e-12       1.200493279310e-12      -6.499550193926e-15 
  108       4.472029067533e-10       1.190808831764e-13      -3.878939097351e-12       0.000000000000e+00       5.873403201931e-12       1.180245774923e-12      -6.443166120392e-15 
  109       4.522352530042e-10       1.211178623719e-13      -3.975032518292e-12       0.000000000000e+00       5.722053698241e-12       1.160462279376e-12      -6.386157597666e-15 
  110       4.572904860700e-10       1.231309653383e-13      -4.071010034274e-12       0.000000000000e+00       5.575104942196e-12       1.141088446692e-12      -6.329004899486e-15 
  111       4.623682696527e-10       1.251184877622e-13      -4.166804577836e-12       0.000000000000e+00       5.432493039544e-12       1.122121307124e-12      -6.271852085791e-15 
  112       4.674683966404e-10       1.270787682710e-13      -4.262349121142e-12       0.000000000000e+00       5.294233437020e-12       1.103569139274e-12      -6.214752094786e-15 
  113       4.725905706339e-10       1.290101447119e-13      -4.357575916039e-12       0.000000000000e+00       5.160315203907e-12       1.085437341120e-12      -6.157752493032e-15 
  114       4.777344025827e-10       1.309109549500e-13      -4.452416514079e-12       0.000000000000e+00       5.030700180589e-12       1.067728330154e-12      -6.100895243981e-15 
  115       4.828994074209e-10       1.327795376663e-13      -4.546801786542e-12       0.000000000000e+00       4.905322127105e-12       1.050441443520e-12      -6.044216476507e-15 
  116       4.880850007030e-10       1.346142331554e-13      -4.640661944461e-12       0.000000000000e+00       4.784085871700e-12       1.033572838151e-12      -5.987746253443e-15 
  117       4.932904952399e-10       1.364133841239e-13      -4.733926558645e-12       0.000000000000e+00       4.666866459380e-12       1.017115390912e-12      -5.931508340109e-15 
  118       4.985150977349e-10       1.381753364880e-13      -4.826524579701e-12       0.000000000000e+00       4.553508300462e-12       1.001058598732e-12      -5.875519972852e-15 
  119       5.037579054192e-10       1.398984401717e-13      -4.918384358059e-12       0.000000000000e+00       4.443824319128e-12       9.853884787482e-13      -5.819791627576e-15 
  120       5.090179026884e-10       1.415810499045e-13      -5.009433663997e-12       0.000000000000e+00       4.337595101977e-12       9.700874684410e-13      -5.764326788274e-15 
  121       5.142939577376e-10       1.432215260198e-13      -5.099599707658e-12       0.000000000000e+00       4.234568046579e-12       9.551343257734e-13      -5.709121715565e-15 
  122       5.195848191982e-10       1.448182352524e-13      -5.188809159081e-12       0.000000000000e+00       4.134456510026e-12       9.405040293296e-13      -5.654165215225e-15 
  123       5.248892746679e-10       1.463695980511e-13      -5.276988894480e-12       0.000000000000e+00       4.037000675614e-12       9.261736103955e-13      -5.599439701747e-15 
  124       5.302066540911e-10       1.478742349707e-13      -5.364068289514e-12       0.000000000000e+00       3.942159884160e-12       9.121406205583e-13      -5.544925020411e-15 
  125       5.355363781373e-10       1.493308386799e-13      -5.449977228437e-12       0.000000000000e+00       3.849940896331e-12       8.984066073818e-13      -5.490594630126e-15 
  126       5.408777994171e-10       1.507381301051e-13      -5.534645426907e-12       0.000000000000e+00       3.760337791476e-12       8.849713198484e-13      -5.436414128734e-15 
  127       5.462302003922e-10       1.520948595945e-13      -5.618002457721e-12       0.000000000000e+00       3.673331601761e-12       8.718326551697e-13      -5.382341031731e-15 
  128       5.515927912845e-10       1.533998080820e-13      -5.699977776560e-12       0.000000000000e+00       3.588889946311e-12       8.589866055959e-13      -5.328324550993e-15 
  129       5.569647079861e-10       1.546517882510e-13      -5.780500747716e-12       0.000000000000e+00       3.506966665348e-12       8.464272052258e-13      -5.274305373491e-15 
  130       5.623450099691e-10       1.558496456987e-13      -5.859500669840e-12       0.000000000000e+00       3.427501454333e-12       8.341464768167e-13      -5.220215440023e-15 
  131       5.677326781946e-10       1.569922600996e-13      -5.936906801672e-12       0.000000000000e+00       3.350419498105e-12       8.221343785944e-13      -5.165977723929e-15 
  132       5.731266130233e-10       1.580785463696e-13      -6.012648387782e-12       0.000000000000e+00       3.275631105018e-12       8.103787510629e-13      -5.111506009816e-15 
  133       5.785256321243e-10       1.591074558301e-13      -6.086654684306e-12       0.000000000000e+00       3.203031341086e-12       7.988652638140e-13      -5.056704672283e-15 
  134       5.839284683852e-10       1.600779773717e-13      -6.158854984685e-12       0.000000000000e+00       3.132499664119e-12       7.875773623380e-13      -5.001468454640e-15 
  135       5.893337678217e-10       1.609891386183e-13      -6.229178645401e-12       0.000000000000e+00       3.063899557862e-12       7.764962148327e-13      -4.945682247632e-15 
  136       5.947400874871e-10       1.618400070908e-13      -6.297555111714e-12       0.000000000000e+00       2.997078166141e-12       7.656006590137e-13      -4.889220868160e-15 
  137       6.001460322342e-10       1.626297306591e-13      -6.363914743552e-12       0.000000000000e+00       2.931898191246e-12       7.548721922947e-13      -4.831985460527e-15 
  138       6.055506853966e-10       1.633576611565e-13      -6.428191335139e-12       0.000000000000e+00       2.868338088923e-12       7.443106377155e-13      -4.774017419792e-15 
  139       6.109532189176e-10       1.640232458235e-13      -6.490319906109e-12       0.000000000000e+00       2.806401596063e-12       7.339200058073e-13      -4.715395892441e-15 
  140       6.163527572999e-10       1.646259905670e-13      -6.550235955278e-12       0.000000000000e+00       2.746086237157e-12       7.237035756945e-13      -4.656202222681e-15 
  141       6.217483763959e-10       1.651654613748e-13      -6.607875491461e-12       0.000000000000e+00       2.687383163225e-12       7.136638739161e-13      -4.596519963621e-15 
  142       6.271391021993e-10       1.656412857279e-13      -6.663175064292e-12       0.000000000000e+00       2.630276990744e-12       7.038026532464e-13      -4.536434888436e-15 
  143       6.325239096353e-10       1.660531540146e-13      -6.716071795033e-12       0.000000000000e+00       2.574745640573e-12       6.941208715163e-13      -4.476035001547e-15 
  144       6.379017213524e-10       1.664008209431e-13      -6.766503407396e-12       0.000000000000e+00       2.520760176884e-12       6.846186704344e-13      -4.415410549790e-15 
  145       6.432714065129e-10       1.666841069553e-13      -6.814408258358e-12       0.000000000000e+00       2.468284646084e-12       6.752953544081e-13      -4.354654033589e-15 
  146       6.486317795838e-10       1.669028996399e-13      -6.859725368975e-12       0.000000000000e+00       2.417275915744e-12       6.661493693649e-13      -4.293860218127e-15 
  147       6.539815991281e-10       1.670571551458e-13      -6.902394455202e-12       0.000000000000e+00       2.367683513530e-12       6.571782815730e-13      -4.233126144524e-15 
  148       6.593195665955e-10       1.671468995953e-13      -6.942355958704e-12       0.000000000000e+00       2.319449466125e-12       6.483787564631e-13      -4.172551141004e-15 
  149       6.646443251137e-10       1.671722304974e-13      -6.979551077677e-12       0.000000000000e+00       2.272508138159e-12       6.397465374488e-13      -4.112236834071e-15 
  150       6.699544582790e-10       1.671333181612e-13      -7.013921797661e-12       0.000000000000e+00       2.226786071135e-12       6.312764247484e-13      -4.052287159679e-15 
  151       6.752484889474e-10       1.670304071091e-13      -7.045410922361e-12       0.000000000000e+00       2.182201822356e-12       6.229622542053e-13      -3.992808374407e-15 
  152       6.805248780256e-10       1.668638174902e-13      -7.073962104454e-12       0.000000000000e+00       2.138665803855e-12       6.147968761098e-13      -3.933909066631e-15 
  153       6.857821374528e-10       1.666339609149e-13      -7.099520416803e-12       0.000000000000e+00       2.096098523093e-12       6.067736459662e-13      -3.875677439270e-15 
  154       6.910191835042e-10       1.663413866415e-13      -7.122034060939e-12       0.000000000000e+00       2.054487551591e-12       5.988910972655e-13      -3.818110758848e-15 
  155       6.962350141703e-10       1.659867423963e-13      -7.141452876852e-12       0.000000000000e+00       2.013835568342e-12       5.911486646282e-13      -3.761179340410e-15 
  156       7.014285972948e-10       1.655707618130e-13      -7.157727850157e-12       0.000000000000e+00       1.974142367087e-12       5.835451975226e-13      -3.704848582942e-15 
  157       7.065988699471e-10       1.650942659191e-13      -7.170811145672e-12       0.000000000000e+00       1.935404788966e-12       5.760789467856e-13      -3.649078864795e-15 
  158       7.117447377952e-10       1.645581646226e-13      -7.180656140975e-12       0.000000000000e+00       1.897616655160e-12       5.687475511446e-13      -3.593825439098e-15 
  159       7.168650744777e-10       1.639634581988e-13      -7.187217459980e-12       0.000000000000e+00       1.860768699539e-12       5.615480237386e-13      -3.539038329180e-15 
  160       7.219587209770e-10       1.633112387772e-13      -7.190451006505e-12       0.000000000000e+00       1.824848501311e-12       5.544767386394e-13      -3.484662223983e-15 
  161       7.270244849913e-10       1.626026918281e-13      -7.190313997836e-12       0.000000000000e+00       1.789840417661e-12       5.475294173734e-13      -3.430636373487e-15 
  162       7.320611403073e-10       1.618390976493e-13      -7.186764998297e-12       0.000000000000e+00       1.755725516408e-12       5.407011154429e-13      -3.376894484120e-15 
  163       7.370674261728e-10       1.610218328531e-13      -7.179763952823e-12       0.000000000000e+00       1.722481508640e-12       5.339862088470e-13      -3.323364614183e-15 
  164       7.420420466694e-10       1.601523718526e-13      -7.169272220521e-12       0.000000000000e+00       1.690082681372e-12       5.273783806034e-13      -3.269969069263e-15 
  165       7.469836700846e-10       1.592322883492e-13      -7.155252608243e-12       0.000000000000e+00       1.658499830182e-12       5.208706072699e-13      -3.216624297653e-15 
  166       7.518909282846e-10       1.582632568183e-13      -7.137669404154e-12       0.000000000000e+00       1.627700191865e-12       5.144551454654e-13      -3.163240785771e-15 
  167       7.567624160870e-10       1.572470539971e-13      -7.116488411299e-12       0.000000000000e+00       1.597647377074e-12       5.081235183913e-13      -3.109722953576e-15 
  168       7.615966906332e-10       1.561855603707e-13      -7.091676981171e-12       0.000000000000e+00       1.568301302972e-12       5.018665023531e-13      -3.055969049989e-15 
  169       7.663922707606e-10       1.550807616591e-13      -7.063204047283e-12       0.000000000000e+00       1.539618125873e-12       4.956741132818e-13      -3.001871048305e-15 
  170       7.711476363758e-10       1.539347503037e-13      -7.031040158731e-12       0.000000000000e+00       1.511550173890e-12       4.895355932549e-13      -2.947314541618e-15 
  171       7.758613270327e-10       1.527496856424e-13      -6.995157493122e-12       0.000000000000e+00       1.484055445728e-12       4.834419870876e-13      -2.892209578116e-15 
  172       7.805322482051e-10       1.515276675943e-13      -6.955529826274e-12       0.000000000000e+00       1.457127136831e-12       4.773941414078e-13      -2.836586271103e-15 
  173       7.851593894685e-10       1.502708552425e-13      -6.912132624300e-12       0.000000000000e+00       1.430766457552e-12       4.713953498298e-13      -2.780506997757e-15 
  174       7.897417273711e-10       1.489815085063e-13      -6.864943097261e-12       0.000000000000e+00       1.404973260502e-12       4.654488200314e-13      -2.724036198330e-15 
  175       7.942782252115e-10       1.476619894595e-13      -6.813940232648e-12       0.000000000000e+00       1.379746012230e-12       4.595576708428e-13      -2.667240397802e-15 
  176       7.987678328158e-10       1.463147636484e-13      -6.759104828865e-12       0.000000000000e+00       1.355081764897e-12       4.537249293353e-13      -2.610188227527e-15 
  177       8.032094863149e-10       1.449424014103e-13      -6.700419528716e-12       0.000000000000e+00       1.330976127952e-12       4.479535279102e-13      -2.552950446890e-15 
  178       8.076021079219e-10       1.435475791915e-13      -6.637868852887e-12       0.000000000000e+00       1.307423239805e-12       4.422463013874e-13      -2.495599964957e-15 
  179       8.119446057094e-10       1.421330808653e-13      -6.571439233431e-12       0.000000000000e+00       1.284415739508e-12       4.366059840946e-13      -2.438211862123e-15 
  180       8.162358733867e-10       1.407017990508e-13      -6.501119047252e-12       0.000000000000e+00       1.261944738431e-12       4.310352069552e-13      -2.380863411772e-15 
  181       8.204747900772e-10       1.392567364304e-13      -6.426898649588e-12       0.000000000000e+00       1.239999791930e-12       4.255364945781e-13      -2.323634101921e-15 
  182       8.246602200955e-10       1.378010070686e-13      -6.348770407497e-12       0.000000000000e+00       1.218568871035e-12       4.201122623457e-13      -2.266605656873e-15 
  183       8.287910127251e-10       1.363378377298e-13      -6.266728733341e-12       0.000000000000e+00       1.197638334116e-12       4.147648135031e-13      -2.209862058875e-15 
  184       8.328660019953e-10       1.348705691965e-13      -6.180770118267e-12       0.000000000000e+00       1.177192898562e-12       4.094963362465e-13      -2.153489569759e-15 
  185       8.368840064585e-10       1.334026575879e-13      -6.090893165696e-12       0.000000000000e+00       1.157215612462e-12       4.043089008125e-13      -2.097576752604e-15 
  186       8.408438289679e-10       1.319376756776e-13      -5.997098624804e-12       0.000000000000e+00       1.137687826272e-12       3.992044565664e-13      -2.042214493381e-15 
  187       8.447442564544e-10       1.304793142120e-13      -5.899389424006e-12       0.000000000000e+00       1.118589164498e-12       3.941848290912e-13      -1.987496022608e-15 
  188       8.485840597039e-10       1.290313832287e-13      -5.797770704441e-12       0.000000000000e+00       1.099897497369e-12       3.892517172761e-13      -1.933516937000e-15 
  189       8.523619931350e-10       1.275978133744e-13      -5.692249853457e-12       0.000000000000e+00       1.081588912515e-12       3.844066904057e-13      -1.880375221121e-15 
  190       8.560767945758e-10       1.261826572232e-13      -5.582836538093e-12       0.000000000000e+00       1.063637686640e-12       3.796511852486e-13      -1.828171269037e-15 
  191       8.597272617502e-10       1.247899610312e-13      -5.469541622342e-12       0.000000000000e+00       1.046021296022e-12       3.749862282069e-13      -1.776987536318e-15 
  192       8.633124886061e-10       1.234233665107e-13      -5.352373758462e-12       0.000000000000e+00       1.028735926763e-12       3.704115845567e-13      -1.726825746387e-15 
  193       8.668316463259e-10       1.220864816544e-13      -5.231342603850e-12       0.000000000000e+00       1.011782076082e-12       3.659265396439e-13      -1.677665004994e-15 
  194       8.702839082395e-10       1.207830085012e-13      -5.106459943899e-12       0.000000000000e+00       9.951596063671e-13       3.615301642992e-13      -1.629481701610e-15 
  195       8.736684498532e-10       1.195167440305e-13      -4.977739721834e-12       0.000000000000e+00       9.788677333321e-13       3.572213110271e-13      -1.582249464416e-15 
  196       8.769844488779e-10       1.182915810562e-13      -4.845198068542e-12       0.000000000000e+00       9.629050141847e-13       3.529986101956e-13      -1.535939115309e-15 
  197       8.802310852571e-10       1.171115091213e-13      -4.708853332401e-12       0.000000000000e+00       9.472693357891e-13       3.488604662244e-13      -1.490518624892e-15 
  198       8.834075411954e-10       1.159806153916e-13      -4.568726109115e-12       0.000000000000e+00       9.319579028313e-13       3.448050537748e-13      -1.445953067475e-15 
  199       8.865130011868e-10       1.149030855505e-13      -4.424839271543e-12       0.000000000000e+00       9.169672259827e-13       3.408303139384e-13      -1.402204576068e-15 
  200       8.895466520431e-10       1.138832046928e-13      -4.277217999534e-12       0.000000000000e+00       9.022931100646e-13       3.369339504262e-13      -1.359232297386e-15 
  201       8.925076829221e-10       1.129253582193e-13      -4.125889809754e-12       0.000000000000e+00       8.879306422125e-13       3.331134257579e-13      -1.316992346836e-15 
  202       8.953952853560e-10       1.120340327307e-13      -3.970884585522e-12       0.000000000000e+00       8.738741800403e-13       3.293659574509e-13      -1.275437763521e-15 
  203       8.982086532793e-10       1.112138169220e-13      -3.812234606636e-12       0.000000000000e+00       8.601173398047e-13       3.256885142092e-13      -1.234518465237e-15 
  204       9.009469830578e-10       1.104694024767e-13      -3.649974579212e-12       0.000000000000e+00       8.466529845694e-13       3.220778121128e-13      -1.194181203466e-15 
  205       9.036094735165e-10       1.098055849612e-13      -3.484141665510e-12       0.000000000000e+00       8.334732123692e-13       3.185303108069e-13      -1.154369518375e-15 
  206       9.061953259677e-10       1.092272647186e-13      -3.314775513766e-12       0.000000000000e+00       8.205693443748e-13       3.150422096904e-13      -1.115023693816e-15 
  207       9.087037442399e-10       1.087394477635e-13      -3.141918288026e-12       0.000000000000e+00       8.079319130563e-13       3.116094441057e-13      -1.076080712317e-15 
  208       9.111339347055e-10       1.083472466758e-13      -2.965614697976e-12       0.000000000000e+00       7.955506503484e-13       3.082276815273e-13      -1.037474210086e-15 
  209       9.134851063095e-10       1.080558814950e-13      -2.785912028774e-12       0.000000000000e+00       7.834144758137e-13       3.048923177512e-13      -9.991344320030e-16 
  210       9.157564705977e-10       1.078706806146e-13      -2.602860170881e-12       0.000000000000e+00       7.715114848077e-13       3.015984730839e-13      -9.609881866182e-16 
  211       9.179472417450e-10       1.077970816764e-13      -2.416511649893e-12       0.000000000000e+00       7.598289366429e-13       2.983409885315e-13      -9.229588011508e-16 
  212       9.200566365835e-10       1.078406324644e-13      -2.226921656372e-12       0.000000000000e+00       7.483532427530e-13       2.951144219886e-13      -8.849660764844e-16 
  213       9.220839280484e-10       1.080067439051e-13      -2.034145285253e-12       0.000000000000e+00       7.370725800820e-13       2.919141339671e-13      -8.469429635373e-16 
  214       9.240286094697e-10       1.082999286589e-13      -1.838228984783e-12       0.000000000000e+00       7.259849521239e-13       2.887396342456e-13      -8.088869384416e-16 
  215       9.258902414349e-10       1.087245128153e-13      -1.639218587510e-12       0.000000000000e+00       7.150906496219e-13       2.855914539578e-13      -7.708120113478e-16 
  216       9.276683995365e-10       1.092848794061e-13      -1.437162071164e-12       0.000000000000e+00       7.043896693732e-13       2.824700754282e-13      -7.327323158854e-16 
  217       9.293626745410e-10       1.099854686467e-13      -1.232109581139e-12       0.000000000000e+00       6.938817093043e-13       2.793759312293e-13      -6.946621081817e-16 
  218       9.309726725581e-10       1.108307781782e-13      -1.024113452979e-12       0.000000000000e+00       6.835661635470e-13       2.763094032393e-13      -6.566157658789e-16 
  219       9.324980152096e-10       1.118253633088e-13      -8.132282348645e-13       0.000000000000e+00       6.734421175134e-13       2.732708216997e-13      -6.186077871530e-16 
  220       9.339383397977e-10       1.129738372554e-13      -5.995107100976e-13       0.000000000000e+00       6.635083429717e-13       2.702604642721e-13      -5.806527897314e-16 
  221       9.352932994750e-10       1.142808713851e-13      -3.830199195868e-13       0.000000000000e+00       6.537632931216e-13       2.672785550963e-13      -5.427655099111e-16 
  222       9.365625634126e-10       1.157511954570e-13      -1.638171843329e-13       0.000000000000e+00       6.442050976697e-13       2.643252638474e-13      -5.049608015770e-16 
  223       9.377458169693e-10       1.173895978639e-13       5.803387208590e-14       0.000000000000e+00       6.348315579050e-13       2.614007047934e-13      -4.672536352194e-16 
  224       9.388427618604e-10       1.192009258738e-13       2.824673010279e-13       0.000000000000e+00       6.256401417748e-13       2.585049358525e-13      -4.296590969529e-16 
  225       9.398531163272e-10       1.211900858714e-13       5.094148063031e-13       0.000000000000e+00       6.166279789594e-13       2.556379576507e-13      -3.921923875336e-16 
  226       9.407766153051e-10       1.233620435999e-13       7.388057216876e-13       0.000000000000e+00       6.077918559484e-13       2.527997125789e-13      -3.548688213778e-16 
  227       9.416130105931e-10       1.257218244026e-13       9.705669884378e-13       0.000000000000e+00       5.991282111155e-13       2.499900838510e-13      -3.177038255799e-16 
  228       9.423620710226e-10       1.282745134645e-13       1.204623132806e-12       0.000000000000e+00       5.906331297948e-13       2.472088945605e-13      -2.807129389304e-16 
  229       9.430235826262e-10       1.310252560540e-13       1.440896243553e-12       0.000000000000e+00       5.823023393553e-13       2.444559067389e-13      -2.439118109338e-16 
  230       9.435973488068e-10       1.339792577643e-13       1.679305949465e-12       0.000000000000e+00       5.741312042773e-13       2.417308204120e-13      -2.073162008273e-16 
  231       9.440831905065e-10       1.371417847553e-13       1.919769396866e-12       0.000000000000e+00       5.661147212273e-13       2.390332726585e-13      -1.709419765980e-16 
  232       9.444809463755e-10       1.405181639950e-13       2.162201227136e-12       0.000000000000e+00       5.582475141337e-13       2.363628366666e-13      -1.348051140017e-16 
  233       9.447904729410e-10       1.441137835012e-13       2.406513554219e-12       0.000000000000e+00       5.505238292625e-13       2.337190207918e-13      -9.892169558074e-17 
  234       9.450116447763e-10       1.479340925833e-13       2.652615942145e-12       0.000000000000e+00       5.429375302922e-13       2.311012676144e-13      -6.330790968190e-17 
  235       9.451443546694e-10       1.519846020835e-13       2.900415382540e-12       0.000000000000e+00       5.354820933900e-13       2.285089529968e-13      -2.798004947465e-17 
  236       9.451885137923e-10       1.562708846190e-13       3.149816272141e-12       0.000000000000e+00       5.281506022868e-13       2.259413851408e-13       7.045488030786e-18 
  237       9.451440518698e-10       1.607985748231e-13       3.400720390311e-12       0.000000000000e+00       5.209357433530e-13       2.233978036454e-13       4.175220296540e-17 
  238       9.450109371939e-10       1.655730079780e-13       3.653031935143e-12       0.000000000000e+00       5.138311935803e-13       2.208775802649e-13       7.612565397702e-17 
  239       9.447892376631e-10       1.705981111200e-13       3.906673016809e-12       0.000000000000e+00       5.068358880185e-13       2.183808366283e-13       1.101600856298e-16 
  240       9.444790637691e-10       1.758774452219e-13       4.161569059241e-12       0.000000000000e+00       4.999500013245e-13       2.159078621159e-13       1.438522044202e-16 
  241       9.440805492930e-10       1.814145602418e-13       4.417643814215e-12       0.000000000000e+00       4.931735761326e-13       2.134589150093e-13       1.771990600037e-16 
  242       9.435938515162e-10       1.872129946021e-13       4.674819349538e-12       0.000000000000e+00       4.865065210689e-13       2.110342219749e-13       2.101980507347e-16 
  243       9.430191514314e-10       1.932762746676e-13       4.933016037235e-12       0.000000000000e+00       4.799486087650e-13       2.086339775466e-13       2.428469292060e-16 
  244       9.423566539533e-10       1.996079142249e-13       5.192152541733e-12       0.000000000000e+00       4.734994738722e-13       2.062583436089e-13       2.751438077881e-16 
  245       9.416065881292e-10       2.062114139609e-13       5.452145808049e-12       0.000000000000e+00       4.671586110755e-13       2.039074488796e-13       3.070871641694e-16 
  246       9.407692073504e-10       2.130902609413e-13       5.712911049977e-12       0.000000000000e+00       4.609253731074e-13       2.015813883933e-13       3.386758468949e-16 
  247       9.398447895620e-10       2.202479280899e-13       5.974361738270e-12       0.000000000000e+00       4.547989687622e-13       1.992802229837e-13       3.699090809065e-16 
  248       9.388336374748e-10       2.276878736671e-13       6.236409588834e-12       0.000000000000e+00       4.487784609097e-13       1.970039787669e-13       4.007864730821e-16 
  249       9.377360787752e-10       2.354135407484e-13       6.498964550907e-12       0.000000000000e+00       4.428627645097e-13       1.947526466244e-13       4.313080177753e-16 
  250       9.365524663368e-10       2.434283567037e-13       6.761934795248e-12       0.000000000000e+00       4.370506446255e-13       1.925261816859e-13       4.614741023550e-16 
  251       9.352831784304e-10       2.517357326756e-13       7.025226702325e-12       0.000000000000e+00       4.313407144380e-13       1.903245028123e-13       4.912855127452e-16 
  252       9.339286189353e-10       2.603390630584e-13       7.288744850498e-12       0.000000000000e+00       4.257314332600e-13       1.881474920788e-13       5.207434389638e-16 
  253       9.324892175502e-10       2.692417249767e-13       7.552392004210e-12       0.000000000000e+00       4.202211045499e-13       1.859949942575e-13       5.498494806630e-16 
  254       9.309654300035e-10       2.784470777644e-13       7.816069102168e-12       0.000000000000e+00       4.148078739260e-13       1.838668163010e-13       5.786056526685e-16 
  255       9.293577382646e-10       2.879584624432e-13       8.079675245531e-12       0.000000000000e+00       4.094897271802e-13       1.817627268244e-13       6.070143905188e-16 
  256       9.276666507543e-10       2.977792012017e-13       8.343107686101e-12       0.000000000000e+00       4.042644882922e-13       1.796824555893e-13       6.350785560054e-16 
  257       9.258927025560e-10       3.079125968737e-13       8.606261814500e-12       0.000000000000e+00       3.991298174435e-13       1.776256929859e-13       6.628014427116e-16 
  258       9.240364556261e-10       3.183619324173e-13       8.869031148367e-12       0.000000000000e+00       3.940832090313e-13       1.755920895166e-13       6.901867815528e-16 
  259       9.220984990052e-10       3.291304703935e-13       9.131307320535e-12       0.000000000000e+00       3.891219896826e-13       1.735812552785e-13       7.172387463155e-16 
  260       9.200794490286e-10       3.402214524453e-13       9.392980067224e-12       0.000000000000e+00       3.842433162683e-13       1.715927594465e-13       7.439619591971e-16 
  261       9.179799495370e-10       3.516380987759e-13       9.653937216222e-12       0.000000000000e+00       3.794441739170e-13       1.696261297564e-13       7.703614963454e-16 
  262       9.158006720878e-10       3.633836076279e-13       9.914064675077e-12       0.000000000000e+00       3.747213740292e-13       1.676808519877e-13       7.964428933981e-16 
  263       9.135423161655e-10       3.754611547618e-13       1.017324641928e-11       0.000000000000e+00       3.700715522912e-13       1.657563694467e-13       8.222121510228e-16 
  264       9.112056093925e-10       3.878738929350e-13       1.043136448045e-11       0.000000000000e+00       3.654911666890e-13       1.638520824490e-13       8.476757404557e-16 
  265       9.087913077401e-10       4.006249513805e-13       1.068829893452e-11       0.000000000000e+00       3.609764955227e-13       1.619673478032e-13       8.728406090420e-16 
  266       9.063001709328e-10       4.137170659497e-13       1.094393497354e-11       0.000000000000e+00       3.565243335085e-13       1.601016202335e-13       8.977124649199e-16 
  267       9.037328867476e-10       4.271514483693e-13       1.119818457081e-11       0.000000000000e+00       3.521341260485e-13       1.582548862222e-13       9.222905164847e-16 
  268       9.010901430142e-10       4.409288545680e-13       1.145096596923e-11       0.000000000000e+00       3.478059469931e-13       1.564272527196e-13       9.465724580432e-16 
  269       8.983726522193e-10       4.550499473444e-13       1.170219670374e-11       0.000000000000e+00       3.435398101849e-13       1.546188070499e-13       9.705561675678e-16 
  270       8.955811516753e-10       4.695152952219e-13       1.195179360154e-11       0.000000000000e+00       3.393356686519e-13       1.528296166334e-13       9.942397093290e-16 
  271       8.927164036897e-10       4.843253713033e-13       1.219967278217e-11       0.000000000000e+00       3.351934138012e-13       1.510597287096e-13       1.017621336528e-15 
  272       8.897791957332e-10       4.994805521252e-13       1.244574965772e-11       0.000000000000e+00       3.311128746124e-13       1.493091700595e-13       1.040699493926e-15 
  273       8.867703406094e-10       5.149811165132e-13       1.268993893294e-11       0.000000000000e+00       3.270938168314e-13       1.475779467291e-13       1.063472820480e-15 
  274       8.836906766231e-10       5.308272444366e-13       1.293215460545e-11       0.000000000000e+00       3.231359421634e-13       1.458660437515e-13       1.085940151972e-15 
  275       8.805410677494e-10       5.470190158626e-13       1.317230996583e-11       0.000000000000e+00       3.192388874670e-13       1.441734248701e-13       1.108100523643e-15 
  276       8.773224038027e-10       5.635564096118e-13       1.341031759783e-11       0.000000000000e+00       3.154022239472e-13       1.425000322612e-13       1.129953172823e-15 
  277       8.740356006055e-10       5.804393022122e-13       1.364608937849e-11       0.000000000000e+00       3.116254563492e-13       1.408457862569e-13       1.151497541562e-15 
  278       8.706816001570e-10       5.976674667544e-13       1.387953647834e-11       0.000000000000e+00       3.079080221519e-13       1.392105850677e-13       1.172733279267e-15 
  279       8.672613708026e-10       6.152405717461e-13       1.411056936147e-11       0.000000000000e+00       3.042492907614e-13       1.375943045055e-13       1.193660245330e-15 
  280       8.637759074023e-10       6.331581799670e-13       1.433909778578e-11       0.000000000000e+00       3.006485627042e-13       1.359967977061e-13       1.214278511758e-15 
  281       8.602262314996e-10       6.514197473233e-13       1.456503080308e-11       0.000000000000e+00       2.971050688214e-13       1.344178948524e-13       1.234588365810e-15 
  282       8.566133914906e-10       6.700246217027e-13       1.478827675925e-11       0.000000000000e+00       2.936179694615e-13       1.328574028968e-13       1.254590312628e-15 
  283       8.529384627928e-10       6.889720418288e-13       1.500874329442e-11       0.000000000000e+00       2.901863536742e-13       1.313151052841e-13       1.274285077864e-15 
  284       8.492025480142e-10       7.082611361162e-13       1.522633734309e-11       0.000000000000e+00       2.868092384041e-13       1.297907616742e-13       1.293673610320e-15 
  285       8.454067771215e-10       7.278909215248e-13       1.544096513432e-11       0.000000000000e+00       2.834855676839e-13       1.282841076653e-13       1.312757084570e-15 
  286       8.415523076100e-10       7.478603024150e-13       1.565253219184e-11       0.000000000000e+00       2.802142118281e-13       1.267948545160e-13       1.331536903603e-15 
  287       8.376403246715e-10       7.681680694020e-13       1.586094333426e-11       0.000000000000e+00       2.769939666264e-13       1.253226888687e-13       1.350014701447e-15 
  288       8.336720413639e-10       7.888128982108e-13       1.606610267519e-11       0.000000000000e+00       2.738235525374e-13       1.238672724720e-13       1.368192345803e-15 
  289       8.296486987797e-10       8.097933485308e-13       1.626791362339e-11       0.000000000000e+00       2.707016138818e-13       1.224282419035e-13       1.386071940679e-15 
  290       8.255715662152e-10       8.311078628705e-13       1.646627888296e-11       0.000000000000e+00       2.676267180362e-13       1.210052082930e-13       1.403655829019e-15 
  291       8.214419413389e-10       8.527547654124e-13       1.666110045345e-11       0.000000000000e+00       2.645973546266e-13       1.195977570445e-13       1.420946595337e-15 
  292       8.172611503609e-10       8.747322608676e-13       1.685227963004e-11       0.000000000000e+00       2.616119347216e-13       1.182054475600e-13       1.437947068349e-15 
  293       8.130305482016e-10       8.970384333305e-13       1.703971700370e-11       0.000000000000e+00       2.586687900264e-13       1.168278129611e-13       1.454660323604e-15 
  294       8.087515186604e-10       9.196712451335e-13       1.722331246135e-11       0.000000000000e+00       2.557661720757e-13       1.154643598131e-13       1.471089686115e-15 
  295       8.044254745849e-10       9.426285357020e-13       1.740296518596e-11       0.000000000000e+00       2.529022514279e-13       1.141145678464e-13       1.487238732994e-15 
  296       8.000538580395e-10       9.659080204086e-13       1.757857365680e-11       0.000000000000e+00       2.500751168580e-13       1.127778896805e-13       1.503111296081e-15 
  297       7.956380668834e-10       9.895071370557e-13       1.775004335013e-11       0.000000000000e+00       2.472831301192e-13       1.114538661514e-13       1.518710727927e-15 
  298       7.911792302012e-10       1.013422579403e-12       1.791731025624e-11       0.000000000000e+00       2.445260109937e-13       1.101424790794e-13       1.534037654775e-15 
  299       7.866784222628e-10       1.037650738684e-12       1.808031850828e-11       0.000000000000e+00       2.418038035224e-13       1.088438151443e-13       1.549092119259e-15 
  300       7.821367351973e-10       1.062187852580e-12       1.823901279543e-11       0.000000000000e+00       2.391165248775e-13       1.075579517089e-13       1.563874308816e-15 
  301       7.775552790622e-10       1.087030003876e-12       1.839333837352e-11       0.000000000000e+00       2.364641650381e-13       1.062849566983e-13       1.578384557322e-15 
  302       7.729351819124e-10       1.112173119102e-12       1.854324107559e-11       0.000000000000e+00       2.338466864657e-13       1.050248884794e-13       1.592623346721e-15 
  303       7.682775898697e-10       1.137612967183e-12       1.868866732250e-11       0.000000000000e+00       2.312640237802e-13       1.037777957408e-13       1.606591308660e-15 
  304       7.635836671912e-10       1.163345158091e-12       1.882956413352e-11       0.000000000000e+00       2.287160834350e-13       1.025437173716e-13       1.620289226125e-15 
  305       7.588545963392e-10       1.189365141488e-12       1.896587913694e-11       0.000000000000e+00       2.262027433929e-13       1.013226823419e-13       1.633718035071e-15 
  306       7.540915780496e-10       1.215668205374e-12       1.909756058066e-11       0.000000000000e+00       2.237238528017e-13       1.001147095814e-13       1.646878826054e-15 
  307       7.492958314016e-10       1.242249474742e-12       1.922455734275e-11       0.000000000000e+00       2.212792316697e-13       9.891980785942e-14       1.659772845868e-15 
  308       7.444685938864e-10       1.269103910217e-12       1.934681894213e-11       0.000000000000e+00       2.188686705413e-13       9.773797566435e-14       1.672401499176e-15 
  309       7.396111214766e-10       1.296226306711e-12       1.946429554908e-11       0.000000000000e+00       2.164919301729e-13       9.656920108311e-14       1.684766350144e-15 
  310       7.347246886951e-10       1.323611292068e-12       1.957693799586e-11       0.000000000000e+00       2.141487412078e-13       9.541346168073e-14       1.696869124072e-15 
  311       7.298105886842e-10       1.351253325713e-12       1.968469778735e-11       0.000000000000e+00       2.118388038528e-13       9.427072437984e-14       1.708711709030e-15 
  312       7.248701332748e-10       1.379146697298e-12       1.978752711159e-11       0.000000000000e+00       2.095617875529e-13       9.314094534018e-14       1.720296157491e-15 
  313       7.199046530557e-10       1.407285525356e-12       1.988537885039e-11       0.000000000000e+00       2.073173306674e-13       9.202406983816e-14       1.731624687962e-15 
  314       7.149154974423e-10       1.435663755940e-12       1.997820658995e-11       0.000000000000e+00       2.051050401454e-13       9.092003214638e-14       1.742699686619e-15 
  315       7.099040347460e-10       1.464275161281e-12       2.006596463143e-11       0.000000000000e+00       2.029244912014e-13       8.982875541314e-14       1.753523708939e-15 
  316       7.048716522432e-10       1.493113338430e-12       2.014860800155e-11       0.000000000000e+00       2.007752269908e-13       8.875015154194e-14       1.764099481334e-15 
  317       6.998197562445e-10       1.522171707905e-12       2.022609246320e-11       0.000000000000e+00       1.986567582858e-13       8.768412107106e-14       1.774429902786e-15 
  318       6.947497721636e-10       1.551443512346e-12       2.029837452601e-11       0.000000000000e+00       1.965685631505e-13       8.663055305303e-14       1.784518046474e-15 
  319       6.896631445868e-10       1.580921815155e-12       2.036541145698e-11       0.000000000000e+00       1.945100866172e-13       8.558932493420e-14       1.794367161416e-15 
  320       6.845613373415e-10       1.610599499150e-12       2.042716129105e-11       0.000000000000e+00       1.924807403612e-13       8.456030243422e-14       1.803980674095e-15 
  321       6.794458335661e-10       1.640469265211e-12       2.048358284170e-11       0.000000000000e+00       1.904799023771e-13       8.354333942559e-14       1.813362190094e-15 
  322       6.743181357784e-10       1.670523630927e-12       2.053463571154e-11       0.000000000000e+00       1.885069166540e-13       8.253827781318e-14       1.822515495733e-15 
  323       6.691797659451e-10       1.700754929248e-12       2.058028030294e-11       0.000000000000e+00       1.865610928514e-13       8.154494741374e-14       1.831444559697e-15 
  324       6.640322655508e-10       1.731155307127e-12       2.062047782858e-11       0.000000000000e+00       1.846417059745e-13       8.056316583546e-14       1.840153534672e-15 
  325       6.588771956670e-10       1.761716724174e-12       2.065519032206e-11       0.000000000000e+00       1.827479960498e-13       7.959273835744e-14       1.848646758976e-15 
  326       6.537161370215e-10       1.792430951302e-12       2.068438064852e-11       0.000000000000e+00       1.808791678011e-13       7.863345780926e-14       1.856928758196e-15 
  327       6.485506900672e-10       1.823289569373e-12       2.070801251522e-11       0.000000000000e+00       1.790343903247e-13       7.768510445047e-14       1.865004246818e-15 
  328       6.433824750515e-10       1.854283967850e-12       2.072605048211e-11       0.000000000000e+00       1.772127967653e-13       7.674744585013e-14       1.872878129860e-15 
  329       6.382131320850e-10       1.885405343441e-12       2.073845997246e-11       0.000000000000e+00       1.754134839913e-13       7.582023676636e-14       1.880555504509e-15 
  330       6.330443212111e-10       1.916644698752e-12       2.074520728346e-11       0.000000000000e+00       1.736355122707e-13       7.490321902579e-14       1.888041661748e-15 
  331       6.278777224747e-10       1.947992840929e-12       2.074625959678e-11       0.000000000000e+00       1.718779049464e-13       7.399612140316e-14       1.895342087996e-15 
  332       6.227149263770e-10       1.979440780698e-12       2.074158979906e-11       0.000000000000e+00       1.701398286076e-13       7.309871095653e-14       1.902461317889e-15 
  333       6.175570998180e-10       2.010980951455e-12       2.073119115391e-11       0.000000000000e+00       1.684211429495e-13       7.221094975371e-14       1.909399434012e-15 
  334       6.124053057114e-10       2.042606040727e-12       2.071506329088e-11       0.000000000000e+00       1.667218742740e-13       7.133284474946e-14       1.916155417619e-15 
  335       6.072606112345e-10       2.074308593673e-12       2.069320746914e-11       0.000000000000e+00       1.650420370303e-13       7.046439688226e-14       1.922728284084e-15 
  336       6.021240877784e-10       2.106081012165e-12       2.066562659325e-11       0.000000000000e+00       1.633816336868e-13       6.960560100975e-14       1.929117083289e-15 
  337       5.969968108980e-10       2.137915553874e-12       2.063232522900e-11       0.000000000000e+00       1.617406546023e-13       6.875644584402e-14       1.935320900011e-15 
  338       5.918798602623e-10       2.169804331347e-12       2.059330961925e-11       0.000000000000e+00       1.601190778977e-13       6.791691388706e-14       1.941338854305e-15 
  339       5.867743196047e-10       2.201739311096e-12       2.054858769968e-11       0.000000000000e+00       1.585168693273e-13       6.708698136609e-14       1.947170101893e-15 
  340       5.816812766725e-10       2.233712312677e-12       2.049816911468e-11       0.000000000000e+00       1.569339821508e-13       6.626661816896e-14       1.952813834550e-15 
  341       5.766018231778e-10       2.265715007773e-12       2.044206523313e-11       0.000000000000e+00       1.553703570042e-13       6.545578777951e-14       1.958269280489e-15 
  342       5.715370547469e-10       2.297738919279e-12       2.038028916420e-11       0.000000000000e+00       1.538259217718e-13       6.465444721294e-14       1.963535704748e-15 
  343       5.664880708712e-10       2.329775420379e-12       2.031285577321e-11       0.000000000000e+00       1.523005914575e-13       6.386254695120e-14       1.968612409577e-15 
  344       5.614559748566e-10       2.361815733639e-12       2.023978169741e-11       0.000000000000e+00       1.507942680562e-13       6.308003087837e-14       1.973498734821e-15 
  345       5.564418737741e-10       2.393850930077e-12       2.016108536182e-11       0.000000000000e+00       1.493068404257e-13       6.230683621600e-14       1.978194058309e-15 
  346       5.514468784098e-10       2.425871928257e-12       2.007678699503e-11       0.000000000000e+00       1.478381841579e-13       6.154289345852e-14       1.982697796243e-15 
  347       5.464721032150e-10       2.457869493365e-12       1.998690864502e-11       0.000000000000e+00       1.463881614505e-13       6.078812630860e-14       1.987009403575e-15 
  348       5.415186662563e-10       2.489834236294e-12       1.989147419499e-11       0.000000000000e+00       1.449566209782e-13       6.004245161254e-14       1.991128374405e-15 
  349       5.365876891659e-10       2.521756612725e-12       1.979050937917e-11       0.000000000000e+00       1.435433977647e-13       5.930577929560e-14       1.995054242356e-15 
  350       5.316802970914e-10       2.553626922213e-12       1.968404179860e-11       0.000000000000e+00       1.421483130538e-13       5.857801229745e-14       1.998786580970e-15 
  351       5.267976186465e-10       2.585435307267e-12       1.957210093702e-11       0.000000000000e+00       1.407711741813e-13       5.785904650747e-14       2.002325004086e-15 
  352       5.219407858605e-10       2.617171752433e-12       1.945471817662e-11       0.000000000000e+00       1.394117744460e-13       5.714877070016e-14       2.005669166232e-15 
  353       5.171109341287e-10       2.648826083378e-12       1.933192681390e-11       0.000000000000e+00       1.380698929819e-13       5.644706647053e-14       2.008818763008e-15 
  354       5.123092021627e-10       2.680387965972e-12       1.920376207545e-11       0.000000000000e+00       1.367452946290e-13       5.575380816942e-14       2.011773531475e-15 
  355       5.075367319403e-10       2.711846905370e-12       1.907026113379e-11       0.000000000000e+00       1.354377298054e-13       5.506886283895e-14       2.014533250537e-15 
  356       5.027946686557e-10       2.743192245095e-12       1.893146312320e-11       0.000000000000e+00       1.341469343785e-13       5.439209014784e-14       2.017097741331e-15 
  357       4.980841606696e-10       2.774413166123e-12       1.878740915548e-11       0.000000000000e+00       1.328726295366e-13       5.372334232678e-14       2.019466867612e-15 
  358       4.934063594594e-10       2.805498685963e-12       1.863814233586e-11       0.000000000000e+00       1.316145216603e-13       5.306246410386e-14       2.021640536139e-15 
  359       4.887624195693e-10       2.836437657739e-12       1.848370777870e-11       0.000000000000e+00       1.303723021945e-13       5.240929263988e-14       2.023618697062e-15 
  360       4.841534985605e-10       2.867218769276e-12       1.832415262342e-11       0.000000000000e+00       1.291456475192e-13       5.176365746378e-14       2.025401344305e-15 
  361       4.795807569611e-10       2.897830542180e-12       1.815952605022e-11       0.000000000000e+00       1.279342188215e-13       5.112538040797e-14       2.026988515957e-15 
  362       4.750453582166e-10       2.928261330922e-12       1.798987929598e-11       0.000000000000e+00       1.267376619670e-13       5.049427554372e-14       2.028380294655e-15 
  363       4.705484686395e-10       2.958499321922e-12       1.781526567001e-11       0.000000000000e+00       1.255556073714e-13       4.987014911656e-14       2.029576807972e-15 
  364       4.660912573602e-10       2.988532532627e-12       1.763574056991e-11       0.000000000000e+00       1.243876698719e-13       4.925279948161e-14       2.030578228801e-15 
  365       4.616748962763e-10       3.018348810599e-12       1.745136149735e-11       0.000000000000e+00       1.232334485986e-13       4.864201703900e-14       2.031384775744e-15 
  366       4.573005600032e-10       3.047935832596e-12       1.726218807392e-11       0.000000000000e+00       1.220925268464e-13       4.803758416921e-14       2.031996713496e-15 
  367       4.529694258244e-10       3.077281103653e-12       1.706828205695e-11       0.000000000000e+00       1.209644719462e-13       4.743927516846e-14       2.032414353230e-15 
  368       4.486826736410e-10       3.106371956166e-12       1.686970735528e-11       0.000000000000e+00       1.198488351364e-13       4.684685618408e-14       2.032638052989e-15 
  369       4.444414859226e-10       3.135195548976e-12       1.666653004511e-11       0.000000000000e+00       1.187451514347e-13       4.626008514989e-14       2.032668218066e-15 
  370       4.402470476567e-10       3.163738866449e-12       1.645881838584e-11       0.000000000000e+00       1.176529395093e-13       4.567871172158e-14       2.032505301392e-15 
  371       4.361004514950e-10       3.191989760809e-12       1.624664034464e-11       0.000000000000e+00       1.165717881992e-13       4.510252569326e-14       2.032149869496e-15 
  372       4.320024092024e-10       3.219940125951e-12       1.603005603135e-11       0.000000000000e+00       1.155016200674e-13       4.453150446732e-14       2.031602802430e-15 
  373       4.279535288273e-10       3.247582845931e-12       1.580912499881e-11       0.000000000000e+00       1.144424379007e-13       4.396567122411e-14       2.030865102420e-15 
  374       4.239544083555e-10       3.274910762906e-12       1.558390872096e-11       0.000000000000e+00       1.133942389390e-13       4.340504693883e-14       2.029937829436e-15 
  375       4.200056355784e-10       3.301916677125e-12       1.535447060649e-11       0.000000000000e+00       1.123570148214e-13       4.284965035912e-14       2.028822101640e-15 
  376       4.161077879602e-10       3.328593346919e-12       1.512087601248e-11       0.000000000000e+00       1.113307515339e-13       4.229949798254e-14       2.027519095825e-15 
  377       4.122614325059e-10       3.354933488694e-12       1.488319225807e-11       0.000000000000e+00       1.103154293556e-13       4.175460403409e-14       2.026030047864e-15 
  378       4.084671256288e-10       3.380929776914e-12       1.464148863810e-11       0.000000000000e+00       1.093110228060e-13       4.121498044380e-14       2.024356253146e-15 
  379       4.047254130183e-10       3.406574844098e-12       1.439583643673e-11       0.000000000000e+00       1.083175005914e-13       4.068063682420e-14       2.022499067024e-15 
  380       4.010368295076e-10       3.431861280804e-12       1.414630894116e-11       0.000000000000e+00       1.073348255522e-13       4.015158044787e-14       2.020459905260e-15 
  381       3.974018989413e-10       3.456781635623e-12       1.389298145521e-11       0.000000000000e+00       1.063629546098e-13       3.962781622498e-14       2.018240244462e-15 
  382       3.938211340434e-10       3.481328415166e-12       1.363593131302e-11       0.000000000000e+00       1.054018387129e-13       3.910934668079e-14       2.015841622530e-15 
  383       3.902950362847e-10       3.505494084057e-12       1.337523789267e-11       0.000000000000e+00       1.044514227847e-13       3.859617193320e-14       2.013265639104e-15 
  384       3.868240957503e-10       3.529271064919e-12       1.311098262984e-11       0.000000000000e+00       1.035116456702e-13       3.808828967029e-14       2.010513955999e-15 
  385       3.834087910081e-10       3.552651738365e-12       1.284324903147e-11       0.000000000000e+00       1.025824400821e-13       3.758569512780e-14       2.007588297654e-15 
  386       3.800495889756e-10       3.575628442991e-12       1.257212268940e-11       0.000000000000e+00       1.016637325486e-13       3.708838106673e-14       2.004490451573e-15 
  387       3.767469447880e-10       3.598193475360e-12       1.229769129401e-11       0.000000000000e+00       1.007554433595e-13       3.659633775080e-14       2.001222268768e-15 
  388       3.735013016662e-10       3.620339089998e-12       1.202004464790e-11       0.000000000000e+00       9.985748651360e-14       3.610955292401e-14       1.997785664206e-15 
  389       3.703130907838e-10       3.642057499380e-12       1.173927467952e-11       0.000000000000e+00       9.896976966538e-14       3.562801178820e-14       1.994182617244e-15 
  390       3.671827311354e-10       3.663340873919e-12       1.145547545681e-11       0.000000000000e+00       9.809219407177e-14       3.515169698051e-14       1.990415172082e-15 
  391       3.641106294042e-10       3.684181341960e-12       1.116874320089e-11       0.000000000000e+00       9.722465453907e-14       3.468058855095e-14       1.986485438198e-15 
  392       3.610971798292e-10       3.704570989765e-12       1.087917629966e-11       0.000000000000e+00       9.636703936986e-14       3.421466393994e-14       1.982395590798e-15 
  393       3.581427640737e-10       3.724501861507e-12       1.058687532149e-11       0.000000000000e+00       9.551923030977e-14       3.375389795580e-14       1.978147871254e-15 
  394       3.552477510923e-10       3.743965959256e-12       1.029194302885e-11       0.000000000000e+00       9.468110249443e-14       3.329826275233e-14       1.973744587549e-15 
  395       3.524124969991e-10       3.762955242973e-12       9.994484391968e-12       0.000000000000e+00       9.385252439626e-14       3.284772780628e-14       1.969188114721e-15 
  396       3.496373449350e-10       3.781461630496e-12       9.694606602475e-12       0.000000000000e+00       9.303335777135e-14       3.240225989493e-14       1.964480895305e-15 
  397       3.469226249356e-10       3.799476997531e-12       9.392419087065e-12       0.000000000000e+00       9.222345760634e-14       3.196182307357e-14       1.959625439779e-15 
  398       3.442686537992e-10       3.816993177644e-12       9.088033521136e-12       0.000000000000e+00       9.142267206523e-14       3.152637865308e-14       1.954624327003e-15 
  399       3.416757349537e-10       3.834001962247e-12       8.781563842444e-12       0.000000000000e+00       9.063084243630e-14       3.109588517742e-14       1.949480204664e-15 
  400       3.391441583252e-10       3.850495100591e-12       8.473126264754e-12       0.000000000000e+00       8.984780307892e-14       3.067029840119e-14       1.944195789721e-15 
  401       3.366742002050e-10       3.866464299755e-12       8.162839291491e-12       0.000000000000e+00       8.907338137044e-14       3.024957126712e-14       1.938773868846e-15 
  402       3.342661231177e-10       3.881901224633e-12       7.850823729387e-12       0.000000000000e+00       8.830739765303e-14       2.983365388363e-14       1.933217298868e-15 
  403       3.319201756889e-10       3.896797497929e-12       7.537202702136e-12       0.000000000000e+00       8.754966518052e-14       2.942249350235e-14       1.927529007216e-15 
  404       3.296365925126e-10       3.911144700142e-12       7.222101664039e-12       0.000000000000e+00       8.679999006533e-14       2.901603449563e-14       1.921711992362e-15 
  405       3.274155940192e-10       3.924934369560e-12       6.905648413662e-12       0.000000000000e+00       8.605817122525e-14       2.861421833412e-14       1.915769324265e-15 
  406       3.252573863430e-10       3.938158002246e-12       6.587973107478e-12       0.000000000000e+00       8.532400033034e-14       2.821698356424e-14       1.909704144815e-15 
  407       3.231621611901e-10       3.950807052030e-12       6.269208273523e-12       0.000000000000e+00       8.459726174978e-14       2.782426578573e-14       1.903519668274e-15 
  408       3.211300957059e-10       3.962872930498e-12       5.949488825046e-12       0.000000000000e+00       8.387773249873e-14       2.743599762920e-14       1.897219181719e-15 
  409       3.191613523430e-10       3.974347006983e-12       5.628952074158e-12       0.000000000000e+00       8.316518218518e-14       2.705210873362e-14       1.890806045488e-15 
  410       3.172560524970e-10       3.985221759943e-12       5.307727601480e-12       0.000000000000e+00       8.245941302815e-14       2.667253847679e-14       1.884283222259e-15 
  411       3.154141966564e-10       3.995494276065e-12       4.985906441932e-12       0.000000000000e+00       8.176038158227e-14       2.629727470928e-14       1.877651845015e-15 
  412       3.136357411649e-10       4.005162875074e-12       4.663570834368e-12       0.000000000000e+00       8.106808122008e-14       2.592631634820e-14       1.870912599228e-15 
  413       3.119206240467e-10       4.014225970344e-12       4.340804273405e-12       0.000000000000e+00       8.038250242563e-14       2.555966073491e-14       1.864066189748e-15 
  414       3.102687648560e-10       4.022682069712e-12       4.017691515847e-12       0.000000000000e+00       7.970363276986e-14       2.519730362161e-14       1.857113340914e-15 
  415       3.086800645256e-10       4.030529776283e-12       3.694318587110e-12       0.000000000000e+00       7.903145688600e-14       2.483923915796e-14       1.850054796656e-15 
  416       3.071544052161e-10       4.037767789241e-12       3.370772787654e-12       0.000000000000e+00       7.836595644495e-14       2.448545987768e-14       1.842891320606e-15 
  417       3.056916501649e-10       4.044394904662e-12       3.047142699401e-12       0.000000000000e+00       7.770711013073e-14       2.413595668515e-14       1.835623696205e-15 
  418       3.042916435354e-10       4.050410016318e-12       2.723518192172e-12       0.000000000000e+00       7.705489361577e-14       2.379071884207e-14       1.828252726811e-15 
  419       3.029542102655e-10       4.055812116492e-12       2.399990430105e-12       0.000000000000e+00       7.640927953643e-14       2.344973395399e-14       1.820779235803e-15 
  420       3.016791559174e-10       4.060600296784e-12       2.076651878087e-12       0.000000000000e+00       7.577023746829e-14       2.311298795700e-14       1.813204066696e-15 
  421       3.004662665258e-10       4.064773748924e-12       1.753596308177e-12       0.000000000000e+00       7.513773390161e-14       2.278046510429e-14       1.805528083241e-15 
  422       2.993153084475e-10       4.068331765578e-12       1.430918806036e-12       0.000000000000e+00       7.451173221669e-14       2.245214795278e-14       1.797752169534e-15 
  423       2.982260282103e-10       4.071273741161e-12       1.108715777352e-12       0.000000000000e+00       7.389219265928e-14       2.212801734973e-14       1.789877230129e-15 
  424       2.971981523616e-10       4.073599172646e-12       7.870849542652e-13       0.000000000000e+00       7.327907231597e-14       2.180805241934e-14       1.781904190139e-15 
  425       2.962313873183e-10       4.075307660373e-12       4.661254017979e-13       0.000000000000e+00       7.267232508959e-14       2.149223054938e-14       1.773833995347e-15 
  426       2.953254192147e-10       4.076398908857e-12       1.459375242785e-13       0.000000000000e+00       7.207190167459e-14       2.118052737775e-14       1.765667612311e-15 
  427       2.944799137526e-10       4.076872727604e-12      -1.733769282306e-13       0.000000000000e+00       7.147774953245e-14       2.087291677918e-14       1.757406028477e-15 
  428       2.936945160495e-10       4.076729031912e-12      -4.917148535065e-13       0.000000000000e+00       7.088981286707e-14       2.056937085176e-14       1.749050252280e-15 
  429       2.929688504880e-10       4.075967843688e-12      -8.089717907396e-13       0.000000000000e+00       7.030803260016e-14       2.026985990357e-14       1.740601313254e-15 
  430       2.923025205651e-10       4.074589292254e-12      -1.125041914106e-12       0.000000000000e+00       6.973234634665e-14       1.997435243931e-14       1.732060262142e-15 
  431       2.916951087403e-10       4.072593615159e-12      -1.439818026343e-12       0.000000000000e+00       6.916268839006e-14       1.968281514690e-14       1.723428171000e-15 
  432       2.911461762857e-10       4.069981158985e-12      -1.753191552319e-12       0.000000000000e+00       6.859898965792e-14       1.939521288409e-14       1.714706133305e-15 
  433       2.906552631344e-10       4.066752380163e-12      -2.065052532609e-12       0.000000000000e+00       6.804117769713e-14       1.911150866507e-14       1.705895264067e-15 
  434       2.902218877293e-10       4.062907845775e-12      -2.375289617070e-12       0.000000000000e+00       6.748917664940e-14       1.883166364706e-14       1.696996699930e-15 
  435       2.898455468731e-10       4.058448234370e-12      -2.683790058409e-12       0.000000000000e+00       6.694290722660e-14       1.855563711698e-14       1.688011599284e-15 
  436       2.895257155761e-10       4.053374336772e-12      -2.990439705761e-12       0.000000000000e+00       6.640228668621e-14       1.828338647798e-14       1.678941142370e-15 
  437       2.892618469061e-10       4.047687056887e-12      -3.295122998260e-12       0.000000000000e+00       6.586722880664e-14       1.801486723610e-14       1.669786531390e-15 
  438       2.890533718371e-10       4.041387412516e-12      -3.597722958614e-12       0.000000000000e+00       6.533764386270e-14       1.775003298690e-14       1.660548990614e-15 
  439       2.888996990983e-10       4.034476536166e-12      -3.898121186676e-12       0.000000000000e+00       6.481343860093e-14       1.748883540201e-14       1.651229766486e-15 
  440       2.888002150231e-10       4.026955675854e-12      -4.196197853021e-12       0.000000000000e+00       6.429451621504e-14       1.723122421577e-14       1.641830127730e-15 
  441       2.887542833984e-10       4.018826195922e-12      -4.491831692515e-12       0.000000000000e+00       6.378077632129e-14       1.697714721187e-14       1.632351365464e-15 
  442       2.887612453132e-10       4.010089577845e-12      -4.784899997890e-12       0.000000000000e+00       6.327211493388e-14       1.672655020991e-14       1.622794793302e-15 
  443       2.888204190078e-10       4.000747421040e-12      -5.075278613321e-12       0.000000000000e+00       6.276842444035e-14       1.647937705204e-14       1.613161747462e-15 
  444       2.889310997231e-10       3.990801443677e-12      -5.362841927993e-12       0.000000000000e+00       6.226959357697e-14       1.623556958955e-14       1.603453586875e-15 
  445       2.890925595490e-10       3.980253483487e-12      -5.647462869678e-12       0.000000000000e+00       6.177550740414e-14       1.599506766952e-14       1.593671693294e-15 
  446       2.893040472742e-10       3.969105498576e-12      -5.929012898309e-12       0.000000000000e+00       6.128604728179e-14       1.575780912137e-14       1.583817471397e-15 
  447       2.895647882343e-10       3.957359568228e-12      -6.207361999550e-12       0.000000000000e+00       6.080109084474e-14       1.552372974354e-14       1.573892348899e-15 
  448       2.898739841619e-10       3.945017893721e-12      -6.482378678375e-12       0.000000000000e+00       6.032051197815e-14       1.529276329004e-14       1.563897776658e-15 
  449       2.902308675566e-10       3.932083366077e-12      -6.753943290178e-12       0.000000000000e+00       5.984420213402e-14       1.506485213076e-14       1.553835244948e-15 
  450       2.906348670432e-10       3.918561287908e-12      -7.021988522263e-12       0.000000000000e+00       5.937213509058e-14       1.483997963948e-14       1.543706332651e-15 
  451       2.910854470696e-10       3.904457708901e-12      -7.286460210088e-12       0.000000000000e+00       5.890430424073e-14       1.461813882789e-14       1.533512659868e-15 
  452       2.915820537500e-10       3.889778865053e-12      -7.547304119640e-12       0.000000000000e+00       5.844070142848e-14       1.439932175966e-14       1.523255872016e-15 
  453       2.921241147466e-10       3.874531179818e-12      -7.804465948931e-12       0.000000000000e+00       5.798131693698e-14       1.418351954338e-14       1.512937639945e-15 
  454       2.927110391508e-10       3.858721265253e-12      -8.057891329492e-12       0.000000000000e+00       5.752613947665e-14       1.397072232551e-14       1.502559660053e-15 
  455       2.933422173646e-10       3.842355923166e-12      -8.307525827867e-12       0.000000000000e+00       5.707515617317e-14       1.376091928334e-14       1.492123654403e-15 
  456       2.940170209823e-10       3.825442146260e-12      -8.553314947108e-12       0.000000000000e+00       5.662835255563e-14       1.355409861791e-14       1.481631370844e-15 
  457       2.947348026713e-10       3.807987119283e-12      -8.795204128273e-12       0.000000000000e+00       5.618571254454e-14       1.335024754699e-14       1.471084583125e-15 
  458       2.954948960543e-10       3.789998220170e-12      -9.033138751913e-12       0.000000000000e+00       5.574721843991e-14       1.314935229803e-14       1.460485091012e-15 
  459       2.962966155899e-10       3.771483021193e-12      -9.267064139574e-12       0.000000000000e+00       5.531285090936e-14       1.295139810107e-14       1.449834720406e-15 
  460       2.971392564547e-10       3.752449290105e-12      -9.496925555289e-12       0.000000000000e+00       5.488258897614e-14       1.275636918175e-14       1.439135323460e-15 
  461       2.980220944240e-10       3.732904991291e-12      -9.722668207073e-12       0.000000000000e+00       5.445641000721e-14       1.256424875420e-14       1.428388778698e-15 
  462       2.989443857539e-10       3.712858286906e-12      -9.944237248414e-12       0.000000000000e+00       5.403428970134e-14       1.237501901404e-14       1.417596991127e-15 
  463       2.999053670624e-10       3.692317538031e-12      -1.016157777978e-11       0.000000000000e+00       5.361620207715e-14       1.218866113129e-14       1.406761892361e-15 
  464       3.009042552104e-10       3.671291305813e-12      -1.037463485008e-11       0.000000000000e+00       5.320211946117e-14       1.200515524334e-14       1.395885440732e-15 
  465       3.019402471839e-10       3.649788352614e-12      -1.058335345823e-11       0.000000000000e+00       5.279201247594e-14       1.182448044789e-14       1.384969621412e-15 
  466       3.030125199747e-10       3.627817643157e-12      -1.078767855455e-11       0.000000000000e+00       5.238585002807e-14       1.164661479593e-14       1.374016446526e-15 
  467       3.041202304623e-10       3.605388345673e-12      -1.098755504234e-11       0.000000000000e+00       5.198359929630e-14       1.147153528464e-14       1.363027955273e-15 
  468       3.052625152950e-10       3.582509833045e-12      -1.118292777934e-11       0.000000000000e+00       5.158522571956e-14       1.129921785037e-14       1.352006214039e-15 
  469       3.064384907712e-10       3.559191683959e-12      -1.137374157922e-11       0.000000000000e+00       5.119069298508e-14       1.112963736158e-14       1.340953316520e-15 
  470       3.076472527213e-10       3.535443684046e-12      -1.155994121309e-11       0.000000000000e+00       5.079996301642e-14       1.096276761180e-14       1.329871383832e-15 
  471       3.088878763886e-10       3.511275827031e-12      -1.174147141099e-11       0.000000000000e+00       5.041299596154e-14       1.079858131258e-14       1.318762564633e-15 
  472       3.101594163109e-10       3.486698315879e-12      -1.191827686338e-11       0.000000000000e+00       5.002975018090e-14       1.063705008642e-14       1.307629035239e-15 
  473       3.114609062019e-10       3.461721563940e-12      -1.209030222264e-11       0.000000000000e+00       4.965018223550e-14       1.047814445972e-14       1.296472999742e-15 
  474       3.127913588327e-10       3.436356196098e-12      -1.225749210456e-11       0.000000000000e+00       4.927424687497e-14       1.032183385578e-14       1.285296690125e-15 
  475       3.141497659130e-10       3.410613049915e-12      -1.241979108983e-11       0.000000000000e+00       4.890189702562e-14       1.016808658768e-14       1.274102366381e-15 
  476       3.155350979725e-10       3.384503176780e-12      -1.257714372557e-11       0.000000000000e+00       4.853308377852e-14       1.001686985126e-14       1.262892316628e-15 
  477       3.169463042426e-10       3.358037843053e-12      -1.272949452676e-11       0.000000000000e+00       4.816775637757e-14       9.868149718088e-15       1.251668857230e-15 
  478       3.183823125374e-10       3.331228531213e-12      -1.287678797780e-11       0.000000000000e+00       4.780586220758e-14       9.721891128378e-15       1.240434332911e-15 
  479       3.198420291355e-10       3.304086941004e-12      -1.301896853395e-11       0.000000000000e+00       4.744734678231e-14       9.578057883960e-15       1.229191116871e-15 
  480       3.213243386610e-10       3.276624990580e-12      -1.315598062287e-11       0.000000000000e+00       4.709215373257e-14       9.436612641218e-15       1.217941610908e-15 
  481       3.228281039651e-10       3.248854817656e-12      -1.328776864609e-11       0.000000000000e+00       4.674022479426e-14       9.297516904048e-15       1.206688245531e-15 
  482       3.243521660078e-10       3.220788780648e-12      -1.341427698051e-11       0.000000000000e+00       4.639149979646e-14       9.160731016802e-15       1.195433480078e-15 
  483       3.258953437387e-10       3.192439459825e-12      -1.353544997988e-11       0.000000000000e+00       4.604591664952e-14       9.026214157239e-15       1.184179802834e-15 
  484       3.274564339787e-10       3.163819658453e-12      -1.365123197635e-11       0.000000000000e+00       4.570341133306e-14       8.893924329477e-15       1.172929731148e-15 
  485       3.290342113016e-10       3.134942403941e-12      -1.376156728187e-11       0.000000000000e+00       4.536391788412e-14       8.763818356938e-15       1.161685811550e-15 
  486       3.306274279152e-10       3.105820948988e-12      -1.386640018978e-11       0.000000000000e+00       4.502736838518e-14       8.635851875302e-15       1.150450619867e-15 
  487       3.322348135428e-10       3.076468772731e-12      -1.396567497624e-11       0.000000000000e+00       4.469369295224e-14       8.509979325453e-15       1.139226761342e-15 
  488       3.338551898569e-10       3.046899063649e-12      -1.405934615660e-11       0.000000000000e+00       4.436283111289e-14       8.386159544942e-15       1.128016455555e-15 
  489       3.354878177727e-10       3.017123149001e-12      -1.414740958755e-11       0.000000000000e+00       4.403476633786e-14       8.264372740025e-15       1.116820277342e-15 
  490       3.371320602719e-10       2.987152020834e-12      -1.422987229491e-11       0.000000000000e+00       4.370949251513e-14       8.144604005575e-15       1.105638378581e-15 
  491       3.387872687254e-10       2.956996850883e-12      -1.430674230920e-11       0.000000000000e+00       4.338700264684e-14       8.026837768083e-15       1.094470899902e-15 
  492       3.404527828323e-10       2.926668991450e-12      -1.437802867229e-11       0.000000000000e+00       4.306728884309e-14       7.911057781422e-15       1.083317970597e-15 
  493       3.421279305587e-10       2.896179976292e-12      -1.444374144409e-11       0.000000000000e+00       4.275034231568e-14       7.797247122614e-15       1.072179708526e-15 
  494       3.438120280771e-10       2.865541521506e-12      -1.450389170916e-11       0.000000000000e+00       4.243615337199e-14       7.685388187594e-15       1.061056220028e-15 
  495       3.455043797051e-10       2.834765526417e-12      -1.455849158340e-11       0.000000000000e+00       4.212471140872e-14       7.575462686974e-15       1.049947599827e-15 
  496       3.472042778447e-10       2.803864074462e-12      -1.460755422065e-11       0.000000000000e+00       4.181600490569e-14       7.467451641810e-15       1.038853930943e-15 
  497       3.489110029210e-10       2.772849434077e-12      -1.465109381939e-11       0.000000000000e+00       4.151002141965e-14       7.361335379365e-15       1.027775284596e-15 
  498       3.506238233212e-10       2.741734059581e-12      -1.468912562939e-11       0.000000000000e+00       4.120674757810e-14       7.257093528872e-15       1.016711720121e-15 
  499       3.523419953339e-10       2.710530592063e-12      -1.472166595831e-11       0.000000000000e+00       4.090616907304e-14       7.154705017303e-15       1.005663284869e-15 
  500       3.540647630879e-10       2.679251860271e-12      -1.474873217841e-11       0.000000000000e+00       4.060827065479e-14       7.054148065134e-15       9.946300141213e-16 
  501       3.557913584912e-10       2.647910881490e-12      -1.477034273317e-11       0.000000000000e+00       4.031303612580e-14       6.955400182104e-15       9.836119309942e-16 
  502       3.575210011702e-10       2.616520862437e-12      -1.478651714395e-11       0.000000000000e+00       4.002044833443e-14       6.858438162986e-15       9.726090463490e-16 
  503       3.592528984083e-10       2.585095200139e-12      -1.479727601665e-11       0.000000000000e+00       3.973048916875e-14       6.763238083348e-15       9.616213587002e-16 
  504       3.609862450854e-10       2.553647482825e-12      -1.480264104834e-11       0.000000000000e+00       3.944313955033e-14       6.669775295321e-15       9.506488541233e-16 
  505       3.627202236166e-10       2.522191490807e-12      -1.480263503394e-11       0.000000000000e+00       3.915837942805e-14       6.578024423362e-15       9.396915061637e-16 
  506       3.644540038911e-10       2.490741197371e-12      -1.479728187282e-11       0.000000000000e+00       3.887618777190e-14       6.487959360017e-15       9.287492757449e-16 
  507       3.661867432117e-10       2.459310769657e-12      -1.478660657554e-11       0.000000000000e+00       3.859654256675e-14       6.399553261691e-15       9.178221110770e-16 
  508       3.679175862332e-10       2.427914569550e-12      -1.477063527040e-11       0.000000000000e+00       3.831942080620e-14       6.312778544407e-15       9.069099475645e-16 
  509       3.696456649018e-10       2.396567154561e-12      -1.474939521017e-11       0.000000000000e+00       3.804479848630e-14       6.227606879574e-15       8.960127077155e-16 
  510       3.713700983940e-10       2.365283278718e-12      -1.472291477870e-11       0.000000000000e+00       3.777265059943e-14       6.144009189754e-15       8.851303010495e-16 
  511       3.730899930556e-10       2.334077893449e-12      -1.469122349759e-11       0.000000000000e+00       3.750295112803e-14       6.061955644422e-15       8.742626240059e-16 
  512       3.748044423407e-10       2.302966148467e-12      -1.465435203281e-11       0.000000000000e+00       3.723567303844e-14       5.981415655732e-15       8.634095598523e-16 
  513       3.765125267507e-10       2.271963392658e-12      -1.461233220142e-11       0.000000000000e+00       3.697078827467e-14       5.902357874286e-15       8.525709785932e-16 
  514       3.782133137734e-10       2.241085174965e-12      -1.456519697813e-11       0.000000000000e+00       3.670826775221e-14       5.824750184893e-15       8.417467368777e-16 
  515       3.799058578217e-10       2.210347245276e-12      -1.451298050203e-11       0.000000000000e+00       3.644808135183e-14       5.748559702340e-15       8.309366779087e-16 
  516       3.815892001731e-10       2.179765555308e-12      -1.445571808320e-11       0.000000000000e+00       3.619019791337e-14       5.673752767150e-15       8.201406313506e-16 
  517       3.832623689083e-10       2.149356259493e-12      -1.439344620938e-11       0.000000000000e+00       3.593458522955e-14       5.600294941351e-15       8.093584132379e-16 
  518       3.849243788503e-10       2.119135715865e-12      -1.432620255260e-11       0.000000000000e+00       3.568121003974e-14       5.528151004243e-15       7.985898258837e-16 
  519       3.865742315036e-10       2.089120486946e-12      -1.425402597585e-11       0.000000000000e+00       3.543003802378e-14       5.457284948158e-15       7.878346577877e-16 
  520       3.882109149928e-10       2.059327340629e-12      -1.417695653973e-11       0.000000000000e+00       3.518103379577e-14       5.387659974225e-15       7.770926835451e-16 
  521       3.898334040022e-10       2.029773251067e-12      -1.409503550909e-11       0.000000000000e+00       3.493416089787e-14       5.319238488141e-15       7.663636637545e-16 
  522       3.914406597141e-10       2.000475399558e-12      -1.400830535970e-11       0.000000000000e+00       3.468938179410e-14       5.251982095928e-15       7.556473449262e-16 
  523       3.930316297485e-10       1.971451175431e-12      -1.391680978489e-11       0.000000000000e+00       3.444665786410e-14       5.185851599703e-15       7.449434593913e-16 
  524       3.946052481015e-10       1.942718176930e-12      -1.382059370218e-11       0.000000000000e+00       3.420594939701e-14       5.120806993441e-15       7.342517252091e-16 
  525       3.961604350847e-10       1.914294212102e-12      -1.371970325999e-11       0.000000000000e+00       3.396721558517e-14       5.056807458741e-15       7.235718460761e-16 
  526       3.976960972641e-10       1.886197299683e-12      -1.361418584422e-11       0.000000000000e+00       3.373041451799e-14       4.993811360588e-15       7.129035112342e-16 
  527       3.992112545695e-10       1.858444152161e-12      -1.350409208338e-11       0.000000000000e+00       3.349550978815e-14       4.931784101231e-15       7.022465566991e-16 
  528       4.007054256057e-10       1.831045577112e-12      -1.338948191114e-11       0.000000000000e+00       3.326249052352e-14       4.870721928848e-15       6.916014540266e-16 
  529       4.021782528615e-10       1.804010950619e-12      -1.327041868429e-11       0.000000000000e+00       3.303135189621e-14       4.810628778020e-15       6.809688348630e-16 
  530       4.036293764960e-10       1.777349723833e-12      -1.314696720698e-11       0.000000000000e+00       3.280208855681e-14       4.751508470250e-15       6.703493308245e-16 
  531       4.050584343319e-10       1.751071423207e-12      -1.301919373820e-11       0.000000000000e+00       3.257469463107e-14       4.693364713112e-15       6.597435734744e-16 
  532       4.064650618500e-10       1.725185650725e-12      -1.288716599933e-11       0.000000000000e+00       3.234916371654e-14       4.636201099411e-15       6.491521943017e-16 
  533       4.078488921826e-10       1.699702084135e-12      -1.275095318163e-11       0.000000000000e+00       3.212548887919e-14       4.580021106334e-15       6.385758246984e-16 
  534       4.092095561073e-10       1.674630477179e-12      -1.261062595378e-11       0.000000000000e+00       3.190366265009e-14       4.524828094603e-15       6.280150959382e-16 
  535       4.105466820413e-10       1.649980659827e-12      -1.246625646933e-11       0.000000000000e+00       3.168367702206e-14       4.470625307629e-15       6.174706391536e-16 
  536       4.118598960347e-10       1.625762538503e-12      -1.231791837430e-11       0.000000000000e+00       3.146552344629e-14       4.417415870668e-15       6.069430853145e-16 
  537       4.131488217649e-10       1.601986096322e-12      -1.216568681463e-11       0.000000000000e+00       3.124919282900e-14       4.365202789971e-15       5.964330652057e-16 
  538       4.144130805299e-10       1.578661393318e-12      -1.200963844372e-11       0.000000000000e+00       3.103467552813e-14       4.313988951941e-15       5.859412094051e-16 
  539       4.156522912425e-10       1.555798566677e-12      -1.184985142991e-11       0.000000000000e+00       3.082196134991e-14       4.263777122284e-15       5.754681482615e-16 
  540       4.168660704241e-10       1.533407830966e-12      -1.168640546407e-11       0.000000000000e+00       3.061103954559e-14       4.214569945165e-15       5.650145118727e-16 
  541       4.180540321985e-10       1.511499478366e-12      -1.151938176703e-11       0.000000000000e+00       3.040189880802e-14       4.166369942360e-15       5.545809300632e-16 
  542       4.192157882858e-10       1.490083878904e-12      -1.134886309712e-11       0.000000000000e+00       3.019452726834e-14       4.119179512412e-15       5.441680323622e-16 
  543       4.203509479959e-10       1.469171480683e-12      -1.117493375771e-11       0.000000000000e+00       2.998891249264e-14       4.073000929782e-15       5.337764479817e-16 
  544       4.214591182232e-10       1.448772810111e-12      -1.099767960470e-11       0.000000000000e+00       2.978504147855e-14       4.027836344002e-15       5.234068057942e-16 
  545       4.225399034395e-10       1.428898472139e-12      -1.081718805403e-11       0.000000000000e+00       2.958290065195e-14       3.983687778836e-15       5.130597343110e-16 
  546       4.235929056883e-10       1.409559150486e-12      -1.063354808921e-11       0.000000000000e+00       2.938247586359e-14       3.940557131422e-15       5.027358616595e-16 
  547       4.246177245786e-10       1.390765607871e-12      -1.044685026880e-11       0.000000000000e+00       2.918375238573e-14       3.898446171436e-15       4.924358155620e-16 
  548       4.256139572790e-10       1.372528686247e-12      -1.025718673396e-11       0.000000000000e+00       2.898671490882e-14       3.857356540242e-15       4.821602233127e-16 
  549       4.265811985111e-10       1.354859307032e-12      -1.006465121597e-11       0.000000000000e+00       2.879134753813e-14       3.817289750043e-15       4.719097117563e-16 
  550       4.275190405434e-10       1.337768471337e-12      -9.869339043703e-12       0.000000000000e+00       2.859763379038e-14       3.778247183038e-15       4.616849072659e-16 
  551       4.284270731856e-10       1.321267260202e-12      -9.671347151149e-12       0.000000000000e+00       2.840555659042e-14       3.740230090577e-15       4.514864357204e-16 
  552       4.293048837819e-10       1.305366834823e-12      -9.470774084955e-12       0.000000000000e+00       2.821509826787e-14       3.703239592309e-15       4.413149224831e-16 
  553       4.301520572053e-10       1.290078436785e-12      -9.267720011916e-12       0.000000000000e+00       2.802624055375e-14       3.667276675344e-15       4.311709923792e-16 
  554       4.309681758511e-10       1.275413388294e-12      -9.062286726493e-12       0.000000000000e+00       2.783896457718e-14       3.632342193397e-15       4.210552696739e-16 
  555       4.317528196310e-10       1.261383092409e-12      -8.854577658327e-12       0.000000000000e+00       2.765325086194e-14       3.598436865950e-15       4.109683780503e-16 
  556       4.325055659666e-10       1.247999033268e-12      -8.644697879752e-12       0.000000000000e+00       2.746907932320e-14       3.565561277401e-15       4.009109405873e-16 
  557       4.332259897839e-10       1.235272776328e-12      -8.432754113307e-12       0.000000000000e+00       2.728642926416e-14       3.533715876221e-15       3.908835797377e-16 
  558       4.339136635063e-10       1.223215968588e-12      -8.218854739253e-12       0.000000000000e+00       2.710527937264e-14       3.502900974105e-15       3.808869173060e-16 
  559       4.345681570493e-10       1.211840338825e-12      -8.003109803083e-12       0.000000000000e+00       2.692560771778e-14       3.473116745124e-15       3.709215744261e-16 
  560       4.351890378136e-10       1.201157697825e-12      -7.785631023037e-12       0.000000000000e+00       2.674739174669e-14       3.444363224887e-15       3.609881715397e-16 
  561       4.357758706794e-10       1.191179938611e-12      -7.566531797613e-12       0.000000000000e+00       2.657060828107e-14       3.416640309683e-15       3.510873283740e-16 
  562       4.363282180003e-10       1.181919036679e-12      -7.345927213083e-12       0.000000000000e+00       2.639523351388e-14       3.389947755645e-15       3.412196639197e-16 
  563       4.368456395967e-10       1.173387050225e-12      -7.123934051006e-12       0.000000000000e+00       2.622124300598e-14       3.364285177898e-15       3.313857964087e-16 
  564       4.373276927501e-10       1.165596120379e-12      -6.900670795739e-12       0.000000000000e+00       2.604861168278e-14       3.339652049714e-15       3.215863432924e-16 
  565       4.377739321967e-10       1.158558471437e-12      -6.676257641954e-12       0.000000000000e+00       2.587731383089e-14       3.316047701666e-15       3.118219212194e-16 
  566       4.381839985867e-10       1.152284618704e-12      -6.450809262074e-12       0.000000000000e+00       2.570732700187e-14       3.293469532332e-15       3.020931521651e-16 
  567       4.385578863734e-10       1.146777940902e-12      -6.224412888907e-12       0.000000000000e+00       2.553864384067e-14       3.271907591543e-15       2.924006820383e-16 
  568       4.388956828041e-10       1.142039968592e-12      -5.997149683987e-12       0.000000000000e+00       2.537126055486e-14       3.251349856109e-15       2.827451625100e-16 
  569       4.391974801045e-10       1.138072163478e-12      -5.769101931428e-12       0.000000000000e+00       2.520517303321e-14       3.231784004148e-15       2.731272448850e-16 
  570       4.394633755063e-10       1.134875917973e-12      -5.540353042725e-12       0.000000000000e+00       2.504037684378e-14       3.213197413575e-15       2.635475800822e-16 
  571       4.396934712737e-10       1.132452554759e-12      -5.310987561563e-12       0.000000000000e+00       2.487686723203e-14       3.195577160579e-15       2.540068186150e-16 
  572       4.398878747308e-10       1.130803326350e-12      -5.081091168623e-12       0.000000000000e+00       2.471463911895e-14       3.178910018118e-15       2.445056105711e-16 
  573       4.400466982880e-10       1.129929414649e-12      -4.850750686386e-12       0.000000000000e+00       2.455368709912e-14       3.163182454396e-15       2.350446055935e-16 
  574       4.401700594691e-10       1.129831930511e-12      -4.620054083941e-12       0.000000000000e+00       2.439400543889e-14       3.148380631350e-15       2.256244528600e-16 
  575       4.402580809386e-10       1.130511913307e-12      -4.389090481789e-12       0.000000000000e+00       2.423558807442e-14       3.134490403137e-15       2.162458010637e-16 
  576       4.403108905280e-10       1.131970330479e-12      -4.157950156655e-12       0.000000000000e+00       2.407842860984e-14       3.121497314619e-15       2.069092983935e-16 
  577       4.403286212633e-10       1.134208077107e-12      -3.926724546284e-12       0.000000000000e+00       2.392252031534e-14       3.109386599844e-15       1.976155925138e-16 
  578       4.403114113915e-10       1.137225975467e-12      -3.695506254257e-12       0.000000000000e+00       2.376785612528e-14       3.098143180535e-15       1.883653305452e-16 
  579       4.402594044078e-10       1.141024774592e-12      -3.464389054790e-12       0.000000000000e+00       2.361442863630e-14       3.087751664574e-15       1.791591590445e-16 
  580       4.401727490825e-10       1.145605149834e-12      -3.233467897547e-12       0.000000000000e+00       2.346223010542e-14       3.078196344486e-15       1.699977239852e-16 
  581       4.400515994876e-10       1.150967702426e-12      -3.002838912436e-12       0.000000000000e+00       2.331125244819e-14       3.069461195924e-15       1.608816707372e-16 
  582       4.398961150243e-10       1.157112959038e-12      -2.772599414427e-12       0.000000000000e+00       2.316148723673e-14       3.061529876156e-15       1.518116440475e-16 
  583       4.397064604495e-10       1.164041371347e-12      -2.542847908349e-12       0.000000000000e+00       2.301292569791e-14       3.054385722548e-15       1.427882880204e-16 
  584       4.394828059027e-10       1.171753315590e-12      -2.313684093700e-12       0.000000000000e+00       2.286555871141e-14       3.048011751049e-15       1.338122460976e-16 
  585       4.392253269333e-10       1.180249092127e-12      -2.085208869452e-12       0.000000000000e+00       2.271937680787e-14       3.042390654676e-15       1.248841610384e-16 
  586       4.389342045272e-10       1.189528925007e-12      -1.857524338859e-12       0.000000000000e+00       2.257437016696e-14       3.037504802001e-15       1.160046749000e-16 
  587       4.386096251339e-10       1.199592961522e-12      -1.630733814260e-12       0.000000000000e+00       2.243052861550e-14       3.033336235633e-15       1.071744290180e-16 
  588       4.382517806932e-10       1.210441271772e-12      -1.404941821888e-12       0.000000000000e+00       2.228784162561e-14       3.029866670705e-15       9.839406398598e-17 
  589       4.378608686624e-10       1.222073848225e-12      -1.180254106673e-12       0.000000000000e+00       2.214629831276e-14       3.027077493359e-15       8.966421963644e-17 
  590       4.374370920431e-10       1.234490605279e-12      -9.567776370509e-13       0.000000000000e+00       2.200588743392e-14       3.024949759229e-15       8.098553502061e-17 
  591       4.369806594082e-10       1.247691378823e-12      -7.346206097692e-13       0.000000000000e+00       2.186659738565e-14       3.023464191928e-15       7.235864838884e-17 
  592       4.364917849286e-10       1.261675925797e-12      -5.138924546916e-13       0.000000000000e+00       2.172841620221e-14       3.022601181533e-15       6.378419717078e-17 
  593       4.359706884005e-10       1.276443923752e-12      -2.947038396050e-13       0.000000000000e+00       2.159133155369e-14       3.022340783068e-15       5.526281795566e-17 
  594       4.354175952720e-10       1.291994970415e-12      -7.716667502569e-14       0.000000000000e+00       2.145533074411e-14       3.022662714990e-15       4.679514647249e-17 
  595       4.348327366702e-10       1.308328583248e-12       1.386058809948e-13       0.000000000000e+00       2.132040070949e-14       3.023546357675e-15       3.838181757031e-17 
  596       4.342163494280e-10       1.325444199005e-12       3.524994180635e-13       0.000000000000e+00       2.118652801605e-14       3.024970751904e-15       3.002346519842e-17 
  597       4.335686761113e-10       1.343341173302e-12       5.643982686401e-13       0.000000000000e+00       2.105369885821e-14       3.026914597342e-15       2.172072238664e-17 
  598       4.328899650454e-10       1.362018780170e-12       7.741855032304e-13       0.000000000000e+00       2.092189905679e-14       3.029356251030e-15       1.347422122550e-17 
  599       4.321804703427e-10       1.381476211619e-12       9.817429255809e-13       0.000000000000e+00       2.079111405707e-14       3.032273725867e-15       5.284592846501e-18 
  600       4.314404519289e-10       1.401712577199e-12       1.186951067872e-12       0.000000000000e+00       2.066132892691e-14       3.035644689095e-15      -2.847532597634e-18 
  601       4.306701755703e-10       1.422726903563e-12       1.389689185913e-12       0.000000000000e+00       2.053252835488e-14       3.039446460782e-15      -1.092152595275e-17 
  602       4.298699129006e-10       1.444518134025e-12       1.589835254333e-12       0.000000000000e+00       2.040469664833e-14       3.043656012311e-15      -1.893675908303e-17 
  603       4.290399414479e-10       1.467085128121e-12       1.787265961781e-12       0.000000000000e+00       2.027781773155e-14       3.048249964863e-15      -2.689260489072e-17 
  604       4.281805446617e-10       1.490426661175e-12       1.981856706112e-12       0.000000000000e+00       2.015187514382e-14       3.053204587902e-15      -3.478843733595e-17 
  605       4.272920335546e-10       1.514540339902e-12       2.173494349096e-12       0.000000000000e+00       2.002685445534e-14       3.058499086462e-15      -4.262372606080e-17 
  606       4.263748121453e-10       1.539419321459e-12       2.362115827577e-12       0.000000000000e+00       1.990275058259e-14       3.064125553025e-15      -5.039832272422e-17 
  607       4.254293136449e-10       1.565055514528e-12       2.547670462542e-12       0.000000000000e+00       1.977956064537e-14       3.070079252283e-15      -5.811218160089e-17 
  608       4.244559790183e-10       1.591440655324e-12       2.730107283135e-12       0.000000000000e+00       1.965728156386e-14       3.076355353587e-15      -6.576526565159e-17 
  609       4.234552570180e-10       1.618566306800e-12       2.909375026029e-12       0.000000000000e+00       1.953591005754e-14       3.082948930512e-15      -7.335754657385e-17 
  610       4.224276042187e-10       1.646423857855e-12       3.085422134793e-12       0.000000000000e+00       1.941544264407e-14       3.089854960413e-15      -8.088900485277e-17 
  611       4.213734850506e-10       1.675004522538e-12       3.258196759263e-12       0.000000000000e+00       1.929587563823e-14       3.097068323991e-15      -8.835962981167e-17 
  612       4.202933718339e-10       1.704299339257e-12       3.427646754913e-12       0.000000000000e+00       1.917720515078e-14       3.104583804850e-15      -9.576941966287e-17 
  613       4.191877448125e-10       1.734299169984e-12       3.593719682225e-12       0.000000000000e+00       1.905942708738e-14       3.112396089064e-15      -1.031183815584e-16 
  614       4.180570921883e-10       1.764994699461e-12       3.756362806059e-12       0.000000000000e+00       1.894253714749e-14       3.120499764732e-15      -1.104065316407e-16 
  615       4.169019101549e-10       1.796376434407e-12       3.915523095023e-12       0.000000000000e+00       1.882653082326e-14       3.128889321546e-15      -1.176338950934e-16 
  616       4.157227029319e-10       1.828434702724e-12       4.071147220843e-12       0.000000000000e+00       1.871140339844e-14       3.137559150346e-15      -1.248005061920e-16 
  617       4.145199827985e-10       1.861159652702e-12       4.223181557734e-12       0.000000000000e+00       1.859714994730e-14       3.146503542686e-15      -1.319064083547e-16 
  618       4.132942701281e-10       1.894541252227e-12       4.371572181769e-12       0.000000000000e+00       1.848376533350e-14       3.155716690394e-15      -1.389516541931e-16 
  619       4.120460934216e-10       1.928569287988e-12       4.516264870250e-12       0.000000000000e+00       1.837124420898e-14       3.165192685134e-15      -1.459363055626e-16 
  620       4.107759893419e-10       1.963233364681e-12       4.657205101078e-12       0.000000000000e+00       1.825958101294e-14       3.174925517965e-15      -1.528604336137e-16 
  621       4.094845027479e-10       1.998522904216e-12       4.794338052124e-12       0.000000000000e+00       1.814876997062e-14       3.184909078906e-15      -1.597241188424e-16 
  622       4.081721867280e-10       2.034427144925e-12       4.927608600596e-12       0.000000000000e+00       1.803880509230e-14       3.195137156495e-15      -1.665274511409e-16 
  623       4.068396026348e-10       2.070935140765e-12       5.056961322414e-12       0.000000000000e+00       1.792968017218e-14       3.205603437349e-15      -1.732705298485e-16 
  624       4.054873201186e-10       2.108035760528e-12       5.182340491577e-12       0.000000000000e+00       1.782138878724e-14       3.216301505732e-15      -1.799534638020e-16 
  625       4.041159171616e-10       2.145717687044e-12       5.303690079531e-12       0.000000000000e+00       1.771392429618e-14       3.227224843107e-15      -1.865763713869e-16 
  626       4.027259801119e-10       2.183969416391e-12       5.420953754547e-12       0.000000000000e+00       1.760727983831e-14       3.238366827704e-15      -1.931393805879e-16 
  627       4.013181037174e-10       2.222779257095e-12       5.534074881081e-12       0.000000000000e+00       1.750144833246e-14       3.249720734083e-15      -1.996426290394e-16 
  628       3.998928911600e-10       2.262135329346e-12       5.642996519154e-12       0.000000000000e+00       1.739642247584e-14       3.261279732686e-15      -2.060862640767e-16 
  629       3.984509540893e-10       2.302025564193e-12       5.747661423713e-12       0.000000000000e+00       1.729219474301e-14       3.273036889409e-15      -2.124704427862e-16 
  630       3.969929126568e-10       2.342437702760e-12       5.848012044008e-12       0.000000000000e+00       1.718875738473e-14       3.284985165159e-15      -2.187953320567e-16 
  631       3.955193955501e-10       2.383359295445e-12       5.943990522961e-12       0.000000000000e+00       1.708610242687e-14       3.297117415412e-15      -2.250611086297e-16 
  632       3.940310400265e-10       2.424777701134e-12       6.035538696532e-12       0.000000000000e+00       1.698422166932e-14       3.309426389781e-15      -2.312679591502e-16 
  633       3.925284919472e-10       2.466680086397e-12       6.122598093095e-12       0.000000000000e+00       1.688310668489e-14       3.321904731572e-15      -2.374160802176e-16 
  634       3.910124058112e-10       2.509053424705e-12       6.205109932802e-12       0.000000000000e+00       1.678274881820e-14       3.334544977350e-15      -2.435056784363e-16 
  635       3.894834447897e-10       2.551884495629e-12       6.283015126960e-12       0.000000000000e+00       1.668313918459e-14       3.347339556496e-15      -2.495369704664e-16 
  636       3.879422807595e-10       2.595159884049e-12       6.356254277395e-12       0.000000000000e+00       1.658426866903e-14       3.360280790771e-15      -2.555101830745e-16 
  637       3.863895943374e-10       2.638865979360e-12       6.424767675827e-12       0.000000000000e+00       1.648612792500e-14       3.373360893877e-15      -2.614255531845e-16 
  638       3.848260749140e-10       2.682988974679e-12       6.488495303235e-12       0.000000000000e+00       1.638870737341e-14       3.386571971018e-15      -2.672833279281e-16 
  639       3.832524206880e-10       2.727514866048e-12       6.547376829232e-12       0.000000000000e+00       1.629199720148e-14       3.399906018462e-15      -2.730837646958e-16 
  640       3.816693386999e-10       2.772429451645e-12       6.601351611435e-12       0.000000000000e+00       1.619598736168e-14       3.413354923103e-15      -2.788271311874e-16 
  641       3.800775448661e-10       2.817718330989e-12       6.650358694829e-12       0.000000000000e+00       1.610066757056e-14       3.426910462020e-15      -2.845137054629e-16 
  642       3.784777640129e-10       2.863366904143e-12       6.694336811146e-12       0.000000000000e+00       1.600602730775e-14       3.440564302040e-15      -2.901437759931e-16 
  643       3.768707299105e-10       2.909360370924e-12       6.733224378229e-12       0.000000000000e+00       1.591205581476e-14       3.454307999300e-15      -2.957176417103e-16 
  644       3.752571421375e-10       2.955684024146e-12       6.766971275332e-12       0.000000000000e+00       1.581874361151e-14       3.468134113059e-15      -3.012354691098e-16 
  645       3.736375355339e-10       3.002324138248e-12       6.795574462852e-12       0.000000000000e+00       1.572608708552e-14       3.482039575691e-15      -3.066968598999e-16 
  646       3.720124078609e-10       3.049267099206e-12       6.819043167432e-12       0.000000000000e+00       1.563408400438e-14       3.496022398088e-15      -3.121012736677e-16 
  647       3.703822627246e-10       3.096499111610e-12       6.837387181783e-12       0.000000000000e+00       1.554273200693e-14       3.510080562198e-15      -3.174481699523e-16 
  648       3.687476095974e-10       3.144006197954e-12       6.850616867454e-12       0.000000000000e+00       1.545202860261e-14       3.524212020908e-15      -3.227370082546e-16 
  649       3.671089638398e-10       3.191774197924e-12       6.858743157601e-12       0.000000000000e+00       1.536197117078e-14       3.538414697926e-15      -3.279672480461e-16 
  650       3.654668467216e-10       3.239788767697e-12       6.861777559763e-12       0.000000000000e+00       1.527255696007e-14       3.552686487666e-15      -3.331383487789e-16 
  651       3.638217854437e-10       3.288035379225e-12       6.859732158634e-12       0.000000000000e+00       1.518378308775e-14       3.567025255131e-15      -3.382497698946e-16 
  652       3.621743131593e-10       3.336499319527e-12       6.852619618831e-12       0.000000000000e+00       1.509564653900e-14       3.581428835794e-15      -3.433009708344e-16 
  653       3.605249689960e-10       3.385165689987e-12       6.840453187671e-12       0.000000000000e+00       1.500814416633e-14       3.595895035487e-15      -3.482914110478e-16 
  654       3.588742980767e-10       3.434019405635e-12       6.823246697942e-12       0.000000000000e+00       1.492127268885e-14       3.610421630277e-15      -3.532205500026e-16 
  655       3.572228515414e-10       3.483045194448e-12       6.801014570672e-12       0.000000000000e+00       1.483502869165e-14       3.625006366354e-15      -3.580878471940e-16 
  656       3.555711865689e-10       3.532227596632e-12       6.773771817906e-12       0.000000000000e+00       1.474940862512e-14       3.639646959915e-15      -3.628927621543e-16 
  657       3.539198663982e-10       3.581550963924e-12       6.741534045474e-12       0.000000000000e+00       1.466440880433e-14       3.654341097042e-15      -3.676347544620e-16 
  658       3.522694603497e-10       3.630999458871e-12       6.704317455765e-12       0.000000000000e+00       1.458002540829e-14       3.669086433593e-15      -3.723132837515e-16 
  659       3.506205438474e-10       3.680557054131e-12       6.662138850499e-12       0.000000000000e+00       1.449625447937e-14       3.683880595079e-15      -3.769278097225e-16 
  660       3.489736984398e-10       3.730207531761e-12       6.615015633499e-12       0.000000000000e+00       1.441309192259e-14       3.698721176548e-15      -3.814777921493e-16 
  661       3.473295118218e-10       3.779934482505e-12       6.562965813465e-12       0.000000000000e+00       1.433053350499e-14       3.713605742474e-15      -3.859626908902e-16 
  662       3.456885778562e-10       3.829721305092e-12       6.506008006740e-12       0.000000000000e+00       1.424857485494e-14       3.728531826631e-15      -3.903819658974e-16 
  663       3.440514965951e-10       3.879551205520e-12       6.444161440092e-12       0.000000000000e+00       1.416721146151e-14       3.743496931985e-15      -3.947350772256e-16 
  664       3.424188743014e-10       3.929407196352e-12       6.377445953475e-12       0.000000000000e+00       1.408643867377e-14       3.758498530574e-15      -3.990214850424e-16 
  665       3.407913234705e-10       3.979272096006e-12       6.305882002812e-12       0.000000000000e+00       1.400625170017e-14       3.773534063389e-15      -4.032406496369e-16 
  666       3.391694628519e-10       4.029128528046e-12       6.229490662758e-12       0.000000000000e+00       1.392664560787e-14       3.788600940259e-15      -4.073920314294e-16 
  667       3.375539174702e-10       4.078958920473e-12       6.148293629478e-12       0.000000000000e+00       1.384761532205e-14       3.803696539738e-15      -4.114750909813e-16 
  668       3.359453186474e-10       4.128745505017e-12       6.062313223417e-12       0.000000000000e+00       1.376915562529e-14       3.818818208982e-15      -4.154892890039e-16 
  669       3.343443040239e-10       4.178470316427e-12       5.971572392071e-12       0.000000000000e+00       1.369126115688e-14       3.833963263637e-15      -4.194340863679e-16 
  670       3.327515175802e-10       4.228115191764e-12       5.876094712762e-12       0.000000000000e+00       1.361392641218e-14       3.849128987719e-15      -4.233089441133e-16 
  671       3.311676096582e-10       4.277661769690e-12       5.775904395408e-12       0.000000000000e+00       1.353714574193e-14       3.864312633500e-15      -4.271133234583e-16 
  672       3.295932369834e-10       4.327091489761e-12       5.671026285295e-12       0.000000000000e+00       1.346091335164e-14       3.879511421391e-15      -4.308466858092e-16 
  673       3.280290626855e-10       4.376385591719e-12       5.561485865852e-12       0.000000000000e+00       1.338522330087e-14       3.894722539823e-15      -4.345084927695e-16 
  674       3.264757563208e-10       4.425525114779e-12       5.447309261418e-12       0.000000000000e+00       1.331006950262e-14       3.909943145134e-15      -4.380982061492e-16 
  675       3.249339938929e-10       4.474490896926e-12       5.328523240021e-12       0.000000000000e+00       1.323544572262e-14       3.925170361447e-15      -4.416152879748e-16 
  676       3.234044578750e-10       4.523263574203e-12       5.205155216142e-12       0.000000000000e+00       1.316134557872e-14       3.940401280560e-15      -4.450592004981e-16 
  677       3.218878372311e-10       4.571823580000e-12       5.077233253494e-12       0.000000000000e+00       1.308776254019e-14       3.955632961824e-15      -4.484294062063e-16 
  678       3.203848274374e-10       4.620151144351e-12       4.944786067791e-12       0.000000000000e+00       1.301468992710e-14       3.970862432028e-15      -4.517253678307e-16 
  679       3.188961305038e-10       4.668226293221e-12       4.807843029522e-12       0.000000000000e+00       1.294212090961e-14       3.986086685284e-15      -4.549465483567e-16 
  680       3.174224549961e-10       4.716028847798e-12       4.666434166719e-12       0.000000000000e+00       1.287004850734e-14       4.001302682907e-15      -4.580924110328e-16 
  681       3.159645160564e-10       4.763538423785e-12       4.520590167735e-12       0.000000000000e+00       1.279846558871e-14       4.016507353301e-15      -4.611624193805e-16 
  682       3.145230354258e-10       4.810734430689e-12       4.370342384011e-12       0.000000000000e+00       1.272736487027e-14       4.031697591841e-15      -4.641560372034e-16 
  683       3.130986654756e-10       4.857597679234e-12       4.215727795177e-12       0.000000000000e+00       1.265673991729e-14       4.046870183256e-15      -4.670728970435e-16 
  684       3.116917594819e-10       4.904115242669e-12       4.056804015048e-12       0.000000000000e+00       1.258658817031e-14       4.062021567193e-15      -4.699133094770e-16 
  685       3.103025964898e-10       4.950275697823e-12       3.893634611426e-12       0.000000000000e+00       1.251690798187e-14       4.077148067416e-15      -4.726777647085e-16 
  686       3.089314568617e-10       4.996067526088e-12       3.726284176821e-12       0.000000000000e+00       1.244769762075e-14       4.092245968721e-15      -4.753667651612e-16 
  687       3.075786222788e-10       5.041479113128e-12       3.554818332494e-12       0.000000000000e+00       1.237895527153e-14       4.107311516797e-15      -4.779808255297e-16 
  688       3.062443757429e-10       5.086498748578e-12       3.379303732507e-12       0.000000000000e+00       1.231067903421e-14       4.122340918088e-15      -4.805204728327e-16 
  689       3.049290015792e-10       5.131114625751e-12       3.199808067769e-12       0.000000000000e+00       1.224286692378e-14       4.137330339661e-15      -4.829862464652e-16 
  690       3.036327854373e-10       5.175314841342e-12       3.016400070083e-12       0.000000000000e+00       1.217551686985e-14       4.152275909065e-15      -4.853786982522e-16 
  691       3.023560142941e-10       5.219087395130e-12       2.829149516191e-12       0.000000000000e+00       1.210862671622e-14       4.167173714199e-15      -4.876983925005e-16 
  692       3.010989764553e-10       5.262420189688e-12       2.638127231824e-12       0.000000000000e+00       1.204219422048e-14       4.182019803169e-15      -4.899459060517e-16 
  693       2.998619615574e-10       5.305301030081e-12       2.443405095745e-12       0.000000000000e+00       1.197621705364e-14       4.196810184157e-15      -4.921218283351e-16 
  694       2.986452605702e-10       5.347717623573e-12       2.245056043798e-12       0.000000000000e+00       1.191069279967e-14       4.211540825282e-15      -4.942267614201e-16 
  695       2.974491657981e-10       5.389657579333e-12       2.043154072957e-12       0.000000000000e+00       1.184561895513e-14       4.226207654464e-15      -4.962613200691e-16 
  696       2.962739708828e-10       5.431108408135e-12       1.837774245368e-12       0.000000000000e+00       1.178099292878e-14       4.240806559288e-15      -4.982261317900e-16 
  697       2.951199708048e-10       5.472057522068e-12       1.628992692397e-12       0.000000000000e+00       1.171681204115e-14       4.255333386865e-15      -5.001218368892e-16 
  698       2.939874618857e-10       5.512492234234e-12       1.416886618681e-12       0.000000000000e+00       1.165307352414e-14       4.269783943699e-15      -5.019490885240e-16 
  699       2.928767417901e-10       5.552399758457e-12       1.201534306170e-12       0.000000000000e+00       1.158977452062e-14       4.284153995545e-15      -5.037085527555e-16 
  700       2.917881095275e-10       5.591767208986e-12       9.830151181754e-13       0.000000000000e+00       1.152691208406e-14       4.298439267281e-15      -5.054009086012e-16 
  701       2.907218654548e-10       5.630581600199e-12       7.614095034166e-13       0.000000000000e+00       1.146448317804e-14       4.312635442763e-15      -5.070268480878e-16 
  702       2.896783112776e-10       5.668829846307e-12       5.367990000686e-13       0.000000000000e+00       1.140248467596e-14       4.326738164691e-15      -5.085870763036e-16 
  703       2.886577500528e-10       5.706498761057e-12       3.092662398082e-13       0.000000000000e+00       1.134091336053e-14       4.340743034475e-15      -5.100823114517e-16 
  704       2.876604861902e-10       5.743575057442e-12       7.889495186061e-14       0.000000000000e+00       1.127976592346e-14       4.354645612097e-15      -5.115132849023e-16 
  705       2.866868254548e-10       5.780045347398e-12      -1.542300329536e-13       0.000000000000e+00       1.121903896498e-14       4.368441415971e-15      -5.128807412455e-16 
  706       2.857370749688e-10       5.815896141512e-12      -3.900227781717e-13       0.000000000000e+00       1.115872899348e-14       4.382125922812e-15      -5.141854383442e-16 
  707       2.848115432133e-10       5.851113848726e-12      -6.283962376418e-13       0.000000000000e+00       1.109883242508e-14       4.395694567497e-15      -5.154281473864e-16 
  708       2.839105400308e-10       5.885684776043e-12      -8.692622514766e-13       0.000000000000e+00       1.103934558328e-14       4.409142742925e-15      -5.166096529382e-16 
  709       2.830343766267e-10       5.919595128226e-12      -1.112531542006e-12       0.000000000000e+00       1.098026469848e-14       4.422465799886e-15      -5.177307529965e-16 
  710       2.821833655716e-10       5.952831007509e-12      -1.358113709730e-12       0.000000000000e+00       1.092158590762e-14       4.435659046923e-15      -5.187922590417e-16 
  711       2.813578208035e-10       5.985378413297e-12      -1.605917229275e-12       0.000000000000e+00       1.086330525380e-14       4.448717750192e-15      -5.197949960901e-16 
  712       2.805580576293e-10       6.017223241870e-12      -1.855849445341e-12       0.000000000000e+00       1.080541868582e-14       4.461637133328e-15      -5.207398027470e-16 
  713       2.797843927273e-10       6.048351286090e-12      -2.107816568660e-12       0.000000000000e+00       1.074792205781e-14       4.474412377309e-15      -5.216275312592e-16 
  714       2.790371441488e-10       6.078748235104e-12      -2.361723671949e-12       0.000000000000e+00       1.069081112882e-14       4.487038620319e-15      -5.224590475677e-16 
  715       2.783166313205e-10       6.108399674048e-12      -2.617474685859e-12       0.000000000000e+00       1.063408156243e-14       4.499510957611e-15      -5.232352313605e-16 
  716       2.776231750462e-10       6.137291083752e-12      -2.874972394932e-12       0.000000000000e+00       1.057772892633e-14       4.511824441368e-15      -5.239569761251e-16 
  717       2.769570975092e-10       6.165407840443e-12      -3.134118433555e-12       0.000000000000e+00       1.052174869191e-14       4.523974080573e-15      -5.246251892015e-16 
  718       2.763187222736e-10       6.192735215450e-12      -3.394813281909e-12       0.000000000000e+00       1.046613623387e-14       4.535954840864e-15      -5.252407918346e-16 
  719       2.757083742873e-10       6.219258374911e-12      -3.656956261925e-12       0.000000000000e+00       1.041088682984e-14       4.547761644404e-15      -5.258047192271e-16 
  720       2.751263798831e-10       6.244962379470e-12      -3.920445533238e-12       0.000000000000e+00       1.035599565991e-14       4.559389369741e-15      -5.263179205920e-16 
  721       2.745730667812e-10       6.269832183991e-12      -4.185178089138e-12       0.000000000000e+00       1.030145780630e-14       4.570832851675e-15      -5.267813592057e-16 
  722       2.740486973273e-10       6.293854753201e-12      -4.451053823222e-12       0.000000000000e+00       1.024726890325e-14       4.582087763698e-15      -5.271958376666e-16 
  723       2.735532667234e-10       6.317025456122e-12      -4.717987827649e-12       0.000000000000e+00       1.019342710205e-14       4.593153285180e-15      -5.275614696932e-16 
  724       2.730867007254e-10       6.339341800221e-12      -4.985898335290e-12       0.000000000000e+00       1.013993114495e-14       4.604029487786e-15      -5.278781977613e-16 
  725       2.726489220244e-10       6.360801327347e-12      -5.254702668421e-12       0.000000000000e+00       1.008677971809e-14       4.614716457850e-15      -5.281459669439e-16 
  726       2.722398502336e-10       6.381401613930e-12      -5.524317235614e-12       0.000000000000e+00       1.003397145130e-14       4.625214296432e-15      -5.283647249234e-16 
  727       2.718594018744e-10       6.401140271162e-12      -5.794657528627e-12       0.000000000000e+00       9.981504917853e-15       4.635523119387e-15      -5.285344220043e-16 
  728       2.715074903640e-10       6.420014945195e-12      -6.065638119292e-12       0.000000000000e+00       9.929378634154e-15       4.645643057434e-15      -5.286550111256e-16 
  729       2.711840260010e-10       6.438023317331e-12      -6.337172656404e-12       0.000000000000e+00       9.877591059541e-15       4.655574256221e-15      -5.287264478738e-16 
  730       2.708889159529e-10       6.455163104209e-12      -6.609173862610e-12       0.000000000000e+00       9.826140596008e-15       4.665316876387e-15      -5.287486904945e-16 
  731       2.706220642424e-10       6.471432057998e-12      -6.881553531298e-12       0.000000000000e+00       9.775025587954e-15       4.674871093636e-15      -5.287216999059e-16 
  732       2.703833717340e-10       6.486827966587e-12      -7.154222523486e-12       0.000000000000e+00       9.724244321930e-15       4.684237098796e-15      -5.286454397106e-16 
  733       2.701727361210e-10       6.501348653779e-12      -7.427090764711e-12       0.000000000000e+00       9.673795026385e-15       4.693415097889e-15      -5.285198762085e-16 
  734       2.699900519116e-10       6.514991979476e-12      -7.700067241918e-12       0.000000000000e+00       9.623675871412e-15       4.702405312200e-15      -5.283449784093e-16 
  735       2.698352104163e-10       6.527755839875e-12      -7.973060000349e-12       0.000000000000e+00       9.573884968492e-15       4.711207978335e-15      -5.281207180448e-16 
  736       2.697080997338e-10       6.539638167655e-12      -8.245976140433e-12       0.000000000000e+00       9.524420370244e-15       4.719823348295e-15      -5.278470695816e-16 
  737       2.696086047383e-10       6.550636932169e-12      -8.518721814672e-12       0.000000000000e+00       9.475280070169e-15       4.728251689542e-15      -5.275240102334e-16 
  738       2.695366070657e-10       6.560750139637e-12      -8.791202224535e-12       0.000000000000e+00       9.426462002396e-15       4.736493285057e-15      -5.271515199739e-16 
  739       2.694919851007e-10       6.569975833332e-12      -9.063321617341e-12       0.000000000000e+00       9.377964041427e-15       4.744548433419e-15      -5.267295815491e-16 
  740       2.694746139631e-10       6.578312093775e-12      -9.334983283152e-12       0.000000000000e+00       9.329784001887e-15       4.752417448859e-15      -5.262581804897e-16 
  741       2.694843654945e-10       6.585757038924e-12      -9.606089551663e-12       0.000000000000e+00       9.281919638264e-15       4.760100661335e-15      -5.257373051238e-16 
  742       2.695211082452e-10       6.592308824363e-12      -9.876541789085e-12       0.000000000000e+00       9.234368644663e-15       4.767598416594e-15      -5.251669465892e-16 
  743       2.695847074607e-10       6.597965643497e-12      -1.014624039504e-11       0.000000000000e+00       9.187128654543e-15       4.774911076239e-15      -5.245470988464e-16 
  744       2.696750250684e-10       6.602725727739e-12      -1.041508479945e-11       0.000000000000e+00       9.140197240472e-15       4.782039017799e-15      -5.238777586906e-16 
  745       2.697919196640e-10       6.606587346701e-12      -1.068297345943e-11       0.000000000000e+00       9.093571913865e-15       4.788982634787e-15      -5.231589257643e-16 
  746       2.699352464988e-10       6.609548808388e-12      -1.094980385615e-11       0.000000000000e+00       9.047250124738e-15       4.795742336774e-15      -5.223906025700e-16 
  747       2.701048574658e-10       6.611608459384e-12      -1.121547249176e-11       0.000000000000e+00       9.001229261447e-15       4.802318549454e-15      -5.215727944829e-16 
  748       2.703006010866e-10       6.612764685046e-12      -1.147987488627e-11       0.000000000000e+00       8.955506650438e-15       4.808711714707e-15      -5.207055097628e-16 
  749       2.705223224978e-10       6.613015909695e-12      -1.174290557442e-11       0.000000000000e+00       8.910079555992e-15       4.814922290667e-15      -5.197887595671e-16 
  750       2.707698634381e-10       6.612360596804e-12      -1.200445810259e-11       0.000000000000e+00       8.864945179973e-15       4.820950751789e-15      -5.188225579634e-16 
  751       2.710430622347e-10       6.610797249191e-12      -1.226442502567e-11       0.000000000000e+00       8.820100661571e-15       4.826797588916e-15      -5.178069219416e-16 
  752       2.713417537899e-10       6.608324409207e-12      -1.252269790398e-11       0.000000000000e+00       8.775543077049e-15       4.832463309343e-15      -5.167418714267e-16 
  753       2.716657695681e-10       6.604940658933e-12      -1.277916730012e-11       0.000000000000e+00       8.731269439491e-15       4.837948436884e-15      -5.156274292912e-16 
  754       2.720149375819e-10       6.600644620361e-12      -1.303372277589e-11       0.000000000000e+00       8.687276698545e-15       4.843253511940e-15      -5.144636213677e-16 
  755       2.723890823793e-10       6.595434955596e-12      -1.328625288916e-11       0.000000000000e+00       8.643561740174e-15       4.848379091563e-15      -5.132504764616e-16 
  756       2.727880250302e-10       6.589310367035e-12      -1.353664519076e-11       0.000000000000e+00       8.600121386396e-15       4.853325749523e-15      -5.119880263630e-16 
  757       2.732115831129e-10       6.582269597568e-12      -1.378478622139e-11       0.000000000000e+00       8.556952395033e-15       4.858094076377e-15      -5.106763058601e-16 
  758       2.736595707010e-10       6.574311430762e-12      -1.403056150849e-11       0.000000000000e+00       8.514051459459e-15       4.862684679530e-15      -5.093153527508e-16 
  759       2.741317983498e-10       6.565434691055e-12      -1.427385556312e-11       0.000000000000e+00       8.471415208343e-15       4.867098183306e-15      -5.079052078561e-16 
  760       2.746280730832e-10       6.555638243945e-12      -1.451455187689e-11       0.000000000000e+00       8.429040205396e-15       4.871335229011e-15      -5.064459150317e-16 
  761       2.751481727550e-10       6.544922510062e-12      -1.475254356361e-11       0.000000000000e+00       8.386923391846e-15       4.875396211082e-15      -5.049376304019e-16 
  762       2.756917686196e-10       6.533294038825e-12      -1.498776551456e-11       0.000000000000e+00       8.345063423673e-15       4.879280479836e-15      -5.033809523288e-16 
  763       2.762585012509e-10       6.520761022838e-12      -1.522016285350e-11       0.000000000000e+00       8.303459359502e-15       4.882987123567e-15      -5.017765977931e-16 
  764       2.768480060139e-10       6.507331792454e-12      -1.544968034675e-11       0.000000000000e+00       8.262110220041e-15       4.886515231096e-15      -5.001252937814e-16 
  765       2.774599130465e-10       6.493014816280e-12      -1.567626240233e-11       0.000000000000e+00       8.221014987913e-15       4.889863891780e-15      -4.984277773211e-16 
  766       2.780938472409e-10       6.477818701683e-12      -1.589985306901e-11       0.000000000000e+00       8.180172607499e-15       4.893032195526e-15      -4.966847955162e-16 
  767       2.787494282244e-10       6.461752195290e-12      -1.612039603543e-11       0.000000000000e+00       8.139581984771e-15       4.896019232799e-15      -4.948971055818e-16 
  768       2.794262703416e-10       6.444824183494e-12      -1.633783462918e-11       0.000000000000e+00       8.099241987132e-15       4.898824094638e-15      -4.930654748796e-16 
  769       2.801239826352e-10       6.427043692958e-12      -1.655211181589e-11       0.000000000000e+00       8.059151443254e-15       4.901445872667e-15      -4.911906809527e-16 
  770       2.808421688274e-10       6.408419891121e-12      -1.676317019831e-11       0.000000000000e+00       8.019309142915e-15       4.903883659103e-15      -4.892735115609e-16 
  771       2.815804273013e-10       6.388962086698e-12      -1.697095201545e-11       0.000000000000e+00       7.979713836838e-15       4.906136546772e-15      -4.873147647160e-16 
  772       2.823383510826e-10       6.368679730187e-12      -1.717539914161e-11       0.000000000000e+00       7.940364236526e-15       4.908203629117e-15      -4.853152487165e-16 
  773       2.831155278205e-10       6.347582414370e-12      -1.737645308550e-11       0.000000000000e+00       7.901259014101e-15       4.910084000215e-15      -4.832757821831e-16 
  774       2.839115397692e-10       6.325679874823e-12      -1.757405498936e-11       0.000000000000e+00       7.862396802145e-15       4.911776754781e-15      -4.811971940936e-16 
  775       2.847259637694e-10       6.302981990411e-12      -1.776814562799e-11       0.000000000000e+00       7.823776193531e-15       4.913280988187e-15      -4.790803238181e-16 
  776       2.855583712295e-10       6.279498783802e-12      -1.795866540789e-11       0.000000000000e+00       7.785395741267e-15       4.914595796470e-15      -4.769260211541e-16 
  777       2.864083281071e-10       6.255240421962e-12      -1.814555436635e-11       0.000000000000e+00       7.747253958330e-15       4.915720276344e-15      -4.747351463616e-16 
  778       2.872753948902e-10       6.230217216665e-12      -1.832875217050e-11       0.000000000000e+00       7.709349317506e-15       4.916653525211e-15      -4.725085701983e-16 
  779       2.881591265787e-10       6.204439624995e-12      -1.850819811645e-11       0.000000000000e+00       7.671680251225e-15       4.917394641176e-15      -4.702471739546e-16 
  780       2.890590726656e-10       6.177918249850e-12      -1.868383112837e-11       0.000000000000e+00       7.634245151403e-15       4.917942723055e-15      -4.679518494890e-16 
  781       2.899747771188e-10       6.150663840445e-12      -1.885558975756e-11       0.000000000000e+00       7.597042369273e-15       4.918296870387e-15      -4.656234992627e-16 
  782       2.909057783618e-10       6.122687292817e-12      -1.902341218155e-11       0.000000000000e+00       7.560070215230e-15       4.918456183449e-15      -4.632630363753e-16 
  783       2.918516092554e-10       6.093999650331e-12      -1.918723620323e-11       0.000000000000e+00       7.523326958665e-15       4.918419763264e-15      -4.608713845994e-16 
  784       2.928117970794e-10       6.064612104181e-12      -1.934699924986e-11       0.000000000000e+00       7.486810827803e-15       4.918186711615e-15      -4.584494784162e-16 
  785       2.937858635131e-10       6.034535993893e-12      -1.950263837227e-11       0.000000000000e+00       7.450520009539e-15       4.917756131054e-15      -4.559982630502e-16 
  786       2.947733246177e-10       6.003782807834e-12      -1.965409024385e-11       0.000000000000e+00       7.414452649279e-15       4.917127124917e-15      -4.535186945046e-16 
  787       2.957736908168e-10       5.972364183711e-12      -1.980129115970e-11       0.000000000000e+00       7.378606850779e-15       4.916298797334e-15      -4.510117395964e-16 
  788       2.967864668783e-10       5.940291909078e-12      -1.994417703571e-11       0.000000000000e+00       7.342980675975e-15       4.915270253240e-15      -4.484783759914e-16 
  789       2.978111518953e-10       5.907577921839e-12      -2.008268340764e-11       0.000000000000e+00       7.307572144828e-15       4.914040598389e-15      -4.459195922392e-16 
  790       2.988472392681e-10       5.874234310752e-12      -2.021674543024e-11       0.000000000000e+00       7.272379235162e-15       4.912608939364e-15      -4.433363878087e-16 
  791       2.998942166848e-10       5.840273315931e-12      -2.034629787630e-11       0.000000000000e+00       7.237399882494e-15       4.910974383586e-15      -4.407297731230e-16 
  792       3.009515661034e-10       5.805707329356e-12      -2.047127513578e-11       0.000000000000e+00       7.202631979882e-15       4.909136039332e-15      -4.381007695944e-16 
  793       3.020187637326e-10       5.770548895370e-12      -2.059161121488e-11       0.000000000000e+00       7.168073377754e-15       4.907093015743e-15      -4.354504096597e-16 
  794       3.030952800134e-10       5.734810711186e-12      -2.070723973514e-11       0.000000000000e+00       7.133721883750e-15       4.904844422833e-15      -4.327797368154e-16 
  795       3.041805796005e-10       5.698505627392e-12      -2.081809393253e-11       0.000000000000e+00       7.099575262561e-15       4.902389371507e-15      -4.300898056526e-16 
  796       3.052741213435e-10       5.661646648455e-12      -2.092410665654e-11       0.000000000000e+00       7.065631235761e-15       4.899726973567e-15      -4.273816818921e-16 
  797       3.063753582685e-10       5.624246933222e-12      -2.102521036927e-11       0.000000000000e+00       7.031887481653e-15       4.896856341727e-15      -4.246564424197e-16 
  798       3.074837375591e-10       5.586319795426e-12      -2.112133714455e-11       0.000000000000e+00       6.998341635098e-15       4.893776589624e-15      -4.219151753214e-16 
  799       3.085987005383e-10       5.547878704191e-12      -2.121241866696e-11       0.000000000000e+00       6.964991287360e-15       4.890486831828e-15      -4.191589799182e-16 
  800       3.097197064065e-10       5.508937384182e-12      -2.129839779486e-11       0.000000000000e+00       6.931834288553e-15       4.886986600505e-15      -4.163887736346e-16 
  801       3.108463039702e-10       5.469510117037e-12      -2.137926348217e-11       0.000000000000e+00       6.898869661379e-15       4.883277103705e-15      -4.136047086699e-16 
  802       3.119780611849e-10       5.429611446430e-12      -2.145501649172e-11       0.000000000000e+00       6.866096703736e-15       4.879359990045e-15      -4.108067447565e-16 
  803       3.131145415023e-10       5.389256079447e-12      -2.152565789037e-11       0.000000000000e+00       6.833514687511e-15       4.875236934235e-15      -4.079948413618e-16 
  804       3.142553038562e-10       5.348458887109e-12      -2.159118905025e-11       0.000000000000e+00       6.801122858469e-15       4.870909637161e-15      -4.051689576873e-16 
  805       3.153999026481e-10       5.307234904891e-12      -2.165161165005e-11       0.000000000000e+00       6.768920436153e-15       4.866379825979e-15      -4.023290526674e-16 
  806       3.165478877331e-10       5.265599333247e-12      -2.170692767624e-11       0.000000000000e+00       6.736906613776e-15       4.861649254201e-15      -3.994750849681e-16 
  807       3.176988044059e-10       5.223567538134e-12      -2.175713942436e-11       0.000000000000e+00       6.705080558115e-15       4.856719701790e-15      -3.966070129864e-16 
  808       3.188521933862e-10       5.181155051532e-12      -2.180224950026e-11       0.000000000000e+00       6.673441409406e-15       4.851592975246e-15      -3.937247948490e-16 
  809       3.200075908051e-10       5.138377571968e-12      -2.184226082135e-11       0.000000000000e+00       6.641988281238e-15       4.846270907695e-15      -3.908283884111e-16 
  810       3.211645281901e-10       5.095250965039e-12      -2.187717661788e-11       0.000000000000e+00       6.610720260447e-15       4.840755358982e-15      -3.879177512558e-16 
  811       3.223225324518e-10       5.051791263933e-12      -2.190700043418e-11       0.000000000000e+00       6.579636407012e-15       4.835048215757e-15      -3.849928406926e-16 
  812       3.234811258691e-10       5.008014669955e-12      -2.193173612993e-11       0.000000000000e+00       6.548735753948e-15       4.829151391569e-15      -3.820536137566e-16 
  813       3.246398260751e-10       4.963937553046e-12      -2.195138788141e-11       0.000000000000e+00       6.518017307201e-15       4.823066826951e-15      -3.791000272073e-16 
  814       3.257981460433e-10       4.919576452306e-12      -2.196596018273e-11       0.000000000000e+00       6.487480045542e-15       4.816796489512e-15      -3.761320375276e-16 
  815       3.269555940727e-10       4.874948076521e-12      -2.197545784714e-11       0.000000000000e+00       6.457122920460e-15       4.810342374029e-15      -3.731496009228e-16 
  816       3.281116737744e-10       4.830069304679e-12      -2.197988600828e-11       0.000000000000e+00       6.426944856061e-15       4.803706502533e-15      -3.701526733195e-16 
  817       3.292658840569e-10       4.784957186498e-12      -2.197925012137e-11       0.000000000000e+00       6.396944748956e-15       4.796890924399e-15      -3.671412103646e-16 
  818       3.304177191120e-10       4.739628942947e-12      -2.197355596455e-11       0.000000000000e+00       6.367121468161e-15       4.789897716438e-15      -3.641151674240e-16 
  819       3.315666684008e-10       4.694101966767e-12      -2.196280964011e-11       0.000000000000e+00       6.337473854987e-15       4.782728982987e-15      -3.610744995821e-16 
  820       3.327122166391e-10       4.648393822998e-12      -2.194701757572e-11       0.000000000000e+00       6.308000722939e-15       4.775386855994e-15      -3.580191616400e-16 
  821       3.338538437838e-10       4.602522249495e-12      -2.192618652571e-11       0.000000000000e+00       6.278700857606e-15       4.767873495113e-15      -3.549491081152e-16 
  822       3.349910250182e-10       4.556505157457e-12      -2.190032357235e-11       0.000000000000e+00       6.249573016557e-15       4.760191087791e-15      -3.518642932398e-16 
  823       3.361232307380e-10       4.510360631946e-12      -2.186943612705e-11       0.000000000000e+00       6.220615929236e-15       4.752341849360e-15      -3.487646709602e-16 
  824       3.372499265372e-10       4.464106932411e-12      -2.183353193167e-11       0.000000000000e+00       6.191828296856e-15       4.744328023122e-15      -3.456501949354e-16 
  825       3.383705731938e-10       4.417762493211e-12      -2.179261905975e-11       0.000000000000e+00       6.163208792293e-15       4.736151880444e-15      -3.425208185364e-16 
  826       3.394846266556e-10       4.371345924136e-12      -2.174670591780e-11       0.000000000000e+00       6.134756059982e-15       4.727815720845e-15      -3.393764948448e-16 
  827       3.405915380260e-10       4.324876010932e-12      -2.169580124649e-11       0.000000000000e+00       6.106468715808e-15       4.719321872086e-15      -3.362171766522e-16 
  828       3.416907535499e-10       4.278371715821e-12      -2.163991412199e-11       0.000000000000e+00       6.078345347004e-15       4.710672690260e-15      -3.330428164586e-16 
  829       3.427817145996e-10       4.231852178027e-12      -2.157905395715e-11       0.000000000000e+00       6.050384512044e-15       4.701870559881e-15      -3.298533664716e-16 
  830       3.438638576602e-10       4.185336714294e-12      -2.151323050283e-11       0.000000000000e+00       6.022584740535e-15       4.692917893976e-15      -3.266487786056e-16 
  831       3.449366143158e-10       4.138844819413e-12      -2.144245384910e-11       0.000000000000e+00       5.994944533117e-15       4.683817134170e-15      -3.234290044803e-16 
  832       3.459994112354e-10       4.092396166743e-12      -2.136673442653e-11       0.000000000000e+00       5.967462361350e-15       4.674570750783e-15      -3.201939954199e-16 
  833       3.470516701582e-10       4.046010608734e-12      -2.128608300743e-11       0.000000000000e+00       5.940136667616e-15       4.665181242911e-15      -3.169437024520e-16 
  834       3.480928078799e-10       3.999708177448e-12      -2.120051070711e-11       0.000000000000e+00       5.912965865008e-15       4.655651138523e-15      -3.136780763066e-16 
  835       3.491222362382e-10       3.953509085085e-12      -2.111002898515e-11       0.000000000000e+00       5.885948337227e-15       4.645982994547e-15      -3.103970674149e-16 
  836       3.501393620988e-10       3.907433724502e-12      -2.101464964665e-11       0.000000000000e+00       5.859082438473e-15       4.636179396960e-15      -3.071006259083e-16 
  837       3.511435873413e-10       3.861502669737e-12      -2.091438484348e-11       0.000000000000e+00       5.832366493346e-15       4.626242960879e-15      -3.037887016176e-16 
  838       3.521343088446e-10       3.815736676535e-12      -2.080924707554e-11       0.000000000000e+00       5.805798796732e-15       4.616176330650e-15      -3.004612440715e-16 
  839       3.531109751674e-10       3.770155300928e-12      -2.069925589688e-11       0.000000000000e+00       5.779377822856e-15       4.605981679729e-15      -2.971183054510e-16 
  840       3.540732576980e-10       3.724772727606e-12      -2.058445815941e-11       0.000000000000e+00       5.753102856611e-15       4.595659200609e-15      -2.937603514179e-16 
  841       3.550208824537e-10       3.679601870014e-12      -2.046490812383e-11       0.000000000000e+00       5.726973372998e-15       4.585208588804e-15      -2.903879556908e-16 
  842       3.559535736515e-10       3.634655746000e-12      -2.034066078908e-11       0.000000000000e+00       5.700988828903e-15       4.574629540676e-15      -2.870016975975e-16 
  843       3.568710537039e-10       3.589947478105e-12      -2.021177189477e-11       0.000000000000e+00       5.675148663025e-15       4.563921753446e-15      -2.836021620905e-16 
  844       3.577730432139e-10       3.545490293846e-12      -2.007829792356e-11       0.000000000000e+00       5.649452295805e-15       4.553084925194e-15      -2.801899397640e-16 
  845       3.586592609710e-10       3.501297526007e-12      -1.994029610354e-11       0.000000000000e+00       5.623899129358e-15       4.542118754863e-15      -2.767656268705e-16 
  846       3.595294239463e-10       3.457382612924e-12      -1.979782441068e-11       0.000000000000e+00       5.598488547405e-15       4.531022942268e-15      -2.733298253367e-16 
  847       3.603832472881e-10       3.413759098771e-12      -1.965094157116e-11       0.000000000000e+00       5.573219915195e-15       4.519797188096e-15      -2.698831427804e-16 
  848       3.612204443173e-10       3.370440633854e-12      -1.949970706383e-11       0.000000000000e+00       5.548092579446e-15       4.508441193913e-15      -2.664261925270e-16 
  849       3.620407265229e-10       3.327440974891e-12      -1.934418112258e-11       0.000000000000e+00       5.523105868265e-15       4.496954662169e-15      -2.629595936258e-16 
  850       3.628438035575e-10       3.284773985302e-12      -1.918442473875e-11       0.000000000000e+00       5.498259091085e-15       4.485337296199e-15      -2.594839708664e-16 
  851       3.636293832328e-10       3.242453635497e-12      -1.902049966351e-11       0.000000000000e+00       5.473551538590e-15       4.473588800232e-15      -2.559999547957e-16 
  852       3.643971715147e-10       3.200494003165e-12      -1.885246841028e-11       0.000000000000e+00       5.448982482649e-15       4.461708879394e-15      -2.525081817336e-16 
  853       3.651468725194e-10       3.158909273555e-12      -1.868039425712e-11       0.000000000000e+00       5.424551176245e-15       4.449697239709e-15      -2.490092937900e-16 
  854       3.658781885082e-10       3.117713739771e-12      -1.850434124913e-11       0.000000000000e+00       5.400256853401e-15       4.437553588110e-15      -2.455039388812e-16 
  855       3.665908198837e-10       3.076921803056e-12      -1.832437420085e-11       0.000000000000e+00       5.376098729118e-15       4.425277632437e-15      -2.419927707463e-16 
  856       3.672844651844e-10       3.036547973077e-12      -1.814055869866e-11       0.000000000000e+00       5.352075999296e-15       4.412869081449e-15      -2.384764489638e-16 
  857       3.679588210809e-10       2.996606868217e-12      -1.795296110318e-11       0.000000000000e+00       5.328187840670e-15       4.400327644819e-15      -2.349556389678e-16 
  858       3.686135823709e-10       2.957113215858e-12      -1.776164855164e-11       0.000000000000e+00       5.304433410738e-15       4.387653033147e-15      -2.314310120647e-16 
  859       3.692484419750e-10       2.918081852674e-12      -1.756668896034e-11       0.000000000000e+00       5.280811847693e-15       4.374844957962e-15      -2.279032454497e-16 
  860       3.698630909319e-10       2.879527724910e-12      -1.736815102699e-11       0.000000000000e+00       5.257322270349e-15       4.361903131722e-15      -2.243730222233e-16 
  861       3.704572183940e-10       2.841465888678e-12      -1.716610423315e-11       0.000000000000e+00       5.233963778073e-15       4.348827267827e-15      -2.208410314074e-16 
  862       3.710305116227e-10       2.803911510238e-12      -1.696061884660e-11       0.000000000000e+00       5.210735450717e-15       4.335617080615e-15      -2.173079679623e-16 
  863       3.715826559841e-10       2.766879866289e-12      -1.675176592376e-11       0.000000000000e+00       5.187636348545e-15       4.322272285372e-15      -2.137745328029e-16 
  864       3.721133349445e-10       2.730386344256e-12      -1.653961731206e-11       0.000000000000e+00       5.164665512166e-15       4.308792598336e-15      -2.102414328153e-16 
  865       3.726222300655e-10       2.694446442575e-12      -1.632424565238e-11       0.000000000000e+00       5.141821962459e-15       4.295177736698e-15      -2.067093808729e-16 
  866       3.731090209998e-10       2.659075770983e-12      -1.610572438142e-11       0.000000000000e+00       5.119104700510e-15       4.281427418612e-15      -2.031790958534e-16 
  867       3.735733854865e-10       2.624290050803e-12      -1.588412773411e-11       0.000000000000e+00       5.096512707534e-15       4.267541363195e-15      -1.996513026551e-16 
  868       3.740149993466e-10       2.590105115234e-12      -1.565953074600e-11       0.000000000000e+00       5.074044944814e-15       4.253519290532e-15      -1.961267322133e-16 
  869       3.744335364785e-10       2.556536909636e-12      -1.543200925567e-11       0.000000000000e+00       5.051700353622e-15       4.239360921683e-15      -1.926061215165e-16 
  870       3.748286688535e-10       2.523601491819e-12      -1.520163990712e-11       0.000000000000e+00       5.029477855155e-15       4.225065978686e-15      -1.890902136236e-16 
  871       3.752000665110e-10       2.491315032330e-12      -1.496850015217e-11       0.000000000000e+00       5.007376350464e-15       4.210634184562e-15      -1.855797576798e-16 
  872       3.755473975544e-10       2.459693814740e-12      -1.473266825287e-11       0.000000000000e+00       4.985394720381e-15       4.196065263318e-15      -1.820755089331e-16 
  873       3.758703281463e-10       2.428754235930e-12      -1.449422328388e-11       0.000000000000e+00       4.963531825453e-15       4.181358939955e-15      -1.785782287510e-16 
  874       3.761685225039e-10       2.398512806380e-12      -1.425324513489e-11       0.000000000000e+00       4.941786505870e-15       4.166514940468e-15      -1.750886846371e-16 
  875       3.764416428946e-10       2.368986150459e-12      -1.400981451301e-11       0.000000000000e+00       4.920157581394e-15       4.151532991855e-15      -1.716076502469e-16 
  876       3.766893496314e-10       2.340191006706e-12      -1.376401294515e-11       0.000000000000e+00       4.898643851291e-15       4.136412822116e-15      -1.681359054052e-16 
  877       3.769113010684e-10       2.312144228123e-12      -1.351592278045e-11       0.000000000000e+00       4.877244094261e-15       4.121154160265e-15      -1.646742361219e-16 
  878       3.771072124361e-10       2.284860649018e-12      -1.326562599420e-11       0.000000000000e+00       4.855957213147e-15       4.105757374072e-15      -1.612232965648e-16 
  879       3.772770334290e-10       2.258346646088e-12      -1.301320057304e-11       0.000000000000e+00       4.834782671861e-15       4.090225394928e-15      -1.577831924284e-16 
  880       3.774207735617e-10       2.232606470850e-12      -1.275872407440e-11       0.000000000000e+00       4.813720065585e-15       4.074561824995e-15      -1.543538906707e-16 
  881       3.775384436012e-10       2.207644373330e-12      -1.250227482175e-11       0.000000000000e+00       4.792768976599e-15       4.058770302467e-15      -1.509353569239e-16 
  882       3.776300555719e-10       2.183464602022e-12      -1.224393190680e-11       0.000000000000e+00       4.771928974239e-15       4.042854501676e-15      -1.475275554896e-16 
  883       3.776956227595e-10       2.160071403843e-12      -1.198377519172e-11       0.000000000000e+00       4.751199614844e-15       4.026818133191e-15      -1.441304493337e-16 
  884       3.777351597165e-10       2.137469024085e-12      -1.172188531136e-11       0.000000000000e+00       4.730580441710e-15       4.010664943926e-15      -1.407440000816e-16 
  885       3.777486822661e-10       2.115661706377e-12      -1.145834367544e-11       0.000000000000e+00       4.710070985043e-15       3.994398717242e-15      -1.373681680131e-16 
  886       3.777362075072e-10       2.094653692637e-12      -1.119323247077e-11       0.000000000000e+00       4.689670761914e-15       3.978023273049e-15      -1.340029120574e-16 
  887       3.776977538187e-10       2.074449223028e-12      -1.092663466349e-11       0.000000000000e+00       4.669379276204e-15       3.961542467913e-15      -1.306481897880e-16 
  888       3.776333408646e-10       2.055052535911e-12      -1.065863400124e-11       0.000000000000e+00       4.649196018567e-15       3.944960195157e-15      -1.273039574180e-16 
  889       3.775429895981e-10       2.036467867807e-12      -1.038931501539e-11       0.000000000000e+00       4.629120466372e-15       3.928280384968e-15      -1.239701697949e-16 
  890       3.774267222663e-10       2.018699453346e-12      -1.011876302329e-11       0.000000000000e+00       4.609152083664e-15       3.911507004496e-15      -1.206467803958e-16 
  891       3.772845624154e-10       2.001751525229e-12      -9.847064130397e-12       0.000000000000e+00       4.589290321111e-15       3.894644057961e-15      -1.173337413219e-16 
  892       3.771165348943e-10       1.985628314176e-12      -9.574305232584e-12       0.000000000000e+00       4.569534615959e-15       3.877695586755e-15      -1.140310032943e-16 
  893       3.769226658602e-10       1.970334048888e-12      -9.300574018284e-12       0.000000000000e+00       4.549884391985e-15       3.860665669550e-15      -1.107385156484e-16 
  894       3.767029827825e-10       1.955872956002e-12      -9.025958970732e-12       0.000000000000e+00       4.530339059446e-15       3.843558422393e-15      -1.074562263292e-16 
  895       3.764575144478e-10       1.942249260041e-12      -8.750549370171e-12       0.000000000000e+00       4.510898015037e-15       3.826377998819e-15      -1.041840818862e-16 
  896       3.761862909644e-10       1.929467183378e-12      -8.474435296066e-12       0.000000000000e+00       4.491560641837e-15       3.809128589950e-15      -1.009220274684e-16 
  897       3.758893437670e-10       1.917530946185e-12      -8.197707629317e-12       0.000000000000e+00       4.472326309269e-15       3.791814424598e-15      -9.767000681937e-17 
  898       3.755667056210e-10       1.906444766391e-12      -7.920458054469e-12       0.000000000000e+00       4.453194373044e-15       3.774439769370e-15      -9.442796227231e-17 
  899       3.752184106276e-10       1.896212859639e-12      -7.642779061928e-12       0.000000000000e+00       4.434164175123e-15       3.757008928774e-15      -9.119583474495e-17 
  900       3.748444942279e-10       1.886839439238e-12      -7.364763950170e-12       0.000000000000e+00       4.415235043660e-15       3.739526245319e-15      -8.797356373462e-17 
  901       3.744449932080e-10       1.878328716123e-12      -7.086506827958e-12       0.000000000000e+00       4.396406292962e-15       3.721996099619e-15      -8.476108731326e-17 
  902       3.740199457032e-10       1.870684898807e-12      -6.808102616550e-12       0.000000000000e+00       4.377677223437e-15       3.704422910500e-15      -8.155834212242e-17 
  903       3.735693912029e-10       1.863912193339e-12      -6.529647051915e-12       0.000000000000e+00       4.359047121548e-15       3.686811135101e-15      -7.836526336829e-17 
  904       3.730933705551e-10       1.858014803259e-12      -6.251236686946e-12       0.000000000000e+00       4.340515259767e-15       3.669165268977e-15      -7.518178481670e-17 
  905       3.725919259710e-10       1.852996929553e-12      -5.972968893667e-12       0.000000000000e+00       4.322080896524e-15       3.651489846204e-15      -7.200783878814e-17 
  906       3.720651010295e-10       1.848862770609e-12      -5.694941865454e-12       0.000000000000e+00       4.303743276163e-15       3.633789439486e-15      -6.884335615277e-17 
  907       3.715129406822e-10       1.845616522171e-12      -5.417254619242e-12       0.000000000000e+00       4.285501628892e-15       3.616068660250e-15      -6.568826632541e-17 
  908       3.709354912576e-10       1.843262377300e-12      -5.140006997737e-12       0.000000000000e+00       4.267355170737e-15       3.598332158759e-15      -6.254249726061e-17 
  909       3.703328004658e-10       1.841804526324e-12      -4.863299671634e-12       0.000000000000e+00       4.249303103495e-15       3.580584624211e-15      -5.940597544760e-17 
  910       3.697049174034e-10       1.841247156793e-12      -4.587234141823e-12       0.000000000000e+00       4.231344614685e-15       3.562830784843e-15      -5.627862590534e-17 
  911       3.690518925576e-10       1.841594453442e-12      -4.311912741608e-12       0.000000000000e+00       4.213478877500e-15       3.545075408034e-15      -5.316037217751e-17 
  912       3.683737778114e-10       1.842850598139e-12      -4.037438638915e-12       0.000000000000e+00       4.195705050761e-15       3.527323300412e-15      -5.005113632756e-17 
  913       3.676706264478e-10       1.845019769843e-12      -3.763915838506e-12       0.000000000000e+00       4.178022278870e-15       3.509579307954e-15      -4.695083893367e-17 
  914       3.669424931544e-10       1.848106144562e-12      -3.491449184191e-12       0.000000000000e+00       4.160429691761e-15       3.491848316092e-15      -4.385939908381e-17 
  915       3.661894340284e-10       1.852113895304e-12      -3.220144361044e-12       0.000000000000e+00       4.142926404853e-15       3.474135249816e-15      -4.077673437071e-17 
  916       3.654115065807e-10       1.857047192039e-12      -2.950107897611e-12       0.000000000000e+00       4.125511519003e-15       3.456445073776e-15      -3.770276088692e-17 
  917       3.646088031936e-10       1.862908422556e-12      -2.681439140054e-12       0.000000000000e+00       4.108184227915e-15       3.438781821532e-15      -3.463748445406e-17 
  918       3.637815520661e-10       1.869692824104e-12      -2.414206030081e-12       0.000000000000e+00       4.090944142340e-15       3.421145666140e-15      -3.158127591251e-17 
  919       3.629300178852e-10       1.877393766186e-12      -2.148468945715e-12       0.000000000000e+00       4.073790970946e-15       3.403535803125e-15      -2.853460020529e-17 
  920       3.620544685278e-10       1.886004521605e-12      -1.884288695480e-12       0.000000000000e+00       4.056724413295e-15       3.385951417076e-15      -2.549792554906e-17 
  921       3.611551750703e-10       1.895518266164e-12      -1.621726519461e-12       0.000000000000e+00       4.039744159808e-15       3.368391681610e-15      -2.247172344221e-17 
  922       3.602324117982e-10       1.905928078372e-12      -1.360844090377e-12       0.000000000000e+00       4.022849891739e-15       3.350855759338e-15      -1.945646867281e-17 
  923       3.592864562152e-10       1.917226939145e-12      -1.101703514648e-12       0.000000000000e+00       4.006041281137e-15       3.333342801832e-15      -1.645263932667e-17 
  924       3.583175890525e-10       1.929407731504e-12      -8.443673334627e-13       0.000000000000e+00       3.989317990818e-15       3.315851949587e-15      -1.346071679536e-17 
  925       3.573260942787e-10       1.942463240282e-12      -5.888985238478e-13       0.000000000000e+00       3.972679674329e-15       3.298382331988e-15      -1.048118578420e-17 
  926       3.563122591086e-10       1.956386151825e-12      -3.353604997350e-13       0.000000000000e+00       3.956125975918e-15       3.280933067277e-15      -7.514534320299e-18 
  927       3.552763740128e-10       1.971169053690e-12      -8.381711303029e-14       0.000000000000e+00       3.939656530504e-15       3.263503262514e-15      -4.561253760565e-18 
  928       3.542187327271e-10       1.986804434352e-12       1.656673453186e-13       0.000000000000e+00       3.923270963640e-15       3.246092013548e-15      -1.621838799731e-18 
  929       3.531396322621e-10       2.003284682906e-12       4.130281442536e-13       0.000000000000e+00       3.906968891485e-15       3.228698404976e-15       1.303212521634e-18 
  930       3.520393729122e-10       2.020602088763e-12       6.582001115380e-13       0.000000000000e+00       3.890749920768e-15       3.211321510113e-15       4.213398809106e-18 
  931       3.509182582650e-10       2.038748841360e-12       9.011176326887e-13       0.000000000000e+00       3.874613648760e-15       3.193960390957e-15       7.108215306384e-18 
  932       3.497765952110e-10       2.057717029856e-12       1.141714649907e-12       0.000000000000e+00       3.858559663239e-15       3.176614098152e-15       9.987153887276e-18 
  933       3.486146939529e-10       2.077498642837e-12       1.379924661012e-12       0.000000000000e+00       3.842587542459e-15       3.159281670953e-15       1.284970304768e-17 
  934       3.474328680146e-10       2.098085568017e-12       1.615680718371e-12       0.000000000000e+00       3.826696855117e-15       3.141962137195e-15       1.569534789756e-17 
  935       3.462314342511e-10       2.119469591940e-12       1.848915427831e-12       0.000000000000e+00       3.810887160321e-15       3.124654513256e-15       1.852357015295e-17 
  936       3.450107128575e-10       2.141642399683e-12       2.079560947652e-12       0.000000000000e+00       3.795158007557e-15       3.107357804020e-15       2.133384812789e-17 
  937       3.437710273787e-10       2.164595574557e-12       2.307548987438e-12       0.000000000000e+00       3.779508936662e-15       3.090071002846e-15       2.412565672645e-17 
  938       3.425127047185e-10       2.188320597809e-12       2.532810807068e-12       0.000000000000e+00       3.763939477782e-15       3.072793091533e-15       2.689846743472e-17 
  939       3.412360751490e-10       2.212808848324e-12       2.755277215630e-12       0.000000000000e+00       3.748449151351e-15       3.055523040283e-15       2.965174831275e-17 
  940       3.399414723203e-10       2.238051602330e-12       2.974878570348e-12       0.000000000000e+00       3.733037468050e-15       3.038259807667e-15       3.238496398654e-17 
  941       3.386292332696e-10       2.264040033093e-12       3.191544775522e-12       0.000000000000e+00       3.717703928778e-15       3.021002340592e-15       3.509757564005e-17 
  942       3.372996984304e-10       2.290765210628e-12       3.405205281450e-12       0.000000000000e+00       3.702448024622e-15       3.003749574264e-15       3.778904100717e-17 
  943       3.359532116424e-10       2.318218101392e-12       3.615789083368e-12       0.000000000000e+00       3.687269236821e-15       2.986500432157e-15       4.045881436370e-17 
  944       3.345901201604e-10       2.346389567995e-12       3.823224720377e-12       0.000000000000e+00       3.672167036738e-15       2.969253825972e-15       4.310634651931e-17 
  945       3.332107746642e-10       2.375270368893e-12       4.027440274375e-12       0.000000000000e+00       3.657140885823e-15       2.952008655608e-15       4.573108480955e-17 
  946       3.318155292672e-10       2.404851158097e-12       4.228363368993e-12       0.000000000000e+00       3.642190235584e-15       2.934763809125e-15       4.833247308784e-17 
  947       3.304047415266e-10       2.435122484874e-12       4.425921168521e-12       0.000000000000e+00       3.627314527555e-15       2.917518162711e-15       5.090995171742e-17 
  948       3.289787724524e-10       2.466074793443e-12       4.620040376844e-12       0.000000000000e+00       3.612513193262e-15       2.900270580644e-15       5.346295756334e-17 
  949       3.275379865166e-10       2.497698422687e-12       4.810647236370e-12       0.000000000000e+00       3.597785654193e-15       2.883019915260e-15       5.599092398447e-17 
  950       3.260827516629e-10       2.529983605844e-12       4.997667526968e-12       0.000000000000e+00       3.583131321763e-15       2.865765006918e-15       5.849328082544e-17 
  951       3.246134393161e-10       2.562920470220e-12       5.181026564893e-12       0.000000000000e+00       3.568549597284e-15       2.848504683963e-15       6.096945440867e-17 
  952       3.231304243912e-10       2.596499036881e-12       5.360649201720e-12       0.000000000000e+00       3.554039871932e-15       2.831237762696e-15       6.341886752628e-17 
  953       3.216340853030e-10       2.630709220363e-12       5.536459823279e-12       0.000000000000e+00       3.539601526717e-15       2.813963047334e-15       6.584093943217e-17 
  954       3.201248039753e-10       2.665540828369e-12       5.708382348582e-12       0.000000000000e+00       3.525233932446e-15       2.796679329979e-15       6.823508583391e-17 
  955       3.186029658505e-10       2.700983561473e-12       5.876340228758e-12       0.000000000000e+00       3.510936449696e-15       2.779385390582e-15       7.060071888477e-17 
  956       3.170689549747e-10       2.737026487226e-12       6.040266932222e-12       0.000000000000e+00       3.496708499518e-15       2.762080395289e-15       7.293739431358e-17 
  957       3.155231391515e-10       2.773656454269e-12       6.200137577829e-12       0.000000000000e+00       3.482549776804e-15       2.744765098216e-15       7.524525529285e-17 
  958       3.139658845802e-10       2.810859653407e-12       6.355937782830e-12       0.000000000000e+00       3.468460040119e-15       2.727440657964e-15       7.752459533534e-17 
  959       3.123975607679e-10       2.848622140633e-12       6.507653220753e-12       0.000000000000e+00       3.454439041231e-15       2.710108240922e-15       7.977571178210e-17 
  960       3.108185405380e-10       2.886929836766e-12       6.655269621707e-12       0.000000000000e+00       3.440486525087e-15       2.692769021280e-15       8.199890581381e-17 
  961       3.092292000398e-10       2.925768527087e-12       6.798772772690e-12       0.000000000000e+00       3.426602229795e-15       2.675424181049e-15       8.419448246198e-17 
  962       3.076299187563e-10       2.965123860965e-12       6.938148517894e-12       0.000000000000e+00       3.412785886596e-15       2.658074910079e-15       8.636275062030e-17 
  963       3.060210795134e-10       3.004981351495e-12       7.073382759018e-12       0.000000000000e+00       3.399037219843e-15       2.640722406077e-15       8.850402305589e-17 
  964       3.044030684885e-10       3.045326375131e-12       7.204461455566e-12       0.000000000000e+00       3.385355946980e-15       2.623367874621e-15       9.061861642060e-17 
  965       3.027762752194e-10       3.086144171317e-12       7.331370625165e-12       0.000000000000e+00       3.371741778515e-15       2.606012529183e-15       9.270685126225e-17 
  966       3.011410926129e-10       3.127419842121e-12       7.454096343861e-12       0.000000000000e+00       3.358194418002e-15       2.588657591142e-15       9.476905203596e-17 
  967       2.994979169536e-10       3.169138351868e-12       7.572624746438e-12       0.000000000000e+00       3.344713562013e-15       2.571304289804e-15       9.680554711540e-17 
  968       2.978471479124e-10       3.211284526773e-12       7.686942026713e-12       0.000000000000e+00       3.331298900120e-15       2.553953862418e-15       9.881666880409e-17 
  969       2.961891885557e-10       3.253843054576e-12       7.797034437853e-12       0.000000000000e+00       3.317950114869e-15       2.536607554194e-15       1.008027533467e-16 
  970       2.945244453536e-10       3.296798484172e-12       7.902888292677e-12       0.000000000000e+00       3.304666881757e-15       2.519266618323e-15       1.027641409401e-16 
  971       2.928533281890e-10       3.340135225244e-12       8.004489963965e-12       0.000000000000e+00       3.291448869210e-15       2.501932315989e-15       1.047011757453e-16 
  972       2.911762503665e-10       3.383837547902e-12       8.101825884764e-12       0.000000000000e+00       3.278295738562e-15       2.484605916395e-15       1.066142058977e-16 
  973       2.894936286204e-10       3.427889582306e-12       8.194882548698e-12       0.000000000000e+00       3.265207144028e-15       2.467288696770e-15       1.085035835194e-16 
  974       2.878058831243e-10       3.472275318310e-12       8.283646510270e-12       0.000000000000e+00       3.252182732684e-15       2.449981942396e-15       1.103696647298e-16 
  975       2.861134374992e-10       3.516978605085e-12       8.368104385175e-12       0.000000000000e+00       3.239222144445e-15       2.432686946620e-15       1.122128096571e-16 
  976       2.844167188226e-10       3.561983150761e-12       8.448242850603e-12       0.000000000000e+00       3.226325012037e-15       2.415405010873e-15       1.140333824498e-16 
  977       2.827161576372e-10       3.607272522053e-12       8.524048645548e-12       0.000000000000e+00       3.213490960981e-15       2.398137444690e-15       1.158317512875e-16 
  978       2.810121879593e-10       3.652830143900e-12       8.595508571114e-12       0.000000000000e+00       3.200719609565e-15       2.380885565722e-15       1.176082883925e-16 
  979       2.793052472880e-10       3.698639299091e-12       8.662609490825e-12       0.000000000000e+00       3.188010568823e-15       2.363650699759e-15       1.193633700413e-16 
  980       2.775957766137e-10       3.744683127906e-12       8.725338330929e-12       0.000000000000e+00       3.175363442513e-15       2.346434180745e-15       1.210973765752e-16 
  981       2.758842204267e-10       3.790944627743e-12       8.783682080706e-12       0.000000000000e+00       3.162777827090e-15       2.329237350797e-15       1.228106924124e-16 
  982       2.741710267262e-10       3.837406652755e-12       8.837627792776e-12       0.000000000000e+00       3.150253311689e-15       2.312061560219e-15       1.245037060585e-16 
  983       2.724566470290e-10       3.884051913480e-12       8.887162583406e-12       0.000000000000e+00       3.137789478100e-15       2.294908167524e-15       1.261768101184e-16 
  984       2.707415363781e-10       3.930862976476e-12       8.932273632817e-12       0.000000000000e+00       3.125385900740e-15       2.277778539450e-15       1.278304013072e-16 
  985       2.690261533515e-10       3.977822263954e-12       8.972948185491e-12       0.000000000000e+00       3.113042146639e-15       2.260674050976e-15       1.294648804618e-16 
  986       2.673109600709e-10       4.024912053411e-12       9.009173550479e-12       0.000000000000e+00       3.100757775409e-15       2.243596085342e-15       1.310806525518e-16 
  987       2.655964222106e-10       4.072114477262e-12       9.040937101704e-12       0.000000000000e+00       3.088532339227e-15       2.226546034063e-15       1.326781266910e-16 
  988       2.638830090058e-10       4.119411522474e-12       9.068226278277e-12       0.000000000000e+00       3.076365382810e-15       2.209525296951e-15       1.342577161488e-16 
  989       2.621711932621e-10       4.166785030199e-12       9.091028584796e-12       0.000000000000e+00       3.064256443389e-15       2.192535282130e-15       1.358198383612e-16 
  990       2.604614513633e-10       4.214216695408e-12       9.109331591655e-12       0.000000000000e+00       3.052205050691e-15       2.175577406054e-15       1.373649149423e-16 
  991       2.587542632811e-10       4.261688066520e-12       9.123122935354e-12       0.000000000000e+00       3.040210726914e-15       2.158653093524e-15       1.388933716955e-16 
  992       2.570501125829e-10       4.309180545042e-12       9.132390318805e-12       0.000000000000e+00       3.028272986704e-15       2.141763777707e-15       1.404056386246e-16 
  993       2.553494864412e-10       4.356675385197e-12       9.137121511636e-12       0.000000000000e+00       3.016391337132e-15       2.124910900151e-15       1.419021499456e-16 
  994       2.536528756423e-10       4.404153693557e-12       9.137304350504e-12       0.000000000000e+00       3.004565277671e-15       2.108095910806e-15       1.433833440974e-16 
  995       2.519607386290e-10       4.451597389459e-12       9.132934494820e-12       0.000000000000e+00       2.992794357371e-15       2.091320279783e-15       1.448495129092e-16 
  996       2.502733930361e-10       4.498992102429e-12       9.124038818040e-12       0.000000000000e+00       2.981078347346e-15       2.074585532790e-15       1.463003466537e-16 
  997       2.485911225799e-10       4.546324316561e-12       9.110652360367e-12       0.000000000000e+00       2.969417070775e-15       2.057893216252e-15       1.477353823381e-16 
  998       2.469142128847e-10       4.593580413344e-12       9.092810605705e-12       0.000000000000e+00       2.957810345914e-15       2.041244885634e-15       1.491541539348e-16 
  999       2.452429514861e-10       4.640746671412e-12       9.070549482904e-12       0.000000000000e+00       2.946257986085e-15       2.024642105457e-15       1.505561923755e-16 
 1000       2.435776278364e-10       4.687809266292e-12       9.043905367006e-12       0.000000000000e+00       2.934759799657e-15       2.008086449320e-15       1.519410255435e-16 
 1001       2.419185333082e-10       4.734754270154e-12       9.012915080492e-12       0.000000000000e+00       2.923315590030e-15       1.991579499919e-15       1.533081782670e-16 
 1002       2.402659611992e-10       4.781567651560e-12       8.977615894530e-12       0.000000000000e+00       2.911925155621e-15       1.975122849062e-15       1.546571723120e-16 
 1003       2.386202067364e-10       4.828235275214e-12       8.938045530219e-12       0.000000000000e+00       2.900588289846e-15       1.958718097694e-15       1.559875263754e-16 
 1004       2.369815670805e-10       4.874742901714e-12       8.894242159834e-12       0.000000000000e+00       2.889304781106e-15       1.942366855909e-15       1.572987560780e-16 
 1005       2.353503413304e-10       4.921076187294e-12       8.846244408075e-12       0.000000000000e+00       2.878074412768e-15       1.926070742977e-15       1.585903739576e-16 
 1006       2.337268305275e-10       4.967220683581e-12       8.794091353314e-12       0.000000000000e+00       2.866896963152e-15       1.909831387355e-15       1.598618894617e-16 
 1007       2.321113376600e-10       5.013161837342e-12       8.737822528838e-12       0.000000000000e+00       2.855772205514e-15       1.893650426712e-15       1.611128089408e-16 
 1008       2.305041676675e-10       5.058884990231e-12       8.677477924097e-12       0.000000000000e+00       2.844699908031e-15       1.877529507945e-15       1.623426356416e-16 
 1009       2.289056274451e-10       5.104375378542e-12       8.613097985951e-12       0.000000000000e+00       2.833679833782e-15       1.861470287199e-15       1.635508696994e-16 
 1010       2.273160258480e-10       5.149618132957e-12       8.544723619915e-12       0.000000000000e+00       2.822711740735e-15       1.845474429885e-15       1.647370081317e-16 
 1011       2.257356736958e-10       5.194598278293e-12       8.472396191404e-12       0.000000000000e+00       2.811795381730e-15       1.829543610700e-15       1.659005448309e-16 
 1012       2.241648837768e-10       5.239300733256e-12       8.396157526984e-12       0.000000000000e+00       2.800930504463e-15       1.813679513646e-15       1.670409705575e-16 
 1013       2.226039708526e-10       5.283710310187e-12       8.316049915614e-12       0.000000000000e+00       2.790116851470e-15       1.797883832047e-15       1.681577729330e-16 
 1014       2.210532516622e-10       5.327811714812e-12       8.232116109893e-12       0.000000000000e+00       2.779354160112e-15       1.782158268572e-15       1.692504364328e-16 
 1015       2.195130449266e-10       5.371589545994e-12       8.144399327306e-12       0.000000000000e+00       2.768642162557e-15       1.766504535249e-15       1.703184423796e-16 
 1016       2.179836713532e-10       5.415028295478e-12       8.052943251474e-12       0.000000000000e+00       2.757980585766e-15       1.750924353489e-15       1.713612689360e-16 
 1017       2.164654536400e-10       5.458112347644e-12       7.957792033394e-12       0.000000000000e+00       2.747369151475e-15       1.735419454100e-15       1.723783910977e-16 
 1018       2.149587164799e-10       5.500825979255e-12       7.858990292691e-12       0.000000000000e+00       2.736807576183e-15       1.719991577309e-15       1.733692806867e-16 
 1019       2.134637865656e-10       5.543153359207e-12       7.756583118860e-12       0.000000000000e+00       2.726295571130e-15       1.704642472783e-15       1.743334063438e-16 
 1020       2.119809925933e-10       5.585078548276e-12       7.650616072515e-12       0.000000000000e+00       2.715832842286e-15       1.689373899642e-15       1.752702335222e-16 
 1021       2.105106652675e-10       5.626585498873e-12       7.541135186635e-12       0.000000000000e+00       2.705419090334e-15       1.674187626484e-15       1.761792244801e-16 
 1022       2.090531373055e-10       5.667658054786e-12       7.428186967809e-12       0.000000000000e+00       2.695054010652e-15       1.659085431398e-15       1.770598382739e-16 
 1023       2.076087434413e-10       5.708279950935e-12       7.311818397483e-12       0.000000000000e+00       2.684737293298e-15       1.644069101991e-15       1.779115307514e-16 
 1024       2.061778204304e-10       5.748434813122e-12       7.192076933205e-12       0.000000000000e+00       2.674468622996e-15       1.629140435398e-15       1.787337545441e-16 
 1025       2.047607070540e-10       5.788106157773e-12       7.069010509875e-12       0.000000000000e+00       2.664247679119e-15       1.614301238308e-15       1.795259590613e-16 
 1026       2.033577441233e-10       5.827277391698e-12       6.942667540986e-12       0.000000000000e+00       2.654074135669e-15       1.599553326979e-15       1.802875904821e-16 
 1027       2.019692744842e-10       5.865931811831e-12       6.813096919875e-12       0.000000000000e+00       2.643947661268e-15       1.584898527259e-15       1.810180917490e-16 
 1028       2.005956430214e-10       5.904052604985e-12       6.680348020967e-12       0.000000000000e+00       2.633867919137e-15       1.570338674603e-15       1.817169025607e-16 
 1029       1.992371966627e-10       5.941622847600e-12       6.544470701020e-12       0.000000000000e+00       2.623834567083e-15       1.555875614095e-15       1.823834593654e-16 
 1030       1.978942843836e-10       5.978625505491e-12       6.405515300375e-12       0.000000000000e+00       2.613847257479e-15       1.541511200463e-15       1.830171953533e-16 
 1031       1.965672572119e-10       6.015043433601e-12       6.263532644198e-12       0.000000000000e+00       2.603905637252e-15       1.527247298103e-15       1.836175404501e-16 
 1032       1.952564682314e-10       6.050859375745e-12       6.118574043729e-12       0.000000000000e+00       2.594009347867e-15       1.513085781092e-15       1.841839213097e-16 
 1033       1.939622725869e-10       6.086055964364e-12       5.970691297529e-12       0.000000000000e+00       2.584158025307e-15       1.499028533211e-15       1.847157613074e-16 
 1034       1.926849809689e-10       6.120617609451e-12       5.819938250530e-12       0.000000000000e+00       2.574351339257e-15       1.485076795480e-15       1.852127009246e-16 
 1035       1.914247193396e-10       6.154536195059e-12       5.666375492813e-12       0.000000000000e+00       2.564589111274e-15       1.471229198619e-15       1.856752623277e-16 
 1036       1.901815672338e-10       6.187805462777e-12       5.510065729693e-12       0.000000000000e+00       2.554871198255e-15       1.457483702825e-15       1.861041941645e-16 
 1037       1.889556040978e-10       6.220419129813e-12       5.351072231348e-12       0.000000000000e+00       2.545197453376e-15       1.443838247684e-15       1.865002520419e-16 
 1038       1.877469092887e-10       6.252370888952e-12       5.189458834244e-12       0.000000000000e+00       2.535567726086e-15       1.430290752113e-15       1.868641985436e-16 
 1039       1.865555620733e-10       6.283654408519e-12       5.025289942555e-12       0.000000000000e+00       2.525981862094e-15       1.416839114307e-15       1.871968032474e-16 
 1040       1.853816416271e-10       6.314263332340e-12       4.858630529581e-12       0.000000000000e+00       2.516439703354e-15       1.403481211689e-15       1.874988427436e-16 
 1041       1.842252270343e-10       6.344191279706e-12       4.689546139173e-12       0.000000000000e+00       2.506941088059e-15       1.390214900849e-15       1.877711006520e-16 
 1042       1.830863972860e-10       6.373431845329e-12       4.518102887150e-12       0.000000000000e+00       2.497485850625e-15       1.377038017495e-15       1.880143676402e-16 
 1043       1.819652312799e-10       6.401978599306e-12       4.344367462722e-12       0.000000000000e+00       2.488073821681e-15       1.363948376395e-15       1.882294414412e-16 
 1044       1.808618078193e-10       6.429825087082e-12       4.168407129914e-12       0.000000000000e+00       2.478704828057e-15       1.350943771328e-15       1.884171268709e-16 
 1045       1.797762056123e-10       6.456964829408e-12       3.990289728979e-12       0.000000000000e+00       2.469378692775e-15       1.338021975023e-15       1.885782358460e-16 
 1046       1.787085032710e-10       6.483391322305e-12       3.810083677827e-12       0.000000000000e+00       2.460095235033e-15       1.325180739112e-15       1.887135874016e-16 
 1047       1.776587793107e-10       6.509098037022e-12       3.627857973442e-12       0.000000000000e+00       2.450854270195e-15       1.312417794070e-15       1.888240077094e-16 
 1048       1.766271121488e-10       6.534078420001e-12       3.443682193304e-12       0.000000000000e+00       2.441655609784e-15       1.299730849162e-15       1.889103300945e-16 
 1049       1.756135801044e-10       6.558325892837e-12       3.257626496808e-12       0.000000000000e+00       2.432499061461e-15       1.287117592394e-15       1.889733950543e-16 
 1050       1.746182613971e-10       6.581833852236e-12       3.069761626687e-12       0.000000000000e+00       2.423384429024e-15       1.274575690450e-15       1.890140502752e-16 
 1051       1.736412341461e-10       6.604595669981e-12       2.880158910434e-12       0.000000000000e+00       2.414311512389e-15       1.262102788646e-15       1.890331506508e-16 
 1052       1.726825763699e-10       6.626604692893e-12       2.688890261720e-12       0.000000000000e+00       2.405280107580e-15       1.249696510870e-15       1.890315582997e-16 
 1053       1.717423659849e-10       6.647854242786e-12       2.496028181816e-12       0.000000000000e+00       2.396290006720e-15       1.237354459532e-15       1.890101425830e-16 
 1054       1.708206808049e-10       6.668337616436e-12       2.301645761016e-12       0.000000000000e+00       2.387340998016e-15       1.225074215506e-15       1.889697801222e-16 
 1055       1.699175985400e-10       6.688048085538e-12       2.105816680054e-12       0.000000000000e+00       2.378432865750e-15       1.212853338079e-15       1.889113548168e-16 
 1056       1.690331967960e-10       6.706978896669e-12       1.908615211529e-12       0.000000000000e+00       2.369565390266e-15       1.200689364896e-15       1.888357578621e-16 
 1057       1.681675530735e-10       6.725123271248e-12       1.710116221323e-12       0.000000000000e+00       2.360738347961e-15       1.188579811904e-15       1.887438877670e-16 
 1058       1.673207447670e-10       6.742474405498e-12       1.510395170024e-12       0.000000000000e+00       2.351951511268e-15       1.176522173300e-15       1.886366503714e-16 
 1059       1.664928491641e-10       6.759025470406e-12       1.309528114345e-12       0.000000000000e+00       2.343204648648e-15       1.164513921476e-15       1.885149588645e-16 
 1060       1.656839434447e-10       6.774769611687e-12       1.107591708546e-12       0.000000000000e+00       2.334497524582e-15       1.152552506966e-15       1.883797338019e-16 
 1061       1.648941046800e-10       6.789699949741e-12       9.046632058564e-13       0.000000000000e+00       2.325829899552e-15       1.140635358387e-15       1.882319031238e-16 
 1062       1.641234098321e-10       6.803809579620e-12       7.008204598921e-13       0.000000000000e+00       2.317201530033e-15       1.128759882392e-15       1.880724021725e-16 
 1063       1.633719357525e-10       6.817091570984e-12       4.961419260806e-13       0.000000000000e+00       2.308612168483e-15       1.116923463612e-15       1.879021737102e-16 
 1064       1.626397591819e-10       6.829538968064e-12       2.907066630792e-13       0.000000000000e+00       2.300061563330e-15       1.105123464600e-15       1.877221679366e-16 
 1065       1.619269567488e-10       6.841144789626e-12       8.459433419743e-14       0.000000000000e+00       2.291549458958e-15       1.093357225780e-15       1.875333425070e-16 
 1066       1.612336049694e-10       6.851902028926e-12      -1.221147911830e-13       0.000000000000e+00       2.283075595701e-15       1.081622065392e-15       1.873366625495e-16 
 1067       1.605597802459e-10       6.861803653678e-12      -3.293398361867e-13       0.000000000000e+00       2.274639709824e-15       1.069915279438e-15       1.871331006830e-16 
 1068       1.599055588662e-10       6.870842606012e-12      -5.369993150237e-13       0.000000000000e+00       2.266241533520e-15       1.058234141625e-15       1.869236370352e-16 
 1069       1.592710170031e-10       6.879011802433e-12      -7.450111315687e-13       0.000000000000e+00       2.257880794891e-15       1.046575903316e-15       1.867092592597e-16 
 1070       1.586562307131e-10       6.886304133789e-12      -9.532925779400e-13       0.000000000000e+00       2.249557217940e-15       1.034937793472e-15       1.864909625544e-16 
 1071       1.580612759359e-10       6.892712465225e-12      -1.161760333078e-12       0.000000000000e+00       2.241270522560e-15       1.023317018597e-15       1.862697496786e-16 
 1072       1.574862284934e-10       6.898229636148e-12      -1.370330461327e-12       0.000000000000e+00       2.233020424519e-15       1.011710762689e-15       1.860466309712e-16 
 1073       1.569311299226e-10       6.902850297577e-12      -1.578923181667e-12       0.000000000000e+00       2.224806665409e-15       1.000117166063e-15       1.858223887440e-16 
 1074       1.563958844658e-10       6.906576451670e-12      -1.787477249411e-12       0.000000000000e+00       2.216629102946e-15       9.885382765541e-16       1.855968669132e-16 
 1075       1.558803606758e-10       6.909411987549e-12      -1.995935767519e-12       0.000000000000e+00       2.208487621877e-15       9.769771383960e-16       1.853696717300e-16 
 1076       1.553844254514e-10       6.911360850906e-12      -2.204241432780e-12       0.000000000000e+00       2.200382104122e-15       9.654368170282e-16       1.851404065212e-16 
 1077       1.549079440320e-10       6.912427044153e-12      -2.412336534882e-12       0.000000000000e+00       2.192312428769e-15       9.539203991443e-16       1.849086716824e-16 
 1078       1.544507799939e-10       6.912614626579e-12      -2.620162955490e-12       0.000000000000e+00       2.184278472065e-15       9.424309927400e-16       1.846740646708e-16 
 1079       1.540127952459e-10       6.911927714495e-12      -2.827662167325e-12       0.000000000000e+00       2.176280107405e-15       9.309717271606e-16       1.844361799990e-16 
 1080       1.535938500245e-10       6.910370481394e-12      -3.034775233236e-12       0.000000000000e+00       2.168317205328e-15       9.195457531486e-16       1.841946092275e-16 
 1081       1.531938028899e-10       6.907947158099e-12      -3.241442805276e-12       0.000000000000e+00       2.160389633505e-15       9.081562428916e-16       1.839489409585e-16 
 1082       1.528125107212e-10       6.904662032918e-12      -3.447605123781e-12       0.000000000000e+00       2.152497256730e-15       8.968063900699e-16       1.836987608288e-16 
 1083       1.524498287126e-10       6.900519451795e-12      -3.653202016442e-12       0.000000000000e+00       2.144639936916e-15       8.854994099046e-16       1.834436515029e-16 
 1084       1.521056103683e-10       6.895523818466e-12      -3.858172897383e-12       0.000000000000e+00       2.136817533083e-15       8.742385392050e-16       1.831831926666e-16 
 1085       1.517797074987e-10       6.889679594604e-12      -4.062456766236e-12       0.000000000000e+00       2.129029901348e-15       8.630270364164e-16       1.829169610197e-16 
 1086       1.514719702157e-10       6.882991299981e-12      -4.265992207218e-12       0.000000000000e+00       2.121276894921e-15       8.518681816679e-16       1.826445302693e-16 
 1087       1.511822469284e-10       6.875463512614e-12      -4.468717388206e-12       0.000000000000e+00       2.113558364095e-15       8.407652768201e-16       1.823654711235e-16 
 1088       1.509103843387e-10       6.867100868920e-12      -4.670570059812e-12       0.000000000000e+00       2.105874156234e-15       8.297216455131e-16       1.820793512838e-16 
 1089       1.506562274368e-10       6.857908063868e-12      -4.871487554461e-12       0.000000000000e+00       2.098224115770e-15       8.187406332138e-16       1.817857354390e-16 
 1090       1.504196194970e-10       6.847889851131e-12      -5.071406785463e-12       0.000000000000e+00       2.090608084191e-15       8.078256072639e-16       1.814841852578e-16 
 1091       1.502004020731e-10       6.837051043242e-12      -5.270264246093e-12       0.000000000000e+00       2.083025900034e-15       7.969799569278e-16       1.811742593825e-16 
 1092       1.499984149942e-10       6.825396511741e-12      -5.467996008666e-12       0.000000000000e+00       2.075477398874e-15       7.862070934399e-16       1.808555134219e-16 
 1093       1.498134963601e-10       6.812931187333e-12      -5.664537723611e-12       0.000000000000e+00       2.067962413321e-15       7.755104500529e-16       1.805274999445e-16 
 1094       1.496454825373e-10       6.799660060036e-12      -5.859824618547e-12       0.000000000000e+00       2.060480773005e-15       7.648934820849e-16       1.801897684717e-16 
 1095       1.494942081540e-10       6.785588179338e-12      -6.053791497361e-12       0.000000000000e+00       2.053032304573e-15       7.543596669679e-16       1.798418654714e-16 
 1096       1.493595060962e-10       6.770720654344e-12      -6.246372739281e-12       0.000000000000e+00       2.045616831676e-15       7.439125042948e-16       1.794833343503e-16 
 1097       1.492412075031e-10       6.755062653936e-12      -6.437502297955e-12       0.000000000000e+00       2.038234174965e-15       7.335555158677e-16       1.791137154480e-16 
 1098       1.491391417628e-10       6.738619406918e-12      -6.627113700523e-12       0.000000000000e+00       2.030884152079e-15       7.232922457453e-16       1.787325460297e-16 
 1099       1.490531365079e-10       6.721396202174e-12      -6.815140046697e-12       0.000000000000e+00       2.023566577638e-15       7.131262602909e-16       1.783393602796e-16 
 1100       1.489830176108e-10       6.703398388818e-12      -7.001514007834e-12       0.000000000000e+00       2.016281263234e-15       7.030611482200e-16       1.779336892939e-16 
 1101       1.489286091800e-10       6.684631376347e-12      -7.186167826012e-12       0.000000000000e+00       2.009028017425e-15       6.931005206480e-16       1.775150610742e-16 
 1102       1.488897335549e-10       6.665100634794e-12      -7.369033313106e-12       0.000000000000e+00       2.001806645721e-15       6.832480111380e-16       1.770830005205e-16 
 1103       1.488662113019e-10       6.644811694880e-12      -7.550041849866e-12       0.000000000000e+00       1.994616950582e-15       6.735072757486e-16       1.766370294244e-16 
 1104       1.488578612100e-10       6.623770148168e-12      -7.729124384990e-12       0.000000000000e+00       1.987458731404e-15       6.638819930817e-16       1.761766664627e-16 
 1105       1.488645002862e-10       6.601981647213e-12      -7.906211434201e-12       0.000000000000e+00       1.980331784517e-15       6.543758643300e-16       1.757014271899e-16 
 1106       1.488859437512e-10       6.579451905717e-12      -8.081233079321e-12       0.000000000000e+00       1.973235903169e-15       6.449926133250e-16       1.752108240319e-16 
 1107       1.489220050350e-10       6.556186698682e-12      -8.254118967353e-12       0.000000000000e+00       1.966170877521e-15       6.357359865846e-16       1.747043662793e-16 
 1108       1.489724957726e-10       6.532191862558e-12      -8.424798309547e-12       0.000000000000e+00       1.959136494642e-15       6.266097533607e-16       1.741815600799e-16 
 1109       1.490372257995e-10       6.507473295401e-12      -8.593199880484e-12       0.000000000000e+00       1.952132538495e-15       6.176177056876e-16       1.736419084326e-16 
 1110       1.491160031472e-10       6.482036957024e-12      -8.759252017150e-12       0.000000000000e+00       1.945158789930e-15       6.087636584287e-16       1.730849111803e-16 
 1111       1.492086340390e-10       6.455888869148e-12      -8.922882618008e-12       0.000000000000e+00       1.938215026679e-15       6.000514493253e-16       1.725100650031e-16 
 1112       1.493149149674e-10       6.429035988106e-12      -9.084027314812e-12       0.000000000000e+00       1.931301045952e-15       5.914839959796e-16       1.719169826583e-16 
 1113       1.494346088199e-10       6.401488835204e-12      -9.242654107470e-12       0.000000000000e+00       1.924416732589e-15       5.830604531423e-16       1.713057524287e-16 
 1114       1.495674684307e-10       6.373258901232e-12      -9.398739051068e-12       0.000000000000e+00       1.917561991786e-15       5.747790181638e-16       1.706765833846e-16 
 1115       1.497132444653e-10       6.344357777277e-12      -9.552258112364e-12       0.000000000000e+00       1.910736726566e-15       5.666378706275e-16       1.700296865696e-16 
 1116       1.498716854152e-10       6.314797154970e-12      -9.703187169658e-12       0.000000000000e+00       1.903940837771e-15       5.586351723055e-16       1.693652750054e-16 
 1117       1.500425375931e-10       6.284588826713e-12      -9.851502012659e-12       0.000000000000e+00       1.897174224052e-15       5.507690671152e-16       1.686835636971e-16 
 1118       1.502255451273e-10       6.253744685927e-12      -9.997178342350e-12       0.000000000000e+00       1.890436781869e-15       5.430376810753e-16       1.679847696373e-16 
 1119       1.504204499568e-10       6.222276727279e-12      -1.014019177086e-11       0.000000000000e+00       1.883728405479e-15       5.354391222627e-16       1.672691118112e-16 
 1120       1.506269918260e-10       6.190197046925e-12      -1.028051782134e-11       0.000000000000e+00       1.877048986934e-15       5.279714807680e-16       1.665368112013e-16 
 1121       1.508449082799e-10       6.157517842749e-12      -1.041813192781e-11       0.000000000000e+00       1.870398416072e-15       5.206328286526e-16       1.657880907922e-16 
 1122       1.510739346583e-10       6.124251414592e-12      -1.055300943504e-11       0.000000000000e+00       1.863776580511e-15       5.134212199044e-16       1.650231755751e-16 
 1123       1.513138040912e-10       6.090410164497e-12      -1.068512559844e-11       0.000000000000e+00       1.857183365645e-15       5.063346903946e-16       1.642422925531e-16 
 1124       1.515642474934e-10       6.056006596945e-12      -1.081445558387e-11       0.000000000000e+00       1.850618654635e-15       4.993712578335e-16       1.634456707451e-16 
 1125       1.518249935594e-10       6.021053319088e-12      -1.094097446758e-11       0.000000000000e+00       1.844082328406e-15       4.925289217272e-16       1.626335411916e-16 
 1126       1.520957687583e-10       5.985563040989e-12      -1.106465723602e-11       0.000000000000e+00       1.837574265635e-15       4.858056633339e-16       1.618061369586e-16 
 1127       1.523762973282e-10       5.949548575862e-12      -1.118547878574e-11       0.000000000000e+00       1.831094342752e-15       4.791994456198e-16       1.609636931426e-16 
 1128       1.526663012719e-10       5.913022840302e-12      -1.130341392326e-11       0.000000000000e+00       1.824642433927e-15       4.727082132159e-16       1.601064468757e-16 
 1129       1.529655003508e-10       5.875998854529e-12      -1.141843736489e-11       0.000000000000e+00       1.818218411069e-15       4.663298923741e-16       1.592346373298e-16 
 1130       1.532736120805e-10       5.838489742623e-12      -1.153052373669e-11       0.000000000000e+00       1.811822143818e-15       4.600623909234e-16       1.583485057219e-16 
 1131       1.535903517250e-10       5.800508732758e-12      -1.163964757423e-11       0.000000000000e+00       1.805453499535e-15       4.539035982265e-16       1.574482953183e-16 
 1132       1.539154322921e-10       5.762069157445e-12      -1.174578332256e-11       0.000000000000e+00       1.799112343303e-15       4.478513851357e-16       1.565342514398e-16 
 1133       1.542485645279e-10       5.723184453765e-12      -1.184890533600e-11       0.000000000000e+00       1.792798537915e-15       4.419036039496e-16       1.556066214663e-16 
 1134       1.545894569117e-10       5.683868163606e-12      -1.194898787804e-11       0.000000000000e+00       1.786511943868e-15       4.360580883691e-16       1.546656548415e-16 
 1135       1.549378156509e-10       5.644133933903e-12      -1.204600512123e-11       0.000000000000e+00       1.780252419361e-15       4.303126534541e-16       1.537116030776e-16 
 1136       1.552933446758e-10       5.603995516873e-12      -1.213993114699e-11       0.000000000000e+00       1.774019820285e-15       4.246650955793e-16       1.527447197605e-16 
 1137       1.556557456344e-10       5.563466770254e-12      -1.223073994555e-11       0.000000000000e+00       1.767814000217e-15       4.191131923908e-16       1.517652605538e-16 
 1138       1.560247178874e-10       5.522561657539e-12      -1.231840541576e-11       0.000000000000e+00       1.761634810414e-15       4.136547027625e-16       1.507734832042e-16 
 1139       1.563999585028e-10       5.481294248217e-12      -1.240290136497e-11       0.000000000000e+00       1.755482099810e-15       4.082873667522e-16       1.497696475460e-16 
 1140       1.567811622509e-10       5.439678718008e-12      -1.248420150895e-11       0.000000000000e+00       1.749355715004e-15       4.030089055581e-16       1.487540155057e-16 
 1141       1.571680215991e-10       5.397729349099e-12      -1.256227947167e-11       0.000000000000e+00       1.743255500258e-15       3.978170214747e-16       1.477268511072e-16 
 1142       1.575602267067e-10       5.355460530384e-12      -1.263710878524e-11       0.000000000000e+00       1.737181297488e-15       3.927093978498e-16       1.466884204760e-16 
 1143       1.579574654199e-10       5.312886757701e-12      -1.270866288974e-11       0.000000000000e+00       1.731132946262e-15       3.876836990401e-16       1.456389918445e-16 
 1144       1.583594232664e-10       5.270022634067e-12      -1.277691513311e-11       0.000000000000e+00       1.725110283787e-15       3.827375703679e-16       1.445788355562e-16 
 1145       1.587657834504e-10       5.226882869915e-12      -1.284183877102e-11       0.000000000000e+00       1.719113144910e-15       3.778686380775e-16       1.435082240711e-16 
 1146       1.591762268474e-10       5.183482283335e-12      -1.290340696670e-11       0.000000000000e+00       1.713141362107e-15       3.730745092912e-16       1.424274319698e-16 
 1147       1.595904319990e-10       5.139835800307e-12      -1.296159279086e-11       0.000000000000e+00       1.707194765478e-15       3.683527719656e-16       1.413367359586e-16 
 1148       1.600080751078e-10       5.095958454940e-12      -1.301636922152e-11       0.000000000000e+00       1.701273182740e-15       3.637009948483e-16       1.402364148744e-16 
 1149       1.604288300322e-10       5.051865389709e-12      -1.306770914390e-11       0.000000000000e+00       1.695376439223e-15       3.591167274339e-16       1.391267496890e-16 
 1150       1.608523682813e-10       5.007571855694e-12      -1.311558535026e-11       0.000000000000e+00       1.689504357862e-15       3.545974999202e-16       1.380080235143e-16 
 1151       1.612783770015e-10       4.963092760679e-12      -1.315997789358e-11       0.000000000000e+00       1.683656777470e-15       3.501411152917e-16       1.368805159184e-16 
 1152       1.617066131976e-10       4.918441306710e-12      -1.320089625079e-11       0.000000000000e+00       1.677833607836e-15       3.457465297166e-16       1.357444857870e-16 
 1153       1.621368501901e-10       4.873630335713e-12      -1.323835744068e-11       0.000000000000e+00       1.672034775312e-15       3.414129832417e-16       1.346001882536e-16 
 1154       1.625688596819e-10       4.828672780252e-12      -1.327237869615e-11       0.000000000000e+00       1.666260204598e-15       3.371397086617e-16       1.334478803729e-16 
 1155       1.630024117552e-10       4.783581663727e-12      -1.330297746479e-11       0.000000000000e+00       1.660509818733e-15       3.329259315023e-16       1.322878211250e-16 
 1156       1.634372748675e-10       4.738370100571e-12      -1.333017140940e-11       0.000000000000e+00       1.654783539091e-15       3.287708700026e-16       1.311202714191e-16 
 1157       1.638732158485e-10       4.693051296442e-12      -1.335397840849e-11       0.000000000000e+00       1.649081285378e-15       3.246737350984e-16       1.299454940983e-16 
 1158       1.643099998963e-10       4.647638548426e-12      -1.337441655688e-11       0.000000000000e+00       1.643402975627e-15       3.206337304045e-16       1.287637539438e-16 
 1159       1.647473905740e-10       4.602145245229e-12      -1.339150416617e-11       0.000000000000e+00       1.637748526191e-15       3.166500521975e-16       1.275753176787e-16 
 1160       1.651851498059e-10       4.556584867371e-12      -1.340525976531e-11       0.000000000000e+00       1.632117851742e-15       3.127218893985e-16       1.263804539728e-16 
 1161       1.656230378743e-10       4.510970987390e-12      -1.341570210111e-11       0.000000000000e+00       1.626510865264e-15       3.088484235563e-16       1.251794334464e-16 
 1162       1.660608134160e-10       4.465317270030e-12      -1.342285013881e-11       0.000000000000e+00       1.620927478048e-15       3.050288288295e-16       1.239725286747e-16 
 1163       1.664982334184e-10       4.419637472442e-12      -1.342672306257e-11       0.000000000000e+00       1.615367599691e-15       3.012622719697e-16       1.227600141922e-16 
 1164       1.669350532161e-10       4.373945444379e-12      -1.342734027605e-11       0.000000000000e+00       1.609831138086e-15       2.975479123039e-16       1.215421664966e-16 
 1165       1.673710264878e-10       4.328255128391e-12      -1.342472140289e-11       0.000000000000e+00       1.604317999422e-15       2.938849017178e-16       1.203192640533e-16 
 1166       1.678059052520e-10       4.282580560025e-12      -1.341888628729e-11       0.000000000000e+00       1.598828088176e-15       2.902723846378e-16       1.190915872998e-16 
 1167       1.682394398641e-10       4.236935868016e-12      -1.340985499452e-11       0.000000000000e+00       1.593361307112e-15       2.867094980143e-16       1.178594186492e-16 
 1168       1.686713790126e-10       4.191335274489e-12      -1.339764781147e-11       0.000000000000e+00       1.587917557272e-15       2.831953713043e-16       1.166230424954e-16 
 1169       1.691014697157e-10       4.145793095149e-12      -1.338228524715e-11       0.000000000000e+00       1.582496737976e-15       2.797291264541e-16       1.153827452168e-16 
 1170       1.695294573174e-10       4.100323739485e-12      -1.336378803328e-11       0.000000000000e+00       1.577098746814e-15       2.763098778821e-16       1.141388151804e-16 
 1171       1.699550854846e-10       4.054941710957e-12      -1.334217712476e-11       0.000000000000e+00       1.571723479641e-15       2.729367324614e-16       1.128915427464e-16 
 1172       1.703780962029e-10       4.009661607201e-12      -1.331747370026e-11       0.000000000000e+00       1.566370830578e-15       2.696087895027e-16       1.116412202725e-16 
 1173       1.707982297736e-10       3.964498120218e-12      -1.328969916272e-11       0.000000000000e+00       1.561040691998e-15       2.663251407370e-16       1.103881421176e-16 
 1174       1.712152248099e-10       3.919466036578e-12      -1.325887513988e-11       0.000000000000e+00       1.555732954532e-15       2.630848702985e-16       1.091326046466e-16 
 1175       1.716288182332e-10       3.874580237607e-12      -1.322502348485e-11       0.000000000000e+00       1.550447507054e-15       2.598870547070e-16       1.078749062344e-16 
 1176       1.720387452702e-10       3.829855699592e-12      -1.318816627659e-11       0.000000000000e+00       1.545184236686e-15       2.567307628510e-16       1.066153472700e-16 
 1177       1.724447394485e-10       3.785307493971e-12      -1.314832582050e-11       0.000000000000e+00       1.539943028786e-15       2.536150559700e-16       1.053542301612e-16 
 1178       1.728465325939e-10       3.740950787533e-12      -1.310552464893e-11       0.000000000000e+00       1.534723766947e-15       2.505389876378e-16       1.040918593383e-16 
 1179       1.732438548261e-10       3.696800842613e-12      -1.305978552168e-11       0.000000000000e+00       1.529526332992e-15       2.475016037450e-16       1.028285412587e-16 
 1180       1.736364345559e-10       3.652873017288e-12      -1.301113142659e-11       0.000000000000e+00       1.524350606969e-15       2.445019424816e-16       1.015645844108e-16 
 1181       1.740239984811e-10       3.609182765573e-12      -1.295958558005e-11       0.000000000000e+00       1.519196467144e-15       2.415390343198e-16       1.003002993188e-16 
 1182       1.744062715833e-10       3.565745637618e-12      -1.290517142753e-11       0.000000000000e+00       1.514063790004e-15       2.386119019970e-16       9.903599854638e-17 
 1183       1.747829771241e-10       3.522577279905e-12      -1.284791264409e-11       0.000000000000e+00       1.508952450241e-15       2.357195604983e-16       9.777199670120e-17 
 1184       1.751538366419e-10       3.479693435441e-12      -1.278783313499e-11       0.000000000000e+00       1.503862320759e-15       2.328610170391e-16       9.650861043911e-17 
 1185       1.755185699481e-10       3.437109943959e-12      -1.272495703613e-11       0.000000000000e+00       1.498793272660e-15       2.300352710484e-16       9.524615846838e-17 
 1186       1.758768951237e-10       3.394842742110e-12      -1.265930871464e-11       0.000000000000e+00       1.493745175246e-15       2.272413141509e-16       9.398496155391e-17 
 1187       1.762285285156e-10       3.352907863663e-12      -1.259091276942e-11       0.000000000000e+00       1.488717896010e-15       2.244781301503e-16       9.272534252152e-17 
 1188       1.765731847332e-10       3.311321439696e-12      -1.251979403162e-11       0.000000000000e+00       1.483711300634e-15       2.217446950115e-16       9.146762626217e-17 
 1189       1.769105766450e-10       3.270099698801e-12      -1.244597756525e-11       0.000000000000e+00       1.478725252983e-15       2.190399768439e-16       9.021213973617e-17 
 1190       1.772404470841e-10       3.229257510303e-12      -1.236949180014e-11       0.000000000000e+00       1.473759627619e-15       2.163633896786e-16       8.895916541617e-17 
 1191       1.775626643980e-10       3.188803993983e-12      -1.229037797207e-11       0.000000000000e+00       1.468814347515e-15       2.137161609380e-16       8.770880098138e-17 
 1192       1.778771280657e-10       3.148746856823e-12      -1.220868079970e-11       0.000000000000e+00       1.463889346793e-15       2.110999807278e-16       8.646109790846e-17 
 1193       1.781837370937e-10       3.109093845161e-12      -1.212444536336e-11       0.000000000000e+00       1.458984558248e-15       2.085165495874e-16       8.521610787676e-17 
 1194       1.784823900153e-10       3.069852744758e-12      -1.203771710586e-11       0.000000000000e+00       1.454099913343e-15       2.059675785105e-16       8.397388276865e-17 
 1195       1.787729848895e-10       3.031031380876e-12      -1.194854183327e-11       0.000000000000e+00       1.449235342204e-15       2.034547889665e-16       8.273447466980e-17 
 1196       1.790554193006e-10       2.992637618346e-12      -1.185696571575e-11       0.000000000000e+00       1.444390773618e-15       2.009799129218e-16       8.149793586948e-17 
 1197       1.793295903571e-10       2.954679361644e-12      -1.176303528833e-11       0.000000000000e+00       1.439566135032e-15       1.985446928606e-16       8.026431886087e-17 
 1198       1.795953946907e-10       2.917164554962e-12      -1.166679745170e-11       0.000000000000e+00       1.434761352543e-15       1.961508818063e-16       7.903367634132e-17 
 1199       1.798527284558e-10       2.880101182285e-12      -1.156829947305e-11       0.000000000000e+00       1.429976350899e-15       1.938002433429e-16       7.780606121272e-17 
 1200       1.801014873283e-10       2.843497267459e-12      -1.146758898682e-11       0.000000000000e+00       1.425211053497e-15       1.914945516356e-16       7.658152658169e-17 
 1201       1.803415665050e-10       2.807360874265e-12      -1.136471399552e-11       0.000000000000e+00       1.420465382373e-15       1.892355914525e-16       7.536012575999e-17 
 1202       1.805728607028e-10       2.771700106493e-12      -1.125972287052e-11       0.000000000000e+00       1.415739258207e-15       1.870251581855e-16       7.414191226475e-17 
 1203       1.807952641574e-10       2.736523108016e-12      -1.115266435289e-11       0.000000000000e+00       1.411032600312e-15       1.848650578714e-16       7.292693981876e-17 
 1204       1.810086706232e-10       2.701838062862e-12      -1.104358755413e-11       0.000000000000e+00       1.406345326633e-15       1.827571072132e-16       7.171526235082e-17 
 1205       1.812129733717e-10       2.667653195283e-12      -1.093254195703e-11       0.000000000000e+00       1.401677353747e-15       1.807031336016e-16       7.050693399599e-17 
 1206       1.814080651910e-10       2.633976769835e-12      -1.081957741644e-11       0.000000000000e+00       1.397028596852e-15       1.787049751353e-16       6.930200909590e-17 
 1207       1.815938383852e-10       2.600817091445e-12      -1.070474416005e-11       0.000000000000e+00       1.392398969771e-15       1.767644806431e-16       6.810054219908e-17 
 1208       1.817701847731e-10       2.568182505487e-12      -1.058809278925e-11       0.000000000000e+00       1.387788384944e-15       1.748835097045e-16       6.690258806118e-17 
 1209       1.819369956874e-10       2.536081397855e-12      -1.046967427986e-11       0.000000000000e+00       1.383196753426e-15       1.730639326710e-16       6.570820164537e-17 
 1210       1.820941619742e-10       2.504522195033e-12      -1.034953998298e-11       0.000000000000e+00       1.378623984883e-15       1.713076306873e-16       6.451743812253e-17 
 1211       1.822415739919e-10       2.473513364171e-12      -1.022774162576e-11       0.000000000000e+00       1.374069987588e-15       1.696164957125e-16       6.333035287164e-17 
 1212       1.823791216104e-10       2.443063413156e-12      -1.010433131221e-11       0.000000000000e+00       1.369534668418e-15       1.679924305413e-16       6.214700148001e-17 
 1213       1.825066942102e-10       2.413180890688e-12      -9.979361524008e-12       0.000000000000e+00       1.365017932851e-15       1.664373488249e-16       6.096743974363e-17 
 1214       1.826241806815e-10       2.383874386347e-12      -9.852885121266e-12       0.000000000000e+00       1.360519684962e-15       1.649531750925e-16       5.979172366742e-17 
 1215       1.827314694237e-10       2.355152530671e-12      -9.724955343368e-12       0.000000000000e+00       1.356039827419e-15       1.635418447724e-16       5.861990946556e-17 
 1216       1.828284483441e-10       2.327023995230e-12      -9.595625809747e-12       0.000000000000e+00       1.351578261479e-15       1.622053042130e-16       5.745205356176e-17 
 1217       1.829150048574e-10       2.299497492691e-12      -9.464950520691e-12       0.000000000000e+00       1.347134886987e-15       1.609455107040e-16       5.628821258960e-17 
 1218       1.829910258845e-10       2.272581776901e-12      -9.332983858139e-12       0.000000000000e+00       1.342709602368e-15       1.597644324978e-16       5.512844339277e-17 
 1219       1.830563978520e-10       2.246285642953e-12      -9.199780586480e-12       0.000000000000e+00       1.338302304630e-15       1.586640488305e-16       5.397280302542e-17 
 1220       1.831110066913e-10       2.220617927261e-12      -9.065395853356e-12       0.000000000000e+00       1.333912889353e-15       1.576463499428e-16       5.282134875243e-17 
 1221       1.831547378374e-10       2.195587507633e-12      -8.929885190457e-12       0.000000000000e+00       1.329541250690e-15       1.567133371018e-16       5.167413804970e-17 
 1222       1.831874762285e-10       2.171203303344e-12      -8.793304514319e-12       0.000000000000e+00       1.325187281364e-15       1.558670226216e-16       5.053122860447e-17 
 1223       1.832091063050e-10       2.147474275208e-12      -8.655710127127e-12       0.000000000000e+00       1.320850872661e-15       1.551094298847e-16       4.939267831559e-17 
 1224       1.832195120085e-10       2.124409425653e-12      -8.517158717513e-12       0.000000000000e+00       1.316531914429e-15       1.544425933633e-16       4.825854529387e-17 
 1225       1.832185767810e-10       2.102017798792e-12      -8.377707361353e-12       0.000000000000e+00       1.312230295074e-15       1.538685586400e-16       4.712888786230e-17 
 1226       1.832061835645e-10       2.080308480495e-12      -8.237413522565e-12       0.000000000000e+00       1.307945901557e-15       1.533893824295e-16       4.600376455641e-17 
 1227       1.831822147992e-10       2.059290598464e-12      -8.096335053913e-12       0.000000000000e+00       1.303678619387e-15       1.530071325996e-16       4.488323412453e-17 
 1228       1.831465524237e-10       2.038973322308e-12      -7.954530197803e-12       0.000000000000e+00       1.299428332624e-15       1.527238881922e-16       4.376735552812e-17 
 1229       1.830991065157e-10       2.019364195096e-12      -7.812055558253e-12       0.000000000000e+00       1.295194935244e-15       1.525408982742e-16       4.265617218760e-17 
 1230       1.830399015906e-10       2.000464106177e-12      -7.668959988809e-12       0.000000000000e+00       1.290978365416e-15       1.524560474970e-16       4.154966451429e-17 
 1231       1.829689913278e-10       1.982272258715e-12      -7.525290633521e-12       0.000000000000e+00       1.286778571629e-15       1.524663604344e-16       4.044779681447e-17 
 1232       1.828864300232e-10       1.964787832718e-12      -7.381094949815e-12       0.000000000000e+00       1.282595501349e-15       1.525688399723e-16       3.935053299169e-17 
 1233       1.827922725903e-10       1.948009984979e-12      -7.236420709128e-12       0.000000000000e+00       1.278429101019e-15       1.527604672639e-16       3.825783654575e-17 
 1234       1.826865745621e-10       1.931937849018e-12      -7.091315997547e-12       0.000000000000e+00       1.274279316055e-15       1.530382016835e-16       3.716967057182e-17 
 1235       1.825693920919e-10       1.916570535020e-12      -6.945829216447e-12       0.000000000000e+00       1.270146090843e-15       1.533989807814e-16       3.608599775943e-17 
 1236       1.824407819554e-10       1.901907129778e-12      -6.800009083130e-12       0.000000000000e+00       1.266029368738e-15       1.538397202376e-16       3.500678039155e-17 
 1237       1.823008015516e-10       1.887946696629e-12      -6.653904631462e-12       0.000000000000e+00       1.261929092060e-15       1.543573138170e-16       3.393198034363e-17 
 1238       1.821495089044e-10       1.874688275400e-12      -6.507565212509e-12       0.000000000000e+00       1.257845202091e-15       1.549486333231e-16       3.286155908263e-17 
 1239       1.819869626643e-10       1.862130882346e-12      -6.361040495179e-12       0.000000000000e+00       1.253777639073e-15       1.556105285529e-16       3.179547766608e-17 
 1240       1.818132221091e-10       1.850273510089e-12      -6.214380466857e-12       0.000000000000e+00       1.249726342206e-15       1.563398272509e-16       3.073369674114e-17 
 1241       1.816283471464e-10       1.839115127560e-12      -6.067635434042e-12       0.000000000000e+00       1.245691249644e-15       1.571333350639e-16       2.967617654360e-17 
 1242       1.814323983139e-10       1.828654679940e-12      -5.920856022990e-12       0.000000000000e+00       1.241672298494e-15       1.579878354950e-16       2.862287689700e-17 
 1243       1.812254367816e-10       1.818891088600e-12      -5.774093180344e-12       0.000000000000e+00       1.237669424812e-15       1.589000898581e-16       2.757375721159e-17 
 1244       1.810075243530e-10       1.809823251039e-12      -5.627398173781e-12       0.000000000000e+00       1.233682563599e-15       1.598668372327e-16       2.652877648347e-17 
 1245       1.807787234665e-10       1.801450040830e-12      -5.480822592641e-12       0.000000000000e+00       1.229711648802e-15       1.608847944175e-16       2.548789329354e-17 
 1246       1.805390971966e-10       1.793770307554e-12      -5.334418348574e-12       0.000000000000e+00       1.225756613310e-15       1.619506558855e-16       2.445106580662e-17 
 1247       1.802887092559e-10       1.786782876745e-12      -5.188237676169e-12       0.000000000000e+00       1.221817388949e-15       1.630610937382e-16       2.341825177047e-17 
 1248       1.800276239959e-10       1.780486549830e-12      -5.042333133598e-12       0.000000000000e+00       1.217893906482e-15       1.642127576599e-16       2.238940851483e-17 
 1249       1.797559064088e-10       1.774880104065e-12      -4.896757603252e-12       0.000000000000e+00       1.213986095605e-15       1.654022748719e-16       2.136449295049e-17 
 1250       1.794736221290e-10       1.769962292483e-12      -4.751564292378e-12       0.000000000000e+00       1.210093884946e-15       1.666262500874e-16       2.034346156830e-17 
 1251       1.791808374340e-10       1.765731843827e-12      -4.606806733720e-12       0.000000000000e+00       1.206217202060e-15       1.678812654655e-16       1.932627043824e-17 
 1252       1.788776192464e-10       1.762187462496e-12      -4.462538786153e-12       0.000000000000e+00       1.202355973429e-15       1.691638805657e-16       1.831287520848e-17 
 1253       1.785640351352e-10       1.759327828482e-12      -4.318814635323e-12       0.000000000000e+00       1.198510124455e-15       1.704706323023e-16       1.730323110440e-17 
 1254       1.782401533170e-10       1.757151597313e-12      -4.175688794284e-12       0.000000000000e+00       1.194679579464e-15       1.717980348988e-16       1.629729292764e-17 
 1255       1.779060426575e-10       1.755657399991e-12      -4.033216104139e-12       0.000000000000e+00       1.190864261697e-15       1.731425798424e-16       1.529501505516e-17 
 1256       1.775617726732e-10       1.754843842933e-12      -3.891451734673e-12       0.000000000000e+00       1.187064093310e-15       1.745007358381e-16       1.429635143829e-17 
 1257       1.772074135323e-10       1.754709507915e-12      -3.750451184995e-12       0.000000000000e+00       1.183278995373e-15       1.758689487634e-16       1.330125560174e-17 
 1258       1.768430360567e-10       1.755252952005e-12      -3.610270284173e-12       0.000000000000e+00       1.179508887865e-15       1.772436416226e-16       1.230968064271e-17 
 1259       1.764687117230e-10       1.756472707513e-12      -3.470965191875e-12       0.000000000000e+00       1.175753689671e-15       1.786212145010e-16       1.132157922987e-17 
 1260       1.760845126643e-10       1.758367281922e-12      -3.332592399004e-12       0.000000000000e+00       1.172013318581e-15       1.799980445196e-16       1.033690360243e-17 
 1261       1.756905116712e-10       1.760935157836e-12      -3.195208728337e-12       0.000000000000e+00       1.168287691287e-15       1.813704857893e-16       9.355605569235e-18 
 1262       1.752867821934e-10       1.764174792915e-12      -3.058871335164e-12       0.000000000000e+00       1.164576723379e-15       1.827348693653e-16       8.377636507726e-18 
 1263       1.748733983414e-10       1.768084619820e-12      -2.923637707924e-12       0.000000000000e+00       1.160880329346e-15       1.840875032018e-16       7.402947363050e-18 
 1264       1.744504348876e-10       1.772663046150e-12      -2.789565668845e-12       0.000000000000e+00       1.157198422568e-15       1.854246721057e-16       6.431488647083e-18 
 1265       1.740179672676e-10       1.777908454383e-12      -2.656713374581e-12       0.000000000000e+00       1.153530915318e-15       1.867426376918e-16       5.463210437480e-18 
 1266       1.735760715822e-10       1.783819201818e-12      -2.525139316847e-12       0.000000000000e+00       1.149877718755e-15       1.880376383366e-16       4.498062376720e-18 
 1267       1.731248245982e-10       1.790393620516e-12      -2.394902323064e-12       0.000000000000e+00       1.146238742927e-15       1.893058891330e-16       3.535993671157e-18 
 1268       1.726643166022e-10       1.797628959603e-12      -2.266055954162e-12       0.000000000000e+00       1.142613904799e-15       1.905445425127e-16       2.576975958711e-18 
 1269       1.721946901203e-10       1.805518198974e-12      -2.138631626048e-12       0.000000000000e+00       1.139003152469e-15       1.917545823263e-16       1.621072202432e-18 
 1270       1.717161016474e-10       1.814053198737e-12      -2.012655294806e-12       0.000000000000e+00       1.135406441224e-15       1.929379630399e-16       6.683685893470e-19 
 1271       1.712287088383e-10       1.823225753374e-12      -1.888153042097e-12       0.000000000000e+00       1.131823725536e-15       1.940966521195e-16      -2.810482653797e-19 
 1272       1.707326705102e-10       1.833027591605e-12      -1.765151075375e-12       0.000000000000e+00       1.128254959052e-15       1.952326300575e-16      -1.227091317696e-18 
 1273       1.702281466445e-10       1.843450376248e-12      -1.643675728110e-12       0.000000000000e+00       1.124700094596e-15       1.963478903985e-16      -2.169673093909e-18 
 1274       1.697152983900e-10       1.854485704083e-12      -1.523753460003e-12       0.000000000000e+00       1.121159084168e-15       1.974444397653e-16      -3.108705689934e-18 
 1275       1.691942880645e-10       1.866125105710e-12      -1.405410857211e-12       0.000000000000e+00       1.117631878938e-15       1.985242978852e-16      -4.044100770543e-18 
 1276       1.686652791577e-10       1.878360045412e-12      -1.288674632567e-12       0.000000000000e+00       1.114118429246e-15       1.995894976156e-16      -4.975769568610e-18 
 1277       1.681284363335e-10       1.891181921019e-12      -1.173571625797e-12       0.000000000000e+00       1.110618684601e-15       2.006420849704e-16      -5.903622884362e-18 
 1278       1.675839254323e-10       1.904582063764e-12      -1.060128803742e-12       0.000000000000e+00       1.107132593678e-15       2.016841191461e-16      -6.827571084624e-18 
 1279       1.670319134732e-10       1.918551738152e-12      -9.483732605763e-13       0.000000000000e+00       1.103660104316e-15       2.027176725475e-16      -7.747524102071e-18 
 1280       1.664725686567e-10       1.933082141815e-12      -8.383322180319e-13       0.000000000000e+00       1.100201163515e-15       2.037448308137e-16      -8.663391434471e-18 
 1281       1.659060603671e-10       1.948164405376e-12      -7.300330256137e-13       0.000000000000e+00       1.096755717435e-15       2.047676928448e-16      -9.575082143938e-18 
 1282       1.653325591746e-10       1.963789592314e-12      -6.235031608222e-13       0.000000000000e+00       1.093323711395e-15       2.057883708272e-16      -1.048250485618e-17 
 1283       1.647522368378e-10       1.979948698818e-12      -5.187702293730e-13       0.000000000000e+00       1.089905089868e-15       2.068089902598e-16      -1.138556775973e-17 
 1284       1.641652663063e-10       1.996632653656e-12      -4.158619654168e-13       0.000000000000e+00       1.086499796481e-15       2.078316899804e-16      -1.228417860523e-17 
 1285       1.635718217226e-10       2.013832318033e-12      -3.148062317596e-13       0.000000000000e+00       1.083107774014e-15       2.088586221913e-16      -1.317824470465e-17 
 1286       1.629720784251e-10       2.031538485452e-12      -2.156310200828e-13       0.000000000000e+00       1.079728964396e-15       2.098919524857e-16      -1.406767293053e-17 
 1287       1.623662129500e-10       2.049741881577e-12      -1.183644511633e-13       0.000000000000e+00       1.076363308702e-15       2.109338598733e-16      -1.495236971526e-17 
 1288       1.617544030340e-10       2.068433164095e-12      -2.303477509339e-14       0.000000000000e+00       1.073010747154e-15       2.119865368069e-16      -1.583224105030e-17 
 1289       1.611368276162e-10       2.087602922577e-12       7.032962849883e-14       0.000000000000e+00       1.069671219118e-15       2.130521892078e-16      -1.670719248544e-17 
 1290       1.605136668412e-10       2.107241678339e-12       1.617002502297e-13       0.000000000000e+00       1.066344663099e-15       2.141330364925e-16      -1.757712912805e-17 
 1291       1.598851020609e-10       2.127339884303e-12       2.510484507396e-13       0.000000000000e+00       1.063031016744e-15       2.152313115982e-16      -1.844195564230e-17 
 1292       1.592513158372e-10       2.147887924860e-12       3.383454604731e-13       0.000000000000e+00       1.059730216836e-15       2.163492610091e-16      -1.930157624847e-17 
 1293       1.586124919442e-10       2.168876115733e-12       4.235623794588e-13       0.000000000000e+00       1.056442199292e-15       2.174891447823e-16      -2.015589472213e-17 
 1294       1.579688153706e-10       2.190294703835e-12       5.066701770893e-13       0.000000000000e+00       1.053166899166e-15       2.186532365740e-16      -2.100481439343e-17 
 1295       1.573204723224e-10       2.212133867132e-12       5.876396919009e-13       0.000000000000e+00       1.049904250638e-15       2.198438236655e-16      -2.184823814632e-17 
 1296       1.566676502246e-10       2.234383714506e-12       6.664416313536e-13       0.000000000000e+00       1.046654187021e-15       2.210632069891e-16      -2.268606841784e-17 
 1297       1.560105377245e-10       2.257034285616e-12       7.430465716113e-13       0.000000000000e+00       1.043416640754e-15       2.223137011542e-16      -2.351820719733e-17 
 1298       1.553493246932e-10       2.280075550756e-12       8.174249573214e-13       0.000000000000e+00       1.040191543401e-15       2.235976344734e-16      -2.434455602567e-17 
 1299       1.546842022286e-10       2.303497410722e-12       8.895471013947e-13       0.000000000000e+00       1.036978825647e-15       2.249173489885e-16      -2.516501599457e-17 
 1300       1.540153626574e-10       2.327289696673e-12       9.593831847853e-13       0.000000000000e+00       1.033778417301e-15       2.262752004966e-16      -2.597948774578e-17 
 1301       1.533429995378e-10       2.351442169986e-12       1.026903256271e-12       0.000000000000e+00       1.030590247290e-15       2.276735585760e-16      -2.678787147038e-17 
 1302       1.526673076618e-10       2.375944522127e-12       1.092077232232e-12       0.000000000000e+00       1.027414243656e-15       2.291148066123e-16      -2.759006690798e-17 
 1303       1.519884830572e-10       2.400786374506e-12       1.154874896434e-12       0.000000000000e+00       1.024250333557e-15       2.306013418245e-16      -2.838597334597e-17 
 1304       1.513067229905e-10       2.425957278339e-12       1.215265899802e-12       0.000000000000e+00       1.021098443265e-15       2.321355752908e-16      -2.917548961884e-17 
 1305       1.506222259692e-10       2.451446714513e-12       1.273219760206e-12       0.000000000000e+00       1.017958498159e-15       2.337199319752e-16      -2.995851410732e-17 
 1306       1.499351917438e-10       2.477244093446e-12       1.328705862240e-12       0.000000000000e+00       1.014830422732e-15       2.353568507527e-16      -3.073494473772e-17 
 1307       1.492458151171e-10       2.503338760706e-12       1.381699475665e-12       0.000000000000e+00       1.011714147526e-15       2.370480955550e-16      -3.150468970452e-17 
 1308       1.485542672892e-10       2.529720014220e-12       1.432199884868e-12       0.000000000000e+00       1.008609630072e-15       2.387926803197e-16      -3.226769977102e-17 
 1309       1.478607143088e-10       2.556377086982e-12       1.480212461772e-12       0.000000000000e+00       1.005516834181e-15       2.405889208803e-16      -3.302393632857e-17 
 1310       1.471653232487e-10       2.583299141177e-12       1.525742665771e-12       0.000000000000e+00       1.002435723025e-15       2.424351217184e-16      -3.377336070590e-17 
 1311       1.464682622090e-10       2.610475268038e-12       1.568796043934e-12       0.000000000000e+00       9.993662591265e-16       2.443295759420e-16      -3.451593416916e-17 
 1312       1.457697003180e-10       2.637894487715e-12       1.609378231206e-12       0.000000000000e+00       9.963084043645e-16       2.462705652631e-16      -3.525161792192e-17 
 1313       1.450698077347e-10       2.665545749130e-12       1.647494950610e-12       0.000000000000e+00       9.932621199677e-16       2.482563599751e-16      -3.598037310515e-17 
 1314       1.443687556507e-10       2.693417929842e-12       1.683152013449e-12       0.000000000000e+00       9.902273665154e-16       2.502852189308e-16      -3.670216079722e-17 
 1315       1.436667162920e-10       2.721499835912e-12       1.716355319512e-12       0.000000000000e+00       9.872041039353e-16       2.523553895198e-16      -3.741694201394e-17 
 1316       1.429638629211e-10       2.749780201758e-12       1.747110857272e-12       0.000000000000e+00       9.841922915020e-16       2.544651076462e-16      -3.812467770851e-17 
 1317       1.422603698389e-10       2.778247690023e-12       1.775424704090e-12       0.000000000000e+00       9.811918878355e-16       2.566125977068e-16      -3.882532877154e-17 
 1318       1.415564123864e-10       2.806890891435e-12       1.801303026419e-12       0.000000000000e+00       9.782028508994e-16       2.587960725679e-16      -3.951885603109e-17 
 1319       1.408521669471e-10       2.835698324668e-12       1.824752080003e-12       0.000000000000e+00       9.752251379997e-16       2.610137335439e-16      -4.020522025258e-17 
 1320       1.401478109488e-10       2.864658436206e-12       1.845778210082e-12       0.000000000000e+00       9.722587057832e-16       2.632637703741e-16      -4.088438213890e-17 
 1321       1.394435228652e-10       2.893759600203e-12       1.864387851594e-12       0.000000000000e+00       9.693035102354e-16       2.655443612012e-16      -4.155630233033e-17 
 1322       1.387394822183e-10       2.922990118347e-12       1.880587529378e-12       0.000000000000e+00       9.663595066797e-16       2.678536725483e-16      -4.222094140456e-17 
 1323       1.380358695801e-10       2.952338219718e-12       1.894383858373e-12       0.000000000000e+00       9.634266497753e-16       2.701898592972e-16      -4.287825987670e-17 
 1324       1.373328665748e-10       2.981792060657e-12       1.905783543824e-12       0.000000000000e+00       9.605048935159e-16       2.725510646654e-16      -4.352821819930e-17 
 1325       1.366306558803e-10       3.011339724620e-12       1.914793381485e-12       0.000000000000e+00       9.575941912281e-16       2.749354201845e-16      -4.417077676231e-17 
 1326       1.359294212306e-10       3.040969222045e-12       1.921420257817e-12       0.000000000000e+00       9.546944955695e-16       2.773410456772e-16      -4.480589589311e-17 
 1327       1.352293474175e-10       3.070668490215e-12       1.925671150194e-12       0.000000000000e+00       9.518057585279e-16       2.797660492356e-16      -4.543353585648e-17 
 1328       1.345306202928e-10       3.100425393114e-12       1.927553127104e-12       0.000000000000e+00       9.489279314188e-16       2.822085271984e-16      -4.605365685465e-17 
 1329       1.338334267698e-10       3.130227721295e-12       1.927073348352e-12       0.000000000000e+00       9.460609648848e-16       2.846665641289e-16      -4.666621902724e-17 
 1330       1.331379548256e-10       3.160063191740e-12       1.924239065264e-12       0.000000000000e+00       9.432048088931e-16       2.871382327924e-16      -4.727118245133e-17 
 1331       1.324443935031e-10       3.189919447720e-12       1.919057620883e-12       0.000000000000e+00       9.403594127346e-16       2.896215941342e-16      -4.786850714139e-17 
 1332       1.317529329127e-10       3.219784058661e-12       1.911536450180e-12       0.000000000000e+00       9.375247250223e-16       2.921146972570e-16      -4.845815304934e-17 
 1333       1.310637642344e-10       3.249644520000e-12       1.901683080252e-12       0.000000000000e+00       9.347006936892e-16       2.946155793988e-16      -4.904008006450e-17 
 1334       1.303770797197e-10       3.279488253055e-12       1.889505130522e-12       0.000000000000e+00       9.318872659874e-16       2.971222659104e-16      -4.961424801363e-17 
 1335       1.296930726936e-10       3.309302604880e-12       1.875010312946e-12       0.000000000000e+00       9.290843884861e-16       2.996327702331e-16      -5.018061666092e-17 
 1336       1.290119375565e-10       3.339074848130e-12       1.858206432213e-12       0.000000000000e+00       9.262920070703e-16       3.021450938767e-16      -5.073914570798e-17 
 1337       1.283338697862e-10       3.368792180923e-12       1.839101385948e-12       0.000000000000e+00       9.235100669390e-16       3.046572263966e-16      -5.128979479384e-17 
 1338       1.276590659397e-10       3.398441726701e-12       1.817703164914e-12       0.000000000000e+00       9.207385126038e-16       3.071671453721e-16      -5.183252349497e-17 
 1339       1.269877236553e-10       3.428010534093e-12       1.794019853215e-12       0.000000000000e+00       9.179772878874e-16       3.096728163835e-16      -5.236729132527e-17 
 1340       1.263200416547e-10       3.457485576776e-12       1.768059628498e-12       0.000000000000e+00       9.152263359218e-16       3.121721929904e-16      -5.289405773606e-17 
 1341       1.256562197445e-10       3.486853753339e-12       1.739830762155e-12       0.000000000000e+00       9.124855991470e-16       3.146632167087e-16      -5.341278211609e-17 
 1342       1.249964588186e-10       3.516101887142e-12       1.709341619524e-12       0.000000000000e+00       9.097550193093e-16       3.171438169890e-16      -5.392342379155e-17 
 1343       1.243409608598e-10       3.545216726179e-12       1.676600660097e-12       0.000000000000e+00       9.070345374596e-16       3.196119111936e-16      -5.442594202606e-17 
 1344       1.236899289421e-10       3.574184942943e-12       1.641616437716e-12       0.000000000000e+00       9.043240939523e-16       3.220654045746e-16      -5.492029602066e-17 
 1345       1.230435672323e-10       3.602993134283e-12       1.604397600778e-12       0.000000000000e+00       9.016236284432e-16       3.245021902515e-16      -5.540644491385e-17 
 1346       1.224020618638e-10       3.631628778458e-12       1.564956434719e-12       0.000000000000e+00       8.989330851521e-16       3.269204564777e-16      -5.588435426737e-17 
 1347       1.217655233252e-10       3.660083117942e-12       1.523319531173e-12       0.000000000000e+00       8.962524287161e-16       3.293196121363e-16      -5.635401560083e-17 
 1348       1.211340434498e-10       3.688348307661e-12       1.479517235119e-12       0.000000000000e+00       8.935816285052e-16       3.316993712542e-16      -5.681542706934e-17 
 1349       1.205077144876e-10       3.716416460568e-12       1.433580113547e-12       0.000000000000e+00       8.909206533730e-16       3.340594466228e-16      -5.726858699734e-17 
 1350       1.198866291063e-10       3.744279647575e-12       1.385538955904e-12       0.000000000000e+00       8.882694716557e-16       3.363995497966e-16      -5.771349387899e-17 
 1351       1.192708803917e-10       3.771929897471e-12       1.335424774522e-12       0.000000000000e+00       8.856280511704e-16       3.387193910910e-16      -5.815014637870e-17 
 1352       1.186605618483e-10       3.799359196851e-12       1.283268805058e-12       0.000000000000e+00       8.829963592144e-16       3.410186795801e-16      -5.857854333144e-17 
 1353       1.180557674006e-10       3.826559490043e-12       1.229102506933e-12       0.000000000000e+00       8.803743625636e-16       3.432971230953e-16      -5.899868374328e-17 
 1354       1.174565913930e-10       3.853522679030e-12       1.172957563767e-12       0.000000000000e+00       8.777620274715e-16       3.455544282227e-16      -5.941056679173e-17 
 1355       1.168631285909e-10       3.880240623376e-12       1.114865883814e-12       0.000000000000e+00       8.751593196679e-16       3.477903003014e-16      -5.981419182623e-17 
 1356       1.162754741814e-10       3.906705140152e-12       1.054859600402e-12       0.000000000000e+00       8.725662043577e-16       3.500044434217e-16      -6.020955836856e-17 
 1357       1.156937237739e-10       3.932908003862e-12       9.929710723671e-13       0.000000000000e+00       8.699826462198e-16       3.521965604228e-16      -6.059666611326e-17 
 1358       1.151179734008e-10       3.958840946369e-12       9.292328844933e-13       0.000000000000e+00       8.674086094057e-16       3.543663528908e-16      -6.097551492808e-17 
 1359       1.145483195181e-10       3.984495656815e-12       8.636778479469e-13       0.000000000000e+00       8.648440575383e-16       3.565135211571e-16      -6.134610485438e-17 
 1360       1.139848590063e-10       4.009863781554e-12       7.963390007142e-13       0.000000000000e+00       8.622889537110e-16       3.586377642962e-16      -6.170843610761e-17 
 1361       1.134276891706e-10       4.034936924071e-12       7.272496080383e-13       0.000000000000e+00       8.597432604859e-16       3.607387801234e-16      -6.206250907768e-17 
 1362       1.128769077425e-10       4.059706644913e-12       6.564431628559e-13       0.000000000000e+00       8.572069398933e-16       3.628162651935e-16      -6.240832432942e-17 
 1363       1.123326128793e-10       4.084164461609e-12       5.839533862343e-13       0.000000000000e+00       8.546799534299e-16       3.648699147982e-16      -6.274588260305e-17 
 1364       1.117949031657e-10       4.108301848597e-12       5.098142278080e-13       0.000000000000e+00       8.521622620579e-16       3.668994229645e-16      -6.307518481451e-17 
 1365       1.112638776143e-10       4.132110237152e-12       4.340598662156e-13       0.000000000000e+00       8.496538262036e-16       3.689044824524e-16      -6.339623205599e-17 
 1366       1.107396356658e-10       4.155581015309e-12       3.567247095367e-13       0.000000000000e+00       8.471546057564e-16       3.708847847534e-16      -6.370902559630e-17 
 1367       1.102222771903e-10       4.178705527786e-12       2.778433957287e-13       0.000000000000e+00       8.446645600675e-16       3.728400200879e-16      -6.401356688134e-17 
 1368       1.097119024876e-10       4.201475075917e-12       1.974507930636e-13       0.000000000000e+00       8.421836479484e-16       3.747698774038e-16      -6.430985753448e-17 
 1369       1.092086122882e-10       4.223880917567e-12       1.155820005649e-13       0.000000000000e+00       8.397118276703e-16       3.766740443741e-16      -6.459789935704e-17 
 1370       1.087125077535e-10       4.245914267066e-12       3.227234844450e-14       0.000000000000e+00       8.372490569624e-16       3.785522073952e-16      -6.487769432869e-17 
 1371       1.082236904770e-10       4.267566295130e-12      -5.244260146073e-14       0.000000000000e+00       8.347952930107e-16       3.804040515847e-16      -6.514924460790e-17 
 1372       1.077422624846e-10       4.288828128787e-12      -1.385270552519e-13       0.000000000000e+00       8.323504924570e-16       3.822292607796e-16      -6.541255253234e-17 
 1373       1.072683262355e-10       4.309690851304e-12      -2.259449865312e-13       0.000000000000e+00       8.299146113976e-16       3.840275175343e-16      -6.566762061934e-17 
 1374       1.068019846230e-10       4.330145502108e-12      -3.146601359653e-13       0.000000000000e+00       8.274876053822e-16       3.857985031184e-16      -6.591445156632e-17 
 1375       1.063433409747e-10       4.350183076718e-12      -4.046360108483e-13       0.000000000000e+00       8.250694294124e-16       3.875418975151e-16      -6.615304825118e-17 
 1376       1.058924990537e-10       4.369794526664e-12      -4.958358846651e-13       0.000000000000e+00       8.226600379408e-16       3.892573794187e-16      -6.638341373278e-17 
 1377       1.054495630590e-10       4.388970759417e-12      -5.882227966543e-13       0.000000000000e+00       8.202593848694e-16       3.909446262332e-16      -6.660555125136e-17 
 1378       1.050146376262e-10       4.407702638310e-12      -6.817595513717e-13       0.000000000000e+00       8.178674235489e-16       3.926033140700e-16      -6.681946422892e-17 
 1379       1.045878278283e-10       4.425980982468e-12      -7.764087182531e-13       0.000000000000e+00       8.154841067772e-16       3.942331177458e-16      -6.702515626972e-17 
 1380       1.041692391764e-10       4.443796566730e-12      -8.721326311777e-13       0.000000000000e+00       8.131093867981e-16       3.958337107810e-16      -6.722263116068e-17 
 1381       1.037589776203e-10       4.461140121574e-12      -9.688933880312e-13       0.000000000000e+00       8.107432153001e-16       3.974047653973e-16      -6.741189287178e-17 
 1382       1.033571495489e-10       4.478002333047e-12      -1.066652850269e-12       0.000000000000e+00       8.083855434156e-16       3.989459525161e-16      -6.759294555655e-17 
 1383       1.029638617915e-10       4.494373842683e-12      -1.165372642480e-12       0.000000000000e+00       8.060363217191e-16       4.004569417563e-16      -6.776579355245e-17 
 1384       1.025792216181e-10       4.510245247436e-12      -1.265014151947e-12       0.000000000000e+00       8.036955002264e-16       4.019374014322e-16      -6.793044138134e-17 
 1385       1.022033159532e-10       4.525608448684e-12      -1.365538848848e-12       0.000000000000e+00       8.013630326903e-16       4.033872610648e-16      -6.808690206929e-17 
 1386       1.018361487755e-10       4.540460714996e-12      -1.466909251425e-12       0.000000000000e+00       7.990388895407e-16       4.048075019506e-16      -6.823522220155e-17 
 1387       1.014777030589e-10       4.554800662114e-12      -1.569087970132e-12       0.000000000000e+00       7.967230450790e-16       4.061993749358e-16      -6.837545713300e-17 
 1388       1.011279614985e-10       4.568626907773e-12      -1.672037387513e-12       0.000000000000e+00       7.944154731919e-16       4.075641386752e-16      -6.850766269365e-17 
 1389       1.007869065099e-10       4.581938071706e-12      -1.775719657786e-12       0.000000000000e+00       7.921161473510e-16       4.089030596464e-16      -6.863189518966e-17 
 1390       1.004545202289e-10       4.594732775658e-12      -1.880096706421e-12       0.000000000000e+00       7.898250406115e-16       4.102174121645e-16      -6.874821140420e-17 
 1391       1.001307845106e-10       4.607009643395e-12      -1.985130229730e-12       0.000000000000e+00       7.875421256114e-16       4.115084783965e-16      -6.885666859847e-17 
 1392       9.981568092885e-11       4.618767300710e-12      -2.090781694445e-12       0.000000000000e+00       7.852673745707e-16       4.127775483755e-16      -6.895732451262e-17 
 1393       9.950919077584e-11       4.630004375438e-12      -2.197012337303e-12       0.000000000000e+00       7.830007592901e-16       4.140259200154e-16      -6.905023736671e-17 
 1394       9.921129506120e-11       4.640719497462e-12      -2.303783164629e-12       0.000000000000e+00       7.807422511502e-16       4.152548991251e-16      -6.913546586162e-17 
 1395       9.892197451154e-11       4.650911298724e-12      -2.411054951920e-12       0.000000000000e+00       7.784918211108e-16       4.164657994233e-16      -6.921306918008e-17 
 1396       9.864120956978e-11       4.660578413233e-12      -2.518788243428e-12       0.000000000000e+00       7.762494397096e-16       4.176599425524e-16      -6.928310698755e-17 
 1397       9.836898039458e-11       4.669719477079e-12      -2.626943351743e-12       0.000000000000e+00       7.740150770616e-16       4.188386580933e-16      -6.934563943319e-17 
 1398       9.810526685968e-11       4.678333128436e-12      -2.735480357373e-12       0.000000000000e+00       7.717887028578e-16       4.200032835798e-16      -6.940072715083e-17 
 1399       9.785004855330e-11       4.686418007579e-12      -2.844359108335e-12       0.000000000000e+00       7.695702863644e-16       4.211551645130e-16      -6.944843125989e-17 
 1400       9.760330477752e-11       4.693972756888e-12      -2.953539219730e-12       0.000000000000e+00       7.673597964221e-16       4.222956543755e-16      -6.948881336636e-17 
 1401       9.736501454768e-11       4.700996020860e-12      -3.062980073330e-12       0.000000000000e+00       7.651572014447e-16       4.234261146463e-16      -6.952193556371e-17 
 1402       9.713515659174e-11       4.707486446119e-12      -3.172640817163e-12       0.000000000000e+00       7.629624694185e-16       4.245479148147e-16      -6.954786043389e-17 
 1403       9.691370934970e-11       4.713442681426e-12      -3.282480365092e-12       0.000000000000e+00       7.607755679013e-16       4.256624323952e-16      -6.956665104825e-17 
 1404       9.670065097292e-11       4.718863377684e-12      -3.392457396401e-12       0.000000000000e+00       7.585964640214e-16       4.267710529416e-16      -6.957837096847e-17 
 1405       9.649595932357e-11       4.723747187956e-12      -3.502530355378e-12       0.000000000000e+00       7.564251244766e-16       4.278751700616e-16      -6.958308424756e-17 
 1406       9.629961197399e-11       4.728092767468e-12      -3.612657450897e-12       0.000000000000e+00       7.542615155333e-16       4.289761854312e-16      -6.958085543079e-17 
 1407       9.611158620607e-11       4.731898773621e-12      -3.722796656001e-12       0.000000000000e+00       7.521056030257e-16       4.300755088091e-16      -6.957174955660e-17 
 1408       9.593185901061e-11       4.735163865999e-12      -3.832905707489e-12       0.000000000000e+00       7.499573523546e-16       4.311745580510e-16      -6.955583215763e-17 
 1409       9.576040708675e-11       4.737886706383e-12      -3.942942105493e-12       0.000000000000e+00       7.478167284866e-16       4.322747591244e-16      -6.953316926158e-17 
 1410       9.559720684135e-11       4.740065958756e-12      -4.052863113067e-12       0.000000000000e+00       7.456836959533e-16       4.333775461228e-16      -6.950382739224e-17 
 1411       9.544223438831e-11       4.741700289315e-12      -4.162625755767e-12       0.000000000000e+00       7.435582188500e-16       4.344843612799e-16      -6.946787357038e-17 
 1412       9.529546554805e-11       4.742788366480e-12      -4.272186821234e-12       0.000000000000e+00       7.414402608350e-16       4.355966549844e-16      -6.942537531475e-17 
 1413       9.515687584682e-11       4.743328860903e-12      -4.381502858780e-12       0.000000000000e+00       7.393297851288e-16       4.367158857944e-16      -6.937640064298e-17 
 1414       9.502644051610e-11       4.743320445481e-12      -4.490530178967e-12       0.000000000000e+00       7.372267545127e-16       4.378435204515e-16      -6.932101807256e-17 
 1415       9.490413449200e-11       4.742761795359e-12      -4.599224853195e-12       0.000000000000e+00       7.351311313283e-16       4.389810338957e-16      -6.925929662180e-17 
 1416       9.478993241466e-11       4.741651587948e-12      -4.707542713282e-12       0.000000000000e+00       7.330428774763e-16       4.401299092795e-16      -6.919130581075e-17 
 1417       9.468380862757e-11       4.739988502928e-12      -4.815439351047e-12       0.000000000000e+00       7.309619544157e-16       4.412916379822e-16      -6.911711566218e-17 
 1418       9.458573717702e-11       4.737771222261e-12      -4.922870117895e-12       0.000000000000e+00       7.288883231627e-16       4.424677196248e-16      -6.903679670249e-17 
 1419       9.449569181145e-11       4.734998430201e-12      -5.029790124400e-12       0.000000000000e+00       7.268219442900e-16       4.436596620841e-16      -6.895041996271e-17 
 1420       9.441364598084e-11       4.731668813299e-12      -5.136154239886e-12       0.000000000000e+00       7.247627779255e-16       4.448689815073e-16      -6.885805697941e-17 
 1421       9.433957283610e-11       4.727781060420e-12      -5.241917092014e-12       0.000000000000e+00       7.227107837517e-16       4.460972023262e-16      -6.875977979568e-17 
 1422       9.427344522845e-11       4.723333862747e-12      -5.347033066361e-12       0.000000000000e+00       7.206659210046e-16       4.473458572717e-16      -6.865566096204e-17 
 1423       9.421523570880e-11       4.718325913793e-12      -5.451456306007e-12       0.000000000000e+00       7.186281484727e-16       4.486164873886e-16      -6.854577353745e-17 
 1424       9.416490428267e-11       4.712756962198e-12      -5.555144225961e-12       0.000000000000e+00       7.165974280078e-16       4.499100454488e-16      -6.843017499792e-17 
 1425       9.412236153856e-11       4.706630981940e-12      -5.658068096778e-12       0.000000000000e+00       7.145737350978e-16       4.512250994609e-16      -6.830885877991e-17 
 1426       9.408750513970e-11       4.699953034700e-12      -5.760202568809e-12       0.000000000000e+00       7.125570484006e-16       4.525596107398e-16      -6.818180224119e-17 
 1427       9.406023203280e-11       4.692728220101e-12      -5.861522167006e-12       0.000000000000e+00       7.105473462415e-16       4.539115288118e-16      -6.804898270796e-17 
 1428       9.404043844668e-11       4.684961675783e-12      -5.962001290718e-12       0.000000000000e+00       7.085446066125e-16       4.552787913946e-16      -6.791037747488e-17 
 1429       9.402801989100e-11       4.676658577472e-12      -6.061614213476e-12       0.000000000000e+00       7.065488071715e-16       4.566593243756e-16      -6.776596380501e-17 
 1430       9.402287115485e-11       4.667824139052e-12      -6.160335082790e-12       0.000000000000e+00       7.045599252419e-16       4.580510417916e-16      -6.761571892988e-17 
 1431       9.402488630545e-11       4.658463612636e-12      -6.258137919936e-12       0.000000000000e+00       7.025779378113e-16       4.594518458079e-16      -6.745962004941e-17 
 1432       9.403395868680e-11       4.648582288641e-12      -6.354996619748e-12       0.000000000000e+00       7.006028215313e-16       4.608596266971e-16      -6.729764433200e-17 
 1433       9.404998091833e-11       4.638185495858e-12      -6.450884950411e-12       0.000000000000e+00       6.986345527164e-16       4.622722628188e-16      -6.712976891442e-17 
 1434       9.407284489359e-11       4.627278601525e-12      -6.545776553248e-12       0.000000000000e+00       6.966731073435e-16       4.636876205980e-16      -6.695597090191e-17 
 1435       9.410244177886e-11       4.615867011395e-12      -6.639644942516e-12       0.000000000000e+00       6.947184610510e-16       4.651035545052e-16      -6.677622736812e-17 
 1436       9.413866201185e-11       4.603956169814e-12      -6.732463505193e-12       0.000000000000e+00       6.927705891381e-16       4.665179070346e-16      -6.659051535511e-17 
 1437       9.418139530037e-11       4.591551559789e-12      -6.824205500772e-12       0.000000000000e+00       6.908294665641e-16       4.679285086839e-16      -6.639881187337e-17 
 1438       9.423053062092e-11       4.578658703060e-12      -6.914844061050e-12       0.000000000000e+00       6.888950679478e-16       4.693331779333e-16      -6.620109390183e-17 
 1439       9.428595621744e-11       4.565283160175e-12      -7.004352189920e-12       0.000000000000e+00       6.869673675664e-16       4.707297212244e-16      -6.599733838781e-17 
 1440       9.434755959991e-11       4.551430530557e-12      -7.092702763161e-12       0.000000000000e+00       6.850463393552e-16       4.721159329396e-16      -6.578752224705e-17 
 1441       9.441522754303e-11       4.537106452581e-12      -7.179868528232e-12       0.000000000000e+00       6.831319569064e-16       4.734895953813e-16      -6.557162236372e-17 
 1442       9.448884608487e-11       4.522316603642e-12      -7.265822104059e-12       0.000000000000e+00       6.812241934687e-16       4.748484787508e-16      -6.534961559039e-17 
 1443       9.456830052555e-11       4.507066700229e-12      -7.350535980829e-12       0.000000000000e+00       6.793230219466e-16       4.761903411275e-16      -6.512147874804e-17 
 1444       9.465347542587e-11       4.491362497997e-12      -7.433982519780e-12       0.000000000000e+00       6.774284148995e-16       4.775129284484e-16      -6.488718862608e-17 
 1445       9.474425460599e-11       4.475209791838e-12      -7.516133952993e-12       0.000000000000e+00       6.755403445407e-16       4.788139744869e-16      -6.464672198229e-17 
 1446       9.484052114411e-11       4.458614415952e-12      -7.596962383181e-12       0.000000000000e+00       6.736587827375e-16       4.800912008317e-16      -6.440005554290e-17 
 1447       9.494215737507e-11       4.441582243923e-12      -7.676439783481e-12       0.000000000000e+00       6.717837010094e-16       4.813423168668e-16      -6.414716600252e-17 
 1448       9.504904488906e-11       4.424119188786e-12      -7.754537997248e-12       0.000000000000e+00       6.699150705282e-16       4.825650197498e-16      -6.388803002416e-17 
 1449       9.516106453028e-11       4.406231203101e-12      -7.831228737840e-12       0.000000000000e+00       6.680528621168e-16       4.837569943914e-16      -6.362262423925e-17 
 1450       9.527809639556e-11       4.387924279026e-12      -7.906483588415e-12       0.000000000000e+00       6.661970462488e-16       4.849159134346e-16      -6.335092524761e-17 
 1451       9.540001983306e-11       4.369204448388e-12      -7.980274001719e-12       0.000000000000e+00       6.643475930475e-16       4.860394372337e-16      -6.307290961746e-17 
 1452       9.552671344091e-11       4.350077782754e-12      -8.052571299878e-12       0.000000000000e+00       6.625044722850e-16       4.871252138338e-16      -6.278855388541e-17 
 1453       9.565805506588e-11       4.330550393506e-12      -8.123346674188e-12       0.000000000000e+00       6.606676533821e-16       4.881708789492e-16      -6.249783455647e-17 
 1454       9.579392180202e-11       4.310628431906e-12      -8.192571184906e-12       0.000000000000e+00       6.588371054070e-16       4.891740559435e-16      -6.220072810405e-17 
 1455       9.593418998936e-11       4.290318089178e-12      -8.260215761044e-12       0.000000000000e+00       6.570127970747e-16       4.901323558079e-16      -6.189721096996e-17 
 1456       9.607873521250e-11       4.269625596572e-12      -8.326251200156e-12       0.000000000000e+00       6.551946967462e-16       4.910433771410e-16      -6.158725956437e-17 
 1457       9.622743229937e-11       4.248557225439e-12      -8.390648168133e-12       0.000000000000e+00       6.533827724282e-16       4.919047061275e-16      -6.127085026587e-17 
 1458       9.638015531978e-11       4.227119287301e-12      -8.453377198991e-12       0.000000000000e+00       6.515769917717e-16       4.927139165176e-16      -6.094795942141e-17 
 1459       9.653677758418e-11       4.205318133927e-12      -8.514408694661e-12       0.000000000000e+00       6.497773220717e-16       4.934685696060e-16      -6.061856334636e-17 
 1460       9.669717164222e-11       4.183160157400e-12      -8.573712924786e-12       0.000000000000e+00       6.479837302664e-16       4.941662142113e-16      -6.028263832444e-17 
 1461       9.686120928152e-11       4.160651790193e-12      -8.631260026506e-12       0.000000000000e+00       6.461961829364e-16       4.948043866548e-16      -5.994016060778e-17 
 1462       9.702876152623e-11       4.137799505238e-12      -8.687020004252e-12       0.000000000000e+00       6.444146463039e-16       4.953806107398e-16      -5.959110641688e-17 
 1463       9.719969947413e-11       4.114610106686e-12      -8.740967351863e-12       0.000000000000e+00       6.426390892036e-16       4.958930395884e-16      -5.923548729462e-17 
 1464       9.737389681960e-11       4.091091605216e-12      -8.793094969910e-12       0.000000000000e+00       6.408694920280e-16       4.963423882127e-16      -5.887345655502e-17 
 1465       9.755122735315e-11       4.067252351620e-12      -8.843400387089e-12       0.000000000000e+00       6.391058378703e-16       4.967300202217e-16      -5.850520389866e-17 
 1466       9.773156412413e-11       4.043100746998e-12      -8.891881150569e-12       0.000000000000e+00       6.373481095599e-16       4.970573077325e-16      -5.813092015718e-17 
 1467       9.791477943933e-11       4.018645242844e-12      -8.938534826041e-12       0.000000000000e+00       6.355962896622e-16       4.973256313852e-16      -5.775079729533e-17 
 1468       9.810074486176e-11       3.993894341139e-12      -8.983358997768e-12       0.000000000000e+00       6.338503604777e-16       4.975363803577e-16      -5.736502841286e-17 
 1469       9.828933120935e-11       3.968856594435e-12      -9.026351268636e-12       0.000000000000e+00       6.321103040420e-16       4.976909523813e-16      -5.697380774659e-17 
 1470       9.848040855360e-11       3.943540605945e-12      -9.067509260204e-12       0.000000000000e+00       6.303761021245e-16       4.977907537556e-16      -5.657733067233e-17 
 1471       9.867384621837e-11       3.917955029632e-12      -9.106830612752e-12       0.000000000000e+00       6.286477362285e-16       4.978371993636e-16      -5.617579370685e-17 
 1472       9.886951277852e-11       3.892108570295e-12      -9.144312985335e-12       0.000000000000e+00       6.269251875903e-16       4.978317126866e-16      -5.576939450991e-17 
 1473       9.906727605865e-11       3.866009983658e-12      -9.179954055829e-12       0.000000000000e+00       6.252084371785e-16       4.977757258199e-16      -5.535833188621e-17 
 1474       9.926700313179e-11       3.839668076460e-12      -9.213751520983e-12       0.000000000000e+00       6.234974656937e-16       4.976706794873e-16      -5.494280578737e-17 
 1475       9.946856031813e-11       3.813091706542e-12      -9.245703096470e-12       0.000000000000e+00       6.217922535679e-16       4.975180230565e-16      -5.452301731389e-17 
 1476       9.967181318369e-11       3.786289782933e-12      -9.275806516934e-12       0.000000000000e+00       6.200927809638e-16       4.973192145542e-16      -5.409916871719e-17 
 1477       9.987662653906e-11       3.759271265942e-12      -9.304059536043e-12       0.000000000000e+00       6.183990277742e-16       4.970757206811e-16      -5.367146340151e-17 
 1478       1.000828644381e-10       3.732045167244e-12      -9.330459926538e-12       0.000000000000e+00       6.167109736216e-16       4.967890168271e-16      -5.324010592596e-17 
 1479       1.002903901766e-10       3.704620549969e-12      -9.355005480281e-12       0.000000000000e+00       6.150285978576e-16       4.964605870865e-16      -5.280530200644e-17 
 1480       1.004990662912e-10       3.677006528790e-12      -9.377694008311e-12       0.000000000000e+00       6.133518795622e-16       4.960919242729e-16      -5.236725851766e-17 
 1481       1.007087545576e-10       3.649212270010e-12      -9.398523340885e-12       0.000000000000e+00       6.116807975433e-16       4.956845299345e-16      -5.192618349511e-17 
 1482       1.009193159899e-10       3.621246991652e-12      -9.417491327538e-12       0.000000000000e+00       6.100153303363e-16       4.952399143690e-16      -5.148228613703e-17 
 1483       1.011306108389e-10       3.593119963548e-12      -9.434595837124e-12       0.000000000000e+00       6.083554562031e-16       4.947595966389e-16      -5.103577680639e-17 
 1484       1.013424985908e-10       3.564840507423e-12      -9.449834757872e-12       0.000000000000e+00       6.067011531320e-16       4.942451045866e-16      -5.058686703288e-17 
 1485       1.015548379661e-10       3.536417996989e-12      -9.463205997434e-12       0.000000000000e+00       6.050523988369e-16       4.936979748494e-16      -5.013576951488e-17 
 1486       1.017674869183e-10       3.507861858028e-12      -9.474707482936e-12       0.000000000000e+00       6.034091707568e-16       4.931197528746e-16      -4.968269812144e-17 
 1487       1.019803026324e-10       3.479181568482e-12      -9.484337161026e-12       0.000000000000e+00       6.017714460549e-16       4.925119929349e-16      -4.922786789427e-17 
 1488       1.021931415238e-10       3.450386658545e-12      -9.492092997925e-12       0.000000000000e+00       6.001392016188e-16       4.918762581432e-16      -4.877149504969e-17 
 1489       1.024058592368e-10       3.421486710744e-12      -9.497972979479e-12       0.000000000000e+00       5.985124140591e-16       4.912141204675e-16      -4.831379698066e-17 
 1490       1.026183106437e-10       3.392491360033e-12      -9.501975111206e-12       0.000000000000e+00       5.968910597092e-16       4.905271607468e-16      -4.785499225869e-17 
 1491       1.028303498431e-10       3.363410293880e-12      -9.504097418348e-12       0.000000000000e+00       5.952751146249e-16       4.898169687053e-16      -4.739530063589e-17 
 1492       1.030418301588e-10       3.334253252352e-12      -9.504337945920e-12       0.000000000000e+00       5.936645545834e-16       4.890851429683e-16      -4.693494304689e-17 
 1493       1.032526041383e-10       3.305030028208e-12      -9.502694758760e-12       0.000000000000e+00       5.920593550833e-16       4.883332910767e-16      -4.647414161088e-17 
 1494       1.034625235519e-10       3.275750466984e-12      -9.499165941582e-12       0.000000000000e+00       5.904594913434e-16       4.875630295023e-16      -4.601311963353e-17 
 1495       1.036714393911e-10       3.246424467082e-12      -9.493749599021e-12       0.000000000000e+00       5.888649383025e-16       4.867759836633e-16      -4.555210160899e-17 
 1496       1.038792018673e-10       3.217061979860e-12      -9.486443855686e-12       0.000000000000e+00       5.872756706188e-16       4.859737879386e-16      -4.509131322189e-17 
 1497       1.040856604109e-10       3.187673009715e-12      -9.477246856210e-12       0.000000000000e+00       5.856916626694e-16       4.851580856838e-16      -4.463098134930e-17 
 1498       1.042906636692e-10       3.158267614180e-12      -9.466156765300e-12       0.000000000000e+00       5.841128885494e-16       4.843305292457e-16      -4.417133406270e-17 
 1499       1.044940595060e-10       3.128855904001e-12      -9.453171767786e-12       0.000000000000e+00       5.825393220716e-16       4.834927799777e-16      -4.371260062997e-17 
 1500       1.046956949998e-10       3.099448043236e-12      -9.438290068673e-12       0.000000000000e+00       5.809709367661e-16       4.826465082546e-16      -4.325501151740e-17 
 1501       1.048954164426e-10       3.070054249337e-12      -9.421509893189e-12       0.000000000000e+00       5.794077058794e-16       4.817933934883e-16      -4.279879839160e-17 
 1502       1.050930808927e-10       3.040684271460e-12      -9.402832872358e-12       0.000000000000e+00       5.778496043987e-16       4.809348842878e-16      -4.234414426722e-17 
 1503       1.052885909585e-10       3.011345819663e-12      -9.382274235690e-12       0.000000000000e+00       5.762966151487e-16       4.800714763565e-16      -4.189103341484e-17 
 1504       1.054818603511e-10       2.982046120587e-12      -9.359852717849e-12       0.000000000000e+00       5.747487227532e-16       4.792034275937e-16      -4.143939999538e-17 
 1505       1.056728023599e-10       2.952792437908e-12      -9.335587182365e-12       0.000000000000e+00       5.732059116149e-16       4.783309973125e-16      -4.098917778111e-17 
 1506       1.058613298518e-10       2.923592072398e-12      -9.309496621870e-12       0.000000000000e+00       5.716681659153e-16       4.774544462427e-16      -4.054030015499e-17 
 1507       1.060473552713e-10       2.894452361985e-12      -9.281600158322e-12       0.000000000000e+00       5.701354696141e-16       4.765740365331e-16      -4.009270010998e-17 
 1508       1.062307906388e-10       2.865380681810e-12      -9.251917043238e-12       0.000000000000e+00       5.686078064488e-16       4.756900317536e-16      -3.964631024837e-17 
 1509       1.064115475509e-10       2.836384444296e-12      -9.220466657925e-12       0.000000000000e+00       5.670851599338e-16       4.748026968981e-16      -3.920106278114e-17 
 1510       1.065895371788e-10       2.807471099198e-12      -9.187268513705e-12       0.000000000000e+00       5.655675133606e-16       4.739122983861e-16      -3.875688952725e-17 
 1511       1.067646702685e-10       2.778648133673e-12      -9.152342252152e-12       0.000000000000e+00       5.640548497969e-16       4.730191040657e-16      -3.831372191300e-17 
 1512       1.069368571393e-10       2.749923072333e-12      -9.115707645316e-12       0.000000000000e+00       5.625471520863e-16       4.721233832156e-16      -3.787149097133e-17 
 1513       1.071060076838e-10       2.721303477310e-12      -9.077384595956e-12       0.000000000000e+00       5.610444028479e-16       4.712254065477e-16      -3.743012734119e-17 
 1514       1.072720313667e-10       2.692796948316e-12      -9.037393137770e-12       0.000000000000e+00       5.595465844755e-16       4.703254462093e-16      -3.698956126680e-17 
 1515       1.074348372246e-10       2.664411122701e-12      -8.995753435623e-12       0.000000000000e+00       5.580536791375e-16       4.694237757855e-16      -3.654972259707e-17 
 1516       1.075943338649e-10       2.636153675515e-12      -8.952485785780e-12       0.000000000000e+00       5.565656687765e-16       4.685206703016e-16      -3.611054078486e-17 
 1517       1.077504294653e-10       2.608032319570e-12      -8.907610616134e-12       0.000000000000e+00       5.550825351083e-16       4.676164062254e-16      -3.567194488632e-17 
 1518       1.079030317733e-10       2.580054805498e-12      -8.861148486435e-12       0.000000000000e+00       5.536042596220e-16       4.667112614696e-16      -3.523386356026e-17 
 1519       1.080520481050e-10       2.552228921813e-12      -8.813120088524e-12       0.000000000000e+00       5.521308235794e-16       4.658055153941e-16      -3.479622506742e-17 
 1520       1.081973853451e-10       2.524562494971e-12      -8.763546246557e-12       0.000000000000e+00       5.506622080142e-16       4.648994488086e-16      -3.435895726984e-17 
 1521       1.083389499457e-10       2.497063389430e-12      -8.712447917242e-12       0.000000000000e+00       5.491983937321e-16       4.639933439745e-16      -3.392198763019e-17 
 1522       1.084766479259e-10       2.469739507711e-12      -8.659846190063e-12       0.000000000000e+00       5.477393613098e-16       4.630874846078e-16      -3.348524321107e-17 
 1523       1.086103848708e-10       2.442598790459e-12      -8.605762287512e-12       0.000000000000e+00       5.462850910949e-16       4.621821558809e-16      -3.304865067435e-17 
 1524       1.087400659313e-10       2.415649216502e-12      -8.550217565322e-12       0.000000000000e+00       5.448355632054e-16       4.612776444257e-16      -3.261213628054e-17 
 1525       1.088655958230e-10       2.388898802914e-12      -8.493233512692e-12       0.000000000000e+00       5.433907575290e-16       4.603742383350e-16      -3.217562588803e-17 
 1526       1.089868788259e-10       2.362355605072e-12      -8.434831752521e-12       0.000000000000e+00       5.419506537228e-16       4.594722271658e-16      -3.173904495253e-17 
 1527       1.091038187831e-10       2.336027716719e-12      -8.375034041635e-12       0.000000000000e+00       5.405152312129e-16       4.585719019410e-16      -3.130231852630e-17 
 1528       1.092163191010e-10       2.309923270025e-12      -8.313862271018e-12       0.000000000000e+00       5.390844691938e-16       4.576735551521e-16      -3.086537125753e-17 
 1529       1.093242827479e-10       2.284050435645e-12      -8.251338466045e-12       0.000000000000e+00       5.376583466282e-16       4.567774807614e-16      -3.042812738969e-17 
 1530       1.094276122534e-10       2.258417422781e-12      -8.187484786707e-12       0.000000000000e+00       5.362368422460e-16       4.558839742044e-16      -2.999051076079e-17 
 1531       1.095262097083e-10       2.233032479243e-12      -8.122323527844e-12       0.000000000000e+00       5.348199345445e-16       4.549933323924e-16      -2.955244480277e-17 
 1532       1.096199767632e-10       2.207903891508e-12      -8.055877119375e-12       0.000000000000e+00       5.334076017875e-16       4.541058537144e-16      -2.911385254080e-17 
 1533       1.097088146281e-10       2.183039984780e-12      -7.988168126527e-12       0.000000000000e+00       5.319998220049e-16       4.532218380398e-16      -2.867465659262e-17 
 1534       1.097926240721e-10       2.158449123055e-12      -7.919219250064e-12       0.000000000000e+00       5.305965729923e-16       4.523415867206e-16      -2.823477916788e-17 
 1535       1.098713054220e-10       2.134139709176e-12      -7.849053326521e-12       0.000000000000e+00       5.291978323106e-16       4.514654025939e-16      -2.779414206742e-17 
 1536       1.099447585621e-10       2.110120184896e-12      -7.777693328430e-12       0.000000000000e+00       5.278035772856e-16       4.505935899843e-16      -2.735266668267e-17 
 1537       1.100128829335e-10       2.086399030937e-12      -7.705162364552e-12       0.000000000000e+00       5.264137850070e-16       4.497264547058e-16      -2.691027399493e-17 
 1538       1.100755775333e-10       2.062984767054e-12      -7.631483680104e-12       0.000000000000e+00       5.250284323288e-16       4.488643040650e-16      -2.646688457470e-17 
 1539       1.101327409139e-10       2.039885952092e-12      -7.556680656995e-12       0.000000000000e+00       5.236474958681e-16       4.480074468625e-16      -2.602241858104e-17 
 1540       1.101842711824e-10       2.017111184047e-12      -7.480776814049e-12       0.000000000000e+00       5.222709520050e-16       4.471561933960e-16      -2.557679576088e-17 
 1541       1.102300813014e-10       1.994668114064e-12      -7.403796537869e-12       0.000000000000e+00       5.208987789361e-16       4.463106618984e-16      -2.512996090960e-17 
 1542       1.102701451511e-10       1.972560478061e-12      -7.325767282531e-12       0.000000000000e+00       5.195309628580e-16       4.454701958391e-16      -2.468196051852e-17 
 1543       1.103044519032e-10       1.950791037051e-12      -7.246717391226e-12       0.000000000000e+00       5.181674918414e-16       4.446339410960e-16      -2.423286685364e-17 
 1544       1.103329907588e-10       1.929362560654e-12      -7.166675367793e-12       0.000000000000e+00       5.168083537822e-16       4.438010390107e-16      -2.378275256106e-17 
 1545       1.103557509492e-10       1.908277827110e-12      -7.085669876985e-12       0.000000000000e+00       5.154535364012e-16       4.429706263805e-16      -2.333169066754e-17 
 1546       1.103727217350e-10       1.887539623290e-12      -7.003729744737e-12       0.000000000000e+00       5.141030272438e-16       4.421418354514e-16      -2.287975458114e-17 
 1547       1.103838924070e-10       1.867150744706e-12      -6.920883958435e-12       0.000000000000e+00       5.127568136793e-16       4.413137939102e-16      -2.242701809184e-17 
 1548       1.103892522862e-10       1.847113995523e-12      -6.837161667177e-12       0.000000000000e+00       5.114148829009e-16       4.404856248776e-16      -2.197355537216e-17 
 1549       1.103887907235e-10       1.827432188567e-12      -6.752592182048e-12       0.000000000000e+00       5.100772219252e-16       4.396564469007e-16      -2.151944097775e-17 
 1550       1.103824971000e-10       1.808108145339e-12      -6.667204976378e-12       0.000000000000e+00       5.087438175919e-16       4.388253739453e-16      -2.106474984801e-17 
 1551       1.103703608273e-10       1.789144696024e-12      -6.581029686016e-12       0.000000000000e+00       5.074146565633e-16       4.379915153885e-16      -2.060955730675e-17 
 1552       1.103523713472e-10       1.770544679499e-12      -6.494096109593e-12       0.000000000000e+00       5.060897253240e-16       4.371539760118e-16      -2.015393906274e-17 
 1553       1.103285181322e-10       1.752310943350e-12      -6.406434208792e-12       0.000000000000e+00       5.047690101806e-16       4.363118559930e-16      -1.969797121037e-17 
 1554       1.102987906853e-10       1.734446343878e-12      -6.318074108611e-12       0.000000000000e+00       5.034524972615e-16       4.354642508992e-16      -1.924173023023e-17 
 1555       1.102631785401e-10       1.716953746109e-12      -6.229046097633e-12       0.000000000000e+00       5.021401725161e-16       4.346102516793e-16      -1.878529298976e-17 
 1556       1.102216712612e-10       1.699836023808e-12      -6.139380628291e-12       0.000000000000e+00       5.008320217148e-16       4.337489446567e-16      -1.832873674385e-17 
 1557       1.101742584438e-10       1.683096059489e-12      -6.049108317136e-12       0.000000000000e+00       4.995280304485e-16       4.328794115216e-16      -1.787213913544e-17 
 1558       1.101209297144e-10       1.666736744423e-12      -5.958259945105e-12       0.000000000000e+00       4.982281841285e-16       4.320007293237e-16      -1.741557819617e-17 
 1559       1.100616747303e-10       1.650760978652e-12      -5.866866457785e-12       0.000000000000e+00       4.969324679856e-16       4.311119704650e-16      -1.695913234696e-17 
 1560       1.099964831800e-10       1.635171670997e-12      -5.774958965682e-12       0.000000000000e+00       4.956408670702e-16       4.302122026922e-16      -1.650288039863e-17 
 1561       1.099253447834e-10       1.619971739070e-12      -5.682568744487e-12       0.000000000000e+00       4.943533662520e-16       4.293004890892e-16      -1.604690155255e-17 
 1562       1.098482492916e-10       1.605164109285e-12      -5.589727235343e-12       0.000000000000e+00       4.930699502190e-16       4.283758880698e-16      -1.559127540120e-17 
 1563       1.097651864871e-10       1.590751716869e-12      -5.496466045112e-12       0.000000000000e+00       4.917906034781e-16       4.274374533704e-16      -1.513608192884e-17 
 1564       1.096761461841e-10       1.576737505871e-12      -5.402816946644e-12       0.000000000000e+00       4.905153103538e-16       4.264842340423e-16      -1.468140151207e-17 
 1565       1.095811182283e-10       1.563124429173e-12      -5.308811879040e-12       0.000000000000e+00       4.892440549886e-16       4.255152744447e-16      -1.422731492050e-17 
 1566       1.094800924972e-10       1.549915448503e-12      -5.214482947920e-12       0.000000000000e+00       4.879768213420e-16       4.245296142366e-16      -1.377390331732e-17 
 1567       1.093730589001e-10       1.537113534442e-12      -5.119862425693e-12       0.000000000000e+00       4.867135931908e-16       4.235262883703e-16      -1.332124825995e-17 
 1568       1.092600073781e-10       1.524721666438e-12      -5.024982751820e-12       0.000000000000e+00       4.854543541282e-16       4.225043270833e-16      -1.286943170062e-17 
 1569       1.091409279044e-10       1.512742832816e-12      -4.929876533083e-12       0.000000000000e+00       4.841990875635e-16       4.214627558909e-16      -1.241853598701e-17 
 1570       1.090158104842e-10       1.501180030785e-12      -4.834576543852e-12       0.000000000000e+00       4.829477767223e-16       4.204005955794e-16      -1.196864386286e-17 
 1571       1.088846451551e-10       1.490036266456e-12      -4.739115726349e-12       0.000000000000e+00       4.817004046452e-16       4.193168621978e-16      -1.151983846858e-17 
 1572       1.087474219868e-10       1.479314554844e-12      -4.643527190921e-12       0.000000000000e+00       4.804569541884e-16       4.182105670512e-16      -1.107220334188e-17 
 1573       1.086041310814e-10       1.469017919887e-12      -4.547844216299e-12       0.000000000000e+00       4.792174080226e-16       4.170807166930e-16      -1.062582241835e-17 
 1574       1.084547625735e-10       1.459149394450e-12      -4.452100249872e-12       0.000000000000e+00       4.779817486332e-16       4.159263129173e-16      -1.018078003212e-17 
 1575       1.082993066302e-10       1.449712020339e-12      -4.356328907950e-12       0.000000000000e+00       4.767499583195e-16       4.147463527518e-16      -9.737160916432e-18 
 1576       1.081377534514e-10       1.440708848313e-12      -4.260563976030e-12       0.000000000000e+00       4.755220191945e-16       4.135398284505e-16      -9.295050204293e-18 
 1577       1.079700932695e-10       1.432142938090e-12      -4.164839409067e-12       0.000000000000e+00       4.742979131849e-16       4.123057274859e-16      -8.854533429065e-18 
 1578       1.077963163500e-10       1.424017358363e-12      -4.069189331738e-12       0.000000000000e+00       4.730776220299e-16       4.110430325416e-16      -8.415696525085e-18 
 1579       1.076164129913e-10       1.416335186806e-12      -3.973648038709e-12       0.000000000000e+00       4.718611272818e-16       4.097507215054e-16      -7.978625828286e-18 
 1580       1.074303848262e-10       1.409098582927e-12      -3.878248096855e-12       0.000000000000e+00       4.706484117374e-16       4.084280567370e-16      -7.543396548832e-18 
 1581       1.072382788409e-10       1.402305997196e-12      -3.783014632167e-12       0.000000000000e+00       4.694394637499e-16       4.070754558173e-16      -7.110038071072e-18 
 1582       1.070401536716e-10       1.395954936100e-12      -3.687970990479e-12       0.000000000000e+00       4.682342729563e-16       4.056936288465e-16      -6.678568333535e-18 
 1583       1.068360683316e-10       1.390042886920e-12      -3.593140630893e-12       0.000000000000e+00       4.670328288484e-16       4.042832899066e-16      -6.249005327810e-18 
 1584       1.066260822124e-10       1.384567317701e-12      -3.498547125955e-12       0.000000000000e+00       4.658351207728e-16       4.028451570680e-16      -5.821367098608e-18 
 1585       1.064102550842e-10       1.379525677216e-12      -3.404214161829e-12       0.000000000000e+00       4.646411379301e-16       4.013799523954e-16      -5.395671743819e-18 
 1586       1.061886470964e-10       1.374915394934e-12      -3.310165538472e-12       0.000000000000e+00       4.634508693749e-16       3.998884019553e-16      -4.971937414580e-18 
 1587       1.059613187783e-10       1.370733880985e-12      -3.216425169813e-12       0.000000000000e+00       4.622643040157e-16       3.983712358215e-16      -4.550182315328e-18 
 1588       1.057283310401e-10       1.366978526125e-12      -3.123017083926e-12       0.000000000000e+00       4.610814306141e-16       3.968291880820e-16      -4.130424703867e-18 
 1589       1.054897451730e-10       1.363646701705e-12      -3.029965423206e-12       0.000000000000e+00       4.599022377850e-16       3.952629968456e-16      -3.712682891429e-18 
 1590       1.052456228500e-10       1.360735759635e-12      -2.937294444546e-12       0.000000000000e+00       4.587267139959e-16       3.936734042483e-16      -3.296975242731e-18 
 1591       1.049960261267e-10       1.358243032351e-12      -2.845028519512e-12       0.000000000000e+00       4.575548475669e-16       3.920611564595e-16      -2.883320176039e-18 
 1592       1.047410174419e-10       1.356165832780e-12      -2.753192134518e-12       0.000000000000e+00       4.563866266706e-16       3.904270036890e-16      -2.471736163230e-18 
 1593       1.044806596181e-10       1.354501454308e-12      -2.661809891002e-12       0.000000000000e+00       4.552220393310e-16       3.887717001929e-16      -2.062241729851e-18 
 1594       1.042150158622e-10       1.353247170745e-12      -2.570906505604e-12       0.000000000000e+00       4.540610734243e-16       3.870960042806e-16      -1.654855455180e-18 
 1595       1.039441497661e-10       1.352400236292e-12      -2.480506810338e-12       0.000000000000e+00       4.529037166776e-16       3.854006783209e-16      -1.249595972291e-18 
 1596       1.036681253075e-10       1.351957885504e-12      -2.390635752769e-12       0.000000000000e+00       4.517499566694e-16       3.836864887488e-16      -8.464819681091e-19 
 1597       1.033870068504e-10       1.351917333261e-12      -2.301318396192e-12       0.000000000000e+00       4.505997808288e-16       3.819542060717e-16      -4.455321834766e-19 
 1598       1.031008591456e-10       1.352275774731e-12      -2.212579919803e-12       0.000000000000e+00       4.494531764354e-16       3.802046048760e-16      -4.676541321165e-20 
 1599       1.028097473318e-10       1.353030385337e-12      -2.124445618876e-12       0.000000000000e+00       4.483101306190e-16       3.784384638337e-16       3.497994938298e-19 
 1600       1.025137369355e-10       1.354178320722e-12      -2.036940904941e-12       0.000000000000e+00       4.471706303595e-16       3.766565657088e-16       7.441436346930e-19 
 1601       1.022128938726e-10       1.355716716718e-12      -1.950091305958e-12       0.000000000000e+00       4.460346624861e-16       3.748596973635e-16       1.136248052263e-18 
 1602       1.019072844479e-10       1.357642689310e-12      -1.863922466491e-12       0.000000000000e+00       4.449022136775e-16       3.730486497651e-16       1.526093735206e-18 
 1603       1.015969753569e-10       1.359953334601e-12      -1.778460147888e-12       0.000000000000e+00       4.437732704616e-16       3.712242179924e-16       1.913661617902e-18 
 1604       1.012820336855e-10       1.362645728780e-12      -1.693730228452e-12       0.000000000000e+00       4.426478192147e-16       3.693872012420e-16       2.298932580392e-18 
 1605       1.009625269111e-10       1.365716928089e-12      -1.609758703621e-12       0.000000000000e+00       4.415258461617e-16       3.675384028349e-16       2.681887448309e-18 
 1606       1.006385229033e-10       1.369163968787e-12      -1.526571686140e-12       0.000000000000e+00       4.404073373759e-16       3.656786302230e-16       3.062506992824e-18 
 1607       1.003100899242e-10       1.372983867117e-12      -1.444195406239e-12       0.000000000000e+00       4.392922787782e-16       3.638086949954e-16       3.440771930578e-18 
 1608       9.997729662936e-11       1.377173619272e-12      -1.362656211809e-12       0.000000000000e+00       4.381806561371e-16       3.619294128852e-16       3.816662923626e-18 
 1609       9.964021206813e-11       1.381730201362e-12      -1.281980568576e-12       0.000000000000e+00       4.370724550687e-16       3.600416037757e-16       4.190160579375e-18 
 1610       9.929890568460e-11       1.386650569380e-12      -1.202195060278e-12       0.000000000000e+00       4.359676610356e-16       3.581460917072e-16       4.561245450521e-18 
 1611       9.895344731806e-11       1.391931659165e-12      -1.123326388838e-12       0.000000000000e+00       4.348662593477e-16       3.562437048829e-16       4.929898034987e-18 
 1612       9.860390720363e-11       1.397570386374e-12      -1.045401374546e-12       0.000000000000e+00       4.337682351609e-16       3.543352756762e-16       5.296098775867e-18 
 1613       9.825035597297e-11       1.403563646442e-12      -9.684469562284e-13       0.000000000000e+00       4.326735734774e-16       3.524216406363e-16       5.659828061360e-18 
 1614       9.789286465487e-11       1.409908314554e-12      -8.924901914254e-13       0.000000000000e+00       4.315822591452e-16       3.505036404955e-16       6.021066224710e-18 
 1615       9.753150467589e-11       1.416601245605e-12      -8.175582565685e-13       0.000000000000e+00       4.304942768581e-16       3.485821201752e-16       6.379793544146e-18 
 1616       9.716634786102e-11       1.423639274172e-12      -7.436784471548e-13       0.000000000000e+00       4.294096111548e-16       3.466579287922e-16       6.735990242821e-18 
 1617       9.679746643428e-11       1.431019214476e-12      -6.708781779229e-13       0.000000000000e+00       4.283282464193e-16       3.447319196660e-16       7.089636488748e-18 
 1618       9.642493301941e-11       1.438737860351e-12      -5.991849830287e-13       0.000000000000e+00       4.272501668801e-16       3.428049503242e-16       7.440712394744e-18 
 1619       9.604882338486e-11       1.446791547959e-12      -5.286232262809e-13       0.000000000000e+00       4.261753579591e-16       3.408777885119e-16       7.789199040146e-18 
 1620       9.566922470496e-11       1.455174839702e-12      -4.592041989818e-13       0.000000000000e+00       4.251038103317e-16       3.389508292740e-16       8.135081546203e-18 
 1621       9.528622737469e-11       1.463881828350e-12      -3.909359329589e-13       0.000000000000e+00       4.240355159025e-16       3.370243753292e-16       8.478346028354e-18 
 1622       9.489992227281e-11       1.472906573158e-12      -3.238264824089e-13       0.000000000000e+00       4.229704664599e-16       3.350987308376e-16       8.818978576955e-18 
 1623       9.451040076262e-11       1.482243099814e-12      -2.578839239234e-13       0.000000000000e+00       4.219086536756e-16       3.331742014033e-16       9.156965257263e-18 
 1624       9.411775469271e-11       1.491885400380e-12      -1.931163565135e-13       0.000000000000e+00       4.208500691046e-16       3.312510940767e-16       9.492292109421e-18 
 1625       9.372207639776e-11       1.501827433245e-12      -1.295319016359e-13       0.000000000000e+00       4.197947041848e-16       3.293297173561e-16       9.824945148445e-18 
 1626       9.332345869924e-11       1.512063123062e-12      -6.713870321723e-14       0.000000000000e+00       4.187425502365e-16       3.274103811904e-16       1.015491036421e-17 
 1627       9.292199490622e-11       1.522586360705e-12      -5.944927679626e-15       0.000000000000e+00       4.176935984630e-16       3.254933969811e-16       1.048217372143e-17 
 1628       9.251777881615e-11       1.533391003206e-12       5.404123603406e-14       0.000000000000e+00       4.166478399493e-16       3.235790775847e-16       1.080672115966e-17 
 1629       9.211090471553e-11       1.544470873705e-12       1.128115764352e-13       0.000000000000e+00       4.156052656629e-16       3.216677373143e-16       1.112853859326e-17 
 1630       9.170146738079e-11       1.555819761397e-12       1.703578594640e-13       0.000000000000e+00       4.145658664528e-16       3.197596919424e-16       1.144761191139e-17 
 1631       9.128956207895e-11       1.567431421476e-12       2.266718284646e-13       0.000000000000e+00       4.135296330497e-16       3.178552587028e-16       1.176392697800e-17 
 1632       9.087528456847e-11       1.579299575083e-12       2.817452041596e-13       0.000000000000e+00       4.124965560656e-16       3.159547562930e-16       1.207746963182e-17 
 1633       9.045873109994e-11       1.591417909251e-12       3.355696846250e-13       0.000000000000e+00       4.114666259935e-16       3.140585048759e-16       1.238822568632e-17 
 1634       9.003999841687e-11       1.603780076850e-12       3.881369452651e-13       0.000000000000e+00       4.104398332074e-16       3.121668260824e-16       1.269618092972e-17 
 1635       8.961918375647e-11       1.616379696537e-12       4.394386387872e-13       0.000000000000e+00       4.094161679620e-16       3.102800430137e-16       1.300132112497e-17 
 1636       8.919638485040e-11       1.629210352697e-12       4.894663951761e-13       0.000000000000e+00       4.083956203923e-16       3.083984802428e-16       1.330363200975e-17 
 1637       8.877169992550e-11       1.642265595394e-12       5.382118216696e-13       0.000000000000e+00       4.073781805135e-16       3.065224638176e-16       1.360309929641e-17 
 1638       8.834522770460e-11       1.655538940314e-12       5.856665027328e-13       0.000000000000e+00       4.063638382210e-16       3.046523212624e-16       1.389970867201e-17 
 1639       8.791706740727e-11       1.669023868712e-12       6.318220000330e-13       0.000000000000e+00       4.053525832896e-16       3.027883815803e-16       1.419344579827e-17 
 1640       8.748731875055e-11       1.682713827358e-12       6.766698524145e-13       0.000000000000e+00       4.043444053739e-16       3.009309752553e-16       1.448429631156e-17 
 1641       8.705608194976e-11       1.696602228483e-12       7.202015758735e-13       0.000000000000e+00       4.033392940076e-16       2.990804342548e-16       1.477224582292e-17 
 1642       8.662345771922e-11       1.710682449728e-12       7.624086635328e-13       0.000000000000e+00       4.023372386035e-16       2.972370920314e-16       1.505727991798e-17 
 1643       8.618954727305e-11       1.724947834084e-12       8.032825856169e-13       0.000000000000e+00       4.013382284532e-16       2.954012835251e-16       1.533938415702e-17 
 1644       8.575445232589e-11       1.739391689844e-12       8.428147894263e-13       0.000000000000e+00       4.003422527271e-16       2.935733451658e-16       1.561854407489e-17 
 1645       8.531827509370e-11       1.754007290547e-12       8.809966993126e-13       0.000000000000e+00       3.993493004738e-16       2.917536148752e-16       1.589474518105e-17 
 1646       8.488111829451e-11       1.768787874923e-12       9.178197166535e-13       0.000000000000e+00       3.983593606200e-16       2.899424320692e-16       1.616797295951e-17 
 1647       8.444308514917e-11       1.783726646840e-12       9.532752198271e-13       0.000000000000e+00       3.973724219704e-16       2.881401376598e-16       1.643821286884e-17 
 1648       8.400427938212e-11       1.798816775252e-12       9.873545641873e-13       0.000000000000e+00       3.963884732075e-16       2.863470740575e-16       1.670545034218e-17 
 1649       8.356480522215e-11       1.814051394142e-12       1.020049082038e-12       0.000000000000e+00       3.954075028909e-16       2.845635851733e-16       1.696967078715e-17 
 1650       8.312476740319e-11       1.829423602469e-12       1.051350082609e-12       0.000000000000e+00       3.944294994579e-16       2.827900164212e-16       1.723085958591e-17 
 1651       8.268427116502e-11       1.844926464117e-12       1.081248852028e-12       0.000000000000e+00       3.934544512225e-16       2.810267147200e-16       1.748900209513e-17 
 1652       8.224342225408e-11       1.860553007837e-12       1.109736653300e-12       0.000000000000e+00       3.924823463756e-16       2.792740284958e-16       1.774408364594e-17 
 1653       8.180232692419e-11       1.876296227196e-12       1.136804726279e-12       0.000000000000e+00       3.915131729846e-16       2.775323076839e-16       1.799608954395e-17 
 1654       8.136109193735e-11       1.892149080521e-12       1.162444287641e-12       0.000000000000e+00       3.905469189932e-16       2.758019037312e-16       1.824500506923e-17 
 1655       8.091982456448e-11       1.908104490847e-12       1.186646530864e-12       0.000000000000e+00       3.895835722212e-16       2.740831695984e-16       1.849081547629e-17 
 1656       8.047863258620e-11       1.924155345862e-12       1.209402626199e-12       0.000000000000e+00       3.886231203644e-16       2.723764597620e-16       1.873350599406e-17 
 1657       8.003762429356e-11       1.940294497856e-12       1.230703720645e-12       0.000000000000e+00       3.876655509940e-16       2.706821302164e-16       1.897306182588e-17 
 1658       7.959690281367e-11       1.956514953258e-12       1.250543864287e-12       0.000000000000e+00       3.867108522549e-16       2.690004014428e-16       1.920947051774e-17 
 1659       7.915654903011e-11       1.972810443209e-12       1.268928817600e-12       0.000000000000e+00       3.857590149654e-16       2.673309459875e-16       1.944272908576e-17 
 1660       7.871663851333e-11       1.989174857924e-12       1.285867321807e-12       0.000000000000e+00       3.848100305356e-16       2.656732972481e-16       1.967283695155e-17 
 1661       7.827724718263e-11       2.005602057497e-12       1.301368179682e-12       0.000000000000e+00       3.838638902705e-16       2.640269861739e-16       1.989979357981e-17 
 1662       7.783845130667e-11       2.022085871865e-12       1.315440255646e-12       0.000000000000e+00       3.829205853696e-16       2.623915412613e-16       2.012359847836e-17 
 1663       7.740032750398e-11       2.038620100757e-12       1.328092475870e-12       0.000000000000e+00       3.819801069274e-16       2.607664885504e-16       2.034425119828e-17 
 1664       7.696295274351e-11       2.055198513650e-12       1.339333828382e-12       0.000000000000e+00       3.810424459325e-16       2.591513516212e-16       2.056175133396e-17 
 1665       7.652640434511e-11       2.071814849724e-12       1.349173363164e-12       0.000000000000e+00       3.801075932678e-16       2.575456515896e-16       2.077609852322e-17 
 1666       7.609075998005e-11       2.088462817814e-12       1.357620192258e-12       0.000000000000e+00       3.791755397102e-16       2.559489071040e-16       2.098729244738e-17 
 1667       7.565609767155e-11       2.105136096368e-12       1.364683489867e-12       0.000000000000e+00       3.782462759303e-16       2.543606343409e-16       2.119533283136e-17 
 1668       7.522249579528e-11       2.121828333399e-12       1.370372492459e-12       0.000000000000e+00       3.773197924923e-16       2.527803470017e-16       2.140021944376e-17 
 1669       7.479003307988e-11       2.138533146439e-12       1.374696498867e-12       0.000000000000e+00       3.763960798539e-16       2.512075563085e-16       2.160195209695e-17 
 1670       7.435878860746e-11       2.155244122494e-12       1.377664870392e-12       0.000000000000e+00       3.754751283660e-16       2.496417710007e-16       2.180053064716e-17 
 1671       7.392884181415e-11       2.171954818001e-12       1.379287030908e-12       0.000000000000e+00       3.745569282723e-16       2.480824973306e-16       2.199595499459e-17 
 1672       7.350027249059e-11       2.188658758778e-12       1.379572466962e-12       0.000000000000e+00       3.736414697096e-16       2.465292390603e-16       2.218822508345e-17 
 1673       7.307316078243e-11       2.205349439982e-12       1.378530727878e-12       0.000000000000e+00       3.727287427070e-16       2.449814974574e-16       2.237734090210e-17 
 1674       7.264758719087e-11       2.222020326061e-12       1.376171425857e-12       0.000000000000e+00       3.718187371863e-16       2.434387712913e-16       2.256330248311e-17 
 1675       7.222363257318e-11       2.238664850709e-12       1.372504236082e-12       0.000000000000e+00       3.709114429613e-16       2.419005568295e-16       2.274610990336e-17 
 1676       7.180137814318e-11       2.255276416822e-12       1.367538896821e-12       0.000000000000e+00       3.700068497378e-16       2.403663478340e-16       2.292576328411e-17 
 1677       7.138090547179e-11       2.271848396450e-12       1.361285209526e-12       0.000000000000e+00       3.691049471137e-16       2.388356355570e-16       2.310226279113e-17 
 1678       7.096229648752e-11       2.288374130754e-12       1.353753038939e-12       0.000000000000e+00       3.682057245781e-16       2.373079087376e-16       2.327560863474e-17 
 1679       7.054563347699e-11       2.304846929958e-12       1.344952313192e-12       0.000000000000e+00       3.673091715119e-16       2.357826535975e-16       2.344580106994e-17 
 1680       7.013099908548e-11       2.321260073304e-12       1.334893023911e-12       0.000000000000e+00       3.664152771869e-16       2.342593538377e-16       2.361284039646e-17 
 1681       6.971847631737e-11       2.337606809007e-12       1.323585226319e-12       0.000000000000e+00       3.655240307663e-16       2.327374906346e-16       2.377672695889e-17 
 1682       6.930814853673e-11       2.353880354212e-12       1.311039039335e-12       0.000000000000e+00       3.646354213037e-16       2.312165426357e-16       2.393746114674e-17 
 1683       6.890009946779e-11       2.370073894940e-12       1.297264645682e-12       0.000000000000e+00       3.637494377438e-16       2.296959859567e-16       2.409504339454e-17 
 1684       6.849441319546e-11       2.386180586054e-12       1.282272291984e-12       0.000000000000e+00       3.628660689212e-16       2.281752941768e-16       2.424947418193e-17 
 1685       6.809117416587e-11       2.402193551204e-12       1.266072288873e-12       0.000000000000e+00       3.619853035612e-16       2.266539383354e-16       2.440075403373e-17 
 1686       6.769046718686e-11       2.418105882785e-12       1.248675011087e-12       0.000000000000e+00       3.611071302788e-16       2.251313869284e-16       2.454888352007e-17 
 1687       6.729237742848e-11       2.433910641893e-12       1.230090897577e-12       0.000000000000e+00       3.602315375792e-16       2.236071059039e-16       2.469386325643e-17 
 1688       6.689699042355e-11       2.449600858275e-12       1.210330451605e-12       0.000000000000e+00       3.593585138569e-16       2.220805586591e-16       2.483569390376e-17 
 1689       6.650439206814e-11       2.465169530290e-12       1.189404240852e-12       0.000000000000e+00       3.584880473960e-16       2.205512060357e-16       2.497437616858e-17 
 1690       6.611466862211e-11       2.480609624856e-12       1.167322897514e-12       0.000000000000e+00       3.576201263699e-16       2.190185063168e-16       2.510991080302e-17 
 1691       6.572790670957e-11       2.495914077409e-12       1.144097118411e-12       0.000000000000e+00       3.567547388409e-16       2.174819152227e-16       2.524229860495e-17 
 1692       6.534419331948e-11       2.511075791857e-12       1.119737665083e-12       0.000000000000e+00       3.558918727603e-16       2.159408859074e-16       2.537154041807e-17 
 1693       6.496361580608e-11       2.526087640533e-12       1.094255363898e-12       0.000000000000e+00       3.550315159680e-16       2.143948689544e-16       2.549763713198e-17 
 1694       6.458626188947e-11       2.540942464150e-12       1.067661106151e-12       0.000000000000e+00       3.541736561922e-16       2.128433123732e-16       2.562058968228e-17 
 1695       6.421221965607e-11       2.555633071757e-12       1.039965848168e-12       0.000000000000e+00       3.533182810498e-16       2.112856615955e-16       2.574039905064e-17 
 1696       6.384157755919e-11       2.570152240690e-12       1.011180611409e-12       0.000000000000e+00       3.524653780452e-16       2.097213594714e-16       2.585706626491e-17 
 1697       6.347441432082e-11       2.584493367326e-12       9.813177636465e-13       0.000000000000e+00       3.516149358530e-16       2.081500137679e-16       2.597059371588e-17 
 1698       6.311076854090e-11       2.598652425553e-12       9.503948743879e-13       0.000000000000e+00       3.507669481750e-16       2.065719012519e-16       2.608098911964e-17 
 1699       6.275066882707e-11       2.612626025097e-12       9.184308928994e-13       0.000000000000e+00       3.499214099159e-16       2.049874679460e-16       2.618826158959e-17 
 1700       6.239414386966e-11       2.626410762235e-12       8.854448703002e-13       0.000000000000e+00       3.490783159038e-16       2.033971620235e-16       2.629242032295e-17 
 1701       6.204122244179e-11       2.640003219776e-12       8.514559597191e-13       0.000000000000e+00       3.482376608903e-16       2.018014338115e-16       2.639347460092e-17 
 1702       6.169193339943e-11       2.653399967047e-12       8.164834164495e-13       0.000000000000e+00       3.473994395503e-16       2.002007357946e-16       2.649143378887e-17 
 1703       6.134630568155e-11       2.666597559871e-12       7.805465981059e-13       0.000000000000e+00       3.465636464820e-16       1.985955226174e-16       2.658630733642e-17 
 1704       6.100436831015e-11       2.679592540549e-12       7.436649647791e-13       0.000000000000e+00       3.457302762065e-16       1.969862510879e-16       2.667810477762e-17 
 1705       6.066615039042e-11       2.692381437842e-12       7.058580791926e-13       0.000000000000e+00       3.448993231679e-16       1.953733801810e-16       2.676683573111e-17 
 1706       6.033168111078e-11       2.704960766954e-12       6.671456068581e-13       0.000000000000e+00       3.440707817329e-16       1.937573710414e-16       2.685250990020e-17 
 1707       6.000098974300e-11       2.717327029510e-12       6.275473162312e-13       0.000000000000e+00       3.432446461910e-16       1.921386869867e-16       2.693513707309e-17 
 1708       5.967410564230e-11       2.729476713541e-12       5.870830788676e-13       0.000000000000e+00       3.424209107538e-16       1.905177935107e-16       2.701472712295e-17 
 1709       5.935105824741e-11       2.741406293463e-12       5.457728695787e-13       0.000000000000e+00       3.415995695557e-16       1.888951582867e-16       2.709129000813e-17 
 1710       5.903187708072e-11       2.753112230061e-12       5.036367665873e-13       0.000000000000e+00       3.407806166529e-16       1.872712511704e-16       2.716483577223e-17 
 1711       5.871659174831e-11       2.764590970467e-12       4.606949516839e-13       0.000000000000e+00       3.399640460237e-16       1.856465442033e-16       2.723537454429e-17 
 1712       5.840523194010e-11       2.775838948145e-12       4.169677103819e-13       0.000000000000e+00       3.391498515683e-16       1.840215116159e-16       2.730291653893e-17 
 1713       5.809782742989e-11       2.786852582871e-12       3.724754320740e-13       0.000000000000e+00       3.383380271087e-16       1.823966298307e-16       2.736747205649e-17 
 1714       5.779440807552e-11       2.797628280714e-12       3.272386101874e-13       0.000000000000e+00       3.375285663885e-16       1.807723774653e-16       2.742905148315e-17 
 1715       5.749500381889e-11       2.808162434019e-12       2.812778423404e-13       0.000000000000e+00       3.367214630725e-16       1.791492353362e-16       2.748766529113e-17 
 1716       5.719964468612e-11       2.818451421387e-12       2.346138304975e-13       0.000000000000e+00       3.359167107472e-16       1.775276864610e-16       2.754332403876e-17 
 1717       5.690836078760e-11       2.828491607657e-12       1.872673811257e-13       0.000000000000e+00       3.351143029198e-16       1.759082160625e-16       2.759603837069e-17 
 1718       5.662118231811e-11       2.838279343887e-12       1.392594053502e-13       0.000000000000e+00       3.343142330190e-16       1.742913115712e-16       2.764581901799e-17 
 1719       5.633813955688e-11       2.847810967339e-12       9.061091910987e-14       0.000000000000e+00       3.335164943939e-16       1.726774626290e-16       2.769267679833e-17 
 1720       5.605926286774e-11       2.857082801454e-12       4.134304331379e-14       0.000000000000e+00       3.327210803147e-16       1.710671610920e-16       2.773662261608e-17 
 1721       5.578458269915e-11       2.866091155839e-12      -8.522996003550e-15       0.000000000000e+00       3.319279839720e-16       1.694609010339e-16       2.777766746248e-17 
 1722       5.551412958435e-11       2.874832326248e-12      -5.896586752615e-14       0.000000000000e+00       3.311371984768e-16       1.678591787489e-16       2.781582241581e-17 
 1723       5.524793414141e-11       2.883302594559e-12      -1.099641345007e-13       0.000000000000e+00       3.303487168605e-16       1.662624927555e-16       2.785109864147e-17 
 1724       5.498602707335e-11       2.891498228761e-12      -1.614962545809e-13       0.000000000000e+00       3.295625320746e-16       1.646713437988e-16       2.788350739218e-17 
 1725       5.472843916823e-11       2.899415482933e-12      -2.135405796712e-13       0.000000000000e+00       3.287786369907e-16       1.630862348544e-16       2.791306000809e-17 
 1726       5.447520129924e-11       2.907050597226e-12      -2.660753557718e-13       0.000000000000e+00       3.279970244000e-16       1.615076711311e-16       2.793976791694e-17 
 1727       5.422634442479e-11       2.914399797843e-12      -3.190787228218e-13       0.000000000000e+00       3.272176870138e-16       1.599361600747e-16       2.796364263421e-17 
 1728       5.398189958861e-11       2.921459297022e-12      -3.725287145442e-13       0.000000000000e+00       3.264406174626e-16       1.583722113703e-16       2.798469576324e-17 
 1729       5.374189791985e-11       2.928225293018e-12      -4.264032582896e-13       0.000000000000e+00       3.256658082965e-16       1.568163369463e-16       2.800293899540e-17 
 1730       5.350637063316e-11       2.934693970084e-12      -4.806801748807e-13       0.000000000000e+00       3.248932519850e-16       1.552690509770e-16       2.801838411020e-17 
 1731       5.327534902879e-11       2.940861498452e-12      -5.353371784561e-13       0.000000000000e+00       3.241229409165e-16       1.537308698862e-16       2.803104297549e-17 
 1732       5.304886449269e-11       2.946724034314e-12      -5.903518763150e-13       0.000000000000e+00       3.233548673985e-16       1.522023123500e-16       2.804092754753e-17 
 1733       5.282694849659e-11       2.952277719805e-12      -6.457017687608e-13       0.000000000000e+00       3.225890236575e-16       1.506838993003e-16       2.804804987121e-17 
 1734       5.260963259811e-11       2.957518682984e-12      -7.013642489455e-13       0.000000000000e+00       3.218254018384e-16       1.491761539278e-16       2.805242208013e-17 
 1735       5.239694844085e-11       2.962443037815e-12      -7.573166027141e-13       0.000000000000e+00       3.210639940050e-16       1.476796016852e-16       2.805405639677e-17 
 1736       5.218891859371e-11       2.967047628909e-12      -8.135367059690e-13       0.000000000000e+00       3.203047924634e-16       1.461946820536e-16       2.805296558241e-17 
 1737       5.198552898429e-11       2.971332272649e-12      -8.700051235034e-13       0.000000000000e+00       3.195477907380e-16       1.447214830211e-16       2.804916429065e-17 
 1738       5.178675623334e-11       2.975297534918e-12      -9.267030275482e-13       0.000000000000e+00       3.187929826037e-16       1.432600043725e-16       2.804266772556e-17 
 1739       5.159257679417e-11       2.978943988065e-12      -9.836115017288e-13       0.000000000000e+00       3.180403617625e-16       1.418102457228e-16       2.803349119313e-17 
 1740       5.140296695235e-11       2.982272210913e-12      -1.040711540937e-12       0.000000000000e+00       3.172899218428e-16       1.403722065166e-16       2.802165010144e-17 
 1741       5.121790282548e-11       2.985282788775e-12      -1.097984051203e-12       0.000000000000e+00       3.165416564003e-16       1.389458860279e-16       2.800715996078e-17 
 1742       5.103736036288e-11       2.987976313462e-12      -1.155409849569e-12       0.000000000000e+00       3.157955589168e-16       1.375312833601e-16       2.799003638388e-17 
 1743       5.086131534533e-11       2.990353383295e-12      -1.212969663957e-12       0.000000000000e+00       3.150516228009e-16       1.361283974449e-16       2.797029508601e-17 
 1744       5.068974338484e-11       2.992414603116e-12      -1.270644133045e-12       0.000000000000e+00       3.143098413872e-16       1.347372270429e-16       2.794795188515e-17 
 1745       5.052261992430e-11       2.994160584300e-12      -1.328413806137e-12       0.000000000000e+00       3.135702079367e-16       1.333577707424e-16       2.792302270220e-17 
 1746       5.035992023730e-11       2.995591944763e-12      -1.386259143034e-12       0.000000000000e+00       3.128327156363e-16       1.319900269598e-16       2.789552356108e-17 
 1747       5.020161942779e-11       2.996709308979e-12      -1.444160513910e-12       0.000000000000e+00       3.120973575989e-16       1.306339939386e-16       2.786547058894e-17 
 1748       5.004769242983e-11       2.997513307984e-12      -1.502098199179e-12       0.000000000000e+00       3.113641268633e-16       1.292896697498e-16       2.783288001628e-17 
 1749       4.989811400733e-11       2.998004579393e-12      -1.560052389367e-12       0.000000000000e+00       3.106330163938e-16       1.279570522908e-16       2.779776817715e-17 
 1750       4.975285875379e-11       2.998183767410e-12      -1.618003184990e-12       0.000000000000e+00       3.099040190803e-16       1.266361392856e-16       2.776015150928e-17 
 1751       4.961190109198e-11       2.998051522836e-12      -1.675930596420e-12       0.000000000000e+00       3.091771277379e-16       1.253269282843e-16       2.772004655428e-17 
 1752       4.947521527373e-11       2.997608503083e-12      -1.733814543758e-12       0.000000000000e+00       3.084523351073e-16       1.240294166629e-16       2.767746995775e-17 
 1753       4.934277537961e-11       2.996855372184e-12      -1.791634856708e-12       0.000000000000e+00       3.077296338541e-16       1.227436016225e-16       2.763243846949e-17 
 1754       4.921455531870e-11       2.995792800805e-12      -1.849371274446e-12       0.000000000000e+00       3.070090165689e-16       1.214694801896e-16       2.758496894363e-17 
 1755       4.909052882828e-11       2.994421466257e-12      -1.907003445496e-12       0.000000000000e+00       3.062904757673e-16       1.202070492154e-16       2.753507833879e-17 
 1756       4.897066947360e-11       2.992742052503e-12      -1.964510927598e-12       0.000000000000e+00       3.055740038896e-16       1.189563053754e-16       2.748278371830e-17 
 1757       4.885495064757e-11       2.990755250175e-12      -2.021873187580e-12       0.000000000000e+00       3.048595933006e-16       1.177172451696e-16       2.742810225026e-17 
 1758       4.874334557051e-11       2.988461756580e-12      -2.079069601235e-12       0.000000000000e+00       3.041472362898e-16       1.164898649212e-16       2.737105120780e-17 
 1759       4.863582728990e-11       2.985862275715e-12      -2.136079453186e-12       0.000000000000e+00       3.034369250707e-16       1.152741607774e-16       2.731164796917e-17 
 1760       4.853236868006e-11       2.982957518275e-12      -2.192881936764e-12       0.000000000000e+00       3.027286517813e-16       1.140701287081e-16       2.724991001795e-17 
 1761       4.843294244192e-11       2.979748201666e-12      -2.249456153874e-12       0.000000000000e+00       3.020224084836e-16       1.128777645063e-16       2.718585494319e-17 
 1762       4.833752110274e-11       2.976235050016e-12      -2.305781114872e-12       0.000000000000e+00       3.013181871636e-16       1.116970637871e-16       2.711950043958e-17 
 1763       4.824607701582e-11       2.972418794187e-12      -2.361835738436e-12       0.000000000000e+00       3.006159797310e-16       1.105280219881e-16       2.705086430758e-17 
 1764       4.815858236025e-11       2.968300171783e-12      -2.417598851435e-12       0.000000000000e+00       2.999157780192e-16       1.093706343684e-16       2.697996445363e-17 
 1765       4.807500914065e-11       2.963879927164e-12      -2.473049188803e-12       0.000000000000e+00       2.992175737854e-16       1.082248960087e-16       2.690681889030e-17 
 1766       4.799532918686e-11       2.959158811458e-12      -2.528165393413e-12       0.000000000000e+00       2.985213587099e-16       1.070908018106e-16       2.683144573641e-17 
 1767       4.791951415372e-11       2.954137582568e-12      -2.582926015945e-12       0.000000000000e+00       2.978271243964e-16       1.059683464968e-16       2.675386321724e-17 
 1768       4.784753552073e-11       2.948817005187e-12      -2.637309514760e-12       0.000000000000e+00       2.971348623719e-16       1.048575246103e-16       2.667408966468e-17 
 1769       4.777936459187e-11       2.943197850808e-12      -2.691294255772e-12       0.000000000000e+00       2.964445640864e-16       1.037583305141e-16       2.659214351738e-17 
 1770       4.771497249526e-11       2.937280897735e-12      -2.744858512318e-12       0.000000000000e+00       2.957562209125e-16       1.026707583911e-16       2.650804332092e-17 
 1771       4.765433018290e-11       2.931066931092e-12      -2.797980465033e-12       0.000000000000e+00       2.950698241460e-16       1.015948022438e-16       2.642180772796e-17 
 1772       4.759740843042e-11       2.924556742840e-12      -2.850638201721e-12       0.000000000000e+00       2.943853650051e-16       1.005304558936e-16       2.633345549842e-17 
 1773       4.754417783680e-11       2.917751131781e-12      -2.902809717226e-12       0.000000000000e+00       2.937028346306e-16       9.947771298074e-17       2.624300549963e-17 
 1774       4.749460882411e-11       2.910650903575e-12      -2.954472913303e-12       0.000000000000e+00       2.930222240855e-16       9.843656696396e-17       2.615047670650e-17 
 1775       4.744866745180e-11       2.903257339369e-12      -3.005607653027e-12       0.000000000000e+00       2.923435250919e-16       9.740701963273e-17       2.605588848472e-17 
 1776       4.740630282250e-11       2.895573605902e-12      -3.056201942796e-12       0.000000000000e+00       2.916667322467e-16       9.638910672149e-17       2.595926144263e-17 
 1777       4.736745957187e-11       2.887603357048e-12      -3.106245801034e-12       0.000000000000e+00       2.909918408238e-16       9.538287250591e-17       2.586061658668e-17 
 1778       4.733208204418e-11       2.879350266279e-12      -3.155729208232e-12       0.000000000000e+00       2.903188460389e-16       9.438836130946e-17       2.575997503924e-17 
 1779       4.730011429182e-11       2.870818026693e-12      -3.204642106905e-12       0.000000000000e+00       2.896477430492e-16       9.340561750336e-17       2.565735803872e-17 
 1780       4.727150007496e-11       2.862010351046e-12      -3.252974401533e-12       0.000000000000e+00       2.889785269538e-16       9.243468550661e-17       2.555278693978e-17 
 1781       4.724618286104e-11       2.852930971776e-12      -3.300715958516e-12       0.000000000000e+00       2.883111927932e-16       9.147560978596e-17       2.544628321347e-17 
 1782       4.722410582438e-11       2.843583641036e-12      -3.347856606125e-12       0.000000000000e+00       2.876457355490e-16       9.052843485590e-17       2.533786844745e-17 
 1783       4.720521184574e-11       2.833972130721e-12      -3.394386134449e-12       0.000000000000e+00       2.869821501447e-16       8.959320527867e-17       2.522756434611e-17 
 1784       4.718944351189e-11       2.824100232499e-12      -3.440294295346e-12       0.000000000000e+00       2.863204314444e-16       8.866996566425e-17       2.511539273075e-17 
 1785       4.717674311518e-11       2.813971757837e-12      -3.485570802396e-12       0.000000000000e+00       2.856605742536e-16       8.775876067032e-17       2.500137553982e-17 
 1786       4.716705265311e-11       2.803590538033e-12      -3.530205330848e-12       0.000000000000e+00       2.850025733188e-16       8.685963500229e-17       2.488553482898e-17 
 1787       4.716031382792e-11       2.792960424243e-12      -3.574187517570e-12       0.000000000000e+00       2.843464233272e-16       8.597263341327e-17       2.476789277138e-17 
 1788       4.715646804611e-11       2.782085287511e-12      -3.617506961001e-12       0.000000000000e+00       2.836921189069e-16       8.509780070407e-17       2.464847165776e-17 
 1789       4.715545641807e-11       2.770969018796e-12      -3.660153221102e-12       0.000000000000e+00       2.830396546266e-16       8.423518172318e-17       2.452729389664e-17 
 1790       4.715721975761e-11       2.759615529006e-12      -3.702115819301e-12       0.000000000000e+00       2.823890249958e-16       8.338482136678e-17       2.440438201453e-17 
 1791       4.716169858154e-11       2.748028749021e-12      -3.743384238449e-12       0.000000000000e+00       2.817402244641e-16       8.254676457872e-17       2.427975865605e-17 
 1792       4.716883310925e-11       2.736212629724e-12      -3.783947922769e-12       0.000000000000e+00       2.810932474217e-16       8.172105635051e-17       2.415344658413e-17 
 1793       4.717856326225e-11       2.724171142032e-12      -3.823796277801e-12       0.000000000000e+00       2.804480881991e-16       8.090774172131e-17       2.402546868018e-17 
 1794       4.719082866379e-11       2.711908276925e-12      -3.862918670360e-12       0.000000000000e+00       2.798047410669e-16       8.010686577795e-17       2.389584794425e-17 
 1795       4.720556863840e-11       2.699428045469e-12      -3.901304428479e-12       0.000000000000e+00       2.791632002357e-16       7.931847365487e-17       2.376460749522e-17 
 1796       4.722272221144e-11       2.686734478855e-12      -3.938942841366e-12       0.000000000000e+00       2.785234598560e-16       7.854261053416e-17       2.363177057097e-17 
 1797       4.724222810870e-11       2.673831628418e-12      -3.975823159347e-12       0.000000000000e+00       2.778855140183e-16       7.777932164551e-17       2.349736052853e-17 
 1798       4.726402475599e-11       2.660723565674e-12      -4.011934593822e-12       0.000000000000e+00       2.772493567528e-16       7.702865226624e-17       2.336140084430e-17 
 1799       4.728805027865e-11       2.647414382343e-12      -4.047266317211e-12       0.000000000000e+00       2.766149820294e-16       7.629064772128e-17       2.322391511415e-17 
 1800       4.731424250116e-11       2.633908190381e-12      -4.081807462907e-12       0.000000000000e+00       2.759823837573e-16       7.556535338314e-17       2.308492705367e-17 
 1801       4.734253894671e-11       2.620209122009e-12      -4.115547125225e-12       0.000000000000e+00       2.753515557855e-16       7.485281467193e-17       2.294446049828e-17 
 1802       4.737287683676e-11       2.606321329742e-12      -4.148474359351e-12       0.000000000000e+00       2.747224919020e-16       7.415307705532e-17       2.280253940346e-17 
 1803       4.740519309062e-11       2.592248986416e-12      -4.180578181296e-12       0.000000000000e+00       2.740951858342e-16       7.346618604857e-17       2.265918784487e-17 
 1804       4.743942432499e-11       2.577996285220e-12      -4.211847567841e-12       0.000000000000e+00       2.734696312486e-16       7.279218721450e-17       2.251443001853e-17 
 1805       4.747550685358e-11       2.563567439723e-12      -4.242271456490e-12       0.000000000000e+00       2.728458217508e-16       7.213112616347e-17       2.236829024105e-17 
 1806       4.751337668664e-11       2.548966683902e-12      -4.271838745422e-12       0.000000000000e+00       2.722237508852e-16       7.148304855341e-17       2.222079294972e-17 
 1807       4.755296953055e-11       2.534198272173e-12      -4.300538293435e-12       0.000000000000e+00       2.716034121351e-16       7.084800008977e-17       2.207196270274e-17 
 1808       4.759422078738e-11       2.519266479422e-12      -4.328358919903e-12       0.000000000000e+00       2.709847989224e-16       7.022602652552e-17       2.192182417936e-17 
 1809       4.763706555446e-11       2.504175601027e-12      -4.355289404722e-12       0.000000000000e+00       2.703679046077e-16       6.961717366117e-17       2.177040218009e-17 
 1810       4.768143862396e-11       2.488929952896e-12      -4.381318488263e-12       0.000000000000e+00       2.697527224901e-16       6.902148734474e-17       2.161772162683e-17 
 1811       4.772727448244e-11       2.473533871487e-12      -4.406434871318e-12       0.000000000000e+00       2.691392458072e-16       6.843901347173e-17       2.146380756305e-17 
 1812       4.777450731046e-11       2.457991713844e-12      -4.430627215054e-12       0.000000000000e+00       2.685274677347e-16       6.786979798517e-17       2.130868515401e-17 
 1813       4.782307098210e-11       2.442307857624e-12      -4.453884140962e-12       0.000000000000e+00       2.679173813866e-16       6.731388687555e-17       2.115237968687e-17 
 1814       4.787290088784e-11       2.426486749587e-12      -4.476196478988e-12       0.000000000000e+00       2.673089803683e-16       6.677129228333e-17       2.099491679897e-17 
 1815       4.792393942003e-11       2.410533051459e-12      -4.497564031856e-12       0.000000000000e+00       2.667022604409e-16       6.624189050747e-17       2.083632316419e-17 
 1816       4.797613053080e-11       2.394451495305e-12      -4.517988865218e-12       0.000000000000e+00       2.660972178700e-16       6.572552317410e-17       2.067662581249e-17 
 1817       4.802941791245e-11       2.378246835201e-12      -4.537473064449e-12       0.000000000000e+00       2.654938488737e-16       6.522203105811e-17       2.051585190248e-17 
 1818       4.808374499706e-11       2.361923847271e-12      -4.556018734687e-12       0.000000000000e+00       2.648921496225e-16       6.473125408193e-17       2.035402872161e-17 
 1819       4.813905495618e-11       2.345487329711e-12      -4.573628000862e-12       0.000000000000e+00       2.642921162391e-16       6.425303131424e-17       2.019118368637e-17 
 1820       4.819529070040e-11       2.328942102824e-12      -4.590303007728e-12       0.000000000000e+00       2.636937447985e-16       6.378720096879e-17       2.002734434243e-17 
 1821       4.825239487904e-11       2.312293009047e-12      -4.606045919892e-12       0.000000000000e+00       2.630970313278e-16       6.333360040310e-17       1.986253836486e-17 
 1822       4.831030987975e-11       2.295544912987e-12      -4.620858921854e-12       0.000000000000e+00       2.625019718061e-16       6.289206611724e-17       1.969679355830e-17 
 1823       4.836897782818e-11       2.278702701447e-12      -4.634744218032e-12       0.000000000000e+00       2.619085621644e-16       6.246243375258e-17       1.953013785712e-17 
 1824       4.842834058758e-11       2.261771283459e-12      -4.647704032796e-12       0.000000000000e+00       2.613167982857e-16       6.204453809055e-17       1.936259932565e-17 
 1825       4.848833975846e-11       2.244755590314e-12      -4.659740610501e-12       0.000000000000e+00       2.607266760048e-16       6.163821305139e-17       1.919420615828e-17 
 1826       4.854891667824e-11       2.227660575592e-12      -4.670856215520e-12       0.000000000000e+00       2.601381911081e-16       6.124329169294e-17       1.902498667974e-17 
 1827       4.861001242085e-11       2.210491215195e-12      -4.681053132272e-12       0.000000000000e+00       2.595513393336e-16       6.085960620932e-17       1.885496934520e-17 
 1828       4.867156779639e-11       2.193252507378e-12      -4.690333665258e-12       0.000000000000e+00       2.589661163710e-16       6.048698792976e-17       1.868418274048e-17 
 1829       4.873352335075e-11       2.175949472774e-12      -4.698700139093e-12       0.000000000000e+00       2.583825178613e-16       6.012526731734e-17       1.851265558225e-17 
 1830       4.879581936528e-11       2.158587154434e-12      -4.706154898536e-12       0.000000000000e+00       2.578005393969e-16       5.977427396771e-17       1.834041671818e-17 
 1831       4.885839585640e-11       2.141170617850e-12      -4.712700308522e-12       0.000000000000e+00       2.572201765216e-16       5.943383660789e-17       1.816749512713e-17 
 1832       4.892119257522e-11       2.123704950987e-12      -4.718338754196e-12       0.000000000000e+00       2.566414247304e-16       5.910378309500e-17       1.799391991935e-17 
 1833       4.898414900721e-11       2.106195264319e-12      -4.723072640945e-12       0.000000000000e+00       2.560642794692e-16       5.878394041502e-17       1.781972033662e-17 
 1834       4.904720437185e-11       2.088646690855e-12      -4.726904394427e-12       0.000000000000e+00       2.554887361353e-16       5.847413468155e-17       1.764492575247e-17 
 1835       4.911029762219e-11       2.071064386168e-12      -4.729836460608e-12       0.000000000000e+00       2.549147900765e-16       5.817419113458e-17       1.746956567236e-17 
 1836       4.917336744458e-11       2.053453528431e-12      -4.731871305790e-12       0.000000000000e+00       2.543424365920e-16       5.788393413921e-17       1.729366973382e-17 
 1837       4.923635225825e-11       2.035819318446e-12      -4.733011416644e-12       0.000000000000e+00       2.537716709314e-16       5.760318718446e-17       1.711726770666e-17 
 1838       4.929919021496e-11       2.018166979673e-12      -4.733259300244e-12       0.000000000000e+00       2.532024882952e-16       5.733177288195e-17       1.694038949318e-17 
 1839       4.936181919862e-11       2.000501758261e-12      -4.732617484095e-12       0.000000000000e+00       2.526348838343e-16       5.706951296473e-17       1.676306512828e-17 
 1840       4.942417682498e-11       1.982828923081e-12      -4.731088516172e-12       0.000000000000e+00       2.520688526506e-16       5.681622828601e-17       1.658532477970e-17 
 1841       4.948620044120e-11       1.965153765754e-12      -4.728674964944e-12       0.000000000000e+00       2.515043897960e-16       5.657173881790e-17       1.640719874819e-17 
 1842       4.954782712553e-11       1.947481600685e-12      -4.725379419411e-12       0.000000000000e+00       2.509414902729e-16       5.633586365018e-17       1.622871746766e-17 
 1843       4.960899368693e-11       1.929817765090e-12      -4.721204489136e-12       0.000000000000e+00       2.503801490342e-16       5.610842098905e-17       1.604991150538e-17 
 1844       4.966963666471e-11       1.912167619030e-12      -4.716152804276e-12       0.000000000000e+00       2.498203609828e-16       5.588922815590e-17       1.587081156219e-17 
 1845       4.972969232816e-11       1.894536545438e-12      -4.710227015611e-12       0.000000000000e+00       2.492621209717e-16       5.567810158605e-17       1.569144847264e-17 
 1846       4.978909667621e-11       1.876929950155e-12      -4.703429794585e-12       0.000000000000e+00       2.487054238042e-16       5.547485682752e-17       1.551185320517e-17 
 1847       4.984778543702e-11       1.859353261956e-12      -4.695763833326e-12       0.000000000000e+00       2.481502642333e-16       5.527930853978e-17       1.533205686232e-17 
 1848       4.990569406769e-11       1.841811932584e-12      -4.687231844689e-12       0.000000000000e+00       2.475966369620e-16       5.509127049249e-17       1.515209068090e-17 
 1849       4.996275775380e-11       1.824311436778e-12      -4.677836562282e-12       0.000000000000e+00       2.470445366431e-16       5.491055556429e-17       1.497198603216e-17 
 1850       5.001891140915e-11       1.806857272305e-12      -4.667580740498e-12       0.000000000000e+00       2.464939578790e-16       5.473697574152e-17       1.479177442197e-17 
 1851       5.007408967530e-11       1.789454959994e-12      -4.656467154552e-12       0.000000000000e+00       2.459448952220e-16       5.457034211701e-17       1.461148749103e-17 
 1852       5.012822692129e-11       1.772110043758e-12      -4.644498600507e-12       0.000000000000e+00       2.453973431735e-16       5.441046488880e-17       1.443115701500e-17 
 1853       5.018126317415e-11       1.754827722500e-12      -4.631679272633e-12       0.000000000000e+00       2.448512963909e-16       5.425718237043e-17       1.425081322012e-17 
 1854       5.023316196255e-11       1.737611742546e-12      -4.618018907307e-12       0.000000000000e+00       2.443067503061e-16       5.411044827459e-17       1.407047971496e-17 
 1855       5.028389261341e-11       1.720465496521e-12      -4.603528671903e-12       0.000000000000e+00       2.437637005116e-16       5.397024511633e-17       1.389017851900e-17 
 1856       5.033342433351e-11       1.703392390710e-12      -4.588219790519e-12       0.000000000000e+00       2.432221425541e-16       5.383655526387e-17       1.370993174368e-17 
 1857       5.038172620942e-11       1.686395845072e-12      -4.572103544059e-12       0.000000000000e+00       2.426820719350e-16       5.370936093836e-17       1.352976159260e-17 
 1858       5.042876720731e-11       1.669479293262e-12      -4.555191270310e-12       0.000000000000e+00       2.421434841101e-16       5.358864421373e-17       1.334969036154e-17 
 1859       5.047451617278e-11       1.652646182647e-12      -4.537494364026e-12       0.000000000000e+00       2.416063744894e-16       5.347438701634e-17       1.316974043868e-17 
 1860       5.051894183072e-11       1.635899974324e-12      -4.519024277005e-12       0.000000000000e+00       2.410707384372e-16       5.336657112486e-17       1.298993430467e-17 
 1861       5.056201278517e-11       1.619244143137e-12      -4.499792518171e-12       0.000000000000e+00       2.405365712722e-16       5.326517816996e-17       1.281029453274e-17 
 1862       5.060369751911e-11       1.602682177697e-12      -4.479810653654e-12       0.000000000000e+00       2.400038682670e-16       5.317018963413e-17       1.263084378886e-17 
 1863       5.064396439437e-11       1.586217580397e-12      -4.459090306870e-12       0.000000000000e+00       2.394726246482e-16       5.308158685143e-17       1.245160483186e-17 
 1864       5.068278165144e-11       1.569853867435e-12      -4.437643158599e-12       0.000000000000e+00       2.389428355964e-16       5.299935100725e-17       1.227260051350e-17 
 1865       5.072011740930e-11       1.553594568825e-12      -4.415480947071e-12       0.000000000000e+00       2.384144962461e-16       5.292346313808e-17       1.209385377866e-17 
 1866       5.075593966528e-11       1.537443228420e-12      -4.392615468038e-12       0.000000000000e+00       2.378876016857e-16       5.285390413132e-17       1.191538766541e-17 
 1867       5.079021629493e-11       1.521403403928e-12      -4.369058574862e-12       0.000000000000e+00       2.373621469572e-16       5.279065472500e-17       1.173722530518e-17 
 1868       5.082291505181e-11       1.505478666932e-12      -4.344822178591e-12       0.000000000000e+00       2.368381270562e-16       5.273369550757e-17       1.155938992282e-17 
 1869       5.085400356737e-11       1.489672602903e-12      -4.319918248040e-12       0.000000000000e+00       2.363155369321e-16       5.268300691765e-17       1.138190483678e-17 
 1870       5.088344935080e-11       1.473988811223e-12      -4.294358809870e-12       0.000000000000e+00       2.357943714875e-16       5.263856924385e-17       1.120479345919e-17 
 1871       5.091121978882e-11       1.458430905200e-12      -4.268155948671e-12       0.000000000000e+00       2.352746255787e-16       5.260036262449e-17       1.102807929603e-17 
 1872       5.093728214561e-11       1.443002512088e-12      -4.241321807039e-12       0.000000000000e+00       2.347562940152e-16       5.256836704737e-17       1.085178594719e-17 
 1873       5.096160356257e-11       1.427707273103e-12      -4.213868585660e-12       0.000000000000e+00       2.342393715598e-16       5.254256234959e-17       1.067593710665e-17 
 1874       5.098415105822e-11       1.412548843442e-12      -4.185808543387e-12       0.000000000000e+00       2.337238529285e-16       5.252292821725e-17       1.050055656255e-17 
 1875       5.100489152801e-11       1.397530892298e-12      -4.157153997319e-12       0.000000000000e+00       2.332097327904e-16       5.250944418528e-17       1.032566819735e-17 
 1876       5.102379174419e-11       1.382657102885e-12      -4.127917322887e-12       0.000000000000e+00       2.326970057677e-16       5.250208963717e-17       1.015129598796e-17 
 1877       5.104081835563e-11       1.367931172448e-12      -4.098110953927e-12       0.000000000000e+00       2.321856664355e-16       5.250084380475e-17       9.977464005804e-18 
 1878       5.105593788769e-11       1.353356812284e-12      -4.067747382767e-12       0.000000000000e+00       2.316757093219e-16       5.250568576797e-17       9.804196417009e-18 
 1879       5.106911674202e-11       1.338937747761e-12      -4.036839160303e-12       0.000000000000e+00       2.311671289077e-16       5.251659445466e-17       9.631517482484e-18 
 1880       5.108032119646e-11       1.324677718337e-12      -4.005398896077e-12       0.000000000000e+00       2.306599196265e-16       5.253354864031e-17       9.459451558059e-18 
 1881       5.108951740484e-11       1.310580477572e-12      -3.973439258366e-12       0.000000000000e+00       2.301540758645e-16       5.255652694782e-17       9.288023094603e-18 
 1882       5.109667139685e-11       1.296649793153e-12      -3.940972974251e-12       0.000000000000e+00       2.296495919607e-16       5.258550784728e-17       9.117256638147e-18 
 1883       5.110174907788e-11       1.282889446906e-12      -3.908012829706e-12       0.000000000000e+00       2.291464622063e-16       5.262046965574e-17       8.947176830004e-18 
 1884       5.110471622882e-11       1.269303234818e-12      -3.874571669674e-12       0.000000000000e+00       2.286446808452e-16       5.266139053698e-17       8.777808406893e-18 
 1885       5.110553850598e-11       1.255894967054e-12      -3.840662398148e-12       0.000000000000e+00       2.281442420735e-16       5.270824850129e-17       8.609176201059e-18 
 1886       5.110418144089e-11       1.242668467974e-12      -3.806297978252e-12       0.000000000000e+00       2.276451400397e-16       5.276102140522e-17       8.441305140397e-18 
 1887       5.110061044012e-11       1.229627576150e-12      -3.771491432318e-12       0.000000000000e+00       2.271473688444e-16       5.281968695135e-17       8.274220248573e-18 
 1888       5.109479078518e-11       1.216776144387e-12      -3.736255841973e-12       0.000000000000e+00       2.266509225405e-16       5.288422268807e-17       8.107946645145e-18 
 1889       5.108668763232e-11       1.204118039737e-12      -3.700604348210e-12       0.000000000000e+00       2.261557951327e-16       5.295460600936e-17       7.942509545685e-18 
 1890       5.107626601241e-11       1.191657143521e-12      -3.664550151476e-12       0.000000000000e+00       2.256619805780e-16       5.303081415453e-17       7.777934261904e-18 
 1891       5.106349083073e-11       1.179397351343e-12      -3.628106511750e-12       0.000000000000e+00       2.251694727851e-16       5.311282420802e-17       7.614246201769e-18 
 1892       5.104833342977e-11       1.167342037962e-12      -3.591286762011e-12       0.000000000000e+00       2.246782662334e-16       5.320060043238e-17       7.451465665112e-18 
 1893       5.103079133325e-11       1.155492447329e-12      -3.554104348619e-12       0.000000000000e+00       2.241883578350e-16       5.329405616063e-17       7.289592186179e-18 
 1894       5.101086865446e-11       1.143849290133e-12      -3.516572791405e-12       0.000000000000e+00       2.236997450867e-16       5.339309160870e-17       7.128620070213e-18 
 1895       5.098856954735e-11       1.132413277815e-12      -3.478705670395e-12       0.000000000000e+00       2.232124254529e-16       5.349760651476e-17       6.968543586918e-18 
 1896       5.096389820653e-11       1.121185122572e-12      -3.440516625889e-12       0.000000000000e+00       2.227263963650e-16       5.360750013855e-17       6.809356970409e-18 
 1897       5.093685886739e-11       1.110165537356e-12      -3.402019358537e-12       0.000000000000e+00       2.222416552219e-16       5.372267126078e-17       6.651054419160e-18 
 1898       5.090745580612e-11       1.099355235872e-12      -3.363227629428e-12       0.000000000000e+00       2.217581993895e-16       5.384301818240e-17       6.493630095951e-18 
 1899       5.087569333979e-11       1.088754932581e-12      -3.324155260163e-12       0.000000000000e+00       2.212760262009e-16       5.396843872400e-17       6.337078127817e-18 
 1900       5.084157582643e-11       1.078365342696e-12      -3.284816132938e-12       0.000000000000e+00       2.207951329562e-16       5.409883022515e-17       6.181392605993e-18 
 1901       5.080510766506e-11       1.068187182188e-12      -3.245224190627e-12       0.000000000000e+00       2.203155169225e-16       5.423408954372e-17       6.026567585861e-18 
 1902       5.076629329578e-11       1.058221167778e-12      -3.205393436861e-12       0.000000000000e+00       2.198371753339e-16       5.437411305525e-17       5.872597086904e-18 
 1903       5.072513719982e-11       1.048468016945e-12      -3.165337936106e-12       0.000000000000e+00       2.193601053914e-16       5.451879665227e-17       5.719475092644e-18 
 1904       5.068164389962e-11       1.038928447920e-12      -3.125071813751e-12       0.000000000000e+00       2.188843042627e-16       5.466803574366e-17       5.567195550597e-18 
 1905       5.063581795888e-11       1.029603179690e-12      -3.084609256178e-12       0.000000000000e+00       2.184097690825e-16       5.482172525401e-17       5.415752372218e-18 
 1906       5.058766398260e-11       1.020492931994e-12      -3.043964510852e-12       0.000000000000e+00       2.179364969521e-16       5.497975962294e-17       5.265139432846e-18 
 1907       5.053718661722e-11       1.011598425327e-12      -3.003151886398e-12       0.000000000000e+00       2.174644849394e-16       5.514203280445e-17       5.115350571658e-18 
 1908       5.048439055058e-11       1.002920380937e-12      -2.962185752681e-12       0.000000000000e+00       2.169937300791e-16       5.530843826628e-17       4.966379591608e-18 
 1909       5.042928051207e-11       9.944595208278e-13      -2.921080540887e-12       0.000000000000e+00       2.165242293725e-16       5.547886898924e-17       4.818220259383e-18 
 1910       5.037186127266e-11       9.862165677551e-13      -2.879850743603e-12       0.000000000000e+00       2.160559797870e-16       5.565321746655e-17       4.670866305345e-18 
 1911       5.031213764494e-11       9.781922452297e-13      -2.838510914902e-12       0.000000000000e+00       2.155889782570e-16       5.583137570320e-17       4.524311423479e-18 
 1912       5.025011448323e-11       9.703872775163e-13      -2.797075670418e-12       0.000000000000e+00       2.151232216829e-16       5.601323521531e-17       4.378549271342e-18 
 1913       5.018579668361e-11       9.628023896336e-13      -2.755559687429e-12       0.000000000000e+00       2.146587069316e-16       5.619868702942e-17       4.233573470013e-18 
 1914       5.011918918401e-11       9.554383073540e-13      -2.713977704937e-12       0.000000000000e+00       2.141954308362e-16       5.638762168190e-17       4.089377604034e-18 
 1915       5.005029696424e-11       9.482957572040e-13      -2.672344523750e-12       0.000000000000e+00       2.137333901963e-16       5.657992921824e-17       3.945955221364e-18 
 1916       4.997912504608e-11       9.413754664639e-13      -2.630675006563e-12       0.000000000000e+00       2.132725817773e-16       5.677549919244e-17       3.803299833322e-18 
 1917       4.990567849333e-11       9.346781631677e-13      -2.588984078036e-12       0.000000000000e+00       2.128130023110e-16       5.697422066633e-17       3.661404914538e-18 
 1918       4.982996241189e-11       9.282045761034e-13      -2.547286724876e-12       0.000000000000e+00       2.123546484951e-16       5.717598220891e-17       3.520263902897e-18 
 1919       4.975198194981e-11       9.219554348126e-13      -2.505597995917e-12       0.000000000000e+00       2.118975169935e-16       5.738067189571e-17       3.379870199489e-18 
 1920       4.967174229735e-11       9.159314695905e-13      -2.463933002205e-12       0.000000000000e+00       2.114416044358e-16       5.758817730815e-17       3.240217168558e-18 
 1921       4.958924868706e-11       9.101334114862e-13      -2.422306917072e-12       0.000000000000e+00       2.109869074177e-16       5.779838553283e-17       3.101298137444e-18 
 1922       4.950450639381e-11       9.045619923025e-13      -2.380734976219e-12       0.000000000000e+00       2.105334225008e-16       5.801118316093e-17       2.963106396538e-18 
 1923       4.941752073492e-11       8.992179445955e-13      -2.339232477799e-12       0.000000000000e+00       2.100811462122e-16       5.822645628754e-17       2.825635199222e-18 
 1924       4.932829707013e-11       8.941020016751e-13      -2.297814782496e-12       0.000000000000e+00       2.096300750450e-16       5.844409051099e-17       2.688877761821e-18 
 1925       4.923684080176e-11       8.892148976048e-13      -2.256497313606e-12       0.000000000000e+00       2.091802054580e-16       5.866397093221e-17       2.552827263552e-18 
 1926       4.914315737470e-11       8.845573672015e-13      -2.215295557115e-12       0.000000000000e+00       2.087315338754e-16       5.888598215408e-17       2.417476846467e-18 
 1927       4.904725227651e-11       8.801301460355e-13      -2.174225061785e-12       0.000000000000e+00       2.082840566871e-16       5.911000828074e-17       2.282819615402e-18 
 1928       4.894913103747e-11       8.759339704307e-13      -2.133301439228e-12       0.000000000000e+00       2.078377702486e-16       5.933593291699e-17       2.148848637927e-18 
 1929       4.884879923067e-11       8.719695774643e-13      -2.092540363992e-12       0.000000000000e+00       2.073926708808e-16       5.956363916759e-17       2.015556944292e-18 
 1930       4.874626247202e-11       8.682377049670e-13      -2.051957573642e-12       0.000000000000e+00       2.069487548700e-16       5.979300963662e-17       1.882937527372e-18 
 1931       4.864153049965e-11       8.647386555584e-13      -2.011567744706e-12       0.000000000000e+00       2.065060185102e-16       6.002394541380e-17       1.750982903681e-18 
 1932       4.853462944557e-11       8.614709851418e-13      -1.971381111066e-12       0.000000000000e+00       2.060644582316e-16       6.025642319209e-17       1.619683792863e-18 
 1933       4.842558965711e-11       8.584328044692e-13      -1.931406820098e-12       0.000000000000e+00       2.056240704729e-16       6.049043858169e-17       1.489030428084e-18 
 1934       4.831444162631e-11       8.556222141891e-13      -1.891654054525e-12       0.000000000000e+00       2.051848516390e-16       6.072598716232e-17       1.359012993999e-18 
 1935       4.820121599009e-11       8.530373048329e-13      -1.852132032456e-12       0.000000000000e+00       2.047467981012e-16       6.096306448320e-17       1.229621626682e-18 
 1936       4.808594353044e-11       8.506761567999e-13      -1.812850007433e-12       0.000000000000e+00       2.043099061967e-16       6.120166606298e-17       1.100846413560e-18 
 1937       4.796865517464e-11       8.485368403442e-13      -1.773817268477e-12       0.000000000000e+00       2.038741722290e-16       6.144178738968e-17       9.726773933489e-19 
 1938       4.784938199544e-11       8.466174155603e-13      -1.735043140127e-12       0.000000000000e+00       2.034395924676e-16       6.168342392071e-17       8.451045559827e-19 
 1939       4.772815521124e-11       8.449159323687e-13      -1.696536982492e-12       0.000000000000e+00       2.030061631477e-16       6.192657108275e-17       7.181178425508e-19 
 1940       4.760500618633e-11       8.434304305023e-13      -1.658308191288e-12       0.000000000000e+00       2.025738804708e-16       6.217122427177e-17       5.917071452295e-19 
 1941       4.747996643102e-11       8.421589394922e-13      -1.620366197888e-12       0.000000000000e+00       2.021427406041e-16       6.241737885293e-17       4.658623072159e-19 
 1942       4.735306760190e-11       8.410994786536e-13      -1.582720469364e-12       0.000000000000e+00       2.017127396805e-16       6.266503016060e-17       3.405731226609e-19 
 1943       4.722434150199e-11       8.402500570719e-13      -1.545380508532e-12       0.000000000000e+00       2.012838737990e-16       6.291417349823e-17       2.158293366031e-19 
 1944       4.709382008095e-11       8.396086735882e-13      -1.508355853997e-12       0.000000000000e+00       2.008561390239e-16       6.316480413839e-17       9.162064490223e-20 
 1945       4.696153543528e-11       8.391733167859e-13      -1.471656080196e-12       0.000000000000e+00       2.004295313855e-16       6.341691732269e-17      -3.206330582795e-20 
 1946       4.682751980850e-11       8.389419649760e-13      -1.435290797443e-12       0.000000000000e+00       2.000040468795e-16       6.367050826171e-17      -1.552329182857e-19 
 1947       4.669180559137e-11       8.389125861836e-13      -1.399269651976e-12       0.000000000000e+00       1.995796814671e-16       6.392557213500e-17      -2.778986445481e-19 
 1948       4.655442532207e-11       8.390831381334e-13      -1.363602325998e-12       0.000000000000e+00       1.991564310753e-16       6.418210409103e-17      -4.000709861378e-19 
 1949       4.641541168636e-11       8.394515682359e-13      -1.328298537722e-12       0.000000000000e+00       1.987342915961e-16       6.444009924710e-17      -5.217604940890e-19 
 1950       4.627479751785e-11       8.400158135733e-13      -1.293368041418e-12       0.000000000000e+00       1.983132588873e-16       6.469955268935e-17      -6.429777690150e-19 
 1951       4.613261579814e-11       8.407738008853e-13      -1.258820627456e-12       0.000000000000e+00       1.978933287719e-16       6.496045947271e-17      -7.637334611736e-19 
 1952       4.598889965701e-11       8.417234465552e-13      -1.224666122348e-12       0.000000000000e+00       1.974744970379e-16       6.522281462080e-17      -8.840382705350e-19 
 1953       4.584368237265e-11       8.428626565959e-13      -1.190914388796e-12       0.000000000000e+00       1.970567594389e-16       6.548661312597e-17      -1.003902946847e-18 
 1954       4.569699737185e-11       8.441893266356e-13      -1.157575325737e-12       0.000000000000e+00       1.966401116936e-16       6.575184994918e-17      -1.123338289703e-18 
 1955       4.554887823017e-11       8.457013419040e-13      -1.124658868384e-12       0.000000000000e+00       1.962245494856e-16       6.601852002000e-17      -1.242355148607e-18 
 1956       4.539935867213e-11       8.473965772180e-13      -1.092174988272e-12       0.000000000000e+00       1.958100684639e-16       6.628661823656e-17      -1.360964423042e-18 
 1957       4.524847257145e-11       8.492728969678e-13      -1.060133693303e-12       0.000000000000e+00       1.953966642422e-16       6.655613946549e-17      -1.479177062534e-18 
 1958       4.509625395120e-11       8.513281551030e-13      -1.028545027791e-12       0.000000000000e+00       1.949843323992e-16       6.682707854189e-17      -1.597004066723e-18 
 1959       4.494273698403e-11       8.535601951180e-13      -9.974190725054e-13       0.000000000000e+00       1.945730684788e-16       6.709943026928e-17      -1.714456485424e-18 
 1960       4.478795599232e-11       8.559668500387e-13      -9.667659447148e-13       0.000000000000e+00       1.941628679894e-16       6.737318941956e-17      -1.831545418697e-18 
 1961       4.463194544844e-11       8.585459424076e-13      -9.365957982334e-13       0.000000000000e+00       1.937537264043e-16       6.764835073296e-17      -1.948282016915e-18 
 1962       4.447473997486e-11       8.612952842706e-13      -9.069188234643e-13       0.000000000000e+00       1.933456391617e-16       6.792490891800e-17      -2.064677480826e-18 
 1963       4.431637434444e-11       8.642126771623e-13      -8.777452474443e-13       0.000000000000e+00       1.929386016642e-16       6.820285865143e-17      -2.180743061622e-18 
 1964       4.415688348053e-11       8.672959120921e-13      -8.490853338880e-13       0.000000000000e+00       1.925326092794e-16       6.848219457823e-17      -2.296490061009e-18 
 1965       4.399630245724e-11       8.705427695304e-13      -8.209493832330e-13       0.000000000000e+00       1.921276573391e-16       6.876291131151e-17      -2.411929831266e-18 
 1966       4.383466649960e-11       8.739510193943e-13      -7.933477326835e-13       0.000000000000e+00       1.917237411399e-16       6.904500343251e-17      -2.527073775319e-18 
 1967       4.367201098377e-11       8.775184210335e-13      -7.662907562556e-13       0.000000000000e+00       1.913208559428e-16       6.932846549052e-17      -2.641933346803e-18 
 1968       4.350837143719e-11       8.812427232164e-13      -7.397888648213e-13       0.000000000000e+00       1.909189969731e-16       6.961329200287e-17      -2.756520050130e-18 
 1969       4.334378353886e-11       8.851216641160e-13      -7.138525061531e-13       0.000000000000e+00       1.905181594206e-16       6.989947745486e-17      -2.870845440556e-18 
 1970       4.317828330536e-11       8.891528188950e-13      -6.884906211373e-13       0.000000000000e+00       1.901183389394e-16       7.018700548521e-17      -2.984917872310e-18 
 1971       4.301190765035e-11       8.933331412517e-13      -6.637059997869e-13       0.000000000000e+00       1.897195331521e-16       7.047581635471e-17      -3.098732716440e-18 
 1972       4.284469382966e-11       8.976594184398e-13      -6.394998908147e-13       0.000000000000e+00       1.893217401564e-16       7.076583923578e-17      -3.212282070422e-18 
 1973       4.267667925593e-11       9.021284233418e-13      -6.158735423291e-13       0.000000000000e+00       1.889249580268e-16       7.105700300468e-17      -3.325558003466e-18 
 1974       4.250790149884e-11       9.067369144494e-13      -5.928282018305e-13       0.000000000000e+00       1.885291848137e-16       7.134923624112e-17      -3.438552556485e-18 
 1975       4.233839828529e-11       9.114816358457e-13      -5.703651162084e-13       0.000000000000e+00       1.881344185440e-16       7.164246722790e-17      -3.551257742053e-18 
 1976       4.216820749962e-11       9.163593171856e-13      -5.484855317381e-13       0.000000000000e+00       1.877406572208e-16       7.193662395050e-17      -3.663665544383e-18 
 1977       4.199736718379e-11       9.213666736775e-13      -5.271906940773e-13       0.000000000000e+00       1.873478988234e-16       7.223163409673e-17      -3.775767919281e-18 
 1978       4.182591553761e-11       9.265004060643e-13      -5.064818482632e-13       0.000000000000e+00       1.869561413073e-16       7.252742505636e-17      -3.887556794121e-18 
 1979       4.165389091889e-11       9.317572006049e-13      -4.863602387087e-13       0.000000000000e+00       1.865653826040e-16       7.282392392068e-17      -3.999024067806e-18 
 1980       4.148133184369e-11       9.371337290552e-13      -4.668271092000e-13       0.000000000000e+00       1.861756206213e-16       7.312105748221e-17      -4.110161610737e-18 
 1981       4.130827698650e-11       9.426266486493e-13      -4.478837028926e-13       0.000000000000e+00       1.857868532428e-16       7.341875223424e-17      -4.220961264777e-18 
 1982       4.113476518044e-11       9.482326020810e-13      -4.295312623085e-13       0.000000000000e+00       1.853990783284e-16       7.371693437051e-17      -4.331414843218e-18 
 1983       4.096083541748e-11       9.539482174847e-13      -4.117710293327e-13       0.000000000000e+00       1.850122937137e-16       7.401552978481e-17      -4.441514130748e-18 
 1984       4.078652684859e-11       9.597701084170e-13      -3.946042452103e-13       0.000000000000e+00       1.846264972104e-16       7.431446407058e-17      -4.551250883414e-18 
 1985       4.061187878400e-11       9.656948738376e-13      -3.780321505431e-13       0.000000000000e+00       1.842416866059e-16       7.461366252058e-17      -4.660616828593e-18 
 1986       4.043693069336e-11       9.717190980906e-13      -3.620559852861e-13       0.000000000000e+00       1.838578596639e-16       7.491305012647e-17      -4.769603664952e-18 
 1987       4.026172220598e-11       9.778393508860e-13      -3.466769887448e-13       0.000000000000e+00       1.834750141234e-16       7.521255157844e-17      -4.878203062420e-18 
 1988       4.008629311098e-11       9.840521872805e-13      -3.318963995716e-13       0.000000000000e+00       1.830931476994e-16       7.551209126484e-17      -4.986406662151e-18 
 1989       3.991068335753e-11       9.903541476592e-13      -3.177154557626e-13       0.000000000000e+00       1.827122580828e-16       7.581159327182e-17      -5.094206076490e-18 
 1990       3.973493305503e-11       9.967417577164e-13      -3.041353946545e-13       0.000000000000e+00       1.823323429400e-16       7.611098138291e-17      -5.201592888939e-18 
 1991       3.955908247332e-11       1.003211528437e-12      -2.911574529213e-13       0.000000000000e+00       1.819533999130e-16       7.641017907865e-17      -5.308558654124e-18 
 1992       3.938317204288e-11       1.009759956078e-12      -2.787828665711e-13       0.000000000000e+00       1.815754266198e-16       7.670910953625e-17      -5.415094897762e-18 
 1993       3.920724235502e-11       1.016383522150e-12      -2.670128709429e-13       0.000000000000e+00       1.811984206536e-16       7.700769562918e-17      -5.521193116625e-18 
 1994       3.903133416211e-11       1.023078693396e-12      -2.558487007031e-13       0.000000000000e+00       1.808223795833e-16       7.730585992679e-17      -5.626844778505e-18 
 1995       3.885548837775e-11       1.029841921777e-12      -2.452915898427e-13       0.000000000000e+00       1.804473009533e-16       7.760352469393e-17      -5.732041322186e-18 
 1996       3.867974607696e-11       1.036669644449e-12      -2.353427716737e-13       0.000000000000e+00       1.800731822836e-16       7.790061189059e-17      -5.836774157402e-18 
 1997       3.850414849643e-11       1.043558283746e-12      -2.260034788263e-13       0.000000000000e+00       1.797000210694e-16       7.819704317152e-17      -5.941034664810e-18 
 1998       3.832873703468e-11       1.050504247164e-12      -2.172749432450e-13       0.000000000000e+00       1.793278147815e-16       7.849273988583e-17      -6.044814195953e-18 
 1999       3.815355325227e-11       1.057503927336e-12      -2.091583961861e-13       0.000000000000e+00       1.789565608660e-16       7.878762307663e-17      -6.148104073223e-18 
 2000       3.797863887201e-11       1.064553702018e-12      -2.016550682139e-13       0.000000000000e+00       1.785862567443e-16       7.908161348064e-17      -6.250895589835e-18 
 2001       3.780403577914e-11       1.071649934070e-12      -1.947661891979e-13       0.000000000000e+00       1.782168998130e-16       7.937463152782e-17      -6.353180009787e-18 
 2002       3.762978602156e-11       1.078788971435e-12      -1.884929883093e-13       0.000000000000e+00       1.778484874443e-16       7.966659734100e-17      -6.454948567824e-18 
 2003       3.745593181001e-11       1.085967147121e-12      -1.828366940178e-13       0.000000000000e+00       1.774810169851e-16       7.995743073548e-17      -6.556192469414e-18 
 2004       3.728251551826e-11       1.093180779184e-12      -1.777985340884e-13       0.000000000000e+00       1.771144857578e-16       8.024705121867e-17      -6.656902890702e-18 
 2005       3.710957968335e-11       1.100426170707e-12      -1.733797355783e-13       0.000000000000e+00       1.767488910599e-16       8.053537798969e-17      -6.757070978485e-18 
 2006       3.693716700574e-11       1.107699609783e-12      -1.695815248334e-13       0.000000000000e+00       1.763842301640e-16       8.082232993901e-17      -6.856687850173e-18 
 2007       3.676532034957e-11       1.114997369495e-12      -1.664051274854e-13       0.000000000000e+00       1.760205003175e-16       8.110782564809e-17      -6.955744593760e-18 
 2008       3.659408274279e-11       1.122315707896e-12      -1.638517684483e-13       0.000000000000e+00       1.756576987433e-16       8.139178338894e-17      -7.054232267783e-18 
 2009       3.642349430830e-11       1.129651023164e-12      -1.619214771437e-13       0.000000000000e+00       1.752958226930e-16       8.167413281187e-17      -7.152138589015e-18 
 2010       3.625358303228e-11       1.137000320325e-12      -1.606094936672e-13       0.000000000000e+00       1.749348696110e-16       8.195485010227e-17      -7.249437969212e-18 
 2011       3.608437392897e-11       1.144360747891e-12      -1.599098364324e-13       0.000000000000e+00       1.745748369718e-16       8.223392307923e-17      -7.346101405705e-18 
 2012       3.591589210381e-11       1.151729442984e-12      -1.598164945266e-13       0.000000000000e+00       1.742157222262e-16       8.251133953060e-17      -7.442099786962e-18 
 2013       3.574816275355e-11       1.159103531323e-12      -1.603234276720e-13       0.000000000000e+00       1.738575228010e-16       8.278708721305e-17      -7.537403892454e-18 
 2014       3.558121116633e-11       1.166480127208e-12      -1.614245661871e-13       0.000000000000e+00       1.735002360992e-16       8.306115385201e-17      -7.631984392521e-18 
 2015       3.541506272183e-11       1.173856333507e-12      -1.631138109478e-13       0.000000000000e+00       1.731438594997e-16       8.333352714161e-17      -7.725811848241e-18 
 2016       3.524974289135e-11       1.181229241643e-12      -1.653850333491e-13       0.000000000000e+00       1.727883903576e-16       8.360419474469e-17      -7.818856711297e-18 
 2017       3.508527723793e-11       1.188595931577e-12      -1.682320752655e-13       0.000000000000e+00       1.724338260039e-16       8.387314429276e-17      -7.911089323849e-18 
 2018       3.492169141647e-11       1.195953471798e-12      -1.716487490132e-13       0.000000000000e+00       1.720801637456e-16       8.414036338593e-17      -8.002479918392e-18 
 2019       3.475901117381e-11       1.203298919302e-12      -1.756288373109e-13       0.000000000000e+00       1.717274008654e-16       8.440583959295e-17      -8.092998617635e-18 
 2020       3.459726234888e-11       1.210629319586e-12      -1.801660932409e-13       0.000000000000e+00       1.713755346221e-16       8.466956045112e-17      -8.182615434359e-18 
 2021       3.443647087276e-11       1.217941706628e-12      -1.852542402109e-13       0.000000000000e+00       1.710245622503e-16       8.493151346626e-17      -8.271300271291e-18 
 2022       3.427666276885e-11       1.225233102876e-12      -1.908869719148e-13       0.000000000000e+00       1.706744809603e-16       8.519168611273e-17      -8.359022920970e-18 
 2023       3.411786415290e-11       1.232500519231e-12      -1.970579522940e-13       0.000000000000e+00       1.703252879382e-16       8.545006583334e-17      -8.445753065611e-18 
 2024       3.396010123321e-11       1.239740955037e-12      -2.037608154990e-13       0.000000000000e+00       1.699769803458e-16       8.570664003936e-17      -8.531460276981e-18 
 2025       3.380340031068e-11       1.246951398061e-12      -2.109891658504e-13       0.000000000000e+00       1.696295553207e-16       8.596139611046e-17      -8.616114016255e-18 
 2026       3.364778777892e-11       1.254128824486e-12      -2.187365778001e-13       0.000000000000e+00       1.692830099760e-16       8.621432139472e-17      -8.699683633896e-18 
 2027       3.349329012438e-11       1.261270198890e-12      -2.269965958928e-13       0.000000000000e+00       1.689373414005e-16       8.646540320854e-17      -8.782138369513e-18 
 2028       3.333993392647e-11       1.268372474235e-12      -2.357627347271e-13       0.000000000000e+00       1.685925466585e-16       8.671462883665e-17      -8.863447351734e-18 
 2029       3.318774585762e-11       1.275432591855e-12      -2.450284789168e-13       0.000000000000e+00       1.682486227900e-16       8.696198553207e-17      -8.943579598071e-18 
 2030       3.303675268345e-11       1.282447481438e-12      -2.547872830521e-13       0.000000000000e+00       1.679055668103e-16       8.720746051609e-17      -9.022504014789e-18 
 2031       3.288698126284e-11       1.289414061014e-12      -2.650325716612e-13       0.000000000000e+00       1.675633757104e-16       8.745104097821e-17      -9.100189396774e-18 
 2032       3.273845854805e-11       1.296329236938e-12      -2.757577391710e-13       0.000000000000e+00       1.672220464564e-16       8.769271407613e-17      -9.176604427399e-18 
 2033       3.259121158482e-11       1.303189903882e-12      -2.869561498689e-13       0.000000000000e+00       1.668815759901e-16       8.793246693572e-17      -9.251717678394e-18 
 2034       3.244526751251e-11       1.309992944815e-12      -2.986211378636e-13       0.000000000000e+00       1.665419612286e-16       8.817028665098e-17      -9.325497609711e-18 
 2035       3.230065356416e-11       1.316735230989e-12      -3.107460070468e-13       0.000000000000e+00       1.662031990641e-16       8.840616028402e-17      -9.397912569392e-18 
 2036       3.215739706666e-11       1.323413621929e-12      -3.233240310542e-13       0.000000000000e+00       1.658652863644e-16       8.864007486501e-17      -9.468930793441e-18 
 2037       3.201552544080e-11       1.330024965416e-12      -3.363484532268e-13       0.000000000000e+00       1.655282199724e-16       8.887201739216e-17      -9.538520405684e-18 
 2038       3.187506620141e-11       1.336566097473e-12      -3.498124865723e-13       0.000000000000e+00       1.651919967060e-16       8.910197483170e-17      -9.606649417645e-18 
 2039       3.173604695749e-11       1.343033842351e-12      -3.637093137260e-13       0.000000000000e+00       1.648566133587e-16       8.932993411783e-17      -9.673285728405e-18 
 2040       3.159849541225e-11       1.349425012515e-12      -3.780320869126e-13       0.000000000000e+00       1.645220666988e-16       8.955588215271e-17      -9.738397124479e-18 
 2041       3.146243936332e-11       1.355736408631e-12      -3.927739279071e-13       0.000000000000e+00       1.641883534698e-16       8.977980580639e-17      -9.801951279674e-18 
 2042       3.132790670275e-11       1.361964819550e-12      -4.079279279961e-13       0.000000000000e+00       1.638554703904e-16       9.000169191683e-17      -9.863915754966e-18 
 2043       3.119492541721e-11       1.368107022292e-12      -4.234871479392e-13       0.000000000000e+00       1.635234141540e-16       9.022152728983e-17      -9.924257998360e-18 
 2044       3.106352358804e-11       1.374159782040e-12      -4.394446179300e-13       0.000000000000e+00       1.631921814294e-16       9.043929869902e-17      -9.982945344762e-18 
 2045       3.093372939140e-11       1.380119852114e-12      -4.557933375579e-13       0.000000000000e+00       1.628617688600e-16       9.065499288583e-17      -1.003994501585e-17 
 2046       3.080557109835e-11       1.385983973967e-12      -4.725262757686e-13       0.000000000000e+00       1.625321730644e-16       9.086859655942e-17      -1.009522411992e-17 
 2047       3.067907707497e-11       1.391748877166e-12      -4.896363708261e-13       0.000000000000e+00       1.622033906358e-16       9.108009639670e-17      -1.014874965179e-17 
 2048       3.055427150624e-11       1.397411622503e-12      -5.071161941541e-13       0.000000000000e+00       1.618754184365e-16       9.128948507856e-17      -1.020049313418e-17 
 2049       3.043116153404e-11       1.402970634029e-12      -5.249569393136e-13       0.000000000000e+00       1.615482544827e-16       9.149677944580e-17      -1.025044457845e-17 
 2050       3.030975002748e-11       1.408424674370e-12      -5.431494257224e-13       0.000000000000e+00       1.612218970654e-16       9.170200247290e-17      -1.029859862337e-17 
 2051       3.019003985067e-11       1.413772502263e-12      -5.616844340701e-13       0.000000000000e+00       1.608963444576e-16       9.190517724364e-17      -1.034494990268e-17 
 2052       3.007203386283e-11       1.419012872558e-12      -5.805527062697e-13       0.000000000000e+00       1.605715949137e-16       9.210632695128e-17      -1.038949304505e-17 
 2053       2.995573491817e-11       1.424144536209e-12      -5.997449454093e-13       0.000000000000e+00       1.602476466698e-16       9.230547489870e-17      -1.043222267410e-17 
 2054       2.984114586596e-11       1.429166240269e-12      -6.192518157037e-13       0.000000000000e+00       1.599244979435e-16       9.250264449849e-17      -1.047313340838e-17 
 2055       2.972826955045e-11       1.434076727890e-12      -6.390639424461e-13       0.000000000000e+00       1.596021469339e-16       9.269785927316e-17      -1.051221986141e-17 
 2056       2.961710881090e-11       1.438874738315e-12      -6.591719119598e-13       0.000000000000e+00       1.592805918216e-16       9.289114285524e-17      -1.054947664166e-17 
 2057       2.950766648157e-11       1.443559006876e-12      -6.795662715499e-13       0.000000000000e+00       1.589598307687e-16       9.308251898742e-17      -1.058489835251e-17 
 2058       2.939994539167e-11       1.448128264988e-12      -7.002375294547e-13       0.000000000000e+00       1.586398619189e-16       9.327201152271e-17      -1.061847959234e-17 
 2059       2.929394836537e-11       1.452581240145e-12      -7.211761547974e-13       0.000000000000e+00       1.583206833970e-16       9.345964442459e-17      -1.065021495443e-17 
 2060       2.918967822181e-11       1.456916655916e-12      -7.423725775381e-13       0.000000000000e+00       1.580022933093e-16       9.364544176710e-17      -1.068009902704e-17 
 2061       2.908713777504e-11       1.461133231940e-12      -7.638171884252e-13       0.000000000000e+00       1.576846897437e-16       9.382942773505e-17      -1.070812639337e-17 
 2062       2.898632983404e-11       1.465229683924e-12      -7.855003389469e-13       0.000000000000e+00       1.573678707690e-16       9.401162662412e-17      -1.073429163157e-17 
 2063       2.888725720269e-11       1.469204723634e-12      -8.074123412832e-13       0.000000000000e+00       1.570518344357e-16       9.419206284099e-17      -1.075858931472e-17 
 2064       2.878992267976e-11       1.473057058897e-12      -8.295434682571e-13       0.000000000000e+00       1.567365787753e-16       9.437076090352e-17      -1.078101401089e-17 
 2065       2.869432905893e-11       1.476785393590e-12      -8.518839532869e-13       0.000000000000e+00       1.564221018007e-16       9.454774544089e-17      -1.080156028307e-17 
 2066       2.860047912872e-11       1.480388427641e-12      -8.744239903372e-13       0.000000000000e+00       1.561084015059e-16       9.472304119368e-17      -1.082022268921e-17 
 2067       2.850837567251e-11       1.483864857021e-12      -8.971537338710e-13       0.000000000000e+00       1.557954758663e-16       9.489667301410e-17      -1.083699578221e-17 
 2068       2.841802146853e-11       1.487213373743e-12      -9.200632988010e-13       0.000000000000e+00       1.554833228380e-16       9.506866586606e-17      -1.085187410991e-17 
 2069       2.832941928985e-11       1.490432665852e-12      -9.431427604417e-13       0.000000000000e+00       1.551719403588e-16       9.523904482535e-17      -1.086485221513e-17 
 2070       2.824257190432e-11       1.493521417429e-12      -9.663821544605e-13       0.000000000000e+00       1.548613263473e-16       9.540783507977e-17      -1.087592463563e-17 
 2071       2.815748207464e-11       1.496478308580e-12      -9.897714768298e-13       0.000000000000e+00       1.545514787031e-16       9.557506192926e-17      -1.088508590410e-17 
 2072       2.807415255827e-11       1.499302015433e-12      -1.013300683779e-12       0.000000000000e+00       1.542423953071e-16       9.574075078608e-17      -1.089233054822e-17 
 2073       2.799258610746e-11       1.501991210136e-12      -1.036959691744e-12       0.000000000000e+00       1.539340740209e-16       9.590492717491e-17      -1.089765309059e-17 
 2074       2.791278546921e-11       1.504544560850e-12      -1.060738377322e-12       0.000000000000e+00       1.536265126875e-16       9.606761673299e-17      -1.090104804879e-17 
 2075       2.783475338530e-11       1.506960731746e-12      -1.084626577223e-12       0.000000000000e+00       1.533197091304e-16       9.622884521031e-17      -1.090250993534e-17 
 2076       2.775849259223e-11       1.509238383000e-12      -1.108614088216e-12       0.000000000000e+00       1.530136611544e-16       9.638863846970e-17      -1.090203325772e-17 
 2077       2.768400582123e-11       1.511376170790e-12      -1.132690667088e-12       0.000000000000e+00       1.527083665450e-16       9.654702248699e-17      -1.089961251837e-17 
 2078       2.761129579825e-11       1.513372747291e-12      -1.156846030592e-12       0.000000000000e+00       1.524038230688e-16       9.670402335117e-17      -1.089524221466e-17 
 2079       2.754036524392e-11       1.515226760668e-12      -1.181069855399e-12       0.000000000000e+00       1.521000284728e-16       9.685966726449e-17      -1.088891683896e-17 
 2080       2.747121687358e-11       1.516936855076e-12      -1.205351778049e-12       0.000000000000e+00       1.517969804854e-16       9.701398054265e-17      -1.088063087854e-17 
 2081       2.740385339723e-11       1.518501670654e-12      -1.229681394903e-12       0.000000000000e+00       1.514946768153e-16       9.716698961489e-17      -1.087037881569e-17 
 2082       2.733827751956e-11       1.519919843518e-12      -1.254048262096e-12       0.000000000000e+00       1.511931151523e-16       9.731872102420e-17      -1.085815512760e-17 
 2083       2.727449193986e-11       1.521190005762e-12      -1.278441895489e-12       0.000000000000e+00       1.508922931667e-16       9.746920142738e-17      -1.084395428645e-17 
 2084       2.721249935210e-11       1.522310785448e-12      -1.302851770616e-12       0.000000000000e+00       1.505922085097e-16       9.761845759523e-17      -1.082777075937e-17 
 2085       2.715230244485e-11       1.523280806605e-12      -1.327267322642e-12       0.000000000000e+00       1.502928588131e-16       9.776651641271e-17      -1.080959900844e-17 
 2086       2.709390390131e-11       1.524098689226e-12      -1.351677946309e-12       0.000000000000e+00       1.499942416893e-16       9.791340487902e-17      -1.078943349072e-17 
 2087       2.703730313314e-11       1.524763392682e-12      -1.376073512731e-12       0.000000000000e+00       1.496963548051e-16       9.805911019894e-17      -1.076727911769e-17 
 2088       2.698248645715e-11       1.525275248625e-12      -1.400445923815e-12       0.000000000000e+00       1.493991961036e-16       9.820345975040e-17      -1.074318271393e-17 
 2089       2.692943684971e-11       1.525634935323e-12      -1.424787568643e-12       0.000000000000e+00       1.491027635839e-16       9.834624027526e-17      -1.071720177911e-17 
 2090       2.687813720651e-11       1.525843134900e-12      -1.449090807591e-12       0.000000000000e+00       1.488070552271e-16       9.848723771084e-17      -1.068939404882e-17 
 2091       2.682857034245e-11       1.525900533343e-12      -1.473347972295e-12       0.000000000000e+00       1.485120689967e-16       9.862623718887e-17      -1.065981749489e-17 
 2092       2.678071899152e-11       1.525807820504e-12      -1.497551365613e-12       0.000000000000e+00       1.482178028382e-16       9.876302303463e-17      -1.062853032562e-17 
 2093       2.673456580674e-11       1.525565690108e-12      -1.521693261597e-12       0.000000000000e+00       1.479242546796e-16       9.889737876592e-17      -1.059559098612e-17 
 2094       2.669009336001e-11       1.525174839756e-12      -1.545765905453e-12       0.000000000000e+00       1.476314224307e-16       9.902908709212e-17      -1.056105815858e-17 
 2095       2.664728414205e-11       1.524635970931e-12      -1.569761513513e-12       0.000000000000e+00       1.473393039834e-16       9.915792991326e-17      -1.052499076255e-17 
 2096       2.660612056226e-11       1.523949789003e-12      -1.593672273194e-12       0.000000000000e+00       1.470478972120e-16       9.928368831904e-17      -1.048744795524e-17 
 2097       2.656658494864e-11       1.523117003235e-12      -1.617490342970e-12       0.000000000000e+00       1.467571999726e-16       9.940614258786e-17      -1.044848913181e-17 
 2098       2.652865954768e-11       1.522138326786e-12      -1.641207852333e-12       0.000000000000e+00       1.464672101033e-16       9.952507218589e-17      -1.040817392565e-17 
 2099       2.649232652427e-11       1.521014476718e-12      -1.664816901763e-12       0.000000000000e+00       1.461779254244e-16       9.964025576610e-17      -1.036656220868e-17 
 2100       2.645756796155e-11       1.519746174002e-12      -1.688309562692e-12       0.000000000000e+00       1.458893437379e-16       9.975147116730e-17      -1.032371409161e-17 
 2101       2.642436586089e-11       1.518334143519e-12      -1.711677877469e-12       0.000000000000e+00       1.456014628281e-16       9.985849541320e-17      -1.027968992426e-17 
 2102       2.639270214170e-11       1.516779114069e-12      -1.734913859326e-12       0.000000000000e+00       1.453142804609e-16       9.996110471141e-17      -1.023455029585e-17 
 2103       2.636255864139e-11       1.515081818375e-12      -1.758009492348e-12       0.000000000000e+00       1.450277943843e-16       1.000590744525e-16      -1.018835603526e-17 
 2104       2.633391711522e-11       1.513242993087e-12      -1.780956731432e-12       0.000000000000e+00       1.447420023280e-16       1.001521792092e-16      -1.014116821134e-17 
 2105       2.630675923625e-11       1.511263378790e-12      -1.803747502259e-12       0.000000000000e+00       1.444569020038e-16       1.002401927350e-16      -1.009304813320e-17 
 2106       2.628106659519e-11       1.509143720006e-12      -1.826373701255e-12       0.000000000000e+00       1.441724911050e-16       1.003228879637e-16      -1.004405735046e-17 
 2107       2.625682070031e-11       1.506884765200e-12      -1.848827195562e-12       0.000000000000e+00       1.438887673070e-16       1.004000370083e-16      -9.994257653609e-18 
 2108       2.623400297736e-11       1.504487266785e-12      -1.871099822999e-12       0.000000000000e+00       1.436057282668e-16       1.004714111599e-16      -9.943711074233e-18 
 2109       2.621259476943e-11       1.501951981129e-12      -1.893183392030e-12       0.000000000000e+00       1.433233716230e-16       1.005367808866e-16      -9.892479885325e-18 
 2110       2.619257733688e-11       1.499279668557e-12      -1.915069681733e-12       0.000000000000e+00       1.430416949963e-16       1.005959158332e-16      -9.840626601577e-18 
 2111       2.617393185723e-11       1.496471093360e-12      -1.936750441758e-12       0.000000000000e+00       1.427606959887e-16       1.006485848195e-16      -9.788213979661e-18 
 2112       2.615663942502e-11       1.493527023796e-12      -1.958217392302e-12       0.000000000000e+00       1.424803721841e-16       1.006945558398e-16      -9.735305018523e-18 
 2113       2.614068105176e-11       1.490448232097e-12      -1.979462224067e-12       0.000000000000e+00       1.422007211479e-16       1.007335960617e-16      -9.681962959666e-18 
 2114       2.612603766581e-11       1.487235494475e-12      -2.000476598233e-12       0.000000000000e+00       1.419217404272e-16       1.007654718252e-16      -9.628251287442e-18 
 2115       2.611269011227e-11       1.483889591126e-12      -2.021252146417e-12       0.000000000000e+00       1.416434275507e-16       1.007899486419e-16      -9.574233729341e-18 
 2116       2.610061915285e-11       1.480411306235e-12      -2.041780470644e-12       0.000000000000e+00       1.413657800286e-16       1.008067911940e-16      -9.519974256278e-18 
 2117       2.608980546584e-11       1.476801427981e-12      -2.062053143312e-12       0.000000000000e+00       1.410887953525e-16       1.008157633330e-16      -9.465537082878e-18 
 2118       2.608022964594e-11       1.473060748543e-12      -2.082061707154e-12       0.000000000000e+00       1.408124709958e-16       1.008166280792e-16      -9.410986667773e-18 
 2119       2.607187220418e-11       1.469190064106e-12      -2.101797675210e-12       0.000000000000e+00       1.405368044132e-16       1.008091476205e-16      -9.356387713881e-18 
 2120       2.606471356781e-11       1.465190174863e-12      -2.121252530788e-12       0.000000000000e+00       1.402617930408e-16       1.007930833116e-16      -9.301805168701e-18 
 2121       2.605873408024e-11       1.461061885021e-12      -2.140417727432e-12       0.000000000000e+00       1.399874342962e-16       1.007681956726e-16      -9.247304224599e-18 
 2122       2.605391400085e-11       1.456806002810e-12      -2.159284688889e-12       0.000000000000e+00       1.397137255784e-16       1.007342443889e-16      -9.192950319094e-18 
 2123       2.605023350499e-11       1.452423340483e-12      -2.177844809070e-12       0.000000000000e+00       1.394406642678e-16       1.006909883092e-16      -9.138809135153e-18 
 2124       2.604767268379e-11       1.447914714324e-12      -2.196089452022e-12       0.000000000000e+00       1.391682477261e-16       1.006381854454e-16      -9.084946601473e-18 
 2125       2.604621154410e-11       1.443280944652e-12      -2.214009951892e-12       0.000000000000e+00       1.388964732964e-16       1.005755929713e-16      -9.031428892770e-18 
 2126       2.604582911875e-11       1.438523044261e-12      -2.231598611692e-12       0.000000000000e+00       1.386253385349e-16       1.005030666030e-16      -8.978306086212e-18 
 2127       2.604650079069e-11       1.433642785147e-12      -2.248851707198e-12       0.000000000000e+00       1.383548419089e-16       1.004208594920e-16      -8.925563007109e-18 
 2128       2.604820095024e-11       1.428642135694e-12      -2.265766503666e-12       0.000000000000e+00       1.380849821036e-16       1.003293253882e-16      -8.873168045349e-18 
 2129       2.605090388288e-11       1.423523072603e-12      -2.282340258905e-12       0.000000000000e+00       1.378157577909e-16       1.002288194471e-16      -8.821089468380e-18 
 2130       2.605458376914e-11       1.418287580901e-12      -2.298570223267e-12       0.000000000000e+00       1.375471676288e-16       1.001196982315e-16      -8.769295421067e-18 
 2131       2.605921468449e-11       1.412937653955e-12      -2.314453639636e-12       0.000000000000e+00       1.372792102620e-16       1.000023197132e-16      -8.717753925547e-18 
 2132       2.606477059921e-11       1.407475293478e-12      -2.329987743428e-12       0.000000000000e+00       1.370118843214e-16       9.987704327448e-17      -8.666432881082e-18 
 2133       2.607122537824e-11       1.401902509540e-12      -2.345169762575e-12       0.000000000000e+00       1.367451884246e-16       9.974422971004e-17      -8.615300063914e-18 
 2134       2.607855278108e-11       1.396221320579e-12      -2.359996917524e-12       0.000000000000e+00       1.364791211751e-16       9.960424122845e-17      -8.564323127121e-18 
 2135       2.608672646164e-11       1.390433753414e-12      -2.374466421226e-12       0.000000000000e+00       1.362136811631e-16       9.945744145398e-17      -8.513469600471e-18 
 2136       2.609571996815e-11       1.384541843246e-12      -2.388575479129e-12       0.000000000000e+00       1.359488669650e-16       9.930419542818e-17      -8.462706890278e-18 
 2137       2.610550674300e-11       1.378547633680e-12      -2.402321289171e-12       0.000000000000e+00       1.356846771435e-16       9.914486961167e-17      -8.412002279252e-18 
 2138       2.611606012262e-11       1.372453176726e-12      -2.415701041771e-12       0.000000000000e+00       1.354211102476e-16       9.897983188571e-17      -8.361322926361e-18 
 2139       2.612735333735e-11       1.366260532813e-12      -2.428711919823e-12       0.000000000000e+00       1.351581648126e-16       9.880945155395e-17      -8.310635866679e-18 
 2140       2.613935951135e-11       1.359971770798e-12      -2.441351098689e-12       0.000000000000e+00       1.348958393599e-16       9.863409934408e-17      -8.259908011245e-18 
 2141       2.615205166241e-11       1.353588967977e-12      -2.453615746187e-12       0.000000000000e+00       1.346341323972e-16       9.845414740953e-17      -8.209106146914e-18 
 2142       2.616540270189e-11       1.347114210096e-12      -2.465503022589e-12       0.000000000000e+00       1.343730424185e-16       9.826996933113e-17      -8.158196936217e-18 
 2143       2.617938543453e-11       1.340549591357e-12      -2.477010080611e-12       0.000000000000e+00       1.341125679039e-16       9.808194011878e-17      -8.107146917211e-18 
 2144       2.619397255838e-11       1.333897214433e-12      -2.488134065404e-12       0.000000000000e+00       1.338527073196e-16       9.789043621318e-17      -8.055922503334e-18 
 2145       2.620913666464e-11       1.327159190476e-12      -2.498872114547e-12       0.000000000000e+00       1.335934591180e-16       9.769583548745e-17      -8.004489983263e-18 
 2146       2.622485023754e-11       1.320337639126e-12      -2.509221358044e-12       0.000000000000e+00       1.333348217377e-16       9.749851724886e-17      -7.952815520765e-18 
 2147       2.624108565422e-11       1.313434688522e-12      -2.519178918307e-12       0.000000000000e+00       1.330767936032e-16       9.729886224046e-17      -7.900865154555e-18 
 2148       2.625781518461e-11       1.306452475314e-12      -2.528741910158e-12       0.000000000000e+00       1.328193731254e-16       9.709725264280e-17      -7.848604798149e-18 
 2149       2.627501099126e-11       1.299393144671e-12      -2.537907440816e-12       0.000000000000e+00       1.325625587008e-16       9.689407207561e-17      -7.796000239715e-18 
 2150       2.629264512928e-11       1.292258850291e-12      -2.546672609891e-12       0.000000000000e+00       1.323063487124e-16       9.668970559944e-17      -7.743017141937e-18 
 2151       2.631068954617e-11       1.285051754411e-12      -2.555034509374e-12       0.000000000000e+00       1.320507415289e-16       9.648453971738e-17      -7.689621041860e-18 
 2152       2.632911608169e-11       1.277774027819e-12      -2.562990223634e-12       0.000000000000e+00       1.317957355053e-16       9.627896237673e-17      -7.635777350751e-18 
 2153       2.634789646776e-11       1.270427849863e-12      -2.570536829406e-12       0.000000000000e+00       1.315413289822e-16       9.607336297066e-17      -7.581451353950e-18 
 2154       2.636700232832e-11       1.263015408461e-12      -2.577671395787e-12       0.000000000000e+00       1.312875202865e-16       9.586813233991e-17      -7.526608210728e-18 
 2155       2.638640517921e-11       1.255538900109e-12      -2.584390984225e-12       0.000000000000e+00       1.310343077309e-16       9.566366277449e-17      -7.471212954137e-18 
 2156       2.640607642802e-11       1.248000529897e-12      -2.590692648513e-12       0.000000000000e+00       1.307816896140e-16       9.546034801529e-17      -7.415230490871e-18 
 2157       2.642598737400e-11       1.240402511513e-12      -2.596573434783e-12       0.000000000000e+00       1.305296642203e-16       9.525858325584e-17      -7.358625601115e-18 
 2158       2.644610920790e-11       1.232747067255e-12      -2.602030381496e-12       0.000000000000e+00       1.302782298203e-16       9.505876514394e-17      -7.301362938402e-18 
 2159       2.646641301186e-11       1.225036428044e-12      -2.607060519433e-12       0.000000000000e+00       1.300273846701e-16       9.486129178336e-17      -7.243407029470e-18 
 2160       2.648686975930e-11       1.217272833429e-12      -2.611660871693e-12       0.000000000000e+00       1.297771270121e-16       9.466656273551e-17      -7.184722274111e-18 
 2161       2.650745031474e-11       1.209458531601e-12      -2.615828453680e-12       0.000000000000e+00       1.295274550739e-16       9.447497902112e-17      -7.125272945032e-18 
 2162       2.652812543375e-11       1.201595779403e-12      -2.619560273098e-12       0.000000000000e+00       1.292783670695e-16       9.428694312193e-17      -7.065023187704e-18 
 2163       2.654886576275e-11       1.193686842337e-12      -2.622853329941e-12       0.000000000000e+00       1.290298611983e-16       9.410285898236e-17      -7.003937020223e-18 
 2164       2.656964183892e-11       1.185733994578e-12      -2.625704616490e-12       0.000000000000e+00       1.287819356456e-16       9.392313201120e-17      -6.941978333157e-18 
 2165       2.659042556925e-11       1.177739492653e-12      -2.628112050289e-12       0.000000000000e+00       1.285345887179e-16       9.374806735518e-17      -6.879124483414e-18 
 2166       2.661119467873e-11       1.169705496273e-12      -2.630077279998e-12       0.000000000000e+00       1.282878192513e-16       9.357756396462e-17      -6.815407176573e-18 
 2167       2.663192829198e-11       1.161634146989e-12      -2.631602898501e-12       0.000000000000e+00       1.280416262056e-16       9.341141846251e-17      -6.750871860688e-18 
 2168       2.665260545670e-11       1.153527594476e-12      -2.632691511652e-12       0.000000000000e+00       1.277960085296e-16       9.324942668390e-17      -6.685564157589e-18 
 2169       2.667320514362e-11       1.145387996548e-12      -2.633345738295e-12       0.000000000000e+00       1.275509651604e-16       9.309138367493e-17      -6.619529863082e-18 
 2170       2.669370624636e-11       1.137217519162e-12      -2.633568210279e-12       0.000000000000e+00       1.273064950241e-16       9.293708369192e-17      -6.552814947150e-18 
 2171       2.671408758141e-11       1.129018336434e-12      -2.633361572471e-12       0.000000000000e+00       1.270625970354e-16       9.278632020049e-17      -6.485465554159e-18 
 2172       2.673432788796e-11       1.120792630641e-12      -2.632728482781e-12       0.000000000000e+00       1.268192700974e-16       9.263888587456e-17      -6.417528003055e-18 
 2173       2.675440582788e-11       1.112542592237e-12      -2.631671612167e-12       0.000000000000e+00       1.265765131021e-16       9.249457259551e-17      -6.349048787573e-18 
 2174       2.677429998561e-11       1.104270419858e-12      -2.630193644660e-12       0.000000000000e+00       1.263343249298e-16       9.235317145116e-17      -6.280074576437e-18 
 2175       2.679398886805e-11       1.095978320334e-12      -2.628297277376e-12       0.000000000000e+00       1.260927044496e-16       9.221447273496e-17      -6.210652213560e-18 
 2176       2.681345090449e-11       1.087668508696e-12      -2.625985220535e-12       0.000000000000e+00       1.258516505192e-16       9.207826594497e-17      -6.140828718250e-18 
 2177       2.683266444653e-11       1.079343208189e-12      -2.623260197474e-12       0.000000000000e+00       1.256111619845e-16       9.194433978298e-17      -6.070651285412e-18 
 2178       2.685160776797e-11       1.071004650277e-12      -2.620124944665e-12       0.000000000000e+00       1.253712376803e-16       9.181248215359e-17      -6.000167285749e-18 
 2179       2.687025906473e-11       1.062655074658e-12      -2.616582211732e-12       0.000000000000e+00       1.251318764298e-16       9.168248016327e-17      -5.929424265964e-18 
 2180       2.688859645479e-11       1.054296729266e-12      -2.612634761466e-12       0.000000000000e+00       1.248930770445e-16       9.155412011944e-17      -5.858469948968e-18 
 2181       2.690659797804e-11       1.045931870288e-12      -2.608285369843e-12       0.000000000000e+00       1.246548383247e-16       9.142718752957e-17      -5.787352234074e-18 
 2182       2.692424159625e-11       1.037562762170e-12      -2.603536826036e-12       0.000000000000e+00       1.244171590589e-16       9.130146710021e-17      -5.716119197208e-18 
 2183       2.694150519294e-11       1.029191677625e-12      -2.598391932437e-12       0.000000000000e+00       1.241800380242e-16       9.117674273611e-17      -5.644819091106e-18 
 2184       2.695836657333e-11       1.020820897644e-12      -2.592853504670e-12       0.000000000000e+00       1.239434739860e-16       9.105279753928e-17      -5.573500345518e-18 
 2185       2.697480346420e-11       1.012452711507e-12      -2.586924371607e-12       0.000000000000e+00       1.237074656981e-16       9.092941380807e-17      -5.502211567411e-18 
 2186       2.699079351387e-11       1.004089416790e-12      -2.580607375386e-12       0.000000000000e+00       1.234720119030e-16       9.080637303623e-17      -5.431001541171e-18 
 2187       2.700631429204e-11       9.957333193755e-13      -2.573905371426e-12       0.000000000000e+00       1.232371113312e-16       9.068345591202e-17      -5.359919228808e-18 
 2188       2.702134328976e-11       9.873867334609e-13      -2.566821228444e-12       0.000000000000e+00       1.230027627016e-16       9.056044231724e-17      -5.289013770154e-18 
 2189       2.703585791929e-11       9.790519815698e-13      -2.559357828469e-12       0.000000000000e+00       1.227689647218e-16       9.043711132636e-17      -5.218334483069e-18 
 2190       2.704983551405e-11       9.707313945601e-13      -2.551518066862e-12       0.000000000000e+00       1.225357160873e-16       9.031324120555e-17      -5.147930863644e-18 
 2191       2.706325332854e-11       9.624273116340e-13      -2.543304852331e-12       0.000000000000e+00       1.223030154821e-16       9.018860941180e-17      -5.077852586400e-18 
 2192       2.707608853819e-11       9.541420803469e-13      -2.534721106944e-12       0.000000000000e+00       1.220708615785e-16       9.006299259194e-17      -5.008149504494e-18 
 2193       2.708831823934e-11       9.458780566173e-13      -2.525769766151e-12       0.000000000000e+00       1.218392530370e-16       8.993616658179e-17      -4.938871649919e-18 
 2194       2.709991944911e-11       9.376376047363e-13      -2.516453778795e-12       0.000000000000e+00       1.216081885066e-16       8.980790640516e-17      -4.870069233711e-18 
 2195       2.711086910532e-11       9.294230973764e-13      -2.506776107131e-12       0.000000000000e+00       1.213776666242e-16       8.967798627298e-17      -4.801792646145e-18 
 2196       2.712114406644e-11       9.212369156018e-13      -2.496739726842e-12       0.000000000000e+00       1.211476860152e-16       8.954617958236e-17      -4.734092456942e-18 
 2197       2.713072111141e-11       9.130814488772e-13      -2.486347627055e-12       0.000000000000e+00       1.209182452930e-16       8.941225891567e-17      -4.667019415472e-18 
 2198       2.713957693966e-11       9.049590950775e-13      -2.475602810357e-12       0.000000000000e+00       1.206893430593e-16       8.927599603960e-17      -4.600624450954e-18 
 2199       2.714768817094e-11       8.968722604973e-13      -2.464508292812e-12       0.000000000000e+00       1.204609779041e-16       8.913716190427e-17      -4.534958672659e-18 
 2200       2.715503134527e-11       8.888233598600e-13      -2.453067103976e-12       0.000000000000e+00       1.202331484053e-16       8.899552664226e-17      -4.470073370115e-18 
 2201       2.716158292285e-11       8.808148163278e-13      -2.441282286916e-12       0.000000000000e+00       1.200058531292e-16       8.885085956773e-17      -4.406020013306e-18 
 2202       2.716731928394e-11       8.728490615105e-13      -2.429156898221e-12       0.000000000000e+00       1.197790906300e-16       8.870292917547e-17      -4.342850252878e-18 
 2203       2.717221672882e-11       8.649285354755e-13      -2.416694008024e-12       0.000000000000e+00       1.195528594502e-16       8.855150314001e-17      -4.280615920339e-18 
 2204       2.717625424751e-11       8.570554942615e-13      -2.403897157318e-12       0.000000000000e+00       1.193271580988e-16       8.839639845143e-17      -4.219355034355e-18 
 2205       2.717942184935e-11       8.492314310041e-13      -2.390771733198e-12       0.000000000000e+00       1.191019849876e-16       8.823763218888e-17      -4.159049717651e-18 
 2206       2.718171228856e-11       8.414576509841e-13      -2.377323602787e-12       0.000000000000e+00       1.188773384941e-16       8.807527174670e-17      -4.099668000986e-18 
 2207       2.718311829944e-11       8.337354637784e-13      -2.363558656791e-12       0.000000000000e+00       1.186532169838e-16       8.790938478891e-17      -4.041177791545e-18 
 2208       2.718363259632e-11       8.260661832650e-13      -2.349482809522e-12       0.000000000000e+00       1.184296188095e-16       8.774003924949e-17      -3.983546872788e-18 
 2209       2.718324787356e-11       8.184511276272e-13      -2.335101998932e-12       0.000000000000e+00       1.182065423118e-16       8.756730333273e-17      -3.926742904315e-18 
 2210       2.718195680551e-11       8.108916193588e-13      -2.320422186637e-12       0.000000000000e+00       1.179839858187e-16       8.739124551352e-17      -3.870733421717e-18 
 2211       2.717975204649e-11       8.033889852682e-13      -2.305449357945e-12       0.000000000000e+00       1.177619476456e-16       8.721193453769e-17      -3.815485836434e-18 
 2212       2.717662623080e-11       7.959445564838e-13      -2.290189521882e-12       0.000000000000e+00       1.175404260955e-16       8.702943942228e-17      -3.760967435615e-18 
 2213       2.717257197265e-11       7.885596684581e-13      -2.274648711223e-12       0.000000000000e+00       1.173194194589e-16       8.684382945590e-17      -3.707145381973e-18 
 2214       2.716758186620e-11       7.812356609725e-13      -2.258832982518e-12       0.000000000000e+00       1.170989260138e-16       8.665517419902e-17      -3.653986713641e-18 
 2215       2.716164848549e-11       7.739738781424e-13      -2.242748416118e-12       0.000000000000e+00       1.168789440255e-16       8.646354348429e-17      -3.601458344030e-18 
 2216       2.715476438444e-11       7.667756684212e-13      -2.226401116204e-12       0.000000000000e+00       1.166594717468e-16       8.626900741686e-17      -3.549527061687e-18 
 2217       2.714692209683e-11       7.596423846056e-13      -2.209797210816e-12       0.000000000000e+00       1.164405074179e-16       8.607163637469e-17      -3.498159530152e-18 
 2218       2.713811413627e-11       7.525753838400e-13      -2.192942851877e-12       0.000000000000e+00       1.162220492664e-16       8.587150100886e-17      -3.447322287811e-18 
 2219       2.712833299619e-11       7.455760276212e-13      -2.175844215224e-12       0.000000000000e+00       1.160040955073e-16       8.566867224389e-17      -3.396981747760e-18 
 2220       2.711757114982e-11       7.386456818030e-13      -2.158507500633e-12       0.000000000000e+00       1.157866443429e-16       8.546322127805e-17      -3.347104197656e-18 
 2221       2.710582105018e-11       7.317857166013e-13      -2.140938931849e-12       0.000000000000e+00       1.155696939628e-16       8.525521958371e-17      -3.297655799576e-18 
 2222       2.709307513002e-11       7.249975065981e-13      -2.123144756610e-12       0.000000000000e+00       1.153532425442e-16       8.504473890757e-17      -3.248602589876e-18 
 2223       2.707932580183e-11       7.182824307469e-13      -2.105131246680e-12       0.000000000000e+00       1.151372882512e-16       8.483185127107e-17      -3.199910479044e-18 
 2224       2.706456545783e-11       7.116418723769e-13      -2.086904697871e-12       0.000000000000e+00       1.149218292354e-16       8.461662897065e-17      -3.151545251562e-18 
 2225       2.704878646994e-11       7.050772191980e-13      -2.068471430072e-12       0.000000000000e+00       1.147068636358e-16       8.439914457806e-17      -3.103472565759e-18 
 2226       2.703198118973e-11       6.985898633050e-13      -2.049837787280e-12       0.000000000000e+00       1.144923895783e-16       8.417947094073e-17      -3.055657953667e-18 
 2227       2.701414194845e-11       6.921812011831e-13      -2.031010137625e-12       0.000000000000e+00       1.142784051765e-16       8.395768118201e-17      -3.008066820885e-18 
 2228       2.699526105697e-11       6.858526337117e-13      -2.011994873394e-12       0.000000000000e+00       1.140649085307e-16       8.373384870153e-17      -2.960664446428e-18 
 2229       2.697533080578e-11       6.796055661697e-13      -1.992798411066e-12       0.000000000000e+00       1.138518977288e-16       8.350804717552e-17      -2.913415982588e-18 
 2230       2.695434346496e-11       6.734414082399e-13      -1.973427191335e-12       0.000000000000e+00       1.136393708458e-16       8.328035055709e-17      -2.866286454791e-18 
 2231       2.693229128417e-11       6.673615740139e-13      -1.953887679135e-12       0.000000000000e+00       1.134273259437e-16       8.305083307659e-17      -2.819240761453e-18 
 2232       2.690916649262e-11       6.613674819965e-13      -1.934186363676e-12       0.000000000000e+00       1.132157610719e-16       8.281956924187e-17      -2.772243673839e-18 
 2233       2.688496129907e-11       6.554605551105e-13      -1.914329758462e-12       0.000000000000e+00       1.130046742667e-16       8.258663383864e-17      -2.725259835915e-18 
 2234       2.685966789176e-11       6.496422207018e-13      -1.894324401324e-12       0.000000000000e+00       1.127940635517e-16       8.235210193076e-17      -2.678253764213e-18 
 2235       2.683327843845e-11       6.439139105432e-13      -1.874176854449e-12       0.000000000000e+00       1.125839269375e-16       8.211604886058e-17      -2.631189847679e-18 
 2236       2.680578508637e-11       6.382770608400e-13      -1.853893704401e-12       0.000000000000e+00       1.123742624218e-16       8.187855024923e-17      -2.584032347538e-18 
 2237       2.677717996219e-11       6.327331122340e-13      -1.833481562156e-12       0.000000000000e+00       1.121650679894e-16       8.163968199693e-17      -2.536745397146e-18 
 2238       2.674745517203e-11       6.272835098088e-13      -1.812947063124e-12       0.000000000000e+00       1.119563416121e-16       8.139952028332e-17      -2.489293001849e-18 
 2239       2.671660280142e-11       6.219297030939e-13      -1.792296867180e-12       0.000000000000e+00       1.117480812488e-16       8.115814156780e-17      -2.441639038839e-18 
 2240       2.668461491525e-11       6.166731460698e-13      -1.771537658689e-12       0.000000000000e+00       1.115402848453e-16       8.091562258977e-17      -2.393747257012e-18 
 2241       2.665148355783e-11       6.115152971723e-13      -1.750676146535e-12       0.000000000000e+00       1.113329503345e-16       8.067204036902e-17      -2.345581276826e-18 
 2242       2.661720075279e-11       6.064576192978e-13      -1.729719064151e-12       0.000000000000e+00       1.111260756363e-16       8.042747220602e-17      -2.297104590154e-18 
 2243       2.658176106334e-11       6.015013371203e-13      -1.708673022175e-12       0.000000000000e+00       1.109196588821e-16       8.018198603828e-17      -2.248284581651e-18 
 2244       2.654516929118e-11       5.966467073048e-13      -1.687544065340e-12       0.000000000000e+00       1.107136990904e-16       7.993561144008e-17      -2.199104621817e-18 
 2245       2.650743282781e-11       5.918937435402e-13      -1.666338112751e-12       0.000000000000e+00       1.105081954957e-16       7.968836843409e-17      -2.149552052575e-18 
 2246       2.646855909885e-11       5.872424587928e-13      -1.645061105010e-12       0.000000000000e+00       1.103031473244e-16       7.944027711825e-17      -2.099614172892e-18 
 2247       2.642855556411e-11       5.826928653052e-13      -1.623719004242e-12       0.000000000000e+00       1.100985537942e-16       7.919135766577e-17      -2.049278238724e-18 
 2248       2.638742971765e-11       5.782449745952e-13      -1.602317794117e-12       0.000000000000e+00       1.098944141150e-16       7.894163032530e-17      -1.998531462974e-18 
 2249       2.634518908776e-11       5.738987974548e-13      -1.580863479876e-12       0.000000000000e+00       1.096907274881e-16       7.869111542094e-17      -1.947361015444e-18 
 2250       2.630184123707e-11       5.696543439487e-13      -1.559362088356e-12       0.000000000000e+00       1.094874931064e-16       7.843983335240e-17      -1.895754022786e-18 
 2251       2.625739376255e-11       5.655116234138e-13      -1.537819668008e-12       0.000000000000e+00       1.092847101546e-16       7.818780459501e-17      -1.843697568460e-18 
 2252       2.621185429555e-11       5.614706444577e-13      -1.516242288931e-12       0.000000000000e+00       1.090823778093e-16       7.793504969987e-17      -1.791178692678e-18 
 2253       2.616523050185e-11       5.575314149577e-13      -1.494636042885e-12       0.000000000000e+00       1.088804952382e-16       7.768158929389e-17      -1.738184392366e-18 
 2254       2.611753008173e-11       5.536939420596e-13      -1.473007043323e-12       0.000000000000e+00       1.086790616011e-16       7.742744407988e-17      -1.684701621111e-18 
 2255       2.606876076994e-11       5.499582321769e-13      -1.451361425414e-12       0.000000000000e+00       1.084780760491e-16       7.717263483668e-17      -1.630717289117e-18 
 2256       2.601893033581e-11       5.463242909892e-13      -1.429705346062e-12       0.000000000000e+00       1.082775377253e-16       7.691718241917e-17      -1.576218263157e-18 
 2257       2.596804658327e-11       5.427921234418e-13      -1.408044983937e-12       0.000000000000e+00       1.080774457640e-16       7.666110775841e-17      -1.521191366525e-18 
 2258       2.591611735087e-11       5.393617337438e-13      -1.386386539492e-12       0.000000000000e+00       1.078777992912e-16       7.640443186172e-17      -1.465623378990e-18 
 2259       2.586315051182e-11       5.360331253676e-13      -1.364736234995e-12       0.000000000000e+00       1.076785974246e-16       7.614717581273e-17      -1.409501036747e-18 
 2260       2.580915397409e-11       5.328063010477e-13      -1.343100314545e-12       0.000000000000e+00       1.074798392734e-16       7.588936077151e-17      -1.352811032375e-18 
 2261       2.575413568036e-11       5.296812627794e-13      -1.321485044101e-12       0.000000000000e+00       1.072815239382e-16       7.563100797462e-17      -1.295540014782e-18 
 2262       2.569810360815e-11       5.266580118177e-13      -1.299896711506e-12       0.000000000000e+00       1.070836505114e-16       7.537213873521e-17      -1.237674589166e-18 
 2263       2.564106576978e-11       5.237365486764e-13      -1.278341626509e-12       0.000000000000e+00       1.068862180768e-16       7.511277444311e-17      -1.179201316961e-18 
 2264       2.558303021248e-11       5.209168731269e-13      -1.256826120788e-12       0.000000000000e+00       1.066892257096e-16       7.485293656488e-17      -1.120106715795e-18 
 2265       2.552400501838e-11       5.181989841972e-13      -1.235356547978e-12       0.000000000000e+00       1.064926724767e-16       7.459264664396e-17      -1.060377259440e-18 
 2266       2.546399830459e-11       5.155828801706e-13      -1.213939283694e-12       0.000000000000e+00       1.062965574364e-16       7.433192630068e-17      -9.999993777671e-19 
 2267       2.540301822321e-11       5.130685585846e-13      -1.192580725552e-12       0.000000000000e+00       1.061008796385e-16       7.407079723242e-17      -9.389594566959e-19 
 2268       2.534107296138e-11       5.106560162303e-13      -1.171287293195e-12       0.000000000000e+00       1.059056381242e-16       7.380928121361e-17      -8.772438381512e-19 
 2269       2.527817074132e-11       5.083452491504e-13      -1.150065428319e-12       0.000000000000e+00       1.057108319262e-16       7.354740009590e-17      -8.148388200139e-19 
 2270       2.521431982040e-11       5.061362526390e-13      -1.128921594692e-12       0.000000000000e+00       1.055164600687e-16       7.328517580818e-17      -7.517306560743e-19 
 2271       2.514952849113e-11       5.040290212399e-13      -1.107862278186e-12       0.000000000000e+00       1.053225215673e-16       7.302263035670e-17      -6.879055559848e-19 
 2272       2.508380508123e-11       5.020235487458e-13      -1.086893986790e-12       0.000000000000e+00       1.051290154289e-16       7.275978582514e-17      -6.233496852132e-19 
 2273       2.501715795367e-11       5.001198281972e-13      -1.066023250647e-12       0.000000000000e+00       1.049359406521e-16       7.249666437470e-17      -5.580491649953e-19 
 2274       2.494959550672e-11       4.983178518810e-13      -1.045256622065e-12       0.000000000000e+00       1.047432962266e-16       7.223328824419e-17      -4.919900722880e-19 
 2275       2.488112617395e-11       4.966176113298e-13      -1.024600675552e-12       0.000000000000e+00       1.045510811337e-16       7.196967975009e-17      -4.251584397218e-19 
 2276       2.481175842433e-11       4.950190973204e-13      -1.004062007834e-12       0.000000000000e+00       1.043592943458e-16       7.170586128668e-17      -3.575402555543e-19 
 2277       2.474150076222e-11       4.935222998732e-13      -9.836472378797e-13       0.000000000000e+00       1.041679348270e-16       7.144185532608e-17      -2.891214636225e-19 
 2278       2.467036172744e-11       4.921272082507e-13      -9.633630069258e-13       0.000000000000e+00       1.039770015325e-16       7.117768441834e-17      -2.198879632961e-19 
 2279       2.459834989529e-11       4.908338109564e-13      -9.432159785006e-13       0.000000000000e+00       1.037864934090e-16       7.091337119158e-17      -1.498256094303e-19 
 2280       2.452547387662e-11       4.896420957340e-13      -9.232128384481e-13       0.000000000000e+00       1.035964093944e-16       7.064893835197e-17      -7.892021231862e-20 
 2281       2.445174231785e-11       4.885520495660e-13      -9.033602949517e-13       0.000000000000e+00       1.034067484180e-16       7.038440868394e-17      -7.157537645856e-21 
 2282       2.437716512909e-11       4.875634836774e-13      -8.836644977299e-13       0.000000000000e+00       1.032175094524e-16       7.011980146509e-17       6.546279635913e-20 
 2283       2.430175717717e-11       4.866755073220e-13      -8.641292915010e-13       0.000000000000e+00       1.030286916705e-16       6.985512168603e-17       1.388855299320e-19 
 2284       2.422553461637e-11       4.858870506176e-13      -8.447579513611e-13       0.000000000000e+00       1.028402942894e-16       6.959037076157e-17       2.130412827578e-19 
 2285       2.414851366261e-11       4.851970392304e-13      -8.255537626061e-13       0.000000000000e+00       1.026523165186e-16       6.932555010956e-17       2.878604265546e-19 
 2286       2.407071059346e-11       4.846043943691e-13      -8.065200207424e-13       0.000000000000e+00       1.024647575600e-16       6.906066115083e-17       3.632730848002e-19 
 2287       2.399214174826e-11       4.841080327805e-13      -7.876600314976e-13       0.000000000000e+00       1.022776166077e-16       6.879570530925e-17       4.392091324590e-19 
 2288       2.391282352814e-11       4.837068667437e-13      -7.689771108311e-13       0.000000000000e+00       1.020908928484e-16       6.853068401169e-17       5.155981957094e-19 
 2289       2.383277239615e-11       4.833998040654e-13      -7.504745849448e-13       0.000000000000e+00       1.019045854610e-16       6.826559868806e-17       5.923696516705e-19 
 2290       2.375200487726e-11       4.831857480747e-13      -7.321557902937e-13       0.000000000000e+00       1.017186936165e-16       6.800045077126e-17       6.694526281294e-19 
 2291       2.367053755848e-11       4.830635976179e-13      -7.140240735966e-13       0.000000000000e+00       1.015332164785e-16       6.773524169725e-17       7.467760032676e-19 
 2292       2.358838708891e-11       4.830322470532e-13      -6.960827918470e-13       0.000000000000e+00       1.013481532029e-16       6.746997290499e-17       8.242684053888e-19 
 2293       2.350557017981e-11       4.830905862461e-13      -6.783353123232e-13       0.000000000000e+00       1.011635029375e-16       6.720464583648e-17       9.018582126452e-19 
 2294       2.342210360467e-11       4.832375005636e-13      -6.607850125997e-13       0.000000000000e+00       1.009792648229e-16       6.693926193673e-17       9.794735527651e-19 
 2295       2.333800419927e-11       4.834718708695e-13      -6.434352805571e-13       0.000000000000e+00       1.007954379916e-16       6.667382265380e-17       1.057042302779e-18 
 2296       2.325328886177e-11       4.837925735194e-13      -6.262895143935e-13       0.000000000000e+00       1.006120215684e-16       6.640832943878e-17       1.134492088749e-18 
 2297       2.316797455277e-11       4.841984803550e-13      -6.093511226346e-13       0.000000000000e+00       1.004290146705e-16       6.614278374579e-17       1.211750285491e-18 
 2298       2.308207829537e-11       4.846884586994e-13      -5.926235241446e-13       0.000000000000e+00       1.002464164071e-16       6.587718703201e-17       1.288744016306e-18 
 2299       2.299561717525e-11       4.852613713521e-13      -5.761101481368e-13       0.000000000000e+00       1.000642258797e-16       6.561154075763e-17       1.365400152709e-18 
 2300       2.290860834072e-11       4.859160765833e-13      -5.598144341845e-13       0.000000000000e+00       9.988244218224e-17       6.534584638589e-17       1.441645314147e-18 
 2301       2.282106900282e-11       4.866514281293e-13      -5.437398322314e-13       0.000000000000e+00       9.970106440051e-17       6.508010538308e-17       1.517405867736e-18 
 2302       2.273301643538e-11       4.874662751874e-13      -5.278898026021e-13       0.000000000000e+00       9.952009161269e-17       6.481431921855e-17       1.592607927983e-18 
 2303       2.264446797505e-11       4.883594624101e-13      -5.122678160134e-13       0.000000000000e+00       9.933952288907e-17       6.454848936467e-17       1.667177356513e-18 
 2304       2.255544102144e-11       4.893298299008e-13      -4.968773535843e-13       0.000000000000e+00       9.915935729213e-17       6.428261729688e-17       1.741039761796e-18 
 2305       2.246595303713e-11       4.903762132081e-13      -4.817219068471e-13       0.000000000000e+00       9.897959387648e-17       6.401670449367e-17       1.814120498879e-18 
 2306       2.237602154774e-11       4.914974433209e-13      -4.668049777576e-13       0.000000000000e+00       9.880023168891e-17       6.375075243658e-17       1.886344669103e-18 
 2307       2.228566414207e-11       4.926923466634e-13      -4.521300787066e-13       0.000000000000e+00       9.862126976832e-17       6.348476261020e-17       1.957637119840e-18 
 2308       2.219489847206e-11       4.939597450896e-13      -4.377007325295e-13       0.000000000000e+00       9.844270714573e-17       6.321873650220e-17       2.027922444214e-18 
 2309       2.210374225296e-11       4.952984558784e-13      -4.235204725178e-13       0.000000000000e+00       9.826454284429e-17       6.295267560329e-17       2.097124980831e-18 
 2310       2.201221326333e-11       4.967072917286e-13      -4.095928424294e-13       0.000000000000e+00       9.808677587924e-17       6.268658140725e-17       2.165168813504e-18 
 2311       2.192032934515e-11       4.981850607536e-13      -3.959213964993e-13       0.000000000000e+00       9.790940525791e-17       6.242045541094e-17       2.231977770980e-18 
 2312       2.182810840387e-11       4.997305664760e-13      -3.825096994503e-13       0.000000000000e+00       9.773242997973e-17       6.215429911427e-17       2.297475426670e-18 
 2313       2.173556840847e-11       5.013426078232e-13      -3.693613265038e-13       0.000000000000e+00       9.755584903618e-17       6.188811402022e-17       2.361585098372e-18 
 2314       2.164272739156e-11       5.030199791214e-13      -3.564798633902e-13       0.000000000000e+00       9.737966141081e-17       6.162190163485e-17       2.424229848001e-18 
 2315       2.154960344943e-11       5.047614700913e-13      -3.438689063596e-13       0.000000000000e+00       9.720386607922e-17       6.135566346729e-17       2.485332481314e-18 
 2316       2.145621474210e-11       5.065658658422e-13      -3.315320621928e-13       0.000000000000e+00       9.702846200905e-17       6.108940102974e-17       2.544815547638e-18 
 2317       2.136257949344e-11       5.084319468674e-13      -3.194729482115e-13       0.000000000000e+00       9.685344815996e-17       6.082311583749e-17       2.602601339596e-18 
 2318       2.126871599118e-11       5.103584890391e-13      -3.076951922893e-13       0.000000000000e+00       9.667882348364e-17       6.055680940889e-17       2.658611892838e-18 
 2319       2.117464258702e-11       5.123442636028e-13      -2.962024328623e-13       0.000000000000e+00       9.650458692378e-17       6.029048326541e-17       2.712768985760e-18 
 2320       2.108037769670e-11       5.143880371725e-13      -2.849983189397e-13       0.000000000000e+00       9.633073741606e-17       6.002413893155e-17       2.764994139241e-18 
 2321       2.098593937402e-11       5.164885322726e-13      -2.740858380381e-13       0.000000000000e+00       9.615727389768e-17       5.975778167481e-17       2.815228606644e-18 
 2322       2.089134403002e-11       5.186443087021e-13      -2.634652953309e-13       0.000000000000e+00       9.598419533590e-17       5.949143175097e-17       2.863493482202e-18 
 2323       2.079660770588e-11       5.208538814114e-13      -2.531363217725e-13       0.000000000000e+00       9.581150069963e-17       5.922511322969e-17       2.909829971255e-18 
 2324       2.070174649823e-11       5.231157598821e-13      -2.430985450134e-13       0.000000000000e+00       9.563918894994e-17       5.895885026120e-17       2.954279434562e-18 
 2325       2.060677655930e-11       5.254284481203e-13      -2.333515893955e-13       0.000000000000e+00       9.546725904005e-17       5.869266707635e-17       2.996883388481e-18 
 2326       2.051171409685e-11       5.277904446509e-13      -2.238950759477e-13       0.000000000000e+00       9.529570991530e-17       5.842658798674e-17       3.037683505135e-18 
 2327       2.041657537436e-11       5.302002425116e-13      -2.147286223823e-13       0.000000000000e+00       9.512454051315e-17       5.816063738475e-17       3.076721612586e-18 
 2328       2.032137671099e-11       5.326563292470e-13      -2.058518430896e-13       0.000000000000e+00       9.495374976318e-17       5.789483974366e-17       3.114039695008e-18 
 2329       2.022613448168e-11       5.351571869022e-13      -1.972643491347e-13       0.000000000000e+00       9.478333658705e-17       5.762921961775e-17       3.149679892857e-18 
 2330       2.013086511723e-11       5.377012920171e-13      -1.889657482525e-13       0.000000000000e+00       9.461329989854e-17       5.736380164234e-17       3.183684503047e-18 
 2331       2.003558510432e-11       5.402871156204e-13      -1.809556448436e-13       0.000000000000e+00       9.444363860349e-17       5.709861053391e-17       3.216095979118e-18 
 2332       1.994031098558e-11       5.429131232234e-13      -1.732336399699e-13       0.000000000000e+00       9.427435159980e-17       5.683367109017e-17       3.246956931410e-18 
 2333       1.984505935968e-11       5.455777748143e-13      -1.657993313508e-13       0.000000000000e+00       9.410543777745e-17       5.656900819016e-17       3.276310127234e-18 
 2334       1.974984688133e-11       5.482795248518e-13      -1.586523133580e-13       0.000000000000e+00       9.393689601846e-17       5.630464679432e-17       3.304198491046e-18 
 2335       1.965469026142e-11       5.510168222593e-13      -1.517921770121e-13       0.000000000000e+00       9.376872519689e-17       5.604061194458e-17       3.330665104618e-18 
 2336       1.955960626700e-11       5.537881104191e-13      -1.452185099778e-13       0.000000000000e+00       9.360092417882e-17       5.577692876445e-17       3.355753207209e-18 
 2337       1.946461172138e-11       5.565918271659e-13      -1.389308965597e-13       0.000000000000e+00       9.343349182236e-17       5.551362245910e-17       3.379506195741e-18 
 2338       1.936972350420e-11       5.594264047812e-13      -1.329289176979e-13       0.000000000000e+00       9.326642697761e-17       5.525071831546e-17       3.401967624964e-18 
 2339       1.927495855147e-11       5.622902699873e-13      -1.272121509641e-13       0.000000000000e+00       9.309972848668e-17       5.498824170227e-17       3.423181207636e-18 
 2340       1.918033385561e-11       5.651818439407e-13      -1.217801705568e-13       0.000000000000e+00       9.293339518366e-17       5.472621807021e-17       3.443190814691e-18 
 2341       1.908586646557e-11       5.680995422271e-13      -1.166325472972e-13       0.000000000000e+00       9.276742589463e-17       5.446467295194e-17       3.462040475411e-18 
 2342       1.899157348682e-11       5.710417748544e-13      -1.117688486250e-13       0.000000000000e+00       9.260181943761e-17       5.420363196223e-17       3.479774377598e-18 
 2343       1.889747208147e-11       5.740069462474e-13      -1.071886385941e-13       0.000000000000e+00       9.243657462260e-17       5.394312079803e-17       3.496436867748e-18 
 2344       1.880357946827e-11       5.769934552413e-13      -1.028914778681e-13       0.000000000000e+00       9.227169025154e-17       5.368316523851e-17       3.512072451222e-18 
 2345       1.870991292273e-11       5.799996950760e-13      -9.887692371622e-14       0.000000000000e+00       9.210716511829e-17       5.342379114524e-17       3.526725792418e-18 
 2346       1.861648977715e-11       5.830240533902e-13      -9.514453000877e-14       0.000000000000e+00       9.194299800864e-17       5.316502446218e-17       3.540441714943e-18 
 2347       1.852332742065e-11       5.860649122148e-13      -9.169384721310e-14       0.000000000000e+00       9.177918770032e-17       5.290689121582e-17       3.553265201786e-18 
 2348       1.843044329929e-11       5.891206479675e-13      -8.852442238916e-14       0.000000000000e+00       9.161573296292e-17       5.264941751525e-17       3.565241395487e-18 
 2349       1.833785491610e-11       5.921896314466e-13      -8.563579918524e-14       0.000000000000e+00       9.145263255795e-17       5.239262955225e-17       3.576415598315e-18 
 2350       1.824557983112e-11       5.952702278249e-13      -8.302751783362e-14       0.000000000000e+00       9.128988523881e-17       5.213655360137e-17       3.586833272435e-18 
 2351       1.815363566150e-11       5.983607966438e-13      -8.069911514637e-14       0.000000000000e+00       9.112748975075e-17       5.188121602001e-17       3.596540040080e-18 
 2352       1.806204008152e-11       6.014596918071e-13      -7.865012451094e-14       0.000000000000e+00       9.096544483089e-17       5.162664324853e-17       3.605581683729e-18 
 2353       1.797081082269e-11       6.045652615754e-13      -7.688007588594e-14       0.000000000000e+00       9.080374920822e-17       5.137286181030e-17       3.614004146270e-18 
 2354       1.787996567376e-11       6.076758485596e-13      -7.538849579682e-14       0.000000000000e+00       9.064240160355e-17       5.111989831181e-17       3.621853531181e-18 
 2355       1.778952248084e-11       6.107897897153e-13      -7.417490733156e-14       0.000000000000e+00       9.048140072953e-17       5.086777944276e-17       3.629176102696e-18 
 2356       1.769949914740e-11       6.139054163364e-13      -7.323883013636e-14       0.000000000000e+00       9.032074529063e-17       5.061653197612e-17       3.636018285981e-18 
 2357       1.760991363436e-11       6.170210540495e-13      -7.257978041139e-14       0.000000000000e+00       9.016043398313e-17       5.036618276823e-17       3.642426667303e-18 
 2358       1.752078396017e-11       6.201350228077e-13      -7.219727090643e-14       0.000000000000e+00       9.000046549511e-17       5.011675875889e-17       3.648447994203e-18 
 2359       1.743212820083e-11       6.232456368843e-13      -7.209081091662e-14       0.000000000000e+00       8.984083850644e-17       4.986828697145e-17       3.654129175669e-18 
 2360       1.734396290936e-11       6.263512948537e-13      -7.225945544681e-14       0.000000000000e+00       8.968155180231e-17       4.962078744393e-17       3.659514377797e-18 
 2361       1.725629836343e-11       6.294507501530e-13      -7.270044965679e-14       0.000000000000e+00       8.952260461462e-17       4.937425197445e-17       3.664636290728e-18 
 2362       1.716914328837e-11       6.325428421869e-13      -7.341057599779e-14       0.000000000000e+00       8.936399628268e-17       4.912866524410e-17       3.669524807872e-18 
 2363       1.708250643512e-11       6.356264064892e-13      -7.438660426612e-14       0.000000000000e+00       8.920572613985e-17       4.888401187388e-17       3.674209925613e-18 
 2364       1.699639658025e-11       6.387002747193e-13      -7.562529158920e-14       0.000000000000e+00       8.904779351356e-17       4.864027642463e-17       3.678721743418e-18 
 2365       1.691082252599e-11       6.417632746576e-13      -7.712338241151e-14       0.000000000000e+00       8.889019772529e-17       4.839744339693e-17       3.683090463943e-18 
 2366       1.682579310027e-11       6.448142302018e-13      -7.887760848064e-14       0.000000000000e+00       8.873293809053e-17       4.815549723106e-17       3.687346393148e-18 
 2367       1.674131715673e-11       6.478519613627e-13      -8.088468883323e-14       0.000000000000e+00       8.857601391884e-17       4.791442230693e-17       3.691519940403e-18 
 2368       1.665740357472e-11       6.508752842601e-13      -8.314132978098e-14       0.000000000000e+00       8.841942451376e-17       4.767420294400e-17       3.695641618598e-18 
 2369       1.657406125938e-11       6.538830111190e-13      -8.564422489666e-14       0.000000000000e+00       8.826316917287e-17       4.743482340123e-17       3.699742044252e-18 
 2370       1.649129914163e-11       6.568739502649e-13      -8.839005500005e-14       0.000000000000e+00       8.810724718776e-17       4.719626787701e-17       3.703851937625e-18 
 2371       1.640912617821e-11       6.598469061204e-13      -9.137548814401e-14       0.000000000000e+00       8.795165784399e-17       4.695852050909e-17       3.708002122827e-18 
 2372       1.632755135169e-11       6.628006792009e-13      -9.459717960039e-14       0.000000000000e+00       8.779640042115e-17       4.672156537449e-17       3.712223527922e-18 
 2373       1.624658367051e-11       6.657340661104e-13      -9.805177184609e-14       0.000000000000e+00       8.764147419278e-17       4.648538648949e-17       3.716547185048e-18 
 2374       1.616623216900e-11       6.686458595374e-13      -1.017358945490e-13       0.000000000000e+00       8.748687842641e-17       4.624996780950e-17       3.721004230517e-18 
 2375       1.608650590740e-11       6.715348482511e-13      -1.056461645540e-13       0.000000000000e+00       8.733261238352e-17       4.601529322904e-17       3.725625904930e-18 
 2376       1.600741397191e-11       6.743998170973e-13      -1.097791858691e-13       0.000000000000e+00       8.717867531958e-17       4.578134658164e-17       3.730443553282e-18 
 2377       1.592896547467e-11       6.772395469939e-13      -1.141315496510e-13       0.000000000000e+00       8.702506648398e-17       4.554811163980e-17       3.735488625078e-18 
 2378       1.585116955384e-11       6.800528149273e-13      -1.186998341918e-13       0.000000000000e+00       8.687178512007e-17       4.531557211491e-17       3.740792674437e-18 
 2379       1.577403537358e-11       6.828383939483e-13      -1.234806049041e-13       0.000000000000e+00       8.671883046514e-17       4.508371165717e-17       3.746387360204e-18 
 2380       1.569757212410e-11       6.855950531677e-13      -1.284704143078e-13       0.000000000000e+00       8.656620175038e-17       4.485251385555e-17       3.752304446058e-18 
 2381       1.562178902168e-11       6.883215577524e-13      -1.336658020157e-13       0.000000000000e+00       8.641389820092e-17       4.462196223771e-17       3.758575800623e-18 
 2382       1.554669530870e-11       6.910166689215e-13      -1.390632947195e-13       0.000000000000e+00       8.626191903581e-17       4.439204026993e-17       3.765233397579e-18 
 2383       1.547230025365e-11       6.936791439421e-13      -1.446594061758e-13       0.000000000000e+00       8.611026346799e-17       4.416273135706e-17       3.772309315767e-18 
 2384       1.539861315117e-11       6.963077361251e-13      -1.504506371921e-13       0.000000000000e+00       8.595893070429e-17       4.393401884241e-17       3.779835739303e-18 
 2385       1.532564332209e-11       6.989011948213e-13      -1.564334756131e-13       0.000000000000e+00       8.580791994545e-17       4.370588600775e-17       3.787844957684e-18 
 2386       1.525340011340e-11       7.014582654173e-13      -1.626043963060e-13       0.000000000000e+00       8.565723038606e-17       4.347831607317e-17       3.796369365902e-18 
 2387       1.518189289835e-11       7.039776893313e-13      -1.689598611472e-13       0.000000000000e+00       8.550686121460e-17       4.325129219708e-17       3.805441464548e-18 
 2388       1.511113107641e-11       7.064582040093e-13      -1.754963190080e-13       0.000000000000e+00       8.535681161342e-17       4.302479747609e-17       3.815093859927e-18 
 2389       1.504112407335e-11       7.088985429207e-13      -1.822102057403e-13       0.000000000000e+00       8.520708075871e-17       4.279881494498e-17       3.825359264163e-18 
 2390       1.497188134122e-11       7.112974355545e-13      -1.890979441633e-13       0.000000000000e+00       8.505766782053e-17       4.257332757662e-17       3.836270495312e-18 
 2391       1.490341235841e-11       7.136536074151e-13      -1.961559440487e-13       0.000000000000e+00       8.490857196275e-17       4.234831828188e-17       3.847860477469e-18 
 2392       1.483572662964e-11       7.159657800182e-13      -2.033806021073e-13       0.000000000000e+00       8.475979234310e-17       4.212376990961e-17       3.860162240880e-18 
 2393       1.476883368603e-11       7.182326708868e-13      -2.107683019747e-13       0.000000000000e+00       8.461132811312e-17       4.189966524654e-17       3.873208922048e-18 
 2394       1.470274308509e-11       7.204529935472e-13      -2.183154141973e-13       0.000000000000e+00       8.446317841818e-17       4.167598701721e-17       3.887033763848e-18 
 2395       1.463746441076e-11       7.226254575248e-13      -2.260182962183e-13       0.000000000000e+00       8.431534239744e-17       4.145271788394e-17       3.901670115629e-18 
 2396       1.457300727342e-11       7.247487683400e-13      -2.338732923640e-13       0.000000000000e+00       8.416781918387e-17       4.122984044671e-17       3.917151433333e-18 
 2397       1.450938130996e-11       7.268216275042e-13      -2.418767338291e-13       0.000000000000e+00       8.402060790424e-17       4.100733724314e-17       3.933511279595e-18 
 2398       1.444659618375e-11       7.288427325159e-13      -2.500249386635e-13       0.000000000000e+00       8.387370767910e-17       4.078519074838e-17       3.950783323860e-18 
 2399       1.438465977330e-11       7.308109333722e-13      -2.583141489478e-13       0.000000000000e+00       8.372711770182e-17       4.056339080335e-17       3.968983343945e-18 
 2400       1.432357272605e-11       7.327257031570e-13      -2.667403419313e-13       0.000000000000e+00       8.358083747631e-17       4.034195694891e-17       3.988055110483e-18 
 2401       1.426333387138e-11       7.345866703172e-13      -2.752994177133e-13       0.000000000000e+00       8.343486658073e-17       4.012091622782e-17       4.007924172422e-18 
 2402       1.420394202898e-11       7.363934624062e-13      -2.839872619337e-13       0.000000000000e+00       8.328920458859e-17       3.990029576901e-17       4.028515825307e-18 
 2403       1.414539600887e-11       7.381457060837e-13      -2.927997457571e-13       0.000000000000e+00       8.314385106872e-17       3.968012278759e-17       4.049755111018e-18 
 2404       1.408769461130e-11       7.398430271146e-13      -3.017327258577e-13       0.000000000000e+00       8.299880558527e-17       3.946042458499e-17       4.071566817502e-18 
 2405       1.403083662685e-11       7.414850503680e-13      -3.107820444040e-13       0.000000000000e+00       8.285406769774e-17       3.924122854903e-17       4.093875478509e-18 
 2406       1.397482083632e-11       7.430713998168e-13      -3.199435290436e-13       0.000000000000e+00       8.270963696090e-17       3.902256215403e-17       4.116605373327e-18 
 2407       1.391964601079e-11       7.446016985367e-13      -3.292129928875e-13       0.000000000000e+00       8.256551292486e-17       3.880445296085e-17       4.139680526512e-18 
 2408       1.386531091157e-11       7.460755687053e-13      -3.385862344952e-13       0.000000000000e+00       8.242169513501e-17       3.858692861703e-17       4.163024707629e-18 
 2409       1.381181429017e-11       7.474926316014e-13      -3.480590378592e-13       0.000000000000e+00       8.227818313205e-17       3.837001685685e-17       4.186561430981e-18 
 2410       1.375915488836e-11       7.488525076043e-13      -3.576271723896e-13       0.000000000000e+00       8.213497645195e-17       3.815374550142e-17       4.210213955347e-18 
 2411       1.370733143806e-11       7.501548161927e-13      -3.672863928989e-13       0.000000000000e+00       8.199207462599e-17       3.793814245878e-17       4.233905283714e-18 
 2412       1.365634266143e-11       7.513991759441e-13      -3.770324395868e-13       0.000000000000e+00       8.184947718069e-17       3.772323572396e-17       4.257558163012e-18 
 2413       1.360618727076e-11       7.525852045339e-13      -3.868610380246e-13       0.000000000000e+00       8.170718363786e-17       3.750905337912e-17       4.281095083852e-18 
 2414       1.355686396854e-11       7.537125187349e-13      -3.967678991400e-13       0.000000000000e+00       8.156519351456e-17       3.729562359357e-17       4.304438280252e-18 
 2415       1.350837144739e-11       7.547807344159e-13      -4.067487192019e-13       0.000000000000e+00       8.142350632314e-17       3.708297462392e-17       4.327509729381e-18 
 2416       1.346070839009e-11       7.557894665413e-13      -4.167991798050e-13       0.000000000000e+00       8.128212157115e-17       3.687113481412e-17       4.350231151287e-18 
 2417       1.341387346953e-11       7.567383291705e-13      -4.269149478543e-13       0.000000000000e+00       8.114103876142e-17       3.666013259560e-17       4.372524008635e-18 
 2418       1.336786534872e-11       7.576269354563e-13      -4.370916755502e-13       0.000000000000e+00       8.100025739201e-17       3.644999648729e-17       4.394309506439e-18 
 2419       1.332268268079e-11       7.584548976451e-13      -4.473250003727e-13       0.000000000000e+00       8.085977695621e-17       3.624075509578e-17       4.415508591797e-18 
 2420       1.327832410893e-11       7.592218270753e-13      -4.576105450665e-13       0.000000000000e+00       8.071959694253e-17       3.603243711534e-17       4.436041953627e-18 
 2421       1.323478826645e-11       7.599273341769e-13      -4.679439176254e-13       0.000000000000e+00       8.057971683470e-17       3.582507132807e-17       4.455830022398e-18 
 2422       1.319207377668e-11       7.605710284704e-13      -4.783207112772e-13       0.000000000000e+00       8.044013611167e-17       3.561868660394e-17       4.474792969871e-18 
 2423       1.315017925305e-11       7.611525185664e-13      -4.887365044682e-13       0.000000000000e+00       8.030085424759e-17       3.541331190091e-17       4.492850708824e-18 
 2424       1.310910329901e-11       7.616714121644e-13      -4.991868608479e-13       0.000000000000e+00       8.016187071182e-17       3.520897626500e-17       4.509922892795e-18 
 2425       1.306884450803e-11       7.621273160522e-13      -5.096673292537e-13       0.000000000000e+00       8.002318496891e-17       3.500570883038e-17       4.525928915813e-18 
 2426       1.302940146363e-11       7.625198361051e-13      -5.201734436958e-13       0.000000000000e+00       7.988479647858e-17       3.480353881946e-17       4.540787912129e-18 
 2427       1.299077273931e-11       7.628485772848e-13      -5.307007233416e-13       0.000000000000e+00       7.974670469576e-17       3.460249554298e-17       4.554418755958e-18 
 2428       1.295295689857e-11       7.631131436392e-13      -5.412446725004e-13       0.000000000000e+00       7.960890907054e-17       3.440260840011e-17       4.566740061207e-18 
 2429       1.291595249490e-11       7.633131383009e-13      -5.518007806083e-13       0.000000000000e+00       7.947140904818e-17       3.420390687850e-17       4.577670181211e-18 
 2430       1.287975807176e-11       7.634481634867e-13      -5.623645222128e-13       0.000000000000e+00       7.933420406910e-17       3.400642055442e-17       4.587127208471e-18 
 2431       1.284437216255e-11       7.635178204972e-13      -5.729313569571e-13       0.000000000000e+00       7.919729356889e-17       3.381017909281e-17       4.595028974383e-18 
 2432       1.280979329063e-11       7.635217097150e-13      -5.834967295655e-13       0.000000000000e+00       7.906067697828e-17       3.361521224736e-17       4.601293048975e-18 
 2433       1.277601996929e-11       7.634594306049e-13      -5.940560698274e-13       0.000000000000e+00       7.892435372314e-17       3.342154986064e-17       4.605836740642e-18 
 2434       1.274305070175e-11       7.633305817126e-13      -6.046047925826e-13       0.000000000000e+00       7.878832322448e-17       3.322922186416e-17       4.608577095881e-18 
 2435       1.271088398112e-11       7.631347606639e-13      -6.151382977053e-13       0.000000000000e+00       7.865258489846e-17       3.303825827846e-17       4.609430899023e-18 
 2436       1.267951829043e-11       7.628715641640e-13      -6.256519700894e-13       0.000000000000e+00       7.851713815634e-17       3.284868921320e-17       4.608314671969e-18 
 2437       1.264895210256e-11       7.625405879965e-13      -6.361411796329e-13       0.000000000000e+00       7.838198240452e-17       3.266054486725e-17       4.605144673922e-18 
 2438       1.261918269819e-11       7.621415686340e-13      -6.466015633485e-13       0.000000000000e+00       7.824711700393e-17       3.247384918835e-17       4.599862128911e-18 
 2439       1.259020261159e-11       7.616748089988e-13      -6.570298735784e-13       0.000000000000e+00       7.811254114811e-17       3.228860081035e-17       4.592509074426e-18 
 2440       1.256200316341e-11       7.611407552576e-13      -6.674231348430e-13       0.000000000000e+00       7.797825398441e-17       3.210479200164e-17       4.583152967780e-18 
 2441       1.253457564086e-11       7.605398554443e-13      -6.777783621683e-13       0.000000000000e+00       7.784425465446e-17       3.192241499519e-17       4.571861499930e-18 
 2442       1.250791129761e-11       7.598725594624e-13      -6.880925610762e-13       0.000000000000e+00       7.771054229418e-17       3.174146198844e-17       4.558702595725e-18 
 2443       1.248200135380e-11       7.591393190868e-13      -6.983627275744e-13       0.000000000000e+00       7.757711603380e-17       3.156192514335e-17       4.543744414144e-18 
 2444       1.245683699600e-11       7.583405879659e-13      -7.085858481474e-13       0.000000000000e+00       7.744397499778e-17       3.138379658625e-17       4.527055348545e-18 
 2445       1.243240937715e-11       7.574768216237e-13      -7.187588997465e-13       0.000000000000e+00       7.731111830487e-17       3.120706840792e-17       4.508704026905e-18 
 2446       1.240870961655e-11       7.565484774620e-13      -7.288788497804e-13       0.000000000000e+00       7.717854506807e-17       3.103173266344e-17       4.488759312063e-18 
 2447       1.238572879979e-11       7.555560147620e-13      -7.389426561053e-13       0.000000000000e+00       7.704625439465e-17       3.085778137222e-17       4.467290301969e-18 
 2448       1.236345797876e-11       7.544998946869e-13      -7.489472670155e-13       0.000000000000e+00       7.691424538610e-17       3.068520651795e-17       4.444366329921e-18 
 2449       1.234188817159e-11       7.533805802835e-13      -7.588896212338e-13       0.000000000000e+00       7.678251713817e-17       3.051400004853e-17       4.420056964812e-18 
 2450       1.232101036259e-11       7.521985364846e-13      -7.687666479018e-13       0.000000000000e+00       7.665106874082e-17       3.034415387606e-17       4.394432011372e-18 
 2451       1.230081550226e-11       7.509542301107e-13      -7.785752665700e-13       0.000000000000e+00       7.651989927825e-17       3.017565987678e-17       4.367561510414e-18 
 2452       1.228129450723e-11       7.496481298724e-13      -7.883123871887e-13       0.000000000000e+00       7.638900782888e-17       3.000850989105e-17       4.339515739074e-18 
 2453       1.226243826022e-11       7.482807063722e-13      -7.979749100980e-13       0.000000000000e+00       7.625839346532e-17       2.984269572330e-17       4.310365211059e-18 
 2454       1.224423761001e-11       7.468524321067e-13      -8.075597260185e-13       0.000000000000e+00       7.612805525439e-17       2.967820914198e-17       4.280180676885e-18 
 2455       1.222668337141e-11       7.453637814685e-13      -8.170637160412e-13       0.000000000000e+00       7.599799225713e-17       2.951504187953e-17       4.249033124126e-18 
 2456       1.220976632520e-11       7.438152307484e-13      -8.264837516183e-13       0.000000000000e+00       7.586820352873e-17       2.935318563234e-17       4.216993777653e-18 
 2457       1.219347721815e-11       7.422072581372e-13      -8.358166945533e-13       0.000000000000e+00       7.573868811859e-17       2.919263206073e-17       4.184134099882e-18 
 2458       1.217780676290e-11       7.405403437283e-13      -8.450593969916e-13       0.000000000000e+00       7.560944507026e-17       2.903337278885e-17       4.150525791013e-18 
 2459       1.216274563800e-11       7.388149695190e-13      -8.542087014109e-13       0.000000000000e+00       7.548047342150e-17       2.887539940472e-17       4.116240789276e-18 
 2460       1.214828448784e-11       7.370316194132e-13      -8.632614406112e-13       0.000000000000e+00       7.535177220417e-17       2.871870346012e-17       4.081351271176e-18 
 2461       1.213441392260e-11       7.351907792230e-13      -8.722144377055e-13       0.000000000000e+00       7.522334044434e-17       2.856327647059e-17       4.045929651732e-18 
 2462       1.212112451825e-11       7.332929366711e-13      -8.810645061102e-13       0.000000000000e+00       7.509517716219e-17       2.840910991538e-17       4.010048584726e-18 
 2463       1.210840681650e-11       7.313385813924e-13      -8.898084495354e-13       0.000000000000e+00       7.496728137205e-17       2.825619523741e-17       3.973780962943e-18 
 2464       1.209625132474e-11       7.293282049367e-13      -8.984430619750e-13       0.000000000000e+00       7.483965208239e-17       2.810452384323e-17       3.937199918413e-18 
 2465       1.208464851604e-11       7.272623007701e-13      -9.069651276977e-13       0.000000000000e+00       7.471228829579e-17       2.795408710297e-17       3.900378822661e-18 
 2466       1.207358882908e-11       7.251413642774e-13      -9.153714212368e-13       0.000000000000e+00       7.458518900896e-17       2.780487635032e-17       3.863391286944e-18 
 2467       1.206306266815e-11       7.229658927641e-13      -9.236587073807e-13       0.000000000000e+00       7.445835321272e-17       2.765688288247e-17       3.826311162498e-18 
 2468       1.205306040308e-11       7.207363854585e-13      -9.318237411636e-13       0.000000000000e+00       7.433177989199e-17       2.751009796010e-17       3.789212540779e-18 
 2469       1.204357236924e-11       7.184533435135e-13      -9.398632678554e-13       0.000000000000e+00       7.420546802578e-17       2.736451280730e-17       3.752169753710e-18 
 2470       1.203458886746e-11       7.161172700089e-13      -9.477740229525e-13       0.000000000000e+00       7.407941658721e-17       2.722011861154e-17       3.715257373921e-18 
 2471       1.202610016404e-11       7.137286699535e-13      -9.555527321680e-13       0.000000000000e+00       7.395362454345e-17       2.707690652367e-17       3.678550214997e-18 
 2472       1.201809649067e-11       7.112880502868e-13      -9.631961114219e-13       0.000000000000e+00       7.382809085579e-17       2.693486765783e-17       3.642123331714e-18 
 2473       1.201056804442e-11       7.087959198815e-13      -9.707008668317e-13       0.000000000000e+00       7.370281447954e-17       2.679399309142e-17       3.606052020293e-18 
 2474       1.200350498772e-11       7.062527895451e-13      -9.780636947027e-13       0.000000000000e+00       7.357779436411e-17       2.665427386510e-17       3.570411818633e-18 
 2475       1.199689744827e-11       7.036591720224e-13      -9.852812815187e-13       0.000000000000e+00       7.345302945295e-17       2.651570098269e-17       3.535278506562e-18 
 2476       1.199073551906e-11       7.010155819972e-13      -9.923503039316e-13       0.000000000000e+00       7.332851868355e-17       2.637826541116e-17       3.500728106076e-18 
 2477       1.198500911830e-11       6.983226021005e-13      -9.992678639023e-13       0.000000000000e+00       7.320426109246e-17       2.624196447391e-17       3.466823193221e-18 
 2478       1.197970756842e-11       6.955810813570e-13      -1.006032796951e-12       0.000000000000e+00       7.308025613090e-17       2.610682107182e-17       3.433571744810e-18 
 2479       1.197482001452e-11       6.927919379160e-13      -1.012644371620e-12       0.000000000000e+00       7.295650335102e-17       2.597286457573e-17       3.400968048921e-18 
 2480       1.197033556411e-11       6.899560931548e-13      -1.019101855027e-12       0.000000000000e+00       7.283300230099e-17       2.584012444353e-17       3.369006371142e-18 
 2481       1.196624328706e-11       6.870744716824e-13      -1.025404512863e-12       0.000000000000e+00       7.270975252507e-17       2.570863022025e-17       3.337680954549e-18 
 2482       1.196253221556e-11       6.841480013426e-13      -1.031551609391e-12       0.000000000000e+00       7.258675356353e-17       2.557841153814e-17       3.306986019684e-18 
 2483       1.195919134411e-11       6.811776132174e-13      -1.037542407445e-12       0.000000000000e+00       7.246400495270e-17       2.544949811677e-17       3.276915764529e-18 
 2484       1.195620962944e-11       6.781642416305e-13      -1.043376168429e-12       0.000000000000e+00       7.234150622496e-17       2.532191976310e-17       3.247464364482e-18 
 2485       1.195357599052e-11       6.751088241505e-13      -1.049052152315e-12       0.000000000000e+00       7.221925690868e-17       2.519570637157e-17       3.218625972330e-18 
 2486       1.195127930845e-11       6.720123015941e-13      -1.054569617645e-12       0.000000000000e+00       7.209725652831e-17       2.507088792419e-17       3.190394718234e-18 
 2487       1.194930842651e-11       6.688756180296e-13      -1.059927821526e-12       0.000000000000e+00       7.197550460427e-17       2.494749449061e-17       3.162764709693e-18 
 2488       1.194765215005e-11       6.656997207805e-13      -1.065126019630e-12       0.000000000000e+00       7.185400065304e-17       2.482555622824e-17       3.135730031529e-18 
 2489       1.194629924648e-11       6.624855604282e-13      -1.070163466195e-12       0.000000000000e+00       7.173274418709e-17       2.470510338227e-17       3.109284745860e-18 
 2490       1.194523844523e-11       6.592340908160e-13      -1.075039414020e-12       0.000000000000e+00       7.161173471489e-17       2.458616628583e-17       3.083422892074e-18 
 2491       1.194445843772e-11       6.559462690519e-13      -1.079753114470e-12       0.000000000000e+00       7.149097174092e-17       2.446877536003e-17       3.058138486808e-18 
 2492       1.194394787729e-11       6.526230555125e-13      -1.084303817466e-12       0.000000000000e+00       7.137045476567e-17       2.435296111404e-17       3.033425523922e-18 
 2493       1.194369537920e-11       6.492654138457e-13      -1.088690771493e-12       0.000000000000e+00       7.125018328559e-17       2.423875414522e-17       3.009277974475e-18 
 2494       1.194368952056e-11       6.458743109746e-13      -1.092913223594e-12       0.000000000000e+00       7.113015679316e-17       2.412618513914e-17       2.985689786703e-18 
 2495       1.194391884032e-11       6.424507171006e-13      -1.096970419367e-12       0.000000000000e+00       7.101037477679e-17       2.401528486974e-17       2.962654885991e-18 
 2496       1.194437183919e-11       6.389956057065e-13      -1.100861602971e-12       0.000000000000e+00       7.089083672092e-17       2.390608419934e-17       2.940167174853e-18 
 2497       1.194503697966e-11       6.355099535604e-13      -1.104586017117e-12       0.000000000000e+00       7.077154210591e-17       2.379861407878e-17       2.918220532906e-18 
 2498       1.194590268590e-11       6.319947407185e-13      -1.108142903071e-12       0.000000000000e+00       7.065249040813e-17       2.369290554747e-17       2.896808816847e-18 
 2499       1.194695734376e-11       6.284509505289e-13      -1.111531500653e-12       0.000000000000e+00       7.053368109988e-17       2.358898973351e-17       2.875925860425e-18 
 2500       1.194818930073e-11       6.248795696345e-13      -1.114751048235e-12       0.000000000000e+00       7.041511364944e-17       2.348689785374e-17       2.855565474424e-18 
 2501       1.194958686587e-11       6.212815879766e-13      -1.117800782741e-12       0.000000000000e+00       7.029678752103e-17       2.338666121385e-17       2.835721446632e-18 
 2502       1.195113830982e-11       6.176579987982e-13      -1.120679939641e-12       0.000000000000e+00       7.017870217481e-17       2.328831120845e-17       2.816387541820e-18 
 2503       1.195283186470e-11       6.140097986474e-13      -1.123387752959e-12       0.000000000000e+00       7.006085706689e-17       2.319187932115e-17       2.797557501720e-18 
 2504       1.195465572413e-11       6.103379873806e-13      -1.125923455262e-12       0.000000000000e+00       6.994325164931e-17       2.309739712467e-17       2.779225044997e-18 
 2505       1.195659804317e-11       6.066435681659e-13      -1.128286277667e-12       0.000000000000e+00       6.982588537006e-17       2.300489628092e-17       2.761383867226e-18 
 2506       1.195864693827e-11       6.029275474864e-13      -1.130475449835e-12       0.000000000000e+00       6.970875767304e-17       2.291440854104e-17       2.744027640871e-18 
 2507       1.196079048722e-11       5.991909351438e-13      -1.132490199971e-12       0.000000000000e+00       6.959186799807e-17       2.282596574555e-17       2.727150015256e-18 
 2508       1.196301672917e-11       5.954347442612e-13      -1.134329754824e-12       0.000000000000e+00       6.947521578089e-17       2.273959982439e-17       2.710744616545e-18 
 2509       1.196531366452e-11       5.916599912872e-13      -1.135993339683e-12       0.000000000000e+00       6.935880045316e-17       2.265534279704e-17       2.694805047715e-18 
 2510       1.196766925491e-11       5.878676959983e-13      -1.137480178382e-12       0.000000000000e+00       6.924262144243e-17       2.257322677256e-17       2.679324888536e-18 
 2511       1.197007142322e-11       5.840588815031e-13      -1.138789493290e-12       0.000000000000e+00       6.912667817217e-17       2.249328394972e-17       2.664297695541e-18 
 2512       1.197250805346e-11       5.802345742452e-13      -1.139920505318e-12       0.000000000000e+00       6.901097006172e-17       2.241554661705e-17       2.649717002006e-18 
 2513       1.197496699077e-11       5.763958040066e-13      -1.140872433915e-12       0.000000000000e+00       6.889549652634e-17       2.234004715295e-17       2.635576317927e-18 
 2514       1.197743604139e-11       5.725436039112e-13      -1.141644497063e-12       0.000000000000e+00       6.878025697717e-17       2.226681802575e-17       2.621869129992e-18 
 2515       1.197990297262e-11       5.686790104277e-13      -1.142235911283e-12       0.000000000000e+00       6.866525082121e-17       2.219589179384e-17       2.608588901560e-18 
 2516       1.198235628005e-11       5.648030382550e-13      -1.142646257164e-12       0.000000000000e+00       6.855047751578e-17       2.212729255478e-17       2.595722355167e-18 
 2517       1.198478749444e-11       5.609166048096e-13      -1.142876578297e-12       0.000000000000e+00       6.843593673215e-17       2.206101023827e-17       2.583229277377e-18 
 2518       1.198718888820e-11       5.570206053053e-13      -1.142928288737e-12       0.000000000000e+00       6.832162819278e-17       2.199702616378e-17       2.571062596351e-18 
 2519       1.198955270930e-11       5.531159378342e-13      -1.142802808051e-12       0.000000000000e+00       6.820755161709e-17       2.193532157777e-17       2.559175088491e-18 
 2520       1.199187118125e-11       5.492035033701e-13      -1.142501561330e-12       0.000000000000e+00       6.809370672135e-17       2.187587765366e-17       2.547519378287e-18 
 2521       1.199413650306e-11       5.452842057709e-13      -1.142025979186e-12       0.000000000000e+00       6.798009321875e-17       2.181867549169e-17       2.536047938167e-18 
 2522       1.199634084920e-11       5.413589517820e-13      -1.141377497768e-12       0.000000000000e+00       6.786671081938e-17       2.176369611891e-17       2.524713088344e-18 
 2523       1.199847636963e-11       5.374286510384e-13      -1.140557558758e-12       0.000000000000e+00       6.775355923017e-17       2.171092048904e-17       2.513466996668e-18 
 2524       1.200053518970e-11       5.334942160685e-13      -1.139567609383e-12       0.000000000000e+00       6.764063815497e-17       2.166032948247e-17       2.502261678471e-18 
 2525       1.200250941022e-11       5.295565622961e-13      -1.138409102420e-12       0.000000000000e+00       6.752794729451e-17       2.161190390609e-17       2.491048996416e-18 
 2526       1.200439110733e-11       5.256166080438e-13      -1.137083496200e-12       0.000000000000e+00       6.741548634636e-17       2.156562449328e-17       2.479780660350e-18 
 2527       1.200617233257e-11       5.216752745356e-13      -1.135592254614e-12       0.000000000000e+00       6.730325500499e-17       2.152147190383e-17       2.468408227145e-18 
 2528       1.200784511279e-11       5.177334859001e-13      -1.133936847121e-12       0.000000000000e+00       6.719125296172e-17       2.147942672381e-17       2.456883100556e-18 
 2529       1.200940145017e-11       5.137921691730e-13      -1.132118748753e-12       0.000000000000e+00       6.707947990474e-17       2.143946946556e-17       2.445156531060e-18 
 2530       1.201083332215e-11       5.098522542998e-13      -1.130139440117e-12       0.000000000000e+00       6.696793551909e-17       2.140158056757e-17       2.433179615713e-18 
 2531       1.201213268145e-11       5.059146741395e-13      -1.128000407406e-12       0.000000000000e+00       6.685661948666e-17       2.136574039442e-17       2.420903297992e-18 
 2532       1.201329145604e-11       5.019803644666e-13      -1.125703142404e-12       0.000000000000e+00       6.674553148621e-17       2.133192923669e-17       2.408278367649e-18 
 2533       1.201430154907e-11       4.980502639742e-13      -1.123249142489e-12       0.000000000000e+00       6.663467119332e-17       2.130012731089e-17       2.395255460555e-18 
 2534       1.201515483891e-11       4.941253142772e-13      -1.120639910640e-12       0.000000000000e+00       6.652403828043e-17       2.127031475940e-17       2.381785058552e-18 
 2535       1.201584317908e-11       4.902064599148e-13      -1.117876955444e-12       0.000000000000e+00       6.641363241680e-17       2.124247165036e-17       2.367817489302e-18 
 2536       1.201635839825e-11       4.862946483534e-13      -1.114961791102e-12       0.000000000000e+00       6.630345326854e-17       2.121657797762e-17       2.353302926131e-18 
 2537       1.201669230019e-11       4.823908299898e-13      -1.111895937431e-12       0.000000000000e+00       6.619350049859e-17       2.119261366065e-17       2.338191387883e-18 
 2538       1.201683666378e-11       4.784959581534e-13      -1.108680919876e-12       0.000000000000e+00       6.608377376670e-17       2.117055854446e-17       2.322432738765e-18 
 2539       1.201678324297e-11       4.746109891099e-13      -1.105318269510e-12       0.000000000000e+00       6.597427272945e-17       2.115039239954e-17       2.305976688199e-18 
 2540       1.201652376673e-11       4.707368820634e-13      -1.101809523044e-12       0.000000000000e+00       6.586499704024e-17       2.113209492177e-17       2.288772790667e-18 
 2541       1.201604993908e-11       4.668745991598e-13      -1.098156222829e-12       0.000000000000e+00       6.575594634928e-17       2.111564573233e-17       2.270770445562e-18 
 2542       1.201535343901e-11       4.630251054893e-13      -1.094359916866e-12       0.000000000000e+00       6.564712030360e-17       2.110102437765e-17       2.251918897036e-18 
 2543       1.201442592050e-11       4.591893690897e-13      -1.090422158809e-12       0.000000000000e+00       6.553851854701e-17       2.108821032933e-17       2.232167233848e-18 
 2544       1.201325901246e-11       4.553683609486e-13      -1.086344507971e-12       0.000000000000e+00       6.543014072015e-17       2.107718298404e-17       2.211464389214e-18 
 2545       1.201184431874e-11       4.515630550070e-13      -1.082128529330e-12       0.000000000000e+00       6.532198646045e-17       2.106792166345e-17       2.189759140654e-18 
 2546       1.201017341809e-11       4.477744281616e-13      -1.077775793537e-12       0.000000000000e+00       6.521405540212e-17       2.106040561417e-17       2.167000109843e-18 
 2547       1.200823786410e-11       4.440034602680e-13      -1.073287876919e-12       0.000000000000e+00       6.510634717617e-17       2.105461400768e-17       2.143135762457e-18 
 2548       1.200602918526e-11       4.402511341435e-13      -1.068666361484e-12       0.000000000000e+00       6.499886141040e-17       2.105052594019e-17       2.118114408023e-18 
 2549       1.200353888485e-11       4.365184355697e-13      -1.063912834930e-12       0.000000000000e+00       6.489159772939e-17       2.104812043266e-17       2.091884199768e-18 
 2550       1.200075844096e-11       4.328063532956e-13      -1.059028890651e-12       0.000000000000e+00       6.478455575448e-17       2.104737643063e-17       2.064393134467e-18 
 2551       1.199767930647e-11       4.291158790407e-13      -1.054016127739e-12       0.000000000000e+00       6.467773510382e-17       2.104827280421e-17       2.035589052290e-18 
 2552       1.199429290900e-11       4.254480074974e-13      -1.048876150992e-12       0.000000000000e+00       6.457113539229e-17       2.105078834797e-17       2.005419636655e-18 
 2553       1.199059065090e-11       4.218037363341e-13      -1.043610570920e-12       0.000000000000e+00       6.446475623157e-17       2.105490178086e-17       1.973832414073e-18 
 2554       1.198656390922e-11       4.181840661979e-13      -1.038221003752e-12       0.000000000000e+00       6.435859723007e-17       2.106059174617e-17       1.940774753996e-18 
 2555       1.198220518144e-11       4.145899124148e-13      -1.032709217051e-12       0.000000000000e+00       6.425265794283e-17       2.106783086554e-17       1.906215973647e-18 
 2556       1.197751152979e-11       4.110218395298e-13      -1.027077567466e-12       0.000000000000e+00       6.414693772062e-17       2.107656786421e-17       1.870213791215e-18 
 2557       1.197248115659e-11       4.074803252509e-13      -1.021328565500e-12       0.000000000000e+00       6.404143585999e-17       2.108674534317e-17       1.832848253212e-18 
 2558       1.196711226035e-11       4.039658486152e-13      -1.015464730140e-12       0.000000000000e+00       6.393615165323e-17       2.109830571558e-17       1.794199664334e-18 
 2559       1.196140303571e-11       4.004788899902e-13      -1.009488588857e-12       0.000000000000e+00       6.383108438848e-17       2.111119120658e-17       1.754348587719e-18 
 2560       1.195535167349e-11       3.970199310749e-13      -1.003402677623e-12       0.000000000000e+00       6.372623334963e-17       2.112534385305e-17       1.713375845196e-18 
 2561       1.194895636063e-11       3.935894549010e-13      -9.972095409130e-13       0.000000000000e+00       6.362159781640e-17       2.114070550349e-17       1.671362517548e-18 
 2562       1.194221528027e-11       3.901879458345e-13      -9.909117317176e-13       0.000000000000e+00       6.351717706425e-17       2.115721781778e-17       1.628389944760e-18 
 2563       1.193512661164e-11       3.868158895766e-13      -9.845118115493e-13       0.000000000000e+00       6.341297036445e-17       2.117482226705e-17       1.584539726277e-18 
 2564       1.192768853014e-11       3.834737731650e-13      -9.780123504517e-13       0.000000000000e+00       6.330897698403e-17       2.119346013343e-17       1.539893721258e-18 
 2565       1.191989920732e-11       3.801620849751e-13      -9.714159270083e-13       0.000000000000e+00       6.320519618578e-17       2.121307250991e-17       1.494534048832e-18 
 2566       1.191175681085e-11       3.768813147214e-13      -9.647251283502e-13       0.000000000000e+00       6.310162722827e-17       2.123360030014e-17       1.448543088351e-18 
 2567       1.190325950453e-11       3.736319534589e-13      -9.579425501653e-13       0.000000000000e+00       6.299826936582e-17       2.125498421825e-17       1.402003479644e-18 
 2568       1.189440544831e-11       3.704144935837e-13      -9.510707967066e-13       0.000000000000e+00       6.289512184850e-17       2.127716478863e-17       1.354998123277e-18 
 2569       1.188519279824e-11       3.672294288348e-13      -9.441124808002e-13       0.000000000000e+00       6.279218392214e-17       2.130008234579e-17       1.307610180802e-18 
 2570       1.187561970651e-11       3.640772542954e-13      -9.370702238546e-13       0.000000000000e+00       6.268945482829e-17       2.132367703416e-17       1.259923075015e-18 
 2571       1.186568432143e-11       3.609584663936e-13      -9.299466558686e-13       0.000000000000e+00       6.258693380426e-17       2.134788880789e-17       1.212020490208e-18 
 2572       1.185538478742e-11       3.578735629041e-13      -9.227444154398e-13       0.000000000000e+00       6.248462008309e-17       2.137265743065e-17       1.163986372429e-18 
 2573       1.184471924502e-11       3.548230429494e-13      -9.154661497736e-13       0.000000000000e+00       6.238251289355e-17       2.139792247551e-17       1.115904929732e-18 
 2574       1.183368583089e-11       3.518074070009e-13      -9.081145146910e-13       0.000000000000e+00       6.228061146012e-17       2.142362332467e-17       1.067860632431e-18 
 2575       1.182228267778e-11       3.488271568801e-13      -9.006921746375e-13       0.000000000000e+00       6.217891500302e-17       2.144969916932e-17       1.019938213362e-18 
 2576       1.181050791454e-11       3.458827957600e-13      -8.932018026915e-13       0.000000000000e+00       6.207742273816e-17       2.147608900947e-17       9.722226681289e-19 
 2577       1.179835966615e-11       3.429748281664e-13      -8.856460805730e-13       0.000000000000e+00       6.197613387718e-17       2.150273165371e-17       9.247992553648e-19 
 2578       1.178583605367e-11       3.401037599788e-13      -8.780276986515e-13       0.000000000000e+00       6.187504762742e-17       2.152956571906e-17       8.777534969836e-19 
 2579       1.177293519424e-11       3.372700984319e-13      -8.703493559551e-13       0.000000000000e+00       6.177416319191e-17       2.155652963080e-17       8.311711784359e-19 
 2580       1.175965520113e-11       3.344743521170e-13      -8.626137601786e-13       0.000000000000e+00       6.167347976938e-17       2.158356162223e-17       7.851383489635e-19 
 2581       1.174599418365e-11       3.317170309829e-13      -8.548236276923e-13       0.000000000000e+00       6.157299655425e-17       2.161059973454e-17       7.397413218545e-19 
 2582       1.173195024725e-11       3.289986463372e-13      -8.469816835501e-13       0.000000000000e+00       6.147271273662e-17       2.163758181657e-17       6.950666746980e-19 
 2583       1.171752149341e-11       3.263197108477e-13      -8.390906614984e-13       0.000000000000e+00       6.137262750229e-17       2.166444552468e-17       6.512012496386e-19 
 2584       1.170270601972e-11       3.236807385436e-13      -8.311533039843e-13       0.000000000000e+00       6.127274003270e-17       2.169112832253e-17       6.082321536319e-19 
 2585       1.168750191985e-11       3.210822448168e-13      -8.231723621640e-13       0.000000000000e+00       6.117304950500e-17       2.171756748089e-17       5.662467586985e-19 
 2586       1.167190728351e-11       3.185247464228e-13      -8.151505959118e-13       0.000000000000e+00       6.107355509196e-17       2.174370007746e-17       5.253327021796e-19 
 2587       1.165592019652e-11       3.160087614824e-13      -8.070907738280e-13       0.000000000000e+00       6.097425596205e-17       2.176946299670e-17       4.855778869914e-19 
 2588       1.163953874074e-11       3.135348094825e-13      -7.989956732476e-13       0.000000000000e+00       6.087515127938e-17       2.179479292962e-17       4.470704818799e-19 
 2589       1.162276099410e-11       3.111034112780e-13      -7.908680802490e-13       0.000000000000e+00       6.077624020370e-17       2.181962637362e-17       4.098989216758e-19 
 2590       1.160558503059e-11       3.087150890921e-13      -7.827107896621e-13       0.000000000000e+00       6.067752189043e-17       2.184389963227e-17       3.741519075494e-19 
 2591       1.158800892025e-11       3.063703665184e-13      -7.745266050771e-13       0.000000000000e+00       6.057899549060e-17       2.186754881515e-17       3.399184072654e-19 
 2592       1.157003072919e-11       3.040697685218e-13      -7.663183388529e-13       0.000000000000e+00       6.048066015091e-17       2.189050983766e-17       3.072876554376e-19 
 2593       1.155164851956e-11       3.018138214394e-13      -7.580888121254e-13       0.000000000000e+00       6.038251501365e-17       2.191271842081e-17       2.763491537838e-19 
 2594       1.153286129181e-11       2.996029523560e-13      -7.498407569664e-13       0.000000000000e+00       6.028455932979e-17       2.193413157374e-17       2.471680400732e-19 
 2595       1.151367181732e-11       2.974371866050e-13      -7.415765222391e-13       0.000000000000e+00       6.018679279867e-17       2.195479217395e-17       2.197110425307e-19 
 2596       1.149408382173e-11       2.953164485619e-13      -7.332983660988e-13       0.000000000000e+00       6.008921523017e-17       2.197476475126e-17       1.939201079432e-19 
 2597       1.147410104420e-11       2.932406621151e-13      -7.250085536988e-13       0.000000000000e+00       5.999182643189e-17       2.199411403841e-17       1.697369948222e-19 
 2598       1.145372723740e-11       2.912097506656e-13      -7.167093571971e-13       0.000000000000e+00       5.989462620914e-17       2.201290497129e-17       1.471032732201e-19 
 2599       1.143296616751e-11       2.892236371262e-13      -7.084030557635e-13       0.000000000000e+00       5.979761436490e-17       2.203120268912e-17       1.259603245455e-19 
 2600       1.141182161425e-11       2.872822439210e-13      -7.000919355857e-13       0.000000000000e+00       5.970079069987e-17       2.204907253464e-17       1.062493413791e-19 
 2601       1.139029737091e-11       2.853854929848e-13      -6.917782898767e-13       0.000000000000e+00       5.960415501243e-17       2.206658005434e-17       8.791132728941e-20 
 2602       1.136839724433e-11       2.835333057628e-13      -6.834644188808e-13       0.000000000000e+00       5.950770709868e-17       2.208379099862e-17       7.088709664841e-20 
 2603       1.134612505493e-11       2.817256032097e-13      -6.751526298813e-13       0.000000000000e+00       5.941144675236e-17       2.210077132199e-17       5.511727444739e-20 
 2604       1.132348463673e-11       2.799623057893e-13      -6.668452372063e-13       0.000000000000e+00       5.931537376495e-17       2.211758718329e-17       4.054229611260e-20 
 2605       1.130047983734e-11       2.782433334742e-13      -6.585445622360e-13       0.000000000000e+00       5.921948792555e-17       2.213430494588e-17       2.710240732094e-20 
 2606       1.127711451800e-11       2.765686057447e-13      -6.502529334093e-13       0.000000000000e+00       5.912378902100e-17       2.215099117782e-17       1.473766381576e-20 
 2607       1.125339255358e-11       2.749380415887e-13      -6.419726862305e-13       0.000000000000e+00       5.902827683578e-17       2.216771265207e-17       3.387931222532e-21 
 2608       1.122931783261e-11       2.733515595010e-13      -6.337061632761e-13       0.000000000000e+00       5.893295115206e-17       2.218453634672e-17      -7.007115135418e-21 
 2609       1.120489425726e-11       2.718090774826e-13      -6.254557142015e-13       0.000000000000e+00       5.883781174966e-17       2.220152944512e-17      -1.650799042117e-20 
 2610       1.118012574338e-11       2.703105130406e-13      -6.172236957478e-13       0.000000000000e+00       5.874285840609e-17       2.221875933617e-17      -2.517540046852e-20 
 2611       1.115501622053e-11       2.688557831871e-13      -6.090124717484e-13       0.000000000000e+00       5.864809089651e-17       2.223629361441e-17      -3.307024196620e-20 
 2612       1.112956963193e-11       2.674448044389e-13      -6.008244131359e-13       0.000000000000e+00       5.855350899376e-17       2.225420008030e-17      -4.025360264222e-20 
 2613       1.110378993455e-11       2.660774928171e-13      -5.926618979488e-13       0.000000000000e+00       5.845911246832e-17       2.227254674039e-17      -4.678676144811e-20 
 2614       1.107768109907e-11       2.647537638461e-13      -5.845273113383e-13       0.000000000000e+00       5.836490108833e-17       2.229140180750e-17      -5.273118874320e-20 
 2615       1.105124710992e-11       2.634735325536e-13      -5.764230455747e-13       0.000000000000e+00       5.827087461959e-17       2.231083370095e-17      -5.814854647889e-20 
 2616       1.102449196528e-11       2.622367134698e-13      -5.683515000547e-13       0.000000000000e+00       5.817703282556e-17       2.233091104670e-17      -6.310068838295e-20 
 2617       1.099741967711e-11       2.610432206265e-13      -5.603150813077e-13       0.000000000000e+00       5.808337546732e-17       2.235170267762e-17      -6.764966014378e-20 
 2618       1.097003427114e-11       2.598929675572e-13      -5.523162030027e-13       0.000000000000e+00       5.798990230361e-17       2.237327763365e-17      -7.185769959469e-20 
 2619       1.094233978690e-11       2.587858672961e-13      -5.443572859550e-13       0.000000000000e+00       5.789661309082e-17       2.239570516196e-17      -7.578723689816e-20 
 2620       1.091434027774e-11       2.577218323777e-13      -5.364407581331e-13       0.000000000000e+00       5.780350758297e-17       2.241905471723e-17      -7.950089473017e-20 
 2621       1.088603981081e-11       2.567007748362e-13      -5.285690546652e-13       0.000000000000e+00       5.771058553171e-17       2.244339596178e-17      -8.306148846440e-20 
 2622       1.085744246713e-11       2.557226062049e-13      -5.207446178461e-13       0.000000000000e+00       5.761784668633e-17       2.246879876577e-17      -8.653202635659e-20 
 2623       1.082855234155e-11       2.547872375158e-13      -5.129698971438e-13       0.000000000000e+00       5.752529079376e-17       2.249533320744e-17      -8.997570972873e-20 
 2624       1.079937354279e-11       2.538945792989e-13      -5.052473492065e-13       0.000000000000e+00       5.743291759854e-17       2.252306957327e-17      -9.345593315342e-20 
 2625       1.076991019344e-11       2.530445415818e-13      -4.975794378690e-13       0.000000000000e+00       5.734072684284e-17       2.255207835820e-17      -9.703628463809e-20 
 2626       1.074016643000e-11       2.522370338890e-13      -4.899686341599e-13       0.000000000000e+00       5.724871826646e-17       2.258243026579e-17      -1.007805458093e-19 
 2627       1.071014640285e-11       2.514719652414e-13      -4.824174163077e-13       0.000000000000e+00       5.715689160680e-17       2.261419620846e-17      -1.047526920970e-19 
 2628       1.067985427632e-11       2.507492441556e-13      -4.749282697482e-13       0.000000000000e+00       5.706524659891e-17       2.264744730765e-17      -1.090168929188e-19 
 2629       1.064929422864e-11       2.500687786439e-13      -4.675036871307e-13       0.000000000000e+00       5.697378297541e-17       2.268225489406e-17      -1.136375118644e-19 
 2630       1.061847045201e-11       2.494304762129e-13      -4.601461683252e-13       0.000000000000e+00       5.688250046656e-17       2.271869050779e-17      -1.186791068795e-19 
 2631       1.058738715258e-11       2.488342438637e-13      -4.528582204288e-13       0.000000000000e+00       5.679139880023e-17       2.275682589859e-17      -1.242064304506e-19 
 2632       1.055604855049e-11       2.482799880908e-13      -4.456423577726e-13       0.000000000000e+00       5.670047770186e-17       2.279673302603e-17      -1.302844297887e-19 
 2633       1.052445922654e-11       2.477675489992e-13      -4.385008508211e-13       0.000000000000e+00       5.660973687369e-17       2.283846404412e-17      -1.369664689888e-19 
 2634       1.049262516449e-11       2.472965022551e-13      -4.314349713307e-13       0.000000000000e+00       5.651917593204e-17       2.288199113314e-17      -1.442589235667e-19 
 2635       1.046055271462e-11       2.468663560324e-13      -4.244457430065e-13       0.000000000000e+00       5.642879446964e-17       2.292726633359e-17      -1.521563893765e-19 
 2636       1.042824824756e-11       2.464766167938e-13      -4.175341922307e-13       0.000000000000e+00       5.633859207644e-17       2.297424153121e-17      -1.606534427340e-19 
 2637       1.039571815430e-11       2.461267892889e-13      -4.107013480650e-13       0.000000000000e+00       5.624856833960e-17       2.302286845681e-17      -1.697446403963e-19 
 2638       1.036296884626e-11       2.458163765531e-13      -4.039482422530e-13       0.000000000000e+00       5.615872284347e-17       2.307309868615e-17      -1.794245195432e-19 
 2639       1.033000675525e-11       2.455448799051e-13      -3.972759092227e-13       0.000000000000e+00       5.606905516962e-17       2.312488363978e-17      -1.896875977573e-19 
 2640       1.029683833353e-11       2.453117989459e-13      -3.906853860888e-13       0.000000000000e+00       5.597956489681e-17       2.317817458290e-17      -2.005283730043e-19 
 2641       1.026347005380e-11       2.451166315566e-13      -3.841777126549e-13       0.000000000000e+00       5.589025160100e-17       2.323292262517e-17      -2.119413236138e-19 
 2642       1.022990840924e-11       2.449588738971e-13      -3.777539314164e-13       0.000000000000e+00       5.580111485533e-17       2.328907872063e-17      -2.239209082597e-19 
 2643       1.019615991354e-11       2.448380204042e-13      -3.714150875625e-13       0.000000000000e+00       5.571215423015e-17       2.334659366749e-17      -2.364615659405e-19 
 2644       1.016223110088e-11       2.447535637898e-13      -3.651622289786e-13       0.000000000000e+00       5.562336929299e-17       2.340541810799e-17      -2.495577159601e-19 
 2645       1.012812852599e-11       2.447049950395e-13      -3.589964062489e-13       0.000000000000e+00       5.553475960856e-17       2.346550252830e-17      -2.632037579080e-19 
 2646       1.009385876415e-11       2.446918034107e-13      -3.529186726586e-13       0.000000000000e+00       5.544632473874e-17       2.352679725828e-17      -2.773940716399e-19 
 2647       1.005942841120e-11       2.447134764311e-13      -3.469300841965e-13       0.000000000000e+00       5.535806424261e-17       2.358925247143e-17      -2.921230172583e-19 
 2648       1.002484408359e-11       2.447694998966e-13      -3.410316995572e-13       0.000000000000e+00       5.526997767640e-17       2.365281818467e-17      -3.073849350928e-19 
 2649       9.990112418367e-12       2.448593578700e-13      -3.352245801436e-13       0.000000000000e+00       5.518206459352e-17       2.371744425821e-17      -3.231741456806e-19 
 2650       9.955240073226e-12       2.449825326793e-13      -3.295097900693e-13       0.000000000000e+00       5.509432454456e-17       2.378308039541e-17      -3.394849497472e-19 
 2651       9.920233726500e-12       2.451385049159e-13      -3.238883961609e-13       0.000000000000e+00       5.500675707724e-17       2.384967614264e-17      -3.563116281865e-19 
 2652       9.885100077197e-12       2.453267534326e-13      -3.183614679606e-13       0.000000000000e+00       5.491936173648e-17       2.391718088908e-17      -3.736484420417e-19 
 2653       9.849845845014e-12       2.455467553426e-13      -3.129300777284e-13       0.000000000000e+00       5.483213806433e-17       2.398554386663e-17      -3.914896324855e-19 
 2654       9.814477770360e-12       2.457979860172e-13      -3.075953004445e-13       0.000000000000e+00       5.474508560000e-17       2.405471414974e-17      -4.098294208007e-19 
 2655       9.779002614372e-12       2.460799190843e-13      -3.023582138119e-13       0.000000000000e+00       5.465820387986e-17       2.412464065522e-17      -4.286620083608e-19 
 2656       9.743427158936e-12       2.463920264269e-13      -2.972198982584e-13       0.000000000000e+00       5.457149243741e-17       2.419527214217e-17      -4.479815766101e-19 
 2657       9.707758206709e-12       2.467337781811e-13      -2.921814369396e-13       0.000000000000e+00       5.448495080331e-17       2.426655721176e-17      -4.677822870447e-19 
 2658       9.672002581134e-12       2.471046427345e-13      -2.872439157407e-13       0.000000000000e+00       5.439857850536e-17       2.433844430711e-17      -4.880582811924e-19 
 2659       9.636167126463e-12       2.475040867247e-13      -2.824084232793e-13       0.000000000000e+00       5.431237506849e-17       2.441088171314e-17      -5.088036805939e-19 
 2660       9.600258707776e-12       2.479315750374e-13      -2.776760509074e-13       0.000000000000e+00       5.422634001477e-17       2.448381755642e-17      -5.300125867826e-19 
 2661       9.564284211000e-12       2.483865708049e-13      -2.730478927143e-13       0.000000000000e+00       5.414047286339e-17       2.455719980500e-17      -5.516790812655e-19 
 2662       9.528250542928e-12       2.488685354040e-13      -2.685250455286e-13       0.000000000000e+00       5.405477313068e-17       2.463097626830e-17      -5.737972255034e-19 
 2663       9.492164631242e-12       2.493769284547e-13      -2.641086089209e-13       0.000000000000e+00       5.396924033010e-17       2.470509459694e-17      -5.963610608918e-19 
 2664       9.456033424526e-12       2.499112078186e-13      -2.597996852057e-13       0.000000000000e+00       5.388387397221e-17       2.477950228256e-17      -6.193646087410e-19 
 2665       9.419863892294e-12       2.504708295968e-13      -2.555993794445e-13       0.000000000000e+00       5.379867356471e-17       2.485414665773e-17      -6.428018702566e-19 
 2666       9.383663025003e-12       2.510552481283e-13      -2.515087994475e-13       0.000000000000e+00       5.371363861241e-17       2.492897489574e-17      -6.666668265204e-19 
 2667       9.347437834075e-12       2.516639159887e-13      -2.475290557766e-13       0.000000000000e+00       5.362876861721e-17       2.500393401052e-17      -6.909534384703e-19 
 2668       9.311195351918e-12       2.522962839880e-13      -2.436612617473e-13       0.000000000000e+00       5.354406307815e-17       2.507897085640e-17      -7.156556468812e-19 
 2669       9.274942631942e-12       2.529518011693e-13      -2.399065334314e-13       0.000000000000e+00       5.345952149136e-17       2.515403212805e-17      -7.407673723452e-19 
 2670       9.238686748582e-12       2.536299148068e-13      -2.362659896593e-13       0.000000000000e+00       5.337514335007e-17       2.522906436028e-17      -7.662825152526e-19 
 2671       9.202434797318e-12       2.543300704042e-13      -2.327407520224e-13       0.000000000000e+00       5.329092814461e-17       2.530401392789e-17      -7.921949557717e-19 
 2672       9.166193613858e-12       2.550517029792e-13      -2.293316833460e-13       0.000000000000e+00       5.320687538669e-17       2.537882981303e-17      -8.184927270799e-19 
 2673       9.129968929992e-12       2.557942108664e-13      -2.260386015375e-13       0.000000000000e+00       5.312298468231e-17       2.545347192406e-17      -8.451405002038e-19 
 2674       9.093766213153e-12       2.565569817675e-13      -2.228610614342e-13       0.000000000000e+00       5.303925565924e-17       2.552790282201e-17      -8.720970031468e-19 
 2675       9.057590946844e-12       2.573394014501e-13      -2.197986159399e-13       0.000000000000e+00       5.295568794279e-17       2.560208495704e-17      -8.993208388031e-19 
 2676       9.021448630653e-12       2.581408537459e-13      -2.168508160226e-13       0.000000000000e+00       5.287228115575e-17       2.567598066844e-17      -9.267704848405e-19 
 2677       8.985344780270e-12       2.589607205490e-13      -2.140172107125e-13       0.000000000000e+00       5.278903491847e-17       2.574955218444e-17      -9.544042935831e-19 
 2678       8.949284927498e-12       2.597983818142e-13      -2.112973471004e-13       0.000000000000e+00       5.270594884879e-17       2.582276162216e-17      -9.821804918939e-19 
 2679       8.913274620272e-12       2.606532155547e-13      -2.086907703353e-13       0.000000000000e+00       5.262302256205e-17       2.589557098749e-17      -1.010057181057e-18 
 2680       8.877319422670e-12       2.615245978407e-13      -2.061970236223e-13       0.000000000000e+00       5.254025567113e-17       2.596794217499e-17      -1.037992336661e-18 
 2681       8.841424914930e-12       2.624119027973e-13      -2.038156482211e-13       0.000000000000e+00       5.245764778639e-17       2.603983696777e-17      -1.065943808481e-18 
 2682       8.805596693467e-12       2.633145026029e-13      -2.015461834437e-13       0.000000000000e+00       5.237519851570e-17       2.611121703741e-17      -1.093869320361e-18 
 2683       8.769840370882e-12       2.642317674871e-13      -1.993881666522e-13       0.000000000000e+00       5.229290746444e-17       2.618204394386e-17      -1.121726470096e-18 
 2684       8.734161575984e-12       2.651630657290e-13      -1.973411332573e-13       0.000000000000e+00       5.221077423546e-17       2.625227913529e-17      -1.149472729317e-18 
 2685       8.698565953798e-12       2.661077636553e-13      -1.954046167158e-13       0.000000000000e+00       5.212879842913e-17       2.632188394805e-17      -1.177065443371e-18 
 2686       8.663059165586e-12       2.670652256386e-13      -1.935781485290e-13       0.000000000000e+00       5.204697964330e-17       2.639081960655e-17      -1.204461831205e-18 
 2687       8.627646888858e-12       2.680348140955e-13      -1.918612582405e-13       0.000000000000e+00       5.196531747332e-17       2.645904722310e-17      -1.231618985247e-18 
 2688       8.592334817387e-12       2.690158894845e-13      -1.902534734341e-13       0.000000000000e+00       5.188381151200e-17       2.652652779789e-17      -1.258493871291e-18 
 2689       8.557128661227e-12       2.700078103046e-13      -1.887543197322e-13       0.000000000000e+00       5.180246134966e-17       2.659322221883e-17      -1.285043328377e-18 
 2690       8.522034146725e-12       2.710099330931e-13      -1.873633207934e-13       0.000000000000e+00       5.172126657407e-17       2.665909126148e-17      -1.311224068676e-18 
 2691       8.487057016536e-12       2.720216124241e-13      -1.860799983105e-13       0.000000000000e+00       5.164022677052e-17       2.672409558892e-17      -1.336992677371e-18 
 2692       8.452203029639e-12       2.730422009062e-13      -1.849038720088e-13       0.000000000000e+00       5.155934152173e-17       2.678819575167e-17      -1.362305612539e-18 
 2693       8.417477961352e-12       2.740710491813e-13      -1.838344596441e-13       0.000000000000e+00       5.147861040792e-17       2.685135218756e-17      -1.387119205038e-18 
 2694       8.382887603346e-12       2.751075059220e-13      -1.828712770003e-13       0.000000000000e+00       5.139803300677e-17       2.691352522165e-17      -1.411389658382e-18 
 2695       8.348437763661e-12       2.761509178304e-13      -1.820138378877e-13       0.000000000000e+00       5.131760889341e-17       2.697467506614e-17      -1.435073048631e-18 
 2696       8.314134266719e-12       2.772006296358e-13      -1.812616541411e-13       0.000000000000e+00       5.123733764046e-17       2.703476182021e-17      -1.458125324268e-18 
 2697       8.279982953341e-12       2.782559840935e-13      -1.806142356176e-13       0.000000000000e+00       5.115721881798e-17       2.709374546998e-17      -1.480502306085e-18 
 2698       8.245989680761e-12       2.793163219820e-13      -1.800710901945e-13       0.000000000000e+00       5.107725199350e-17       2.715158588838e-17      -1.502159687066e-18 
 2699       8.212160322641e-12       2.803809821020e-13      -1.796317237676e-13       0.000000000000e+00       5.099743673199e-17       2.720824283503e-17      -1.523053032265e-18 
 2700       8.178500769085e-12       2.814493012743e-13      -1.792956402492e-13       0.000000000000e+00       5.091777259589e-17       2.726367595616e-17      -1.543137778695e-18 
 2701       8.145016926654e-12       2.825206143377e-13      -1.790623415657e-13       0.000000000000e+00       5.083825914506e-17       2.731784478452e-17      -1.562369235205e-18 
 2702       8.111714718385e-12       2.835942541476e-13      -1.789313276561e-13       0.000000000000e+00       5.075889593684e-17       2.737070873923e-17      -1.580702582366e-18 
 2703       8.078600083798e-12       2.846695515738e-13      -1.789020964697e-13       0.000000000000e+00       5.067968252599e-17       2.742222712572e-17      -1.598092872352e-18 
 2704       8.045678978919e-12       2.857458354990e-13      -1.789741439641e-13       0.000000000000e+00       5.060061846472e-17       2.747235913561e-17      -1.614495028824e-18 
 2705       8.012957376290e-12       2.868224328164e-13      -1.791469641033e-13       0.000000000000e+00       5.052170330267e-17       2.752106384661e-17      -1.629863846810e-18 
 2706       7.980441264984e-12       2.878986684285e-13      -1.794200488558e-13       0.000000000000e+00       5.044293658692e-17       2.756830022241e-17      -1.644153992592e-18 
 2707       7.948136650623e-12       2.889738652450e-13      -1.797928881925e-13       0.000000000000e+00       5.036431786197e-17       2.761402711258e-17      -1.657320003583e-18 
 2708       7.916049555390e-12       2.900473441809e-13      -1.802649700844e-13       0.000000000000e+00       5.028584666977e-17       2.765820325247e-17      -1.669316288213e-18 
 2709       7.884186018044e-12       2.911184241546e-13      -1.808357805012e-13       0.000000000000e+00       5.020752254968e-17       2.770078726312e-17      -1.680097125812e-18 
 2710       7.852552093938e-12       2.921864220863e-13      -1.815048034089e-13       0.000000000000e+00       5.012934503848e-17       2.774173765112e-17      -1.689616666492e-18 
 2711       7.821153201815e-12       2.932506946172e-13      -1.822713688138e-13       0.000000000000e+00       5.005131373047e-17       2.778102113466e-17      -1.697844569542e-18 
 2712       7.789992160331e-12       2.943107635179e-13      -1.831341960015e-13       0.000000000000e+00       4.997342845804e-17       2.781863767089e-17      -1.704813011146e-18 
 2713       7.759071140958e-12       2.953661909537e-13      -1.840918478265e-13       0.000000000000e+00       4.989568911203e-17       2.785459556354e-17      -1.710569930365e-18 
 2714       7.728392320237e-12       2.964165378242e-13      -1.851428824378e-13       0.000000000000e+00       4.981809558178e-17       2.788890314910e-17      -1.715163413817e-18 
 2715       7.697957879785e-12       2.974613637613e-13      -1.862858532747e-13       0.000000000000e+00       4.974064775510e-17       2.792156879688e-17      -1.718641695818e-18 
 2716       7.667770006300e-12       2.985002271290e-13      -1.875193090615e-13       0.000000000000e+00       4.966334551828e-17       2.795260090900e-17      -1.721053158518e-18 
 2717       7.637830891560e-12       2.995326850215e-13      -1.888417938040e-13       0.000000000000e+00       4.958618875607e-17       2.798200792046e-17      -1.722446332040e-18 
 2718       7.608142732434e-12       3.005582932626e-13      -1.902518467844e-13       0.000000000000e+00       4.950917735169e-17       2.800979829918e-17      -1.722869894619e-18 
 2719       7.578707730882e-12       3.015766064042e-13      -1.917480025570e-13       0.000000000000e+00       4.943231118683e-17       2.803598054597e-17      -1.722372672736e-18 
 2720       7.549528093960e-12       3.025871777250e-13      -1.933287909437e-13       0.000000000000e+00       4.935559014164e-17       2.806056319464e-17      -1.721003641260e-18 
 2721       7.520606033824e-12       3.035895592298e-13      -1.949927370296e-13       0.000000000000e+00       4.927901409476e-17       2.808355481200e-17      -1.718811923584e-18 
 2722       7.491943767735e-12       3.045833016480e-13      -1.967383611585e-13       0.000000000000e+00       4.920258292325e-17       2.810496399786e-17      -1.715846791762e-18 
 2723       7.463543518063e-12       3.055679544328e-13      -1.985641789282e-13       0.000000000000e+00       4.912629650266e-17       2.812479938512e-17      -1.712157666649e-18 
 2724       7.435407512293e-12       3.065430657593e-13      -2.004687011865e-13       0.000000000000e+00       4.905015470700e-17       2.814306963977e-17      -1.707794118036e-18 
 2725       7.407537983025e-12       3.075081825243e-13      -2.024504340262e-13       0.000000000000e+00       4.897415740871e-17       2.815978346094e-17      -1.702805864791e-18 
 2726       7.379937167980e-12       3.084628503444e-13      -2.045078787809e-13       0.000000000000e+00       4.889830447872e-17       2.817494958090e-17      -1.697242774993e-18 
 2727       7.352607310008e-12       3.094066135553e-13      -2.066395320206e-13       0.000000000000e+00       4.882259578637e-17       2.818857676514e-17      -1.691154866075e-18 
 2728       7.325550657087e-12       3.103390152103e-13      -2.088438855468e-13       0.000000000000e+00       4.874703119949e-17       2.820067381235e-17      -1.684592304957e-18 
 2729       7.298769462330e-12       3.112595970795e-13      -2.111194263888e-13       0.000000000000e+00       4.867161058435e-17       2.821124955450e-17      -1.677605408187e-18 
 2730       7.272265983988e-12       3.121678996481e-13      -2.134646367983e-13       0.000000000000e+00       4.859633380564e-17       2.822031285686e-17      -1.670244642075e-18 
 2731       7.246042485456e-12       3.130634621159e-13      -2.158779942455e-13       0.000000000000e+00       4.852120072653e-17       2.822787261800e-17      -1.662560622837e-18 
 2732       7.220101235273e-12       3.139458223957e-13      -2.183579714146e-13       0.000000000000e+00       4.844621120862e-17       2.823393776987e-17      -1.654604116726e-18 
 2733       7.194444507135e-12       3.148145171124e-13      -2.209030361992e-13       0.000000000000e+00       4.837136511194e-17       2.823851727781e-17      -1.646426040175e-18 
 2734       7.169074579887e-12       3.156690816015e-13      -2.235116516977e-13       0.000000000000e+00       4.829666229498e-17       2.824162014057e-17      -1.638077459933e-18 
 2735       7.143993737538e-12       3.165090499083e-13      -2.261822762090e-13       0.000000000000e+00       4.822210261465e-17       2.824325539037e-17      -1.629609593201e-18 
 2736       7.119204269261e-12       3.173339547866e-13      -2.289133632281e-13       0.000000000000e+00       4.814768592632e-17       2.824343209292e-17      -1.621073807773e-18 
 2737       7.094708469394e-12       3.181433276974e-13      -2.317033614413e-13       0.000000000000e+00       4.807341208376e-17       2.824215934744e-17      -1.612521622172e-18 
 2738       7.070508637451e-12       3.189366988081e-13      -2.345507147221e-13       0.000000000000e+00       4.799928093919e-17       2.823944628672e-17      -1.604004705789e-18 
 2739       7.046607078121e-12       3.197135969909e-13      -2.374538621265e-13       0.000000000000e+00       4.792529234328e-17       2.823530207713e-17      -1.595574879019e-18 
 2740       7.023006101273e-12       3.204735498221e-13      -2.404112378884e-13       0.000000000000e+00       4.785144614509e-17       2.822973591866e-17      -1.587284113400e-18 
 2741       6.999708021964e-12       3.212160835804e-13      -2.434212714156e-13       0.000000000000e+00       4.777774219214e-17       2.822275704496e-17      -1.579184531751e-18 
 2742       6.976715160438e-12       3.219407232463e-13      -2.464823872848e-13       0.000000000000e+00       4.770418033035e-17       2.821437472336e-17      -1.571328408309e-18 
 2743       6.954029842133e-12       3.226469925007e-13      -2.495930052374e-13       0.000000000000e+00       4.763076040407e-17       2.820459825491e-17      -1.563768168869e-18 
 2744       6.931654397686e-12       3.233344137235e-13      -2.527515401749e-13       0.000000000000e+00       4.755748225609e-17       2.819343697441e-17      -1.556556390919e-18 
 2745       6.909591162935e-12       3.240025079930e-13      -2.559564021545e-13       0.000000000000e+00       4.748434572759e-17       2.818090025045e-17      -1.549745803779e-18 
 2746       6.887842478925e-12       3.246507950840e-13      -2.592059963846e-13       0.000000000000e+00       4.741135065820e-17       2.816699748544e-17      -1.543389288739e-18 
 2747       6.866410691910e-12       3.252787934675e-13      -2.624987232204e-13       0.000000000000e+00       4.733849688592e-17       2.815173811562e-17      -1.537539879196e-18 
 2748       6.845298153362e-12       3.258860203089e-13      -2.658329781594e-13       0.000000000000e+00       4.726578424721e-17       2.813513161113e-17      -1.532250760795e-18 
 2749       6.824507219969e-12       3.264719914669e-13      -2.692071518366e-13       0.000000000000e+00       4.719321257692e-17       2.811718747603e-17      -1.527575271562e-18 
 2750       6.804039596160e-12       3.270362854147e-13      -2.726196350673e-13       0.000000000000e+00       4.712078165287e-17       2.809792301465e-17      -1.523553294895e-18 
 2751       6.783894357836e-12       3.275787353761e-13      -2.760688340121e-13       0.000000000000e+00       4.704849102922e-17       2.807738667583e-17      -1.520170359090e-18 
 2752       6.764069918122e-12       3.280992382101e-13      -2.795531550835e-13       0.000000000000e+00       4.697634020221e-17       2.805563483307e-17      -1.517398320274e-18 
 2753       6.744564683887e-12       3.285976905816e-13      -2.830709999021e-13       0.000000000000e+00       4.690432866551e-17       2.803272402966e-17      -1.515208949705e-18 
 2754       6.725377055741e-12       3.290739889615e-13      -2.866207652921e-13       0.000000000000e+00       4.683245591024e-17       2.800871097881e-17      -1.513573933686e-18 
 2755       6.706505428026e-12       3.295280296260e-13      -2.902008432769e-13       0.000000000000e+00       4.676072142494e-17       2.798365256383e-17      -1.512464873491e-18 
 2756       6.687948188810e-12       3.299597086573e-13      -2.938096210751e-13       0.000000000000e+00       4.668912469556e-17       2.795760583825e-17      -1.511853285285e-18 
 2757       6.669703719883e-12       3.303689219426e-13      -2.974454810953e-13       0.000000000000e+00       4.661766520550e-17       2.793062802604e-17      -1.511710600048e-18 
 2758       6.651770396749e-12       3.307555651745e-13      -3.011068009324e-13       0.000000000000e+00       4.654634243557e-17       2.790277652169e-17      -1.512008163496e-18 
 2759       6.634146588619e-12       3.311195338507e-13      -3.047919533632e-13       0.000000000000e+00       4.647515586400e-17       2.787410889041e-17      -1.512717236002e-18 
 2760       6.616830658408e-12       3.314607232739e-13      -3.084993063414e-13       0.000000000000e+00       4.640410496645e-17       2.784468286830e-17      -1.513808992519e-18 
 2761       6.599820962724e-12       3.317790285514e-13      -3.122272229937e-13       0.000000000000e+00       4.633318921597e-17       2.781455636247e-17      -1.515254522504e-18 
 2762       6.583115851867e-12       3.320743445953e-13      -3.159740616154e-13       0.000000000000e+00       4.626240808302e-17       2.778378745119e-17      -1.517024829834e-18 
 2763       6.566713669819e-12       3.323465661224e-13      -3.197381756658e-13       0.000000000000e+00       4.619176103551e-17       2.775243438410e-17      -1.519090832734e-18 
 2764       6.550612754239e-12       3.325955876536e-13      -3.235179137639e-13       0.000000000000e+00       4.612124753870e-17       2.772055558232e-17      -1.521423363699e-18 
 2765       6.534811436460e-12       3.328213035141e-13      -3.273116196839e-13       0.000000000000e+00       4.605086705528e-17       2.768820963859e-17      -1.523993169411e-18 
 2766       6.519308041475e-12       3.330236078333e-13      -3.311176323510e-13       0.000000000000e+00       4.598061904536e-17       2.765545531751e-17      -1.526770910665e-18 
 2767       6.504100887939e-12       3.332023945444e-13      -3.349342858369e-13       0.000000000000e+00       4.591050296640e-17       2.762235155558e-17      -1.529727162288e-18 
 2768       6.489188288159e-12       3.333575573845e-13      -3.387599093554e-13       0.000000000000e+00       4.584051827330e-17       2.758895746146e-17      -1.532832413067e-18 
 2769       6.474568548086e-12       3.334889898943e-13      -3.425928272579e-13       0.000000000000e+00       4.577066441831e-17       2.755533231606e-17      -1.536057065663e-18 
 2770       6.460239967314e-12       3.335965854181e-13      -3.464313590292e-13       0.000000000000e+00       4.570094085111e-17       2.752153557273e-17      -1.539371436538e-18 
 2771       6.446200839069e-12       3.336802371035e-13      -3.502738192829e-13       0.000000000000e+00       4.563134701874e-17       2.748762685738e-17      -1.542745755878e-18 
 2772       6.432449450205e-12       3.337398379013e-13      -3.541185177573e-13       0.000000000000e+00       4.556188236563e-17       2.745366596869e-17      -1.546150167509e-18 
 2773       6.418984081197e-12       3.337752805653e-13      -3.579637593106e-13       0.000000000000e+00       4.549254633359e-17       2.741971287821e-17      -1.549554728826e-18 
 2774       6.405803006137e-12       3.337864576526e-13      -3.618078439167e-13       0.000000000000e+00       4.542333836181e-17       2.738582773056e-17      -1.552929410710e-18 
 2775       6.392904492723e-12       3.337732615227e-13      -3.656490666611e-13       0.000000000000e+00       4.535425788685e-17       2.735207084355e-17      -1.556244097453e-18 
 2776       6.380286802259e-12       3.337355843379e-13      -3.694857177359e-13       0.000000000000e+00       4.528530434265e-17       2.731850270837e-17      -1.559468586680e-18 
 2777       6.367948189643e-12       3.336733180630e-13      -3.733160824359e-13       0.000000000000e+00       4.521647716052e-17       2.728518398972e-17      -1.562572589265e-18 
 2778       6.355886903366e-12       3.335863544652e-13      -3.771384411540e-13       0.000000000000e+00       4.514777576914e-17       2.725217552598e-17      -1.565525729265e-18 
 2779       6.344101185501e-12       3.334745851138e-13      -3.809510693767e-13       0.000000000000e+00       4.507919959453e-17       2.721953832934e-17      -1.568297543828e-18 
 2780       6.332589271700e-12       3.333379013803e-13      -3.847522376800e-13       0.000000000000e+00       4.501074806010e-17       2.718733358601e-17      -1.570857483126e-18 
 2781       6.321349391187e-12       3.331761944381e-13      -3.885402117246e-13       0.000000000000e+00       4.494242058661e-17       2.715562265632e-17      -1.573174910271e-18 
 2782       6.310379766752e-12       3.329893552624e-13      -3.923132522520e-13       0.000000000000e+00       4.487421659218e-17       2.712446707491e-17      -1.575219101241e-18 
 2783       6.299678614743e-12       3.327772746299e-13      -3.960696150797e-13       0.000000000000e+00       4.480613549227e-17       2.709392855087e-17      -1.576959244797e-18 
 2784       6.289244145064e-12       3.325398431189e-13      -3.998075510970e-13       0.000000000000e+00       4.473817669970e-17       2.706406896789e-17      -1.578364442409e-18 
 2785       6.279074561162e-12       3.322769511092e-13      -4.035253062603e-13       0.000000000000e+00       4.467033962463e-17       2.703495038444e-17      -1.579403708178e-18 
 2786       6.269168060030e-12       3.319884887815e-13      -4.072211215893e-13       0.000000000000e+00       4.460262367459e-17       2.700663503392e-17      -1.580045968756e-18 
 2787       6.259522832190e-12       3.316743461179e-13      -4.108932331619e-13       0.000000000000e+00       4.453502825442e-17       2.697918532478e-17      -1.580260063267e-18 
 2788       6.250137061698e-12       3.313344129011e-13      -4.145398721105e-13       0.000000000000e+00       4.446755276632e-17       2.695266384074e-17      -1.580014743233e-18 
 2789       6.241008579626e-12       3.309686322095e-13      -4.181593950344e-13       0.000000000000e+00       4.440019671136e-17       2.692711973018e-17      -1.579285319681e-18 
 2790       6.232133822568e-12       3.305771612070e-13      -4.217506759967e-13       0.000000000000e+00       4.433295999473e-17       2.690254779611e-17      -1.578073642763e-18 
 2791       6.223508868656e-12       3.301602111972e-13      -4.253127165771e-13       0.000000000000e+00       4.426584262207e-17       2.687892919173e-17      -1.576388226894e-18 
 2792       6.215129783553e-12       3.297179942057e-13      -4.288445156394e-13       0.000000000000e+00       4.419884459811e-17       2.685624501154e-17      -1.574237613119e-18 
 2793       6.206992620447e-12       3.292507229810e-13      -4.323450693288e-13       0.000000000000e+00       4.413196592668e-17       2.683447629133e-17      -1.571630369133e-18 
 2794       6.199093420033e-12       3.287586109953e-13      -4.358133710699e-13       0.000000000000e+00       4.406520661064e-17       2.681360400808e-17      -1.568575089313e-18 
 2795       6.191428210503e-12       3.282418724446e-13      -4.392484115637e-13       0.000000000000e+00       4.399856665198e-17       2.679360907992e-17      -1.565080394733e-18 
 2796       6.183993007540e-12       3.277007222502e-13      -4.426491787859e-13       0.000000000000e+00       4.393204605171e-17       2.677447236609e-17      -1.561154933198e-18 
 2797       6.176783814298e-12       3.271353760587e-13      -4.460146579838e-13       0.000000000000e+00       4.386564480996e-17       2.675617466689e-17      -1.556807379260e-18 
 2798       6.169796621396e-12       3.265460502432e-13      -4.493438316748e-13       0.000000000000e+00       4.379936292590e-17       2.673869672359e-17      -1.552046434251e-18 
 2799       6.163027406906e-12       3.259329619035e-13      -4.526356796430e-13       0.000000000000e+00       4.373320039777e-17       2.672201921842e-17      -1.546880826300e-18 
 2800       6.156472136338e-12       3.252963288671e-13      -4.558891789378e-13       0.000000000000e+00       4.366715722291e-17       2.670612277448e-17      -1.541319310360e-18 
 2801       6.150126762634e-12       3.246363696899e-13      -4.591033038707e-13       0.000000000000e+00       4.360123339769e-17       2.669098795572e-17      -1.535370668236e-18 
 2802       6.143987226151e-12       3.239533036567e-13      -4.622770260133e-13       0.000000000000e+00       4.353542891758e-17       2.667659526684e-17      -1.529043708604e-18 
 2803       6.138049454653e-12       3.232473507818e-13      -4.654093141950e-13       0.000000000000e+00       4.346974377709e-17       2.666292515330e-17      -1.522347267039e-18 
 2804       6.132309363298e-12       3.225187318101e-13      -4.684991345005e-13       0.000000000000e+00       4.340417796981e-17       2.664995800120e-17      -1.515290206040e-18 
 2805       6.126762854626e-12       3.217676682174e-13      -4.715454502672e-13       0.000000000000e+00       4.333873148838e-17       2.663767413727e-17      -1.507881415050e-18 
 2806       6.121405818551e-12       3.209943822112e-13      -4.745472220831e-13       0.000000000000e+00       4.327340432453e-17       2.662605382879e-17      -1.500129810486e-18 
 2807       6.116234132343e-12       3.201990967313e-13      -4.775034077845e-13       0.000000000000e+00       4.320819646901e-17       2.661507728357e-17      -1.492044335761e-18 
 2808       6.111243660623e-12       3.193820354509e-13      -4.804129624530e-13       0.000000000000e+00       4.314310791166e-17       2.660472464985e-17      -1.483633961308e-18 
 2809       6.106430255347e-12       3.185434227764e-13      -4.832748384141e-13       0.000000000000e+00       4.307813864137e-17       2.659497601629e-17      -1.474907684604e-18 
 2810       6.101789755796e-12       3.176834838492e-13      -4.860879852339e-13       0.000000000000e+00       4.301328864609e-17       2.658581141187e-17      -1.465874530198e-18 
 2811       6.097317988567e-12       3.168024445454e-13      -4.888513497171e-13       0.000000000000e+00       4.294855791283e-17       2.657721080590e-17      -1.456543549731e-18 
 2812       6.093010767556e-12       3.159005314770e-13      -4.915638759047e-13       0.000000000000e+00       4.288394642763e-17       2.656915410790e-17      -1.446923821965e-18 
 2813       6.088863893951e-12       3.149779719926e-13      -4.942245050715e-13       0.000000000000e+00       4.281945417563e-17       2.656162116758e-17      -1.437024452803e-18 
 2814       6.084873156219e-12       3.140349941777e-13      -4.968321757237e-13       0.000000000000e+00       4.275508114097e-17       2.655459177477e-17      -1.426854575316e-18 
 2815       6.081034330093e-12       3.130718268560e-13      -4.993858235964e-13       0.000000000000e+00       4.269082730689e-17       2.654804565941e-17      -1.416423349768e-18 
 2816       6.077343178565e-12       3.120886995892e-13      -5.018843816515e-13       0.000000000000e+00       4.262669265565e-17       2.654196249142e-17      -1.405739963639e-18 
 2817       6.073795451867e-12       3.110858426787e-13      -5.043267800751e-13       0.000000000000e+00       4.256267716856e-17       2.653632188072e-17      -1.394813631651e-18 
 2818       6.070386887467e-12       3.100634871654e-13      -5.067119462753e-13       0.000000000000e+00       4.249878082600e-17       2.653110337713e-17      -1.383653595791e-18 
 2819       6.067113210054e-12       3.090218648311e-13      -5.090388048794e-13       0.000000000000e+00       4.243500360737e-17       2.652628647033e-17      -1.372269125335e-18 
 2820       6.063970131525e-12       3.079612081985e-13      -5.113062777321e-13       0.000000000000e+00       4.237134549114e-17       2.652185058982e-17      -1.360669516877e-18 
 2821       6.060953350976e-12       3.068817505323e-13      -5.135132838927e-13       0.000000000000e+00       4.230780645481e-17       2.651777510483e-17      -1.348864094346e-18 
 2822       6.058058554691e-12       3.057837258401e-13      -5.156587396328e-13       0.000000000000e+00       4.224438647492e-17       2.651403932430e-17      -1.336862209038e-18 
 2823       6.055281416127e-12       3.046673688723e-13      -5.177415584338e-13       0.000000000000e+00       4.218108552708e-17       2.651062249683e-17      -1.324673239637e-18 
 2824       6.052617595906e-12       3.035329151236e-13      -5.197606509850e-13       0.000000000000e+00       4.211790358590e-17       2.650750381058e-17      -1.312306592237e-18 
 2825       6.050062741801e-12       3.023806008333e-13      -5.217149251807e-13       0.000000000000e+00       4.205484062505e-17       2.650466239327e-17      -1.299771700372e-18 
 2826       6.047612488726e-12       3.012106629858e-13      -5.236032861178e-13       0.000000000000e+00       4.199189661726e-17       2.650207731210e-17      -1.287078025036e-18 
 2827       6.045262458725e-12       3.000233393119e-13      -5.254246360938e-13       0.000000000000e+00       4.192907153426e-17       2.649972757368e-17      -1.274235054710e-18 
 2828       6.043008314749e-12       2.988188899606e-13      -5.271780477811e-13       0.000000000000e+00       4.186636528275e-17       2.649758693783e-17      -1.261252740903e-18 
 2829       6.040845922336e-12       2.975976626394e-13      -5.288632847345e-13       0.000000000000e+00       4.180377751176e-17       2.649560832963e-17      -1.248142807180e-18 
 2830       6.038771188744e-12       2.963600278129e-13      -5.304802835747e-13       0.000000000000e+00       4.174130780427e-17       2.649373934650e-17      -1.234917446965e-18 
 2831       6.036780009231e-12       2.951063570628e-13      -5.320289810561e-13       0.000000000000e+00       4.167895574118e-17       2.649192743695e-17      -1.221588888664e-18 
 2832       6.034868267039e-12       2.938370230888e-13      -5.335093140672e-13       0.000000000000e+00       4.161672090138e-17       2.649011990042e-17      -1.208169395703e-18 
 2833       6.033031833387e-12       2.925523997097e-13      -5.349212196307e-13       0.000000000000e+00       4.155460286165e-17       2.648826388720e-17      -1.194671266551e-18 
 2834       6.031266567459e-12       2.912528618644e-13      -5.362646349038e-13       0.000000000000e+00       4.149260119673e-17       2.648630639822e-17      -1.181106834760e-18 
 2835       6.029568316391e-12       2.899387856127e-13      -5.375394971784e-13       0.000000000000e+00       4.143071547931e-17       2.648419428499e-17      -1.167488468989e-18 
 2836       6.027932915264e-12       2.886105481365e-13      -5.387457438813e-13       0.000000000000e+00       4.136894527998e-17       2.648187424944e-17      -1.153828573038e-18 
 2837       6.026356187093e-12       2.872685277407e-13      -5.398833125744e-13       0.000000000000e+00       4.130729016728e-17       2.647929284376e-17      -1.140139585880e-18 
 2838       6.024833942810e-12       2.859131038545e-13      -5.409521409549e-13       0.000000000000e+00       4.124574970769e-17       2.647639647034e-17      -1.126433981689e-18 
 2839       6.023361981264e-12       2.845446570319e-13      -5.419521668556e-13       0.000000000000e+00       4.118432346560e-17       2.647313138154e-17      -1.112724269873e-18 
 2840       6.021936089200e-12       2.831635689532e-13      -5.428833282449e-13       0.000000000000e+00       4.112301100332e-17       2.646944367966e-17      -1.099022995106e-18 
 2841       6.020552041254e-12       2.817702224256e-13      -5.437455632272e-13       0.000000000000e+00       4.106181188110e-17       2.646527931674e-17      -1.085342737358e-18 
 2842       6.019205599942e-12       2.803650013845e-13      -5.445388100432e-13       0.000000000000e+00       4.100072565709e-17       2.646058409445e-17      -1.071696111923e-18 
 2843       6.017892515647e-12       2.789482908944e-13      -5.452630070698e-13       0.000000000000e+00       4.093975188739e-17       2.645530366396e-17      -1.058095769457e-18 
 2844       6.016608526609e-12       2.775204771498e-13      -5.459180928206e-13       0.000000000000e+00       4.087889012598e-17       2.644938352579e-17      -1.044554396001e-18 
 2845       6.015349358916e-12       2.760819474764e-13      -5.465040059459e-13       0.000000000000e+00       4.081813992477e-17       2.644276902972e-17      -1.031084713019e-18 
 2846       6.014110726492e-12       2.746330903321e-13      -5.470206852331e-13       0.000000000000e+00       4.075750083360e-17       2.643540537462e-17      -1.017699477425e-18 
 2847       6.012888331084e-12       2.731742953077e-13      -5.474680696066e-13       0.000000000000e+00       4.069697240018e-17       2.642723760832e-17      -1.004411481615e-18 
 2848       6.011677862257e-12       2.717059531282e-13      -5.478460981286e-13       0.000000000000e+00       4.063655417017e-17       2.641821062751e-17      -9.912335534971e-19 
 2849       6.010474997377e-12       2.702284556540e-13      -5.481547099987e-13       0.000000000000e+00       4.057624568710e-17       2.640826917756e-17      -9.781785565256e-19 
 2850       6.009275401605e-12       2.687421958812e-13      -5.483938445543e-13       0.000000000000e+00       4.051604649243e-17       2.639735785244e-17      -9.652593897286e-19 
 2851       6.008074727882e-12       2.672475679433e-13      -5.485634412710e-13       0.000000000000e+00       4.045595612550e-17       2.638542109455e-17      -9.524889877408e-19 
 2852       6.006868616923e-12       2.657449671120e-13      -5.486634397627e-13       0.000000000000e+00       4.039597412356e-17       2.637240319459e-17      -9.398803208340e-19 
 2853       6.005652697202e-12       2.642347897981e-13      -5.486937797816e-13       0.000000000000e+00       4.033610002176e-17       2.635824829147e-17      -9.274463949485e-19 
 2854       6.004422584945e-12       2.627174335524e-13      -5.486544012188e-13       0.000000000000e+00       4.027633335314e-17       2.634290037212e-17      -9.152002517238e-19 
 2855       6.003173884115e-12       2.611932970671e-13      -5.485452441041e-13       0.000000000000e+00       4.021667364864e-17       2.632630327141e-17      -9.031549685299e-19 
 2856       6.001902186407e-12       2.596627801765e-13      -5.483662486066e-13       0.000000000000e+00       4.015712043708e-17       2.630840067196e-17      -8.913236584981e-19 
 2857       6.000603071230e-12       2.581262838580e-13      -5.481173550347e-13       0.000000000000e+00       4.009767324516e-17       2.628913610408e-17      -8.797194705522e-19 
 2858       5.999272105704e-12       2.565842102333e-13      -5.477985038363e-13       0.000000000000e+00       4.003833159750e-17       2.626845294558e-17      -8.683555894395e-19 
 2859       5.997904844642e-12       2.550369625693e-13      -5.474096355990e-13       0.000000000000e+00       3.997909501657e-17       2.624629442167e-17      -8.572452357618e-19 
 2860       5.996496830546e-12       2.534849452789e-13      -5.469506910504e-13       0.000000000000e+00       3.991996302273e-17       2.622260360480e-17      -8.464016660064e-19 
 2861       5.995043593591e-12       2.519285639225e-13      -5.464216110583e-13       0.000000000000e+00       3.986093513425e-17       2.619732341456e-17      -8.358381725775e-19 
 2862       5.993540651615e-12       2.503682252085e-13      -5.458223366310e-13       0.000000000000e+00       3.980201086722e-17       2.617039661753e-17      -8.255680838266e-19 
 2863       5.991983510114e-12       2.488043369946e-13      -5.451528089171e-13       0.000000000000e+00       3.974318973567e-17       2.614176582716e-17      -8.156047640840e-19 
 2864       5.990367662223e-12       2.472373082887e-13      -5.444129692064e-13       0.000000000000e+00       3.968447125145e-17       2.611137350361e-17      -8.059616136897e-19 
 2865       5.988688588710e-12       2.456675492500e-13      -5.436027589293e-13       0.000000000000e+00       3.962585492432e-17       2.607916195366e-17      -7.966520690247e-19 
 2866       5.986941757964e-12       2.440954711898e-13      -5.427221196577e-13       0.000000000000e+00       3.956734026188e-17       2.604507333054e-17      -7.876896025415e-19 
 2867       5.985123000478e-12       2.425214724390e-13      -5.417711246407e-13       0.000000000000e+00       3.950892685142e-17       2.600907096157e-17      -7.790817619890e-19 
 2868       5.983229634404e-12       2.409458958687e-13      -5.407503741469e-13       0.000000000000e+00       3.945061460578e-17       2.597120345023e-17      -7.708122547590e-19 
 2869       5.981259345725e-12       2.393690711548e-13      -5.396606021420e-13       0.000000000000e+00       3.939240351871e-17       2.593154090127e-17      -7.628587720815e-19 
 2870       5.979209814278e-12       2.377913288921e-13      -5.385025449387e-13       0.000000000000e+00       3.933429358322e-17       2.589015362288e-17      -7.551989414636e-19 
 2871       5.977078713753e-12       2.362130005958e-13      -5.372769411989e-13       0.000000000000e+00       3.927628479153e-17       2.584711212691e-17      -7.478103266333e-19 
 2872       5.974863711686e-12       2.346344187021e-13      -5.359845319355e-13       0.000000000000e+00       3.921837713508e-17       2.580248712898e-17      -7.406704274837e-19 
 2873       5.972562469450e-12       2.330559165687e-13      -5.346260605151e-13       0.000000000000e+00       3.916057060458e-17       2.575634954873e-17      -7.337566800168e-19 
 2874       5.970172642255e-12       2.314778284761e-13      -5.332022726594e-13       0.000000000000e+00       3.910286518991e-17       2.570877050994e-17      -7.270464562878e-19 
 2875       5.967691879140e-12       2.299004896280e-13      -5.317139164482e-13       0.000000000000e+00       3.904526088024e-17       2.565982134076e-17      -7.205170643490e-19 
 2876       5.965117822970e-12       2.283242361522e-13      -5.301617423205e-13       0.000000000000e+00       3.898775766392e-17       2.560957357386e-17      -7.141457481941e-19 
 2877       5.962448110427e-12       2.267494051016e-13      -5.285465030777e-13       0.000000000000e+00       3.893035552854e-17       2.555809894660e-17      -7.079096877016e-19 
 2878       5.959680372006e-12       2.251763344546e-13      -5.268689538848e-13       0.000000000000e+00       3.887305446092e-17       2.550546940125e-17      -7.017859985797e-19 
 2879       5.956812232014e-12       2.236053631164e-13      -5.251298522732e-13       0.000000000000e+00       3.881585444710e-17       2.545175708513e-17      -6.957517323098e-19 
 2880       5.953841308559e-12       2.220368309195e-13      -5.233299581426e-13       0.000000000000e+00       3.875875547234e-17       2.539703435081e-17      -6.897838760906e-19 
 2881       5.950765213546e-12       2.204710786242e-13      -5.214700337628e-13       0.000000000000e+00       3.870175752113e-17       2.534137375628e-17      -6.838593527823e-19 
 2882       5.947581552675e-12       2.189084479202e-13      -5.195508437765e-13       0.000000000000e+00       3.864486057717e-17       2.528484806515e-17      -6.779550208505e-19 
 2883       5.944287925431e-12       2.173492814267e-13      -5.175731552009e-13       0.000000000000e+00       3.858806462339e-17       2.522753024678e-17      -6.720476743105e-19 
 2884       5.940881925085e-12       2.157939226935e-13      -5.155377374300e-13       0.000000000000e+00       3.853136964192e-17       2.516949347652e-17      -6.661140426709e-19 
 2885       5.937361138681e-12       2.142427162016e-13      -5.134453622368e-13       0.000000000000e+00       3.847477561414e-17       2.511081113586e-17      -6.601307908781e-19 
 2886       5.933723147036e-12       2.126960073644e-13      -5.112968037751e-13       0.000000000000e+00       3.841828252062e-17       2.505155681260e-17      -6.540745192601e-19 
 2887       5.929965524735e-12       2.111541425281e-13      -5.090928385824e-13       0.000000000000e+00       3.836189034115e-17       2.499180430105e-17      -6.479217634706e-19 
 2888       5.926085840122e-12       2.096174689725e-13      -5.068342455810e-13       0.000000000000e+00       3.830559905474e-17       2.493162760219e-17      -6.416489944331e-19 
 2889       5.922081655297e-12       2.080863349121e-13      -5.045218060809e-13       0.000000000000e+00       3.824940863962e-17       2.487110092388e-17      -6.352326182847e-19 
 2890       5.917950526113e-12       2.065610894968e-13      -5.021563037818e-13       0.000000000000e+00       3.819331907323e-17       2.481029868100e-17      -6.286489763206e-19 
 2891       5.913690002165e-12       2.050420828125e-13      -4.997385247748e-13       0.000000000000e+00       3.813733033221e-17       2.474929549566e-17      -6.218743449378e-19 
 2892       5.909297626790e-12       2.035296658821e-13      -4.972692575452e-13       0.000000000000e+00       3.808144239244e-17       2.468816619736e-17      -6.148849355791e-19 
 2893       5.904770937060e-12       2.020241906662e-13      -4.947492929739e-13       0.000000000000e+00       3.802565522897e-17       2.462698582319e-17      -6.076568946775e-19 
 2894       5.900107463776e-12       2.005260100639e-13      -4.921794243403e-13       0.000000000000e+00       3.796996881609e-17       2.456582961799e-17      -6.001663035999e-19 
 2895       5.895304731463e-12       1.990354779138e-13      -4.895604473237e-13       0.000000000000e+00       3.791438312729e-17       2.450477303453e-17      -5.923891785912e-19 
 2896       5.890360258365e-12       1.975529489945e-13      -4.868931600060e-13       0.000000000000e+00       3.785889813527e-17       2.444389173372e-17      -5.843014707185e-19 
 2897       5.885271556441e-12       1.960787790255e-13      -4.841783628734e-13       0.000000000000e+00       3.780351381193e-17       2.438326158474e-17      -5.758790658152e-19 
 2898       5.880036131357e-12       1.946133246681e-13      -4.814168588190e-13       0.000000000000e+00       3.774823012839e-17       2.432295866525e-17      -5.670977844247e-19 
 2899       5.874651482482e-12       1.931569435263e-13      -4.786094531444e-13       0.000000000000e+00       3.769304705495e-17       2.426305926159e-17      -5.579333817447e-19 
 2900       5.869115102886e-12       1.917099941471e-13      -4.757569535623e-13       0.000000000000e+00       3.763796456114e-17       2.420363986890e-17      -5.483615475713e-19 
 2901       5.863424479327e-12       1.902728360219e-13      -4.728601701982e-13       0.000000000000e+00       3.758298261568e-17       2.414477719136e-17      -5.383579062430e-19 
 2902       5.857577092253e-12       1.888458295869e-13      -4.699199155929e-13       0.000000000000e+00       3.752810118649e-17       2.408654814234e-17      -5.278980165843e-19 
 2903       5.851570415796e-12       1.874293362241e-13      -4.669370047046e-13       0.000000000000e+00       3.747332024070e-17       2.402902984456e-17      -5.169573718507e-19 
 2904       5.845401917761e-12       1.860237182621e-13      -4.639122549106e-13       0.000000000000e+00       3.741863974463e-17       2.397229963033e-17      -5.055113996719e-19 
 2905       5.839069059626e-12       1.846293389766e-13      -4.608464860100e-13       0.000000000000e+00       3.736405966381e-17       2.391643504165e-17      -4.935354619960e-19 
 2906       5.832569725134e-12       1.832465283109e-13      -4.577405538781e-13       0.000000000000e+00       3.730957991725e-17       2.386148672272e-17      -4.810138805248e-19 
 2907       5.825903508432e-12       1.818754798457e-13      -4.545954516114e-13       0.000000000000e+00       3.725520024003e-17       2.380739694753e-17      -4.679670628235e-19 
 2908       5.819070432413e-12       1.805163533114e-13      -4.514122088967e-13       0.000000000000e+00       3.720092032006e-17       2.375408068199e-17      -4.544245128119e-19 
 2909       5.812070520707e-12       1.791693088218e-13      -4.481918584075e-13       0.000000000000e+00       3.714673984364e-17       2.370145265417e-17      -4.404158177633e-19 
 2910       5.804903797686e-12       1.778345068751e-13      -4.449354358063e-13       0.000000000000e+00       3.709265849555e-17       2.364942735406e-17      -4.259706483765e-19 
 2911       5.797570288458e-12       1.765121083532e-13      -4.416439797475e-13       0.000000000000e+00       3.703867595898e-17       2.359791903344e-17      -4.111187588478e-19 
 2912       5.790070018875e-12       1.752022745230e-13      -4.383185318801e-13       0.000000000000e+00       3.698479191556e-17       2.354684170561e-17      -3.958899869436e-19 
 2913       5.782403015531e-12       1.739051670361e-13      -4.349601368499e-13       0.000000000000e+00       3.693100604537e-17       2.349610914520e-17      -3.803142540726e-19 
 2914       5.774569305760e-12       1.726209479292e-13      -4.315698423023e-13       0.000000000000e+00       3.687731802690e-17       2.344563488797e-17      -3.644215653577e-19 
 2915       5.766568917642e-12       1.713497796246e-13      -4.281486988852e-13       0.000000000000e+00       3.682372753707e-17       2.339533223063e-17      -3.482420097089e-19 
 2916       5.758401879999e-12       1.700918249304e-13      -4.246977602513e-13       0.000000000000e+00       3.677023425125e-17       2.334511423056e-17      -3.318057598949e-19 
 2917       5.750068222399e-12       1.688472470408e-13      -4.212180830605e-13       0.000000000000e+00       3.671683784322e-17       2.329489370570e-17      -3.151430726156e-19 
 2918       5.741567975157e-12       1.676162095364e-13      -4.177107269831e-13       0.000000000000e+00       3.666353798519e-17       2.324458323428e-17      -2.982842885746e-19 
 2919       5.732901169333e-12       1.663988763847e-13      -4.141767547019e-13       0.000000000000e+00       3.661033434778e-17       2.319409515461e-17      -2.812598325512e-19 
 2920       5.724067836734e-12       1.651954119401e-13      -4.106172319152e-13       0.000000000000e+00       3.655722660005e-17       2.314334156494e-17      -2.641002134725e-19 
 2921       5.715068009918e-12       1.640059809444e-13      -4.070332273388e-13       0.000000000000e+00       3.650421440949e-17       2.309223432318e-17      -2.468360244860e-19 
 2922       5.705901722190e-12       1.628307485271e-13      -4.034258127095e-13       0.000000000000e+00       3.645129744197e-17       2.304068504672e-17      -2.294979430317e-19 
 2923       5.696569007604e-12       1.616698802057e-13      -3.997960627869e-13       0.000000000000e+00       3.639847536181e-17       2.298860511226e-17      -2.121167309144e-19 
 2924       5.687069900968e-12       1.605235418861e-13      -3.961450553565e-13       0.000000000000e+00       3.634574783174e-17       2.293590565553e-17      -1.947232343757e-19 
 2925       5.677404437839e-12       1.593918998626e-13      -3.924738712319e-13       0.000000000000e+00       3.629311451290e-17       2.288249757118e-17      -1.773483841666e-19 
 2926       5.667572654527e-12       1.582751208188e-13      -3.887835942579e-13       0.000000000000e+00       3.624057506484e-17       2.282829151249e-17      -1.600231956197e-19 
 2927       5.657574588096e-12       1.571733718271e-13      -3.850753113128e-13       0.000000000000e+00       3.618812914553e-17       2.277319789120e-17      -1.427787687211e-19 
 2928       5.647410276363e-12       1.560868203499e-13      -3.813501123110e-13       0.000000000000e+00       3.613577641133e-17       2.271712687730e-17      -1.256462881833e-19 
 2929       5.637079757901e-12       1.550156342391e-13      -3.776090902057e-13       0.000000000000e+00       3.608351651703e-17       2.265998839884e-17      -1.086570235166e-19 
 2930       5.626583072037e-12       1.539599817371e-13      -3.738533409914e-13       0.000000000000e+00       3.603134911581e-17       2.260169214170e-17      -9.184232910225e-20 
 2931       5.615920258856e-12       1.529200314766e-13      -3.700839637068e-13       0.000000000000e+00       3.597927385927e-17       2.254214754940e-17      -7.523364426404e-20 
 2932       5.605091359201e-12       1.518959524811e-13      -3.663020604371e-13       0.000000000000e+00       3.592729039741e-17       2.248126382288e-17      -5.886249334085e-20 
 2933       5.594096414671e-12       1.508879141655e-13      -3.625087363165e-13       0.000000000000e+00       3.587539837861e-17       2.241894992032e-17      -4.276048575887e-20 
 2934       5.582935467626e-12       1.498960863358e-13      -3.587050995315e-13       0.000000000000e+00       3.582359744967e-17       2.235511455691e-17      -2.695931610378e-20 
 2935       5.571608561184e-12       1.489206391898e-13      -3.548922613224e-13       0.000000000000e+00       3.577188725579e-17       2.228966620464e-17      -1.149076419308e-20 
 2936       5.560115739225e-12       1.479617433177e-13      -3.510713359871e-13       0.000000000000e+00       3.572026744056e-17       2.222251309212e-17       3.613304851696e-21 
 2937       5.548457046390e-12       1.470195697018e-13      -3.472434408829e-13       0.000000000000e+00       3.566873764597e-17       2.215356320438e-17       1.832094053271e-20 
 2938       5.536632528082e-12       1.460942897169e-13      -3.434096964293e-13       0.000000000000e+00       3.561729751239e-17       2.208272428261e-17       3.260010690359e-20 
 2939       5.524642230469e-12       1.451860751313e-13      -3.395712261108e-13       0.000000000000e+00       3.556594667859e-17       2.200990382400e-17       4.641868249714e-20 
 2940       5.512486200479e-12       1.442950981063e-13      -3.357291564792e-13       0.000000000000e+00       3.551468478173e-17       2.193500908156e-17       5.974446025313e-20 
 2941       5.500164485809e-12       1.434215311968e-13      -3.318846171566e-13       0.000000000000e+00       3.546351145737e-17       2.185794706383e-17       7.254514744600e-20 
 2942       5.487677134919e-12       1.425655473518e-13      -3.280387408376e-13       0.000000000000e+00       3.541242633945e-17       2.177862453474e-17       8.478836561265e-20 
 2943       5.475024197037e-12       1.417273199144e-13      -3.241926632921e-13       0.000000000000e+00       3.536142906028e-17       2.169694801342e-17       9.644165048013e-20 
 2944       5.462205722155e-12       1.409070226225e-13      -3.203475233682e-13       0.000000000000e+00       3.531051925057e-17       2.161282377391e-17       1.074724518935e-19 
 2945       5.449222168178e-12       1.401047857258e-13      -3.165044244335e-13       0.000000000000e+00       3.525969658599e-17       2.152620398185e-17       1.178574221210e-19 
 2946       5.436075624554e-12       1.393205640999e-13      -3.126643184869e-13       0.000000000000e+00       3.520896092719e-17       2.143722535527e-17       1.276103313782e-19 
 2947       5.422768594725e-12       1.385542684770e-13      -3.088281214759e-13       0.000000000000e+00       3.515831218045e-17       2.134607119293e-17       1.367542909911e-19 
 2948       5.409303589550e-12       1.378058092691e-13      -3.049967518074e-13       0.000000000000e+00       3.510775025122e-17       2.125292530062e-17       1.453124776838e-19 
 2949       5.395683127306e-12       1.370750965677e-13      -3.011711303491e-13       0.000000000000e+00       3.505727504407e-17       2.115797199155e-17       1.533081336350e-19 
 2950       5.381909733701e-12       1.363620401434e-13      -2.973521804322e-13       0.000000000000e+00       3.500688646270e-17       2.106139608684e-17       1.607645665341e-19 
 2951       5.367985941873e-12       1.356665494457e-13      -2.935408278531e-13       0.000000000000e+00       3.495658440995e-17       2.096338291587e-17       1.677051496376e-19 
 2952       5.353914292402e-12       1.349885336025e-13      -2.897380008757e-13       0.000000000000e+00       3.490636878781e-17       2.086411831680e-17       1.741533218250e-19 
 2953       5.339697333314e-12       1.343279014200e-13      -2.859446302333e-13       0.000000000000e+00       3.485623949737e-17       2.076378863693e-17       1.801325876552e-19 
 2954       5.325337620088e-12       1.336845613827e-13      -2.821616491310e-13       0.000000000000e+00       3.480619643889e-17       2.066258073319e-17       1.856665174227e-19 
 2955       5.310837715663e-12       1.330584216523e-13      -2.783899932471e-13       0.000000000000e+00       3.475623951174e-17       2.056068197252e-17       1.907787472138e-19 
 2956       5.296200190444e-12       1.324493900681e-13      -2.746306007359e-13       0.000000000000e+00       3.470636861441e-17       2.045828023236e-17       1.954929789630e-19 
 2957       5.281427622307e-12       1.318573741466e-13      -2.708844122295e-13       0.000000000000e+00       3.465658364454e-17       2.035556390103e-17       1.998329805088e-19 
 2958       5.266522596608e-12       1.312822810809e-13      -2.671523708397e-13       0.000000000000e+00       3.460688449889e-17       2.025272187818e-17       2.038225856504e-19 
 2959       5.251487706189e-12       1.307240177407e-13      -2.634354221604e-13       0.000000000000e+00       3.455727107335e-17       2.014994357526e-17       2.074856942034e-19 
 2960       5.236325551381e-12       1.301824906718e-13      -2.597345142693e-13       0.000000000000e+00       3.450774326293e-17       2.004741891588e-17       2.108462720565e-19 
 2961       5.221038740017e-12       1.296576060960e-13      -2.560505977304e-13       0.000000000000e+00       3.445830096178e-17       1.994533833631e-17       2.139283512275e-19 
 2962       5.205629887432e-12       1.291492699107e-13      -2.523846255958e-13       0.000000000000e+00       3.440894406315e-17       1.984389278587e-17       2.167560299196e-19 
 2963       5.190101616472e-12       1.286573876887e-13      -2.487375534078e-13       0.000000000000e+00       3.435967245943e-17       1.974327372738e-17       2.193534725774e-19 
 2964       5.174456557502e-12       1.281818646777e-13      -2.451103392009e-13       0.000000000000e+00       3.431048604214e-17       1.964367313760e-17       2.217449099433e-19 
 2965       5.158697348410e-12       1.277226058001e-13      -2.415039435042e-13       0.000000000000e+00       3.426138470190e-17       1.954528350763e-17       2.239546391137e-19 
 2966       5.142826634616e-12       1.272795156529e-13      -2.379193293432e-13       0.000000000000e+00       3.421236832847e-17       1.944829784340e-17       2.260070235953e-19 
 2967       5.126847069074e-12       1.268524985072e-13      -2.343574622419e-13       0.000000000000e+00       3.416343681072e-17       1.935290966603e-17       2.279264933611e-19 
 2968       5.110761312285e-12       1.264414583078e-13      -2.308193102248e-13       0.000000000000e+00       3.411459003665e-17       1.925931301233e-17       2.297375449069e-19 
 2969       5.094572032296e-12       1.260462986733e-13      -2.273058438194e-13       0.000000000000e+00       3.406582789336e-17       1.916770243518e-17       2.314647413070e-19 
 2970       5.078281904714e-12       1.256669228954e-13      -2.238180360576e-13       0.000000000000e+00       3.401715026708e-17       1.907827300400e-17       2.331327122712e-19 
 2971       5.061893612706e-12       1.253032339387e-13      -2.203568624783e-13       0.000000000000e+00       3.396855704315e-17       1.899122030516e-17       2.347661542004e-19 
 2972       5.045409847008e-12       1.249551344407e-13      -2.169233011295e-13       0.000000000000e+00       3.392004810603e-17       1.890674044243e-17       2.363898302429e-19 
 2973       5.028833305935e-12       1.246225267111e-13      -2.135183325700e-13       0.000000000000e+00       3.387162333930e-17       1.882503003739e-17       2.380285703508e-19 
 2974       5.012166695381e-12       1.243053127318e-13      -2.101429398715e-13       0.000000000000e+00       3.382328262563e-17       1.874628622990e-17       2.397072713363e-19 
 2975       4.995412728829e-12       1.240033941564e-13      -2.067981086212e-13       0.000000000000e+00       3.377502584682e-17       1.867070667847e-17       2.414508969276e-19 
 2976       4.978574127358e-12       1.237166723100e-13      -2.034848269233e-13       0.000000000000e+00       3.372685288379e-17       1.859848956076e-17       2.432844778252e-19 
 2977       4.961653619648e-12       1.234450481890e-13      -2.002040854014e-13       0.000000000000e+00       3.367876361654e-17       1.852983357398e-17       2.452331117584e-19 
 2978       4.944653941985e-12       1.231884224607e-13      -1.969568772003e-13       0.000000000000e+00       3.363075792422e-17       1.846493793531e-17       2.473219635412e-19 
 2979       4.927577838274e-12       1.229466954628e-13      -1.937441979884e-13       0.000000000000e+00       3.358283568506e-17       1.840400238237e-17       2.495762651286e-19 
 2980       4.910428060036e-12       1.227197672036e-13      -1.905670459595e-13       0.000000000000e+00       3.353499677640e-17       1.834722717362e-17       2.520213156729e-19 
 2981       4.893207366421e-12       1.225075373613e-13      -1.874264218352e-13       0.000000000000e+00       3.348724107469e-17       1.829481308880e-17       2.546824815797e-19 
 2982       4.875918524215e-12       1.223099052839e-13      -1.843233288666e-13       0.000000000000e+00       3.343956845550e-17       1.824696142938e-17       2.575851965646e-19 
 2983       4.858564307840e-12       1.221267699887e-13      -1.812587728366e-13       0.000000000000e+00       3.339197879348e-17       1.820387401895e-17       2.607549617089e-19 
 2984       4.841146569199e-12       1.219580725526e-13      -1.782334629105e-13       0.000000000000e+00       3.334447209828e-17       1.816569085589e-17       2.642092427254e-19 
 2985       4.823663442183e-12       1.218039235104e-13      -1.752469125802e-13       0.000000000000e+00       3.329704892291e-17       1.813230273599e-17       2.679331181968e-19 
 2986       4.806112124453e-12       1.216644760808e-13      -1.722983343115e-13       0.000000000000e+00       3.324970995739e-17       1.810353771093e-17       2.719035119225e-19 
 2987       4.788489806357e-12       1.215398838337e-13      -1.693869382923e-13       0.000000000000e+00       3.320245589301e-17       1.807922335219e-17       2.760972848002e-19 
 2988       4.770793670921e-12       1.214303006902e-13      -1.665119324309e-13       0.000000000000e+00       3.315528742236e-17       1.805918675064e-17       2.804912347726e-19 
 2989       4.753020893846e-12       1.213358809229e-13      -1.636725223541e-13       0.000000000000e+00       3.310820523931e-17       1.804325451612e-17       2.850620967746e-19 
 2990       4.735168643499e-12       1.212567791560e-13      -1.608679114052e-13       0.000000000000e+00       3.306121003902e-17       1.803125277702e-17       2.897865426807e-19 
 2991       4.717234080912e-12       1.211931503659e-13      -1.580973006418e-13       0.000000000000e+00       3.301430251797e-17       1.802300717991e-17       2.946411812516e-19 
 2992       4.699214359769e-12       1.211451498815e-13      -1.553598888342e-13       0.000000000000e+00       3.296748337391e-17       1.801834288911e-17       2.996025580813e-19 
 2993       4.681106626405e-12       1.211129333839e-13      -1.526548724633e-13       0.000000000000e+00       3.292075330588e-17       1.801708458627e-17       3.046471555445e-19 
 2994       4.662908019800e-12       1.210966569074e-13      -1.499814457185e-13       0.000000000000e+00       3.287411301424e-17       1.801905646999e-17       3.097513927432e-19 
 2995       4.644615671568e-12       1.210964768394e-13      -1.473388004961e-13       0.000000000000e+00       3.282756320062e-17       1.802408225540e-17       3.148916254541e-19 
 2996       4.626226705956e-12       1.211125499207e-13      -1.447261263969e-13       0.000000000000e+00       3.278110456797e-17       1.803198517375e-17       3.200441460757e-19 
 2997       4.607738239837e-12       1.211450332458e-13      -1.421426107246e-13       0.000000000000e+00       3.273473782052e-17       1.804258797200e-17       3.251851835749e-19 
 2998       4.589147382701e-12       1.211940842632e-13      -1.395874384837e-13       0.000000000000e+00       3.268846366380e-17       1.805571291243e-17       3.302909034344e-19 
 2999       4.570451236654e-12       1.212598607757e-13      -1.370597923776e-13       0.000000000000e+00       3.264228280467e-17       1.807118177220e-17       3.353374076000e-19 
 3000       4.551646896405e-12       1.213425209407e-13      -1.345588528065e-13       0.000000000000e+00       3.259619595124e-17       1.808881584298e-17       3.403007344269e-19 
