# dimensionless total [l(l+1)/2pi] C_l's
# for l=2 to 3000, i.e. number of multipoles equal to 2999
#
# -> if you prefer output in CAMB/HealPix/LensPix units/order, set 'format' to 'camb' in input file
# -> if you don't want to see such a header, set 'headers' to 'no' in input file
# -> for CMB lensing (phi), these are C_l^phi-phi for the lensing potential.
#    Remember the conversion factors:
#    C_l^dd (deflection) = l(l+1) C_l^phi-phi
#    C_l^gg (shear/convergence) = 1/4 (l(l+1))^2 C_l^phi-phi
#
# 1:l     2:TT                     3:EE                     4:TE                     5:BB                     6:phiphi                 7:TPhi                   8:Ephi               
    2       1.339780577607e-10       4.093962973266e-15       3.507030254388e-13       0.000000000000e+00       7.831257797908e-09       4.188877211628e-10      -1.821249897097e-12 
    3       1.271798754544e-10       5.489892967842e-15       3.980377501572e-13       0.000000000000e+00       4.730873022331e-09       2.938886302538e-10      -1.415999847865e-12 
    4       1.206308116055e-10       4.999573329636e-15       3.766807587785e-13       0.000000000000e+00       3.244495028309e-09       2.203837907838e-10      -9.633306706873e-13 
    5       1.157050816580e-10       3.523948539492e-15       3.247118734989e-13       0.000000000000e+00       2.393896162352e-09       1.724405147480e-10      -5.701366915380e-13 
    6       1.123273064233e-10       2.062551075366e-15       2.644907760181e-13       0.000000000000e+00       1.850586451394e-09       1.390277479524e-10      -2.677018456016e-13 
    7       1.101690553578e-10       1.118982846654e-15       2.092899852231e-13       0.000000000000e+00       1.478705544606e-09       1.146703614171e-10      -6.179979611854e-14 
    8       1.089392552794e-10       6.875303139268e-16       1.652648509224e-13       0.000000000000e+00       1.211162686807e-09       9.628771842526e-11       5.649526796800e-14 
    9       1.084129974128e-10       5.375654070674e-16       1.342822406743e-13       0.000000000000e+00       1.011310927931e-09       8.204911114474e-11       1.044946828824e-13 
   10       1.083753481298e-10       4.673958675698e-16       1.156116631422e-13       0.000000000000e+00       8.576384501747e-10       7.084094505083e-11       1.033740693544e-13 
   11       1.087942562260e-10       3.970439964051e-16       1.070717113064e-13       0.000000000000e+00       7.313325839959e-10       6.268529092354e-11       7.451150970693e-14 
   12       1.095237619071e-10       3.326593431394e-16       1.058687434852e-13       0.000000000000e+00       6.353919961059e-10       5.513931454682e-11       3.568697503717e-14 
   13       1.104619083798e-10       2.973531604632e-16       1.093474831714e-13       0.000000000000e+00       5.569559510881e-10       4.901482375323e-11       2.940145329240e-16 
   14       1.115940224866e-10       2.944090544171e-16       1.154031264856e-13       0.000000000000e+00       4.919638473102e-10       4.366566934481e-11      -2.464078834266e-14 
   15       1.129426011780e-10       3.108561753940e-16       1.225390312330e-13       0.000000000000e+00       4.374812081531e-10       3.920165833255e-11      -3.649041939391e-14 
   16       1.143897149112e-10       3.356214014185e-16       1.298282825210e-13       0.000000000000e+00       3.913423791911e-10       3.545344263340e-11      -3.676068434071e-14 
   17       1.159737508886e-10       3.686930360264e-16       1.369586037532e-13       0.000000000000e+00       3.519177582063e-10       3.221493385567e-11      -2.920976036641e-14 
   18       1.176423577872e-10       4.172093051386e-16       1.439753834331e-13       0.000000000000e+00       3.178348574260e-10       2.934315580368e-11      -1.844314684026e-14 
   19       1.194088653226e-10       4.848374951020e-16       1.511008941648e-13       0.000000000000e+00       2.885048400476e-10       2.682455119339e-11      -7.869168319362e-15 
   20       1.212674809028e-10       5.728122931054e-16       1.585953185252e-13       0.000000000000e+00       2.627718336306e-10       2.462300134933e-11      -6.960354223365e-16 
   21       1.232143711840e-10       6.793797105033e-16       1.665591179872e-13       0.000000000000e+00       2.402054925256e-10       2.270069873065e-11       2.202710595879e-15 
   22       1.252178127387e-10       8.015109397268e-16       1.749828047252e-13       0.000000000000e+00       2.202387123011e-10       2.098643124291e-11       1.096821876767e-15 
   23       1.272894010792e-10       9.395000876523e-16       1.836851254828e-13       0.000000000000e+00       2.025864473471e-10       1.945187750275e-11      -2.770546047332e-15 
   24       1.294313589110e-10       1.094415694555e-15       1.923579682945e-13       0.000000000000e+00       1.868278016634e-10       1.806597266252e-11      -7.551694346430e-15 
   25       1.316338444571e-10       1.266004812352e-15       2.006272963035e-13       0.000000000000e+00       1.727360152807e-10       1.682663929905e-11      -1.176099759075e-14 
   26       1.338715008064e-10       1.453674971049e-15       2.080953469597e-13       0.000000000000e+00       1.600225429964e-10       1.572735754188e-11      -1.408215607014e-14 
   27       1.361551813400e-10       1.658357138500e-15       2.146215678994e-13       0.000000000000e+00       1.486132535228e-10       1.475273894350e-11      -1.441417001289e-14 
   28       1.384929345575e-10       1.881594637132e-15       2.201533768787e-13       0.000000000000e+00       1.383614939247e-10       1.386810119027e-11      -1.316274411545e-14 
   29       1.408793127511e-10       2.125028161542e-15       2.246585482351e-13       0.000000000000e+00       1.290079200874e-10       1.303013391431e-11      -1.090523607830e-14 
   30       1.433193339634e-10       2.389916103139e-15       2.281378653659e-13       0.000000000000e+00       1.204954025080e-10       1.224339884975e-11      -8.244083330585e-15 
   31       1.458103934232e-10       2.677433251963e-15       2.306209230148e-13       0.000000000000e+00       1.127558883561e-10       1.152460182148e-11      -5.922340724048e-15 
   32       1.483405760564e-10       2.988721708006e-15       2.321520446804e-13       0.000000000000e+00       1.056609912141e-10       1.088421038219e-11      -4.667060992805e-15 
   33       1.509109624864e-10       3.324637165534e-15       2.327446720207e-13       0.000000000000e+00       9.916830928996e-11       1.031412979470e-11      -4.458304542427e-15 
   34       1.535191882092e-10       3.685901388614e-15       2.324119569907e-13       0.000000000000e+00       9.321655096662e-11       9.794217461361e-12      -4.986808504559e-15 
   35       1.561578116927e-10       4.073201887662e-15       2.311542559221e-13       0.000000000000e+00       8.771266110824e-11       9.301685951764e-12      -5.886454281478e-15 
   36       1.588328705931e-10       4.487331684385e-15       2.288725848542e-13       0.000000000000e+00       8.263998610690e-11       8.835479829461e-12      -6.910345201614e-15 
   37       1.615502987056e-10       4.929090837744e-15       2.254237343704e-13       0.000000000000e+00       7.798056412393e-11       8.399638102809e-12      -7.806603160987e-15 
   38       1.643101392091e-10       5.399245761557e-15       2.206410208900e-13       0.000000000000e+00       7.368250455466e-11       7.996605879802e-12      -8.267006969505e-15 
   39       1.671084226460e-10       5.898495319461e-15       2.143695188768e-13       0.000000000000e+00       6.967816610653e-11       7.626958509735e-12      -8.027777573804e-15 
   40       1.699452324153e-10       6.427362179050e-15       2.065903505442e-13       0.000000000000e+00       6.595371479065e-11       7.288902144837e-12      -7.222282335234e-15 
   41       1.728182460671e-10       6.986259608169e-15       1.973359272968e-13       0.000000000000e+00       6.249807576552e-11       6.978299120357e-12      -6.142399525743e-15 
   42       1.757199298621e-10       7.575514142311e-15       1.866577729931e-13       0.000000000000e+00       5.928222119336e-11       6.688561327288e-12      -5.148622265893e-15 
   43       1.786415384423e-10       8.195451079973e-15       1.746087062820e-13       0.000000000000e+00       5.626955575707e-11       6.412609361080e-12      -4.581465720233e-15 
   44       1.815877684630e-10       8.846695307714e-15       1.611800889866e-13       0.000000000000e+00       5.345449415271e-11       6.149930201186e-12      -4.452510671436e-15 
   45       1.845658455658e-10       9.529955391493e-15       1.463469039608e-13       0.000000000000e+00       5.083338537855e-11       5.901399779842e-12      -4.664260864622e-15 
   46       1.875812297218e-10       1.024594143344e-14       1.300849194292e-13       0.000000000000e+00       4.839295022110e-11       5.667272820007e-12      -5.093107799096e-15 
   47       1.906374083911e-10       1.099536554842e-14       1.123706126256e-13       0.000000000000e+00       4.610953571568e-11       5.447128927784e-12      -5.587744237613e-15 
   48       1.937358215432e-10       1.177884879235e-14       9.317844972118e-14       0.000000000000e+00       4.395621873999e-11       5.240124797747e-12      -6.003145252718e-15 
   49       1.968760943494e-10       1.259660981104e-14       7.247199709051e-14       0.000000000000e+00       4.192822425119e-11       5.045960681761e-12      -6.317540192897e-15 
   50       2.000555147091e-10       1.344868924410e-14       5.021017322338e-14       0.000000000000e+00       4.002339121826e-11       4.864093736608e-12      -6.545687912219e-15 
   51       2.032687119288e-10       1.433503141988e-14       2.634946762672e-14       0.000000000000e+00       3.823461248668e-11       4.693418350008e-12      -6.706410640707e-15 
   52       2.065074566097e-10       1.525548005922e-14       8.437295803188e-16       0.000000000000e+00       3.654948970502e-11       4.532227851042e-12      -6.822822163863e-15 
   53       2.097635962491e-10       1.620988841924e-14      -2.635030598246e-14       0.000000000000e+00       3.495411579348e-11       4.378691488530e-12      -6.918861792411e-15 
   54       2.130392089025e-10       1.719849286546e-14      -5.525428638174e-14       0.000000000000e+00       3.344635854679e-11       4.232517497938e-12      -7.007324679326e-15 
   55       2.163387116954e-10       1.822162787328e-14      -8.588252462882e-14       0.000000000000e+00       3.202539140122e-11       4.093650946985e-12      -7.099151268644e-15 
   56       2.196658865569e-10       1.927962048696e-14      -1.182472862821e-13       0.000000000000e+00       3.068769674117e-11       3.961779590556e-12      -7.206923727673e-15 
   57       2.230238115837e-10       2.037279082165e-14      -1.523587601411e-13       0.000000000000e+00       2.942689388833e-11       3.836317185651e-12      -7.344939233021e-15 
   58       2.264147924037e-10       2.150145256546e-14      -1.882250289405e-13       0.000000000000e+00       2.823356709077e-11       3.716386806335e-12      -7.529283256636e-15 
   59       2.298403712671e-10       2.266583167914e-14      -2.258493503035e-13       0.000000000000e+00       2.709779835125e-11       3.601088882305e-12      -7.771892323864e-15 
   60       2.333015126688e-10       2.386579930744e-14      -2.652213287934e-13       0.000000000000e+00       2.601784344947e-11       3.490415897856e-12      -8.060965741864e-15 
   61       2.367983396054e-10       2.510107761888e-14      -3.063236383124e-13       0.000000000000e+00       2.499317032652e-11       3.384521002312e-12      -8.376126329597e-15 
   62       2.403299949841e-10       2.637131392990e-14      -3.491344135613e-13       0.000000000000e+00       2.402185271870e-11       3.283445073716e-12      -8.693903179042e-15 
   63       2.438945756224e-10       2.767607843389e-14      -3.936271295563e-13       0.000000000000e+00       2.310048983616e-11       3.187109685432e-12      -8.987601194515e-15 
   64       2.474890662458e-10       2.901486193033e-14      -4.397704811454e-13       0.000000000000e+00       2.222412604143e-11       3.095310072742e-12      -9.227170631995e-15 
   65       2.511104438463e-10       3.038709263436e-14      -4.875352381279e-13       0.000000000000e+00       2.138758255549e-11       3.007782362208e-12      -9.386334823252e-15 
   66       2.547594108457e-10       3.179219584417e-14      -5.369167686542e-13       0.000000000000e+00       2.058996079457e-11       2.924437606620e-12      -9.466020899680e-15 
   67       2.584373369041e-10       3.322954288802e-14      -5.879170846107e-13       0.000000000000e+00       1.983095199823e-11       2.845164888200e-12      -9.475672741668e-15 
   68       2.621451256821e-10       3.469843145399e-14      -6.405383601665e-13       0.000000000000e+00       1.910946929689e-11       2.769756565863e-12      -9.426501865483e-15 
   69       2.658831815773e-10       3.619808385277e-14      -6.947830064113e-13       0.000000000000e+00       1.842360688771e-11       2.697903319100e-12      -9.331559988745e-15 
   70       2.696513764594e-10       3.772764528048e-14      -7.506537459936e-13       0.000000000000e+00       1.777059921042e-11       2.629189191851e-12      -9.205811595898e-15 
   71       2.734490164072e-10       3.928618208145e-14      -8.081536877588e-13       0.000000000000e+00       1.714678012320e-11       2.563086636388e-12      -9.066206503682e-15 
   72       2.772753295939e-10       4.087274952576e-14      -8.672809963352e-13       0.000000000000e+00       1.654850556954e-11       2.499089041401e-12      -8.928245119778e-15 
   73       2.811311122847e-10       4.248661406388e-14      -9.280115504932e-13       0.000000000000e+00       1.597521733619e-11       2.437148780573e-12      -8.794749686292e-15 
   74       2.850173401462e-10       4.412707079300e-14      -9.903130754433e-13       0.000000000000e+00       1.542689634585e-11       2.377314682402e-12      -8.665058779072e-15 
   75       2.889346540889e-10       4.579337757481e-14      -1.054150205013e-12       0.000000000000e+00       1.490313276694e-11       2.319600209843e-12      -8.538336257900e-15 
   76       2.928833389015e-10       4.748475488540e-14      -1.119484432883e-12       0.000000000000e+00       1.440310718697e-11       2.263981643095e-12      -8.413563756469e-15 
   77       2.968633018854e-10       4.920038566514e-14      -1.186274063820e-12       0.000000000000e+00       1.392557178587e-11       2.210396262385e-12      -8.289533172351e-15 
   78       3.008740514892e-10       5.093941516856e-14      -1.254474164914e-12       0.000000000000e+00       1.346883150942e-11       2.158740530760e-12      -8.164839156978e-15 
   79       3.049146759426e-10       5.270095081429e-14      -1.324036516812e-12       0.000000000000e+00       1.303072524255e-11       2.108868276870e-12      -8.037871605609e-15 
   80       3.089842414394e-10       5.448403274590e-14      -1.394913104134e-12       0.000000000000e+00       1.260915132637e-11       2.060631851874e-12      -7.907380232181e-15 
   81       3.130831133245e-10       5.628753995704e-14      -1.467067392075e-12       0.000000000000e+00       1.220379063107e-11       2.014017829405e-12      -7.774297730885e-15 
   82       3.172118264226e-10       5.811026751309e-14      -1.540464928316e-12       0.000000000000e+00       1.181464975489e-11       1.969031665062e-12      -7.640221008592e-15 
   83       3.213706724837e-10       5.995095371034e-14      -1.615069994298e-12       0.000000000000e+00       1.144153464754e-11       1.925655809808e-12      -7.506870258652e-15 
   84       3.255596865865e-10       6.180827938349e-14      -1.690845622001e-12       0.000000000000e+00       1.108404186392e-11       1.883848688580e-12      -7.376092045032e-15 
   85       3.297786335424e-10       6.368086721313e-14      -1.767753610716e-12       0.000000000000e+00       1.074154981799e-11       1.843543678887e-12      -7.249862386453e-15 
   86       3.340269942993e-10       6.556728103330e-14      -1.845754543822e-12       0.000000000000e+00       1.041321003654e-11       1.804648089416e-12      -7.130289840528e-15 
   87       3.383039523455e-10       6.746602513894e-14      -1.924807805562e-12       0.000000000000e+00       1.009793841303e-11       1.767042138639e-12      -7.019618587902e-15 
   88       3.426083801132e-10       6.937554359343e-14      -2.004871597819e-12       0.000000000000e+00       9.794406461335e-12       1.730577933410e-12      -6.920231516387e-15 
   89       3.469392005762e-10       7.129427005182e-14      -2.085902349744e-12       0.000000000000e+00       9.501351526801e-12       1.695116399379e-12      -6.834062229426e-15 
   90       3.512965666845e-10       7.322078769702e-14      -2.167852803949e-12       0.000000000000e+00       9.218582252224e-12       1.660646937798e-12      -6.760718642408e-15 
   91       3.556808427551e-10       7.515369323325e-14      -2.250673659616e-12       0.000000000000e+00       8.946115456435e-12       1.627184744463e-12      -6.699069352663e-15 
   92       3.600922378857e-10       7.709154866714e-14      -2.334314160479e-12       0.000000000000e+00       8.683867305528e-12       1.594734082355e-12      -6.647802821761e-15 
   93       3.645307979785e-10       7.903288137201e-14      -2.418722102515e-12       0.000000000000e+00       8.431649345050e-12       1.563287828807e-12      -6.605421604582e-15 
   94       3.689963977653e-10       8.097618415215e-14      -2.503843841614e-12       0.000000000000e+00       8.189164532189e-12       1.532827022673e-12      -6.570236578391e-15 
   95       3.734887328323e-10       8.291991530716e-14      -2.589624301266e-12       0.000000000000e+00       7.956003267964e-12       1.503320411505e-12      -6.540361171907e-15 
   96       3.780073116447e-10       8.486249869618e-14      -2.676006980235e-12       0.000000000000e+00       7.731639429414e-12       1.474723998717e-12      -6.513705594376e-15 
   97       3.825514475712e-10       8.680232380226e-14      -2.762933960242e-12       0.000000000000e+00       7.515426401787e-12       1.446980590755e-12      -6.487971064643e-15 
   98       3.871202509091e-10       8.873774579659e-14      -2.850345913644e-12       0.000000000000e+00       7.306593110730e-12       1.420019344274e-12      -6.460644040221e-15 
   99       3.917128484208e-10       9.066711213620e-14      -2.938182776100e-12       0.000000000000e+00       7.104417426711e-12       1.393772897517e-12      -6.429515952216e-15 
  100       3.963290946650e-10       9.258884651643e-14      -3.026385856679e-12       0.000000000000e+00       6.908782980130e-12       1.368232512040e-12      -6.394338882187e-15 
  101       4.009689470728e-10       9.450137698439e-14      -3.114896042285e-12       0.000000000000e+00       6.719694210179e-12       1.343399936454e-12      -6.355394767982e-15 
  102       4.056322422722e-10       9.640311084742e-14      -3.203653174882e-12       0.000000000000e+00       6.537104233815e-12       1.319270282336e-12      -6.312991410792e-15 
  103       4.103186908703e-10       9.829243505904e-14      -3.292596067229e-12       0.000000000000e+00       6.360913027918e-12       1.295831784538e-12      -6.267463073996e-15 
  104       4.150278722364e-10       1.001677166049e-13      -3.381662518621e-12       0.000000000000e+00       6.190965611447e-12       1.273065561506e-12      -6.219171081999e-15 
  105       4.197592292835e-10       1.020273028885e-13      -3.470789330629e-12       0.000000000000e+00       6.027050227595e-12       1.250945375588e-12      -6.168504419069e-15 
  106       4.245120632518e-10       1.038695221175e-13      -3.559912322842e-12       0.000000000000e+00       5.868896525943e-12       1.229437393345e-12      -6.115880328180e-15 
  107       4.292855284900e-10       1.056926836892e-13      -3.648966348607e-12       0.000000000000e+00       5.716173744620e-12       1.208499945867e-12      -6.061744909850e-15 
  108       4.340786272387e-10       1.074950785766e-13      -3.737885310765e-12       0.000000000000e+00       5.568488892453e-12       1.188083289083e-12      -6.006573720980e-15 
  109       4.388902044120e-10       1.092749797145e-13      -3.826602177396e-12       0.000000000000e+00       5.425384931128e-12       1.168129364073e-12      -5.950872373692e-15 
  110       4.437191534627e-10       1.110306852503e-13      -3.915049738535e-12       0.000000000000e+00       5.286441958617e-12       1.148585724222e-12      -5.895093309247e-15 
  111       4.485650751121e-10       1.127606537610e-13      -4.003162952625e-12       0.000000000000e+00       5.151599377161e-12       1.129449856673e-12      -5.839372729388e-15 
  112       4.534276935513e-10       1.144633871435e-13      -4.090876931213e-12       0.000000000000e+00       5.020871745641e-12       1.110730110886e-12      -5.783760961979e-15 
  113       4.583066497874e-10       1.161373900949e-13      -4.178126247574e-12       0.000000000000e+00       4.894248667646e-12       1.092431939540e-12      -5.728303053950e-15 
  114       4.632014985010e-10       1.177811709193e-13      -4.264844959735e-12       0.000000000000e+00       4.771693985926e-12       1.074557798076e-12      -5.673038546306e-15 
  115       4.681117049029e-10       1.193932423351e-13      -4.350966633496e-12       0.000000000000e+00       4.653144976842e-12       1.057107044244e-12      -5.618001249130e-15 
  116       4.730366415910e-10       1.209721222823e-13      -4.436424365452e-12       0.000000000000e+00       4.538511544819e-12       1.040075837642e-12      -5.563219016596e-15 
  117       4.779755854074e-10       1.225163347293e-13      -4.521150806019e-12       0.000000000000e+00       4.427675416805e-12       1.023457039265e-12      -5.508713521970e-15 
  118       4.829277142953e-10       1.240244104806e-13      -4.605078182450e-12       0.000000000000e+00       4.320489336718e-12       1.007240111048e-12      -5.454500032625e-15 
  119       4.878921041556e-10       1.254948879837e-13      -4.688138321864e-12       0.000000000000e+00       4.216776259901e-12       9.914110154076e-13      -5.400587185039e-15 
  120       4.928677257044e-10       1.269263141363e-13      -4.770262674264e-12       0.000000000000e+00       4.116328547579e-12       9.759521147884e-13      -5.346976759812e-15 
  121       4.978534413296e-10       1.283172450936e-13      -4.851382335562e-12       0.000000000000e+00       4.018907161303e-12       9.608420712073e-13      -5.293663456665e-15 
  122       5.028480019479e-10       1.296662470753e-13      -4.931428070601e-12       0.000000000000e+00       3.924240857416e-12       9.460557457962e-13      -5.240634669451e-15 
  123       5.078501986152e-10       1.309719394861e-13      -5.010330978486e-12       0.000000000000e+00       3.832083783643e-12       9.315700716726e-13      -5.187871900446e-15 
  124       5.128593437755e-10       1.322331281655e-13      -5.088024526106e-12       0.000000000000e+00       3.742397477031e-12       9.173826504757e-13      -5.135355666437e-15 
  125       5.178748396331e-10       1.334486890384e-13      -5.164442792701e-12       0.000000000000e+00       3.655188353521e-12       9.034951128661e-13      -5.083060734860e-15 
  126       5.228960264448e-10       1.346175283016e-13      -5.239519876266e-12       0.000000000000e+00       3.570450836032e-12       8.899072836462e-13      -5.030954325088e-15 
  127       5.279221805951e-10       1.357385835638e-13      -5.313189921627e-12       0.000000000000e+00       3.488167008408e-12       8.766171283013e-13      -4.978995896337e-15 
  128       5.329525126700e-10       1.368108249857e-13      -5.385387148514e-12       0.000000000000e+00       3.408306269376e-12       8.636206995410e-13      -4.927136935570e-15 
  129       5.379861655322e-10       1.378332564202e-13      -5.456045879640e-12       0.000000000000e+00       3.330824986490e-12       8.509120838400e-13      -4.875320745399e-15 
  130       5.430222123950e-10       1.388049165526e-13      -5.525100568776e-12       0.000000000000e+00       3.255666150087e-12       8.384833479797e-13      -4.823482231995e-15 
  131       5.480596548972e-10       1.397248800401e-13      -5.592485828826e-12       0.000000000000e+00       3.182759027233e-12       8.263244855891e-13      -4.771547692990e-15 
  132       5.530974211774e-10       1.405922586530e-13      -5.658136459906e-12       0.000000000000e+00       3.112018815678e-12       8.144233636861e-13      -4.719434605382e-15 
  133       5.581343639487e-10       1.414062024136e-13      -5.721987477416e-12       0.000000000000e+00       3.043346297804e-12       8.027656692187e-13      -4.667051413440e-15 
  134       5.631692585731e-10       1.421659007373e-13      -5.783974140118e-12       0.000000000000e+00       2.976627494578e-12       7.913348556059e-13      -4.614297316608e-15 
  135       5.682008011359e-10       1.428705835719e-13      -5.844031978214e-12       0.000000000000e+00       2.911733319501e-12       7.801120892792e-13      -4.561062057412e-15 
  136       5.732276065206e-10       1.435195225382e-13      -5.902096821418e-12       0.000000000000e+00       2.848519232559e-12       7.690761962237e-13      -4.507225709363e-15 
  137       5.782483361267e-10       1.441120658956e-13      -5.958105453500e-12       0.000000000000e+00       2.786855411233e-12       7.582086707082e-13      -4.452693197516e-15 
  138       5.832621000171e-10       1.446477451086e-13      -6.011997592911e-12       0.000000000000e+00       2.726721519652e-12       7.475093995986e-13      -4.397502340693e-15 
  139       5.882680929277e-10       1.451261815206e-13      -6.063714171300e-12       0.000000000000e+00       2.668121135601e-12       7.369824713983e-13      -4.341726639288e-15 
  140       5.932654672650e-10       1.455470548602e-13      -6.113196757189e-12       0.000000000000e+00       2.611051962440e-12       7.266312389253e-13      -4.285441554042e-15 
  141       5.982533320038e-10       1.459101045957e-13      -6.160387588031e-12       0.000000000000e+00       2.555505676749e-12       7.164582979849e-13      -4.228724514398e-15 
  142       6.032307515839e-10       1.462151312904e-13      -6.205229602257e-12       0.000000000000e+00       2.501467775979e-12       7.064654660405e-13      -4.171654926867e-15 
  143       6.081967448084e-10       1.464619979568e-13      -6.247666471332e-12       0.000000000000e+00       2.448917426096e-12       6.966537608864e-13      -4.114314183384e-15 
  144       6.131502837403e-10       1.466506314119e-13      -6.287642631808e-12       0.000000000000e+00       2.397827309237e-12       6.870233793190e-13      -4.056785669670e-15 
  145       6.180902926002e-10       1.467810236318e-13      -6.325103317370e-12       0.000000000000e+00       2.348163471352e-12       6.775736758089e-13      -3.999154773587e-15 
  146       6.230156466640e-10       1.468532331063e-13      -6.359994590898e-12       0.000000000000e+00       2.299885169853e-12       6.683031411728e-13      -3.941508893503e-15 
  147       6.279251711595e-10       1.468673861942e-13      -6.392263376511e-12       0.000000000000e+00       2.252944721265e-12       6.592093812454e-13      -3.883937446651e-15 
  148       6.328176401645e-10       1.468236784775e-13      -6.421857491622e-12       0.000000000000e+00       2.207287348875e-12       6.502890955509e-13      -3.826531877483e-15 
  149       6.376917755040e-10       1.467223761167e-13      -6.448725678992e-12       0.000000000000e+00       2.162851030376e-12       6.415380559753e-13      -3.769385666038e-15 
  150       6.425462456475e-10       1.465638172052e-13      -6.472817638782e-12       0.000000000000e+00       2.119566345520e-12       6.329510854382e-13      -3.712594336294e-15 
  151       6.473796646061e-10       1.463484131244e-13      -6.494084060603e-12       0.000000000000e+00       2.077356323763e-12       6.245220365643e-13      -3.656255464532e-15 
  152       6.521905908307e-10       1.460766498986e-13      -6.512476655569e-12       0.000000000000e+00       2.036136291916e-12       6.162437703556e-13      -3.600468687697e-15 
  153       6.569776333531e-10       1.457490976814e-13      -6.527948482571e-12       0.000000000000e+00       1.995831123129e-12       6.081096555737e-13      -3.545314910946e-15 
  154       6.617397836334e-10       1.453664373585e-13      -6.540454893746e-12       0.000000000000e+00       1.956429108299e-12       6.001182685719e-13      -3.490791738347e-15 
  155       6.664761125948e-10       1.449294390124e-13      -6.549952738400e-12       0.000000000000e+00       1.917932824142e-12       5.922690916205e-13      -3.436872029300e-15 
  156       6.711856655998e-10       1.444389553964e-13      -6.556400109952e-12       0.000000000000e+00       1.880342118643e-12       5.845610179832e-13      -3.383524063247e-15 
  157       6.758674618931e-10       1.438959233314e-13      -6.559756379487e-12       0.000000000000e+00       1.843654047321e-12       5.769923383332e-13      -3.330711442101e-15 
  158       6.805204940455e-10       1.433013651020e-13      -6.559982229303e-12       0.000000000000e+00       1.807862809505e-12       5.695607271706e-13      -3.278392992662e-15 
  159       6.851437273975e-10       1.426563898524e-13      -6.557039686470e-12       0.000000000000e+00       1.772959684605e-12       5.622632292389e-13      -3.226522669042e-15 
  160       6.897360995029e-10       1.419621949829e-13      -6.550892156372e-12       0.000000000000e+00       1.738932968387e-12       5.550962459417e-13      -3.175049455086e-15 
  161       6.942965195719e-10       1.412200675462e-13      -6.541504456261e-12       0.000000000000e+00       1.705767909243e-12       5.480555217596e-13      -3.123917266796e-15 
  162       6.988238679155e-10       1.404313856433e-13      -6.528842848812e-12       0.000000000000e+00       1.673446644462e-12       5.411361306667e-13      -3.073064854754e-15 
  163       7.033169953883e-10       1.395976198199e-13      -6.512875075665e-12       0.000000000000e+00       1.641948136508e-12       5.343324625477e-13      -3.022425706538e-15 
  164       7.077747228325e-10       1.387203344625e-13      -6.493570390983e-12       0.000000000000e+00       1.611248109287e-12       5.276382096142e-13      -2.971927949153e-15 
  165       7.121958405216e-10       1.378011891951e-13      -6.470899595002e-12       0.000000000000e+00       1.581318984423e-12       5.210463528222e-13      -2.921494251447e-15 
  166       7.165791076034e-10       1.368419402745e-13      -6.444835067577e-12       0.000000000000e+00       1.552129817529e-12       5.145491482879e-13      -2.871041726536e-15 
  167       7.209232515443e-10       1.358444419874e-13      -6.415350801737e-12       0.000000000000e+00       1.523646234480e-12       5.081381137053e-13      -2.820481834225e-15 
  168       7.252269675722e-10       1.348106480462e-13      -6.382422437235e-12       0.000000000000e+00       1.495830367683e-12       5.018040147623e-13      -2.769720283432e-15 
  169       7.294889181206e-10       1.337426129852e-13      -6.346027294099e-12       0.000000000000e+00       1.468640792354e-12       4.955368515579e-13      -2.718656934607e-15 
  170       7.337077322719e-10       1.326424935570e-13      -6.306144406181e-12       0.000000000000e+00       1.442032462787e-12       4.893258450189e-13      -2.667185702158e-15 
  171       7.378820961661e-10       1.315125030311e-13      -6.262754216284e-12       0.000000000000e+00       1.415965694939e-12       4.831620151748e-13      -2.615223013341e-15 
  172       7.420110338515e-10       1.303547668923e-13      -6.215837562769e-12       0.000000000000e+00       1.390434088062e-12       4.770461856642e-13      -2.562796052041e-15 
  173       7.460936488941e-10       1.291714577295e-13      -6.165376672348e-12       0.000000000000e+00       1.365438819930e-12       4.709816237314e-13      -2.509961720129e-15 
  174       7.501290353372e-10       1.279648424457e-13      -6.111355522833e-12       0.000000000000e+00       1.340979783473e-12       4.649715054595e-13      -2.456778762084e-15 
  175       7.541162775154e-10       1.267372834615e-13      -6.053759875301e-12       0.000000000000e+00       1.317055559957e-12       4.590189127616e-13      -2.403307783929e-15 
  176       7.580544498700e-10       1.254912399196e-13      -5.992577306271e-12       0.000000000000e+00       1.293663392169e-12       4.531268303720e-13      -2.349611272158e-15 
  177       7.619426167631e-10       1.242292688884e-13      -5.927797239868e-12       0.000000000000e+00       1.270799157592e-12       4.472981428382e-13      -2.295753612671e-15 
  178       7.657798322928e-10       1.229540265664e-13      -5.859410979997e-12       0.000000000000e+00       1.248457341592e-12       4.415356315119e-13      -2.241801109704e-15 
  179       7.695651401076e-10       1.216682694861e-13      -5.787411742509e-12       0.000000000000e+00       1.226631010597e-12       4.358419715407e-13      -2.187822004761e-15 
  180       7.732975732211e-10       1.203748557184e-13      -5.711794687376e-12       0.000000000000e+00       1.205311785275e-12       4.302197288594e-13      -2.133886495547e-15 
  181       7.769761538271e-10       1.190767460760e-13      -5.632556950858e-12       0.000000000000e+00       1.184489813722e-12       4.246713571815e-13      -2.080066754897e-15 
  182       7.805998931138e-10       1.177770053181e-13      -5.549697677671e-12       0.000000000000e+00       1.164153744636e-12       4.191991949907e-13      -2.026436949711e-15 
  183       7.841677910788e-10       1.164788033541e-13      -5.463218053163e-12       0.000000000000e+00       1.144290700503e-12       4.138054625323e-13      -1.973073259883e-15 
  184       7.876788363439e-10       1.151854164478e-13      -5.373121335476e-12       0.000000000000e+00       1.124886250776e-12       4.084922588048e-13      -1.920053897235e-15 
  185       7.911320059694e-10       1.139002284214e-13      -5.279412887725e-12       0.000000000000e+00       1.105924385058e-12       4.032615585509e-13      -1.867459124445e-15 
  186       7.945262652693e-10       1.126267318595e-13      -5.182100210160e-12       0.000000000000e+00       1.087387486278e-12       3.981152092496e-13      -1.815371273984e-15 
  187       7.978605676257e-10       1.113685293136e-13      -5.081192972339e-12       0.000000000000e+00       1.069256303880e-12       3.930549281072e-13      -1.763874767044e-15 
  188       8.011338543037e-10       1.101293345053e-13      -4.976703045302e-12       0.000000000000e+00       1.051509926998e-12       3.880822990489e-13      -1.713056132469e-15 
  189       8.043450542660e-10       1.089129735313e-13      -4.868644533733e-12       0.000000000000e+00       1.034125757640e-12       3.831987697102e-13      -1.663004025692e-15 
  190       8.074930839874e-10       1.077233860668e-13      -4.757033808137e-12       0.000000000000e+00       1.017079483867e-12       3.784056484285e-13      -1.613809247660e-15 
  191       8.105769150954e-10       1.065644950066e-13      -4.641888113374e-12       0.000000000000e+00       1.000349820200e-12       3.737038499930e-13      -1.565546390186e-15 
  192       8.135957833427e-10       1.054398019581e-13      -4.523221210674e-12       0.000000000000e+00       9.839331818249e-13       3.690931178661e-13      -1.518217194981e-15 
  193       8.165489949884e-10       1.043527636548e-13      -4.401047469910e-12       0.000000000000e+00       9.678300619745e-13       3.645727376976e-13      -1.471802972773e-15 
  194       8.194358604186e-10       1.033069215595e-13      -4.275383291160e-12       0.000000000000e+00       9.520403525479e-13       3.601417795146e-13      -1.426282553913e-15 
  195       8.222556941831e-10       1.023059026378e-13      -4.146247132217e-12       0.000000000000e+00       9.365633328886e-13       3.557990938911e-13      -1.381632247191e-15 
  196       8.250078150321e-10       1.013534201316e-13      -4.013659536104e-12       0.000000000000e+00       9.213976585655e-13       3.515433081171e-13      -1.337825798639e-15 
  197       8.276915459527e-10       1.004532743327e-13      -3.877643158581e-12       0.000000000000e+00       9.065413501537e-13       3.473728223681e-13      -1.294834350344e-15 
  198       8.303062142057e-10       9.960935335639e-14      -3.738222795661e-12       0.000000000000e+00       8.919917820155e-13       3.432858058744e-13      -1.252626399252e-15 
  199       8.328511513622e-10       9.882563391487e-14      -3.595425411118e-12       0.000000000000e+00       8.777456710804e-13       3.392801930903e-13      -1.211167755981e-15 
  200       8.353256933402e-10       9.810618209096e-14      -3.449280163999e-12       0.000000000000e+00       8.637990656266e-13       3.353536798636e-13      -1.170421503628e-15 
  201       8.377291804413e-10       9.745515411154e-14      -3.299818436139e-12       0.000000000000e+00       8.501473340610e-13       3.315037196049e-13      -1.130347956577e-15 
  202       8.400609573874e-10       9.687679712118e-14      -3.147073859668e-12       0.000000000000e+00       8.367851537003e-13       3.277275194566e-13      -1.090904619308e-15 
  203       8.423203733574e-10       9.637544995564e-14      -2.991082344524e-12       0.000000000000e+00       8.237064995517e-13       3.240220364627e-13      -1.052046145210e-15 
  204       8.445067820236e-10       9.595554391545e-14      -2.831882105965e-12       0.000000000000e+00       8.109046330934e-13       3.203839737381e-13      -1.013724295380e-15 
  205       8.466195415885e-10       9.562160353944e-14      -2.669513692083e-12       0.000000000000e+00       7.983720910553e-13       3.168097766375e-13      -9.758878974437e-16 
  206       8.486580148218e-10       9.537824737832e-14      -2.504020011309e-12       0.000000000000e+00       7.861006741999e-13       3.132956289249e-13      -9.384828043538e-16 
  207       8.506215690962e-10       9.523018876821e-14      -2.335446359930e-12       0.000000000000e+00       7.740814361029e-13       3.098374489434e-13      -9.014518532055e-16 
  208       8.525095764251e-10       9.518223660420e-14      -2.163840449601e-12       0.000000000000e+00       7.623046719337e-13       3.064308857838e-13      -8.647348240421e-16 
  209       8.543214134984e-10       9.523929611391e-14      -1.989252434850e-12       0.000000000000e+00       7.507599072364e-13       3.030713154543e-13      -8.282683986649e-16 
  210       8.560564617196e-10       9.540636963104e-14      -1.811734940599e-12       0.000000000000e+00       7.394358867103e-13       2.997538370501e-13      -7.919861194414e-16 
  211       8.577141072423e-10       9.568855736889e-14      -1.631343089665e-12       0.000000000000e+00       7.283205629907e-13       2.964732689221e-13      -7.558183481141e-16 
  212       8.592937410069e-10       9.609105819399e-14      -1.448134530282e-12       0.000000000000e+00       7.174010854296e-13       2.932241448466e-13      -7.196922246096e-16 
  213       8.607948043018e-10       9.661892924429e-14      -1.262166485512e-12       0.000000000000e+00       7.066662745897e-13       2.900018064458e-13      -6.835469427327e-16 
  214       8.622169287924e-10       9.727634512202e-14      -1.073486622782e-12       0.000000000000e+00       6.961142548861e-13       2.868057704581e-13      -6.473808101973e-16 
  215       8.635598060236e-10       9.806729014619e-14      -8.821416206548e-13       0.000000000000e+00       6.857453159314e-13       2.836365815605e-13      -6.112072884102e-16 
  216       8.648231429003e-10       9.899579514950e-14      -6.881801110527e-13       0.000000000000e+00       6.755594685004e-13       2.804947356156e-13      -5.750399603425e-16 
  217       8.660066618442e-10       1.000659376171e-13      -4.916526989337e-13       0.000000000000e+00       6.655564398536e-13       2.773806787271e-13      -5.388925296618e-16 
  218       8.671101009502e-10       1.012818418252e-13      -2.926119819607e-13       0.000000000000e+00       6.557356690631e-13       2.742948062949e-13      -5.027788198644e-16 
  219       8.681332141430e-10       1.026476789797e-13      -9.111257017275e-14       0.000000000000e+00       6.460963023363e-13       2.712374620704e-13      -4.667127734078e-16 
  220       8.690757713334e-10       1.041676673552e-13       1.127888943429e-13       0.000000000000e+00       6.366371883408e-13       2.682089372120e-13      -4.307084508424e-16 
  221       8.699375585749e-10       1.058460724333e-13       3.190337177802e-13       0.000000000000e+00       6.273568735292e-13       2.652094693405e-13      -3.947800299443e-16 
  222       8.707183782204e-10       1.076872070412e-13       5.275611349424e-13       0.000000000000e+00       6.182535974636e-13       2.622392415942e-13      -3.589418048473e-16 
  223       8.714180490784e-10       1.096954314910e-13       7.383082895710e-13       0.000000000000e+00       6.093252881403e-13       2.592983816843e-13      -3.232081851752e-16 
  224       8.720364065697e-10       1.118751537177e-13       9.512102146745e-13       0.000000000000e+00       6.005695573142e-13       2.563869609506e-13      -2.875936951739e-16 
  225       8.725733028836e-10       1.142308294183e-13       1.166199812857e-12       0.000000000000e+00       5.919836958236e-13       2.535049934161e-13      -2.521129728438e-16 
  226       8.730286071351e-10       1.167669621904e-13       1.383207836646e-12       0.000000000000e+00       5.835646689150e-13       2.506524348432e-13      -2.167807690720e-16 
  227       8.734022055204e-10       1.194881036706e-13       1.602162868823e-12       0.000000000000e+00       5.753091115674e-13       2.478291817883e-13      -1.816119467644e-16 
  228       8.736940014743e-10       1.223988536736e-13       1.822991302751e-12       0.000000000000e+00       5.672133238172e-13       2.450350706576e-13      -1.466214799784e-16 
  229       8.739039158262e-10       1.255038603308e-13       2.045617322702e-12       0.000000000000e+00       5.592732660825e-13       2.422698767623e-13      -1.118244530544e-16 
  230       8.740318869569e-10       1.288078202287e-13       2.269962884189e-12       0.000000000000e+00       5.514845544883e-13       2.395333133739e-13      -7.723605974872e-17 
  231       8.740778709546e-10       1.323154785478e-13       2.495947694290e-12       0.000000000000e+00       5.438424561904e-13       2.368250307795e-13      -4.287160236558e-17 
  232       8.740418417721e-10       1.360316292013e-13       2.723489191981e-12       0.000000000000e+00       5.363418847005e-13       2.341446153374e-13      -8.746490889264e-18 
  233       8.739237913828e-10       1.399611149737e-13       2.952502528463e-12       0.000000000000e+00       5.289773952110e-13       2.314915885320e-13       2.512375788353e-17 
  234       8.737237299373e-10       1.441088276595e-13       3.182900547490e-12       0.000000000000e+00       5.217431799191e-13       2.288654060296e-13       5.872352121148e-17 
  235       8.734416859200e-10       1.484797082020e-13       3.414593765697e-12       0.000000000000e+00       5.146330633516e-13       2.262654567335e-13       9.203707127639e-17 
  236       8.730777063056e-10       1.530787468317e-13       3.647490352934e-12       0.000000000000e+00       5.076404976899e-13       2.236910618391e-13       1.250485760509e-16 
  237       8.726318567156e-10       1.579109832053e-13       3.881496112585e-12       0.000000000000e+00       5.007585580942e-13       2.211414738898e-13       1.577421001665e-16 
  238       8.721042339302e-10       1.629811677342e-13       4.116519396000e-12       0.000000000000e+00       4.939812586449e-13       2.186160728225e-13       1.901037130962e-16 
  239       8.714950039435e-10       1.682927225155e-13       4.352486216797e-12       0.000000000000e+00       4.873075982973e-13       2.161149692375e-13       2.221279536383e-16 
  240       8.708043665172e-10       1.738487177196e-13       4.589326014083e-12       0.000000000000e+00       4.807377509776e-13       2.136384358449e-13       2.538117587564e-16 
  241       8.700325432144e-10       1.796522041655e-13       4.826966791504e-12       0.000000000000e+00       4.742717651328e-13       2.111867132347e-13       2.851523967727e-16 
  242       8.691797775818e-10       1.857062127450e-13       5.065335107979e-12       0.000000000000e+00       4.679095618409e-13       2.087600093480e-13       3.161474726813e-16 
  243       8.682463353326e-10       1.920137538462e-13       5.304356068444e-12       0.000000000000e+00       4.616509329223e-13       2.063584989477e-13       3.467949334614e-16 
  244       8.672325045287e-10       1.985778167777e-13       5.543953314585e-12       0.000000000000e+00       4.554955390497e-13       2.039823230894e-13       3.770930733909e-16 
  245       8.661385957636e-10       2.054013691925e-13       5.784049015577e-12       0.000000000000e+00       4.494429078593e-13       2.016315885925e-13       4.070405393599e-16 
  246       8.649649423446e-10       2.124873565118e-13       6.024563858822e-12       0.000000000000e+00       4.434924320612e-13       1.993063675112e-13       4.366363361837e-16 
  247       8.637119004757e-10       2.198387013490e-13       6.265417040689e-12       0.000000000000e+00       4.376433675499e-13       1.970066966050e-13       4.658798319168e-16 
  248       8.623798494401e-10       2.274583029336e-13       6.506526257248e-12       0.000000000000e+00       4.318948315154e-13       1.947325768098e-13       4.947707631659e-16 
  249       8.609691917827e-10       2.353490365353e-13       6.747807695009e-12       0.000000000000e+00       4.262458005532e-13       1.924839727091e-13       5.233092404034e-16 
  250       8.594803534926e-10       2.435137528874e-13       6.989176021660e-12       0.000000000000e+00       4.206951087757e-13       1.902608120045e-13       5.514957532808e-16 
  251       8.579137841858e-10       2.519552776114e-13       7.230544376808e-12       0.000000000000e+00       4.152414459220e-13       1.880629849870e-13       5.793311759424e-16 
  252       8.562699572878e-10       2.606764106403e-13       7.471824362710e-12       0.000000000000e+00       4.098833554693e-13       1.858903440075e-13       6.068167723382e-16 
  253       8.545493702159e-10       2.696799256431e-13       7.712926035017e-12       0.000000000000e+00       4.046192327432e-13       1.837427029480e-13       6.339542015376e-16 
  254       8.527525445622e-10       2.789685694481e-13       7.953757893508e-12       0.000000000000e+00       3.994473230282e-13       1.816198366926e-13       6.607455230431e-16 
  255       8.508800262757e-10       2.885450614675e-13       8.194226872830e-12       0.000000000000e+00       3.943657196787e-13       1.795214805980e-13       6.871932021032e-16 
  256       8.489323858452e-10       2.984120931205e-13       8.434238333235e-12       0.000000000000e+00       3.893723622292e-13       1.774473299649e-13       7.133001150259e-16 
  257       8.469102184818e-10       3.085723272582e-13       8.673696051318e-12       0.000000000000e+00       3.844650345055e-13       1.753970395086e-13       7.390695544925e-16 
  258       8.448141443014e-10       3.190283975865e-13       8.912502210753e-12       0.000000000000e+00       3.796413627347e-13       1.733702228301e-13       7.645052348707e-16 
  259       8.426448085073e-10       3.297829080909e-13       9.150557393034e-12       0.000000000000e+00       3.748988136565e-13       1.713664518867e-13       7.896112975279e-16 
  260       8.404028815726e-10       3.408384324597e-13       9.387760568210e-12       0.000000000000e+00       3.702346926334e-13       1.693852564635e-13       8.143923161452e-16 
  261       8.380890594232e-10       3.521975135086e-13       9.624009085624e-12       0.000000000000e+00       3.656461417614e-13       1.674261236436e-13       8.388533020298e-16 
  262       8.357040636200e-10       3.638626626040e-13       9.859198664651e-12       0.000000000000e+00       3.611301379807e-13       1.654884972796e-13       8.629997094297e-16 
  263       8.332486415415e-10       3.758363590874e-13       1.009322338544e-11       0.000000000000e+00       3.566834911864e-13       1.635717774642e-13       8.868374408459e-16 
  264       8.307235665665e-10       3.881210496987e-13       1.032597567963e-11       0.000000000000e+00       3.523028423392e-13       1.616753200013e-13       9.103728523466e-16 
  265       8.281296382566e-10       4.007191480011e-13       1.055734632113e-11       0.000000000000e+00       3.479846615757e-13       1.597984358768e-13       9.336127588803e-16 
  266       8.254676553403e-10       4.136327076210e-13       1.078723094313e-11       0.000000000000e+00       3.437259094180e-13       1.579405416482e-13       9.565627818853e-16 
  267       8.227383326645e-10       4.268624235034e-13       1.101555000041e-11       0.000000000000e+00       3.395260640653e-13       1.561016207506e-13       9.792222817800e-16 
  268       8.199423800881e-10       4.404085753017e-13       1.124222987300e-11       0.000000000000e+00       3.353852005128e-13       1.542817862113e-13       1.001589160632e-15 
  269       8.170805294112e-10       4.542713475559e-13       1.146719643927e-11       0.000000000000e+00       3.313033366002e-13       1.524811317139e-13       1.023661497587e-15 
  270       8.141535345110e-10       4.684508285657e-13       1.169037507766e-11       0.000000000000e+00       3.272804322420e-13       1.506997313240e-13       1.045437551383e-15 
  271       8.111621714787e-10       4.829470092629e-13       1.191169066847e-11       0.000000000000e+00       3.233163886591e-13       1.489376392152e-13       1.066915762859e-15 
  272       8.081072387562e-10       4.977597820847e-13       1.213106759558e-11       0.000000000000e+00       3.194110476094e-13       1.471948893949e-13       1.088094757471e-15 
  273       8.049895572725e-10       5.128889398460e-13       1.234842974828e-11       0.000000000000e+00       3.155641906192e-13       1.454714954306e-13       1.108973347804e-15 
  274       8.018099705806e-10       5.283341746125e-13       1.256370052298e-11       0.000000000000e+00       3.117755382139e-13       1.437674501752e-13       1.129550536083e-15 
  275       7.985693449936e-10       5.440950765733e-13       1.277680282500e-11       0.000000000000e+00       3.080447491493e-13       1.420827254934e-13       1.149825516686e-15 
  276       7.952685697220e-10       5.601711329138e-13       1.298765907032e-11       0.000000000000e+00       3.043714196423e-13       1.404172719874e-13       1.169797678657e-15 
  277       7.919085570097e-10       5.765617266887e-13       1.319619118736e-11       0.000000000000e+00       3.007550826024e-13       1.387710187228e-13       1.189466608221e-15 
  278       7.884902422710e-10       5.932661356943e-13       1.340232061875e-11       0.000000000000e+00       2.971952068621e-13       1.371438729547e-13       1.208832091290e-15 
  279       7.850145842271e-10       6.102835313416e-13       1.360596832306e-11       0.000000000000e+00       2.936911964086e-13       1.355357198532e-13       1.227894115983e-15 
  280       7.814825650425e-10       6.276129775294e-13       1.380705477662e-11       0.000000000000e+00       2.902423896142e-13       1.339464222300e-13       1.246652875132e-15 
  281       7.778951904622e-10       6.452534295163e-13       1.400549997522e-11       0.000000000000e+00       2.868480584678e-13       1.323758202635e-13       1.265108768801e-15 
  282       7.742534899474e-10       6.632037327943e-13       1.420122343593e-11       0.000000000000e+00       2.835074078058e-13       1.308237312252e-13       1.283262406792e-15 
  283       7.705585168132e-10       6.814626219611e-13       1.439414419883e-11       0.000000000000e+00       2.802195745429e-13       1.292899492058e-13       1.301114611163e-15 
  284       7.668113483642e-10       7.000287195931e-13       1.458418082880e-11       0.000000000000e+00       2.769836269033e-13       1.277742448405e-13       1.318666418736e-15 
  285       7.630130860317e-10       7.189005351181e-13       1.477125141726e-11       0.000000000000e+00       2.737985636519e-13       1.262763650353e-13       1.335919083613e-15 
  286       7.591648555103e-10       7.380764636881e-13       1.495527358396e-11       0.000000000000e+00       2.706633133250e-13       1.247960326930e-13       1.352874079687e-15 
  287       7.552678068943e-10       7.575547850522e-13       1.513616447871e-11       0.000000000000e+00       2.675767334615e-13       1.233329464387e-13       1.369533103156e-15 
  288       7.513231148144e-10       7.773336624294e-13       1.531384078319e-11       0.000000000000e+00       2.645376098339e-13       1.218867803463e-13       1.385898075032e-15 
  289       7.473319785742e-10       7.974111413810e-13       1.548821871267e-11       0.000000000000e+00       2.615446556794e-13       1.204571836638e-13       1.401971143658e-15 
  290       7.432956222872e-10       8.177851486842e-13       1.565921401782e-11       0.000000000000e+00       2.585965109306e-13       1.190437805397e-13       1.417754687216e-15 
  291       7.392152950129e-10       8.384534912040e-13       1.582674198643e-11       0.000000000000e+00       2.556917414470e-13       1.176461697486e-13       1.433251316244e-15 
  292       7.350922708937e-10       8.594138547665e-13       1.599071744521e-11       0.000000000000e+00       2.528288382458e-13       1.162639244171e-13       1.448463876145e-15 
  293       7.309278492916e-10       8.806638030317e-13       1.615105476153e-11       0.000000000000e+00       2.500062167328e-13       1.148965917501e-13       1.463395449702e-15 
  294       7.267233549245e-10       9.022007763660e-13       1.630766784520e-11       0.000000000000e+00       2.472222159336e-13       1.135436927562e-13       1.478049359590e-15 
  295       7.224801380031e-10       9.240220907155e-13       1.646047015022e-11       0.000000000000e+00       2.444750977247e-13       1.122047219740e-13       1.492429170885e-15 
  296       7.181995743675e-10       9.461249364781e-13       1.660937467658e-11       0.000000000000e+00       2.417630460641e-13       1.108791471978e-13       1.506538693583e-15 
  297       7.138829958188e-10       9.685062822367e-13       1.675430066672e-11       0.000000000000e+00       2.390845046100e-13       1.095665211162e-13       1.520381298252e-15 
  298       7.095314770822e-10       9.911625830860e-13       1.689519405225e-11       0.000000000000e+00       2.364392093417e-13       1.082668228059e-13       1.533957820984e-15 
  299       7.051460387332e-10       1.014090055898e-12       1.703200800670e-11       0.000000000000e+00       2.338272047386e-13       1.069801323373e-13       1.547268561295e-15 
  300       7.007277161092e-10       1.037284771932e-12       1.716469635129e-11       0.000000000000e+00       2.312485096170e-13       1.057065202400e-13       1.560313961355e-15 
  301       6.962775593510e-10       1.060742655576e-12       1.729321356582e-11       0.000000000000e+00       2.287031168199e-13       1.044460473798e-13       1.573094607574e-15 
  302       6.917966334454e-10       1.084459483093e-12       1.741751479946e-11       0.000000000000e+00       2.261909929073e-13       1.031987648365e-13       1.585611232180e-15 
  303       6.872860182665e-10       1.108430881366e-12       1.753755588162e-11       0.000000000000e+00       2.237120778454e-13       1.019647137816e-13       1.597864714799e-15 
  304       6.827468086182e-10       1.132652326637e-12       1.765329333280e-11       0.000000000000e+00       2.212662846969e-13       1.007439253560e-13       1.609856084042e-15 
  305       6.781801142759e-10       1.157119143254e-12       1.776468437542e-11       0.000000000000e+00       2.188534993105e-13       9.953642054766e-14       1.621586519077e-15 
  306       6.735870600284e-10       1.181826502416e-12       1.787168694465e-11       0.000000000000e+00       2.164735800110e-13       9.834221006897e-14       1.633057351221e-15 
  307       6.689687857202e-10       1.206769420913e-12       1.797425969927e-11       0.000000000000e+00       2.141263572890e-13       9.716129423472e-14       1.644270065514e-15 
  308       6.643264462932e-10       1.231942759873e-12       1.807236203252e-11       0.000000000000e+00       2.118116334906e-13       9.599366283958e-14       1.655226302300e-15 
  309       6.596612118285e-10       1.257341223506e-12       1.816595408290e-11       0.000000000000e+00       2.095291825074e-13       9.483929503583e-14       1.665927858815e-15 
  310       6.549742675890e-10       1.282959357845e-12       1.825499674506e-11       0.000000000000e+00       2.072787494664e-13       9.369815921092e-14       1.676376690759e-15 
  311       6.502668140606e-10       1.308791549491e-12       1.833945168062e-11       0.000000000000e+00       2.050600504194e-13       9.257021286519e-14       1.686574913885e-15 
  312       6.455400669949e-10       1.334832024358e-12       1.841928132899e-11       0.000000000000e+00       2.028727720335e-13       9.145540248948e-14       1.696524805577e-15 
  313       6.407952574504e-10       1.361074846417e-12       1.849444891827e-11       0.000000000000e+00       2.007165712802e-13       9.035366344279e-14       1.706228806430e-15 
  314       6.360336318353e-10       1.387513916437e-12       1.856491847602e-11       0.000000000000e+00       1.985910751256e-13       8.926491982993e-14       1.715689521835e-15 
  315       6.312564519488e-10       1.414142970731e-12       1.863065484017e-11       0.000000000000e+00       1.964958802205e-13       8.818908437914e-14       1.724909723556e-15 
  316       6.264649950232e-10       1.440955579900e-12       1.869162366982e-11       0.000000000000e+00       1.944305525895e-13       8.712605831977e-14       1.733892351316e-15 
  317       6.216605537664e-10       1.467945147575e-12       1.874779145607e-11       0.000000000000e+00       1.923946273216e-13       8.607573125992e-14       1.742640514371e-15 
  318       6.168444364030e-10       1.495104909163e-12       1.879912553292e-11       0.000000000000e+00       1.903876082593e-13       8.503798106408e-14       1.751157493102e-15 
  319       6.120179667170e-10       1.522427930590e-12       1.884559408805e-11       0.000000000000e+00       1.884089676891e-13       8.401267373075e-14       1.759446740585e-15 
  320       6.071824840934e-10       1.549907107044e-12       1.888716617369e-11       0.000000000000e+00       1.864581460308e-13       8.299966327016e-14       1.767511884179e-15 
  321       6.023393435604e-10       1.577535161718e-12       1.892381171746e-11       0.000000000000e+00       1.845345515276e-13       8.199879158182e-14       1.775356727107e-15 
  322       5.974899158311e-10       1.605304644558e-12       1.895550153322e-11       0.000000000000e+00       1.826375599359e-13       8.100988833227e-14       1.782985250034e-15 
  323       5.926355873455e-10       1.633207931002e-12       1.898220733190e-11       0.000000000000e+00       1.807665142151e-13       8.003277083263e-14       1.790401612653e-15 
  324       5.877777603127e-10       1.661237220727e-12       1.900390173233e-11       0.000000000000e+00       1.789207242173e-13       7.906724391631e-14       1.797610155259e-15 
  325       5.829178527529e-10       1.689384536389e-12       1.902055827210e-11       0.000000000000e+00       1.770994663772e-13       7.811309981664e-14       1.804615400338e-15 
  326       5.780572985389e-10       1.717641722373e-12       1.903215141842e-11       0.000000000000e+00       1.753019834021e-13       7.717011804453e-14       1.811422054146e-15 
  327       5.731975474386e-10       1.746000443530e-12       1.903865657892e-11       0.000000000000e+00       1.735274839615e-13       7.623806526606e-14       1.818035008285e-15 
  328       5.683400651566e-10       1.774452183927e-12       1.904005011250e-11       0.000000000000e+00       1.717751423769e-13       7.531669518020e-14       1.824459341293e-15 
  329       5.634863333765e-10       1.802988245584e-12       1.903630934021e-11       0.000000000000e+00       1.700440983120e-13       7.440574839643e-14       1.830700320217e-15 
  330       5.586378498024e-10       1.831599747224e-12       1.902741255605e-11       0.000000000000e+00       1.683334564619e-13       7.350495231237e-14       1.836763402202e-15 
  331       5.537961282016e-10       1.860277623016e-12       1.901333903783e-11       0.000000000000e+00       1.666422862436e-13       7.261402099143e-14       1.842654236064e-15 
  332       5.489626007725e-10       1.889013060917e-12       1.899407268393e-11       0.000000000000e+00       1.649697937396e-13       7.173270907866e-14       1.848377512977e-15 
  333       5.441383204610e-10       1.917798841421e-12       1.896961307669e-11       0.000000000000e+00       1.633158464532e-13       7.086097639722e-14       1.853933459880e-15 
  334       5.393242457361e-10       1.946628054779e-12       1.893996492304e-11       0.000000000000e+00       1.616804708460e-13       6.999883029525e-14       1.859321196138e-15 
  335       5.345213370276e-10       1.975493665885e-12       1.890513448681e-11       0.000000000000e+00       1.600636820264e-13       6.914627219216e-14       1.864539870972e-15 
  336       5.297305566619e-10       2.004388513499e-12       1.886512960351e-11       0.000000000000e+00       1.584654836267e-13       6.830329751489e-14       1.869588663792e-15 
  337       5.249528687985e-10       2.033305309468e-12       1.881995969515e-11       0.000000000000e+00       1.568858676796e-13       6.746989563428e-14       1.874466784526e-15 
  338       5.201892393651e-10       2.062236637947e-12       1.876963578496e-11       0.000000000000e+00       1.553248144950e-13       6.664604980127e-14       1.879173473956e-15 
  339       5.154406359943e-10       2.091174954617e-12       1.871417051221e-11       0.000000000000e+00       1.537822925369e-13       6.583173708330e-14       1.883708004048e-15 
  340       5.107080279591e-10       2.120112585914e-12       1.865357814697e-11       0.000000000000e+00       1.522582583001e-13       6.502692830054e-14       1.888069678284e-15 
  341       5.059923861091e-10       2.149041728239e-12       1.858787460489e-11       0.000000000000e+00       1.507526561871e-13       6.423158796225e-14       1.892257831994e-15 
  342       5.012946828064e-10       2.177954447188e-12       1.851707746196e-11       0.000000000000e+00       1.492654183847e-13       6.344567420300e-14       1.896271832689e-15 
  343       4.966158918615e-10       2.206842676767e-12       1.844120596932e-11       0.000000000000e+00       1.477964647412e-13       6.266913871908e-14       1.900111080392e-15 
  344       4.919569884691e-10       2.235698218618e-12       1.836028106803e-11       0.000000000000e+00       1.463457026426e-13       6.190192670469e-14       1.903775007972e-15 
  345       4.873189491444e-10       2.264512741236e-12       1.827432540381e-11       0.000000000000e+00       1.449130268900e-13       6.114397678834e-14       1.907263081471e-15 
  346       4.827027516589e-10       2.293277779191e-12       1.818336334188e-11       0.000000000000e+00       1.434983195758e-13       6.039522096906e-14       1.910574800444e-15 
  347       4.781093749761e-10       2.321984732350e-12       1.808742098168e-11       0.000000000000e+00       1.421014499610e-13       5.965558455277e-14       1.913709698283e-15 
  348       4.735397991881e-10       2.350624865096e-12       1.798652617168e-11       0.000000000000e+00       1.407222743518e-13       5.892498608856e-14       1.916667342554e-15 
  349       4.689950054506e-10       2.379189305552e-12       1.788070852415e-11       0.000000000000e+00       1.393606359762e-13       5.820333730498e-14       1.919447335329e-15 
  350       4.644759759199e-10       2.407669044799e-12       1.776999942993e-11       0.000000000000e+00       1.380163648613e-13       5.749054304635e-14       1.922049313516e-15 
  351       4.599836936879e-10       2.436054936099e-12       1.765443207322e-11       0.000000000000e+00       1.366892777094e-13       5.678650120905e-14       1.924472949190e-15 
  352       4.555191427188e-10       2.464337694113e-12       1.753404144635e-11       0.000000000000e+00       1.353791777755e-13       5.609110267784e-14       1.926717949928e-15 
  353       4.510833077846e-10       2.492507894127e-12       1.740886436456e-11       0.000000000000e+00       1.340858547434e-13       5.540423126216e-14       1.928784059143e-15 
  354       4.466771744013e-10       2.520555971268e-12       1.727893948076e-11       0.000000000000e+00       1.328090846031e-13       5.472576363242e-14       1.930671056407e-15 
  355       4.423017287645e-10       2.548472219726e-12       1.714430730036e-11       0.000000000000e+00       1.315486295272e-13       5.405556925628e-14       1.932378757795e-15 
  356       4.379579576860e-10       2.576246791979e-12       1.700501019598e-11       0.000000000000e+00       1.303042377481e-13       5.339351033501e-14       1.933907016207e-15 
  357       4.336468485290e-10       2.603869698009e-12       1.686109242225e-11       0.000000000000e+00       1.290756434342e-13       5.273944173973e-14       1.935255721706e-15 
  358       4.293693891446e-10       2.631330804523e-12       1.671260013064e-11       0.000000000000e+00       1.278625665671e-13       5.209321094775e-14       1.936424801848e-15 
  359       4.251265678075e-10       2.658619834180e-12       1.655958138414e-11       0.000000000000e+00       1.266647128185e-13       5.145465797887e-14       1.937414222013e-15 
  360       4.209193731519e-10       2.685726364803e-12       1.640208617213e-11       0.000000000000e+00       1.254817734265e-13       5.082361533164e-14       1.938223985740e-15 
  361       4.167487941079e-10       2.712639828609e-12       1.624016642510e-11       0.000000000000e+00       1.243134250730e-13       5.019990791971e-14       1.938854135056e-15 
  362       4.126158198367e-10       2.739349511423e-12       1.607387602946e-11       0.000000000000e+00       1.231593297600e-13       4.958335300812e-14       1.939304750811e-15 
  363       4.085214396672e-10       2.765844551901e-12       1.590327084228e-11       0.000000000000e+00       1.220191346866e-13       4.897376014956e-14       1.939575953006e-15 
  364       4.044666430318e-10       2.792113940755e-12       1.572840870611e-11       0.000000000000e+00       1.208924721258e-13       4.837093112075e-14       1.939667901130e-15 
  365       4.004524194021e-10       2.818146519966e-12       1.554934946373e-11       0.000000000000e+00       1.197789593014e-13       4.777465985866e-14       1.939580794488e-15 
  366       3.964797582251e-10       2.843930982013e-12       1.536615497294e-11       0.000000000000e+00       1.186781982644e-13       4.718473239685e-14       1.939314872534e-15 
  367       3.925496488590e-10       2.869455869088e-12       1.517888912132e-11       0.000000000000e+00       1.175897757702e-13       4.660092680178e-14       1.938870415206e-15 
  368       3.886630805094e-10       2.894709572321e-12       1.498761784105e-11       0.000000000000e+00       1.165132631553e-13       4.602301310910e-14       1.938247743254e-15 
  369       3.848210421650e-10       2.919680330999e-12       1.479240912362e-11       0.000000000000e+00       1.154482162140e-13       4.545075325993e-14       1.937447218574e-15 
  370       3.810245225336e-10       2.944356231787e-12       1.459333303467e-11       0.000000000000e+00       1.143941750752e-13       4.488390103720e-14       1.936469244539e-15 
  371       3.772744320633e-10       2.968726216904e-12       1.439045859958e-11       0.000000000000e+00       1.133507469867e-13       4.432224936766e-14       1.935314347271e-15 
  372       3.735713657739e-10       2.992783153727e-12       1.418384429580e-11       0.000000000000e+00       1.123178584898e-13       4.376577439810e-14       1.933983422268e-15 
  373       3.699158310262e-10       3.016520883684e-12       1.397354721777e-11       0.000000000000e+00       1.112955128634e-13       4.321449692778e-14       1.932477498072e-15 
  374       3.663083244687e-10       3.039933224233e-12       1.375962618447e-11       0.000000000000e+00       1.102837080557e-13       4.266843552878e-14       1.930797656601e-15 
  375       3.627493319054e-10       3.063013968957e-12       1.354214175154e-11       0.000000000000e+00       1.092824366331e-13       4.212760652352e-14       1.928945033551e-15 
  376       3.592393281642e-10       3.085756887668e-12       1.332115622330e-11       0.000000000000e+00       1.082916857290e-13       4.159202396220e-14       1.926920818799e-15 
  377       3.557787769652e-10       3.108155726498e-12       1.309673366480e-11       0.000000000000e+00       1.073114369928e-13       4.106169960033e-14       1.924726256805e-15 
  378       3.523681307888e-10       3.130204208004e-12       1.286893991391e-11       0.000000000000e+00       1.063416665388e-13       4.053664287618e-14       1.922362647014e-15 
  379       3.490078307439e-10       3.151896031262e-12       1.263784259335e-11       0.000000000000e+00       1.053823448948e-13       4.001686088827e-14       1.919831344262e-15 
  380       3.456983064360e-10       3.173224871966e-12       1.240351112277e-11       0.000000000000e+00       1.044334369512e-13       3.950235837290e-14       1.917133759174e-15 
  381       3.424399758358e-10       3.194184382526e-12       1.216601673076e-11       0.000000000000e+00       1.034949019101e-13       3.899313768156e-14       1.914271358567e-15 
  382       3.392332451468e-10       3.214768192170e-12       1.192543246697e-11       0.000000000000e+00       1.025666932336e-13       3.848919875848e-14       1.911245665855e-15 
  383       3.360785086742e-10       3.234969907036e-12       1.168183321411e-11       0.000000000000e+00       1.016487585933e-13       3.799053911808e-14       1.908058261450e-15 
  384       3.329761486923e-10       3.254783110274e-12       1.143529570006e-11       0.000000000000e+00       1.007410398187e-13       3.749715382247e-14       1.904710783163e-15 
  385       3.299265353137e-10       3.274201362145e-12       1.118589850987e-11       0.000000000000e+00       9.984347284638e-14       3.700903545891e-14       1.901204926608e-15 
  386       3.269300263565e-10       3.293218200116e-12       1.093372209787e-11       0.000000000000e+00       9.895598766878e-14       3.652617411735e-14       1.897542445607e-15 
  387       3.239869672132e-10       3.311827138961e-12       1.067884879968e-11       0.000000000000e+00       9.807850828305e-14       3.604855736784e-14       1.893725152585e-15 
  388       3.210976907187e-10       3.330021670858e-12       1.042136284430e-11       0.000000000000e+00       9.721095263996e-14       3.557617023809e-14       1.889754918981e-15 
  389       3.182625170182e-10       3.347795265488e-12       1.016135036615e-11       0.000000000000e+00       9.635323259277e-14       3.510899519090e-14       1.885633675643e-15 
  390       3.154817534361e-10       3.365141370132e-12       9.898899417132e-12       0.000000000000e+00       9.550525384614e-14       3.464701210167e-14       1.881363413238e-15 
  391       3.127556943435e-10       3.382053409771e-12       9.634099978699e-12       0.000000000000e+00       9.466691590497e-14       3.419019823588e-14       1.876946182647e-15 
  392       3.100846210267e-10       3.398524787182e-12       9.367043973884e-12       0.000000000000e+00       9.383811202331e-14       3.373852822659e-14       1.872384095372e-15 
  393       3.074688015556e-10       3.414548883038e-12       9.097825279377e-12       0.000000000000e+00       9.301872915322e-14       3.329197405188e-14       1.867679323936e-15 
  394       3.049084906516e-10       3.430119056006e-12       8.826539737576e-12       0.000000000000e+00       9.220864789366e-14       3.285050501239e-14       1.862834102288e-15 
  395       3.024039295559e-10       3.445228642845e-12       8.553285168646e-12       0.000000000000e+00       9.140774243938e-14       3.241408770878e-14       1.857850726204e-15 
  396       2.999553458977e-10       3.459870958502e-12       8.278161382571e-12       0.000000000000e+00       9.061588052978e-14       3.198268601920e-14       1.852731553688e-15 
  397       2.975629535626e-10       3.474039296217e-12       8.001270191215e-12       0.000000000000e+00       8.983292339779e-14       3.155626107681e-14       1.847479005378e-15 
  398       2.952269525604e-10       3.487726927611e-12       7.722715420378e-12       0.000000000000e+00       8.905872571877e-14       3.113477124722e-14       1.842095564943e-15 
  399       2.929475288937e-10       3.500927102794e-12       7.442602921851e-12       0.000000000000e+00       8.829313555938e-14       3.071817210604e-14       1.836583779493e-15 
  400       2.907248544260e-10       3.513633050457e-12       7.161040585472e-12       0.000000000000e+00       8.753599432645e-14       3.030641641630e-14       1.830946259974e-15 
  401       2.885590867497e-10       3.525837977974e-12       6.878138351187e-12       0.000000000000e+00       8.678713671587e-14       2.989945410596e-14       1.825185681573e-15 
  402       2.864503690546e-10       3.537535071496e-12       6.594008221102e-12       0.000000000000e+00       8.604639066148e-14       2.949723224540e-14       1.819304784124e-15 
  403       2.843988299959e-10       3.548717496054e-12       6.308764271542e-12       0.000000000000e+00       8.531357728394e-14       2.909969502492e-14       1.813306372505e-15 
  404       2.824045835625e-10       3.559378395654e-12       6.022522665108e-12       0.000000000000e+00       8.458851083958e-14       2.870678373217e-14       1.807193317043e-15 
  405       2.804677289451e-10       3.569510893377e-12       5.735401662732e-12       0.000000000000e+00       8.387099866935e-14       2.831843672971e-14       1.800968553918e-15 
  406       2.785883504047e-10       3.579108091475e-12       5.447521635734e-12       0.000000000000e+00       8.316084114764e-14       2.793458943244e-14       1.794635085561e-15 
  407       2.767665171404e-10       3.588163071473e-12       5.159005077881e-12       0.000000000000e+00       8.245783163116e-14       2.755517428509e-14       1.788195981061e-15 
  408       2.750022831580e-10       3.596668894262e-12       4.869976617441e-12       0.000000000000e+00       8.176175640787e-14       2.718012073975e-14       1.781654376566e-15 
  409       2.732956871377e-10       3.604618600203e-12       4.580563029241e-12       0.000000000000e+00       8.107239464583e-14       2.680935523328e-14       1.775013475682e-15 
  410       2.716467394602e-10       3.612006231618e-12       4.290883456616e-12       0.000000000000e+00       8.038955681531e-14       2.644281419879e-14       1.768276096056e-15 
  411       2.700553830452e-10       3.618829939985e-12       4.001019671104e-12       0.000000000000e+00       7.971320155891e-14       2.608048365354e-14       1.761443290588e-15 
  412       2.685215308668e-10       3.625088988987e-12       3.711044783079e-12       0.000000000000e+00       7.904332286038e-14       2.572236096887e-14       1.754515678172e-15 
  413       2.670450785302e-10       3.630782742884e-12       3.421032941784e-12       0.000000000000e+00       7.837991192163e-14       2.536844194985e-14       1.747493893190e-15 
  414       2.656259041308e-10       3.635910667337e-12       3.131059340412e-12       0.000000000000e+00       7.772295713903e-14       2.501872082195e-14       1.740378585590e-15 
  415       2.642638681134e-10       3.640472330233e-12       2.841200221193e-12       0.000000000000e+00       7.707244407965e-14       2.467319021785e-14       1.733170420966e-15 
  416       2.629588131312e-10       3.644467402514e-12       2.551532880477e-12       0.000000000000e+00       7.642835545757e-14       2.433184116421e-14       1.725870080638e-15 
  417       2.617105639047e-10       3.647895659002e-12       2.262135673820e-12       0.000000000000e+00       7.579067111013e-14       2.399466306842e-14       1.718478261730e-15 
  418       2.605189270813e-10       3.650756979224e-12       1.973088021069e-12       0.000000000000e+00       7.515936797424e-14       2.366164370537e-14       1.710995677248e-15 
  419       2.593836910934e-10       3.653051348241e-12       1.684470411447e-12       0.000000000000e+00       7.453442006262e-14       2.333276920425e-14       1.703423056163e-15 
  420       2.583046260184e-10       3.654778857472e-12       1.396364408636e-12       0.000000000000e+00       7.391579844012e-14       2.300802403525e-14       1.695761143488e-15 
  421       2.572814834372e-10       3.655939705521e-12       1.108852655865e-12       0.000000000000e+00       7.330347119996e-14       2.268739099640e-14       1.688010700355e-15 
  422       2.563139962937e-10       3.656534199005e-12       8.220188809931e-13       0.000000000000e+00       7.269740344003e-14       2.237085120026e-14       1.680172504099e-15 
  423       2.554018787533e-10       3.656562753377e-12       5.359479015938e-13       0.000000000000e+00       7.209755723915e-14       2.205838406078e-14       1.672247348333e-15 
  424       2.545448260625e-10       3.656025893756e-12       2.507256300417e-13       0.000000000000e+00       7.150389163339e-14       2.174996727999e-14       1.664236043032e-15 
  425       2.537425144076e-10       3.654924255750e-12      -3.356092140393e-14       0.000000000000e+00       7.091636259227e-14       2.144557683477e-14       1.656139414607e-15 
  426       2.529946007739e-10       3.653258586283e-12      -3.168236355138e-13       0.000000000000e+00       7.033492299512e-14       2.114518696369e-14       1.647958305986e-15 
  427       2.523007228047e-10       3.651029744425e-12      -5.989732850036e-13       0.000000000000e+00       6.975952260732e-14       2.084877015369e-14       1.639693576695e-15 
  428       2.516604986607e-10       3.648238702212e-12      -8.799195274493e-13       0.000000000000e+00       6.919010805657e-14       2.055629712689e-14       1.631346102936e-15 
  429       2.510735268783e-10       3.644886545478e-12      -1.159570900202e-12       0.000000000000e+00       6.862662280917e-14       2.026773682736e-14       1.622916777666e-15 
  430       2.505393862296e-10       3.640974474678e-12      -1.437834815304e-12       0.000000000000e+00       6.806900714634e-14       1.998305640787e-14       1.614406510677e-15 
  431       2.500576355808e-10       3.636503805715e-12      -1.714617554402e-12       0.000000000000e+00       6.751719814041e-14       1.970222121666e-14       1.605816228674e-15 
  432       2.496278137512e-10       3.631475970767e-12      -1.989824263663e-12       0.000000000000e+00       6.697112963121e-14       1.942519478423e-14       1.597146875355e-15 
  433       2.492494393730e-10       3.625892519114e-12      -2.263358948692e-12       0.000000000000e+00       6.643073220225e-14       1.915193881007e-14       1.588399411492e-15 
  434       2.489220107495e-10       3.619755117961e-12      -2.535124469441e-12       0.000000000000e+00       6.589593315704e-14       1.888241314945e-14       1.579574815007e-15 
  435       2.486450057147e-10       3.613065553268e-12      -2.805022535131e-12       0.000000000000e+00       6.536665649539e-14       1.861657580018e-14       1.570674081052e-15 
  436       2.484178814923e-10       3.605825730575e-12      -3.072953699164e-12       0.000000000000e+00       6.484282288964e-14       1.835438288938e-14       1.561698222090e-15 
  437       2.482400745543e-10       3.598037675826e-12      -3.338817354035e-12       0.000000000000e+00       6.432434966097e-14       1.809578866025e-14       1.552648267973e-15 
  438       2.481110004808e-10       3.589703536199e-12      -3.602511726253e-12       0.000000000000e+00       6.381115075566e-14       1.784074545882e-14       1.543525266023e-15 
  439       2.480300538185e-10       3.580825580932e-12      -3.863933871251e-12       0.000000000000e+00       6.330313672138e-14       1.758920372074e-14       1.534330281108e-15 
  440       2.479966079400e-10       3.571406202146e-12      -4.122979668307e-12       0.000000000000e+00       6.280021468347e-14       1.734111195803e-14       1.525064395723e-15 
  441       2.480100149027e-10       3.561447915674e-12      -4.379543815451e-12       0.000000000000e+00       6.230228832121e-14       1.709641674587e-14       1.515728710069e-15 
  442       2.480696053082e-10       3.550953361886e-12      -4.633519824386e-12       0.000000000000e+00       6.180925784409e-14       1.685506270933e-14       1.506324342133e-15 
  443       2.481746881608e-10       3.539925306517e-12      -4.884800015404e-12       0.000000000000e+00       6.132101996811e-14       1.661699251016e-14       1.496852427768e-15 
  444       2.483245507271e-10       3.528366641491e-12      -5.133275512295e-12       0.000000000000e+00       6.083746789203e-14       1.638214683356e-14       1.487314120769e-15 
  445       2.485184583949e-10       3.516280385751e-12      -5.378836237268e-12       0.000000000000e+00       6.035849127368e-14       1.615046437493e-14       1.477710592954e-15 
  446       2.487556545320e-10       3.503669686081e-12      -5.621370905864e-12       0.000000000000e+00       5.988397620622e-14       1.592188182666e-14       1.468043034246e-15 
  447       2.490353603456e-10       3.490537817933e-12      -5.860767021869e-12       0.000000000000e+00       5.941380519439e-14       1.569633386488e-14       1.458312652746e-15 
  448       2.493567747412e-10       3.476888186257e-12      -6.096910872232e-12       0.000000000000e+00       5.894785713086e-14       1.547375313622e-14       1.448520674819e-15 
  449       2.497191338240e-10       3.462724727582e-12      -6.329699516370e-12       0.000000000000e+00       5.848602778934e-14       1.525408130828e-14       1.438668388645e-15 
  450       2.501218918099e-10       3.448053128918e-12      -6.559077191660e-12       0.000000000000e+00       5.802829208272e-14       1.503730264159e-14       1.428757276276e-15 
  451       2.505645456932e-10       3.432879649937e-12      -6.785000076381e-12       0.000000000000e+00       5.757464377359e-14       1.482341147832e-14       1.418788886009e-15 
  452       2.510465760283e-10       3.417210726341e-12      -7.007424403855e-12       0.000000000000e+00       5.712507512793e-14       1.461240127015e-14       1.408764789406e-15 
  453       2.515674468244e-10       3.401052970927e-12      -7.226306464491e-12       0.000000000000e+00       5.667957690356e-14       1.440426457166e-14       1.398686581393e-15 
  454       2.521266054398e-10       3.384413174654e-12      -7.441602607823e-12       0.000000000000e+00       5.623813833865e-14       1.419899303361e-14       1.388555880368e-15 
  455       2.527234824763e-10       3.367298307703e-12      -7.653269244544e-12       0.000000000000e+00       5.580074714017e-14       1.399657739632e-14       1.378374328309e-15 
  456       2.533574916740e-10       3.349715520544e-12      -7.861262848551e-12       0.000000000000e+00       5.536738947233e-14       1.379700748297e-14       1.368143590873e-15 
  457       2.540280298054e-10       3.331672145002e-12      -8.065539958981e-12       0.000000000000e+00       5.493804994504e-14       1.360027219299e-14       1.357865357505e-15 
  458       2.547344765701e-10       3.313175695321e-12      -8.266057182247e-12       0.000000000000e+00       5.451271160243e-14       1.340635949533e-14       1.347541341542e-15 
  459       2.554761944895e-10       3.294233869225e-12      -8.462771194083e-12       0.000000000000e+00       5.409135591122e-14       1.321525642187e-14       1.337173280319e-15 
  460       2.562525288007e-10       3.274854548988e-12      -8.655638741575e-12       0.000000000000e+00       5.367396274929e-14       1.302694906070e-14       1.326762935273e-15 
  461       2.570628073515e-10       3.255045802496e-12      -8.844616645208e-12       0.000000000000e+00       5.326051039405e-14       1.284142254949e-14       1.316312092047e-15 
  462       2.579063404947e-10       3.234815884310e-12      -9.029661800897e-12       0.000000000000e+00       5.285097551095e-14       1.265866106881e-14       1.305822560599e-15 
  463       2.587824209827e-10       3.214173236734e-12      -9.210731182031e-12       0.000000000000e+00       5.244533314194e-14       1.247864783548e-14       1.295296175303e-15 
  464       2.596903238615e-10       3.193126490878e-12      -9.387781841509e-12       0.000000000000e+00       5.204355669393e-14       1.230136509590e-14       1.284734795054e-15 
  465       2.606293063659e-10       3.171684467721e-12      -9.560770913781e-12       0.000000000000e+00       5.164561792724e-14       1.212679411941e-14       1.274140303379e-15 
  466       2.615986078135e-10       3.149856179179e-12      -9.729655616883e-12       0.000000000000e+00       5.125148694409e-14       1.195491519157e-14       1.263514608532e-15 
  467       2.625974494995e-10       3.127650829168e-12      -9.894393254480e-12       0.000000000000e+00       5.086113217702e-14       1.178570760757e-14       1.252859643610e-15 
  468       2.636250345907e-10       3.105077814666e-12      -1.005494121790e-11       0.000000000000e+00       5.047452037741e-14       1.161914966552e-14       1.242177366650e-15 
  469       2.646805480204e-10       3.082146726783e-12      -1.021125698818e-11       0.000000000000e+00       5.009161660390e-14       1.145521865982e-14       1.231469760737e-15 
  470       2.657631563830e-10       3.058867351822e-12      -1.036329813810e-11       0.000000000000e+00       4.971238421086e-14       1.129389087444e-14       1.220738834110e-15 
  471       2.668720078280e-10       3.035249672342e-12      -1.051102233422e-11       0.000000000000e+00       4.933678483685e-14       1.113514157633e-14       1.209986620264e-15 
  472       2.680062319548e-10       3.011303868229e-12      -1.065438733891e-11       0.000000000000e+00       4.896477839313e-14       1.097894500872e-14       1.199215178060e-15 
  473       2.691649397070e-10       2.987040317753e-12      -1.079335101241e-11       0.000000000000e+00       4.859632305205e-14       1.082527438446e-14       1.188426591825e-15 
  474       2.703472232673e-10       2.962469598637e-12      -1.092787131487e-11       0.000000000000e+00       4.823137523556e-14       1.067410187936e-14       1.177622971460e-15 
  475       2.715521559515e-10       2.937602489123e-12      -1.105790630836e-11       0.000000000000e+00       4.786988960366e-14       1.052539862552e-14       1.166806452544e-15 
  476       2.727787921031e-10       2.912449969032e-12      -1.118341415892e-11       0.000000000000e+00       4.751181904285e-14       1.037913470470e-14       1.155979196439e-15 
  477       2.740261669881e-10       2.887023220831e-12      -1.130435313862e-11       0.000000000000e+00       4.715711465464e-14       1.023527914159e-14       1.145143390397e-15 
  478       2.752932966888e-10       2.861333630700e-12      -1.142068162757e-11       0.000000000000e+00       4.680572574396e-14       1.009379989724e-14       1.134301247661e-15 
  479       2.765791779993e-10       2.835392789592e-12      -1.153235811599e-11       0.000000000000e+00       4.645759980763e-14       9.954663862328e-15       1.123455007574e-15 
  480       2.778827883189e-10       2.809212494300e-12      -1.163934120621e-11       0.000000000000e+00       4.611268252287e-14       9.817836850509e-15       1.112606935682e-15 
  481       2.792030855474e-10       2.782804748524e-12      -1.174158961474e-11       0.000000000000e+00       4.577091773569e-14       9.683283591776e-15       1.101759323841e-15 
  482       2.805390079790e-10       2.756181763930e-12      -1.183906217428e-11       0.000000000000e+00       4.543224744943e-14       9.550967725779e-15       1.090914490320e-15 
  483       2.818894741974e-10       2.729355961218e-12      -1.193171783581e-11       0.000000000000e+00       4.509661181315e-14       9.420851795170e-15       1.080074779905e-15 
  484       2.832533829696e-10       2.702339971190e-12      -1.201951567057e-11       0.000000000000e+00       4.476394911017e-14       9.292897238938e-15       1.069242564009e-15 
  485       2.846296131409e-10       2.675146635807e-12      -1.210241487213e-11       0.000000000000e+00       4.443419574645e-14       9.167064385748e-15       1.058420240772e-15 
  486       2.860170235292e-10       2.647789009259e-12      -1.218037475841e-11       0.000000000000e+00       4.410728623911e-14       9.043312447276e-15       1.047610235167e-15 
  487       2.874144528195e-10       2.620280359029e-12      -1.225335477376e-11       0.000000000000e+00       4.378315320490e-14       8.921599511552e-15       1.036814999109e-15 
  488       2.888208284592e-10       2.592633541195e-12      -1.232132305991e-11       0.000000000000e+00       4.346173834889e-14       8.801887451002e-15       1.026036620908e-15 
  489       2.902354971302e-10       2.564859103700e-12      -1.238428244590e-11       0.000000000000e+00       4.314302581453e-14       8.684156821063e-15       1.015275640636e-15 
  490       2.916579039184e-10       2.536967128648e-12      -1.244224523679e-11       0.000000000000e+00       4.282700980488e-14       8.568392392486e-15       1.004532199659e-15 
  491       2.930874841531e-10       2.508967853705e-12      -1.249522472109e-11       0.000000000000e+00       4.251368366617e-14       8.454578272599e-15       9.938064280071e-16 
  492       2.945236633558e-10       2.480871672847e-12      -1.254323517710e-11       0.000000000000e+00       4.220303988185e-14       8.342697901116e-15       9.830984442762e-16 
  493       2.959658571900e-10       2.452689137107e-12      -1.258629187924e-11       0.000000000000e+00       4.189507006656e-14       8.232734045943e-15       9.724083555410e-16 
  494       2.974134714102e-10       2.424430955332e-12      -1.262441110442e-11       0.000000000000e+00       4.158976496010e-14       8.124668798993e-15       9.617362572616e-16 
  495       2.988659018110e-10       2.396107994925e-12      -1.265761013837e-11       0.000000000000e+00       4.128711442147e-14       8.018483571988e-15       9.510822331929e-16 
  496       3.003225341771e-10       2.367731282601e-12      -1.268590728201e-11       0.000000000000e+00       4.098710742285e-14       7.914159092275e-15       9.404463552930e-16 
  497       3.017827442319e-10       2.339312005133e-12      -1.270932185777e-11       0.000000000000e+00       4.068973204356e-14       7.811675398628e-15       9.298286836318e-16 
  498       3.032458975870e-10       2.310861510105e-12      -1.272787421597e-11       0.000000000000e+00       4.039497546411e-14       7.711011837066e-15       9.192292662998e-16 
  499       3.047113496916e-10       2.282391306661e-12      -1.274158574112e-11       0.000000000000e+00       4.010282396015e-14       7.612147056654e-15       9.086481393165e-16 
  500       3.061784457818e-10       2.253913066251e-12      -1.275047885833e-11       0.000000000000e+00       3.981326289649e-14       7.515059005316e-15       8.980853265389e-16 
  501       3.076465208298e-10       2.225438623389e-12      -1.275457703960e-11       0.000000000000e+00       3.952627672108e-14       7.419724925644e-15       8.875408395707e-16 
  502       3.091148994932e-10       2.196979976396e-12      -1.275390481022e-11       0.000000000000e+00       3.924184895903e-14       7.326121350708e-15       8.770146776703e-16 
  503       3.105828960643e-10       2.168549288151e-12      -1.274848775507e-11       0.000000000000e+00       3.895996220657e-14       7.234224099862e-15       8.665068276598e-16 
  504       3.120498144195e-10       2.140158886846e-12      -1.273835252499e-11       0.000000000000e+00       3.868059812505e-14       7.144008274556e-15       8.560172638334e-16 
  505       3.135149479686e-10       2.111821266728e-12      -1.272352684314e-11       0.000000000000e+00       3.840373743498e-14       7.055448254145e-15       8.455459478661e-16 
  506       3.149775796038e-10       2.083549088855e-12      -1.270403951131e-11       0.000000000000e+00       3.812935990997e-14       6.968517691696e-15       8.350928287225e-16 
  507       3.164369816493e-10       2.055355181846e-12      -1.267992041632e-11       0.000000000000e+00       3.785744437073e-14       6.883189509801e-15       8.246578425651e-16 
  508       3.178924158105e-10       2.027252542626e-12      -1.265120053632e-11       0.000000000000e+00       3.758796867911e-14       6.799435896381e-15       8.142409126631e-16 
  509       3.193431331235e-10       1.999254337181e-12      -1.261791194717e-11       0.000000000000e+00       3.732090973205e-14       6.717228300500e-15       8.038419493011e-16 
  510       3.207883739038e-10       1.971373901304e-12      -1.258008782876e-11       0.000000000000e+00       3.705624345559e-14       6.636537428172e-15       7.934608496875e-16 
  511       3.222273676964e-10       1.943624741349e-12      -1.253776247139e-11       0.000000000000e+00       3.679394479887e-14       6.557333238169e-15       7.830974978634e-16 
  512       3.236593332245e-10       1.916020534977e-12      -1.249097128209e-11       0.000000000000e+00       3.653398772811e-14       6.479584937833e-15       7.727517646109e-16 
  513       3.250834783389e-10       1.888575131908e-12      -1.243975079097e-11       0.000000000000e+00       3.627634522061e-14       6.403260978884e-15       7.624235073619e-16 
  514       3.264989999676e-10       1.861302554673e-12      -1.238413865761e-11       0.000000000000e+00       3.602098925877e-14       6.328329053227e-15       7.521125701069e-16 
  515       3.279050840647e-10       1.834216999359e-12      -1.232417367733e-11       0.000000000000e+00       3.576789082404e-14       6.254756088764e-15       7.418187833033e-16 
  516       3.293009055599e-10       1.807332836362e-12      -1.225989578762e-11       0.000000000000e+00       3.551701989095e-14       6.182508245202e-15       7.315419637841e-16 
  517       3.306856283080e-10       1.780664611138e-12      -1.219134607441e-11       0.000000000000e+00       3.526834542109e-14       6.111550909864e-15       7.212819146667e-16 
  518       3.320584050377e-10       1.754227044950e-12      -1.211856677850e-11       0.000000000000e+00       3.502183535710e-14       6.041848693493e-15       7.110384252613e-16 
  519       3.334183773013e-10       1.728035035619e-12      -1.204160130184e-11       0.000000000000e+00       3.477745661670e-14       5.973365426069e-15       7.008112709797e-16 
  520       3.347646754237e-10       1.702103658277e-12      -1.196049421390e-11       0.000000000000e+00       3.453517508661e-14       5.906064152610e-15       6.906002132438e-16 
  521       3.360964184521e-10       1.676448166111e-12      -1.187529125803e-11       0.000000000000e+00       3.429495561663e-14       5.839907128988e-15       6.804049993942e-16 
  522       3.374127141048e-10       1.651083991119e-12      -1.178603935780e-11       0.000000000000e+00       3.405676201359e-14       5.774855817732e-15       6.702253625991e-16 
  523       3.387126587211e-10       1.626026744855e-12      -1.169278662334e-11       0.000000000000e+00       3.382055703533e-14       5.710870883844e-15       6.600610217624e-16 
  524       3.399953372098e-10       1.601292219184e-12      -1.159558235769e-11       0.000000000000e+00       3.358630238474e-14       5.647912190603e-15       6.499116814328e-16 
  525       3.412598229994e-10       1.576896387025e-12      -1.149447706316e-11       0.000000000000e+00       3.335395870371e-14       5.585938795374e-15       6.397770317123e-16 
  526       3.425051779865e-10       1.552855403109e-12      -1.138952244767e-11       0.000000000000e+00       3.312348556716e-14       5.524908945422e-15       6.296567481648e-16 
  527       3.437305664957e-10       1.529184133480e-12      -1.128077218296e-11       0.000000000000e+00       3.289484786452e-14       5.464787926227e-15       6.195506544356e-16 
  528       3.449356007194e-10       1.505891697852e-12      -1.116828418948e-11       0.000000000000e+00       3.266803515018e-14       5.405571853241e-15       6.094592152342e-16 
  529       3.461200047171e-10       1.482985805632e-12      -1.105211842708e-11       0.000000000000e+00       3.244304281555e-14       5.347264528893e-15       5.993830567854e-16 
  530       3.472835012672e-10       1.460474216143e-12      -1.093233615559e-11       0.000000000000e+00       3.221986574671e-14       5.289869648707e-15       5.893228053287e-16 
  531       3.484258118653e-10       1.438364738742e-12      -1.080899994142e-11       0.000000000000e+00       3.199849832109e-14       5.233390800495e-15       5.792790870969e-16 
  532       3.495466567227e-10       1.416665232931e-12      -1.068217366429e-11       0.000000000000e+00       3.177893440429e-14       5.177831463555e-15       5.692525282950e-16 
  533       3.506457547648e-10       1.395383608476e-12      -1.055192252385e-11       0.000000000000e+00       3.156116734676e-14       5.123195007865e-15       5.592437550791e-16 
  534       3.517228236296e-10       1.374527825521e-12      -1.041831304638e-11       0.000000000000e+00       3.134518998059e-14       5.069484693282e-15       5.492533935347e-16 
  535       3.527775796662e-10       1.354105894703e-12      -1.028141309147e-11       0.000000000000e+00       3.113099461627e-14       5.016703668730e-15       5.392820696564e-16 
  536       3.538097379332e-10       1.334125877269e-12      -1.014129185866e-11       0.000000000000e+00       3.091857303939e-14       4.964854971407e-15       5.293304093256e-16 
  537       3.548190121974e-10       1.314595885190e-12      -9.998019894132e-12       0.000000000000e+00       3.070791650745e-14       4.913941525968e-15       5.193990382901e-16 
  538       3.558051149317e-10       1.295524081279e-12      -9.851669097400e-12       0.000000000000e+00       3.049901574657e-14       4.863966143732e-15       5.094885821428e-16 
  539       3.567677573142e-10       1.276918679301e-12      -9.702312727947e-12       0.000000000000e+00       3.029186094823e-14       4.814931521869e-15       4.995996662999e-16 
  540       3.577066492264e-10       1.258787944095e-12      -9.550025411917e-12       0.000000000000e+00       3.008644176607e-14       4.766840242602e-15       4.897329159805e-16 
  541       3.586214992516e-10       1.241140191686e-12      -9.394883148783e-12       0.000000000000e+00       2.988274731258e-14       4.719694772396e-15       4.798889561848e-16 
  542       3.595120146733e-10       1.223983789400e-12      -9.236963318020e-12       0.000000000000e+00       2.968076615590e-14       4.673497461162e-15       4.700684116732e-16 
  543       3.603779014739e-10       1.207327155981e-12      -9.076344685773e-12       0.000000000000e+00       2.948048631653e-14       4.628250541443e-15       4.602719069448e-16 
  544       3.612188643331e-10       1.191178761705e-12      -8.913107411536e-12       0.000000000000e+00       2.928189526410e-14       4.583956127620e-15       4.505000662167e-16 
  545       3.620346066263e-10       1.175547128498e-12      -8.747333054817e-12       0.000000000000e+00       2.908497991412e-14       4.540616215098e-15       4.407535134022e-16 
  546       3.628248304230e-10       1.160440830048e-12      -8.579104581814e-12       0.000000000000e+00       2.888972662471e-14       4.498232679507e-15       4.310328720899e-16 
  547       3.635892364853e-10       1.145868491923e-12      -8.408506372087e-12       0.000000000000e+00       2.869612119340e-14       4.456807275898e-15       4.213387655227e-16 
  548       3.643275242665e-10       1.131838791687e-12      -8.235624225227e-12       0.000000000000e+00       2.850414885380e-14       4.416341637936e-15       4.116718165761e-16 
  549       3.650393919095e-10       1.118360459011e-12      -8.060545367532e-12       0.000000000000e+00       2.831379427241e-14       4.376837277095e-15       4.020326477372e-16 
  550       3.657245362452e-10       1.105442275794e-12      -7.883358458676e-12       0.000000000000e+00       2.812504154537e-14       4.338295581860e-15       3.924218810839e-16 
  551       3.663826527908e-10       1.093093076277e-12      -7.704153598382e-12       0.000000000000e+00       2.793787419516e-14       4.300717816912e-15       3.828401382628e-16 
  552       3.670134357488e-10       1.081321747155e-12      -7.523022333095e-12       0.000000000000e+00       2.775227516741e-14       4.264105122335e-15       3.732880404690e-16 
  553       3.676165780049e-10       1.070137227695e-12      -7.340057662653e-12       0.000000000000e+00       2.756822682759e-14       4.228458512803e-15       3.637662084242e-16 
  554       3.681917711267e-10       1.059548509855e-12      -7.155354046957e-12       0.000000000000e+00       2.738571095783e-14       4.193778876781e-15       3.542752623556e-16 
  555       3.687387053622e-10       1.049564638391e-12      -6.969007412647e-12       0.000000000000e+00       2.720470875358e-14       4.160066975715e-15       3.448158219751e-16 
  556       3.692570696382e-10       1.040194710981e-12      -6.781115159773e-12       0.000000000000e+00       2.702520082045e-14       4.127323443236e-15       3.353885064575e-16 
  557       3.697465515588e-10       1.031447878336e-12      -6.591776168464e-12       0.000000000000e+00       2.684716717090e-14       4.095548784346e-15       3.259939344196e-16 
  558       3.702068374038e-10       1.023333344316e-12      -6.401090805603e-12       0.000000000000e+00       2.667058722101e-14       4.064743374622e-15       3.166327238992e-16 
  559       3.706376121272e-10       1.015860366045e-12      -6.209160931498e-12       0.000000000000e+00       2.649543978722e-14       4.034907459407e-15       3.073054923335e-16 
  560       3.710385593558e-10       1.009038254028e-12      -6.016089906554e-12       0.000000000000e+00       2.632170308310e-14       4.006041153004e-15       2.980128565381e-16 
  561       3.714093613873e-10       1.002876372266e-12      -5.821982597947e-12       0.000000000000e+00       2.614935471607e-14       3.978144437878e-15       2.887554326856e-16 
  562       3.717496991891e-10       9.973841383707e-13      -5.626945386292e-12       0.000000000000e+00       2.597837168418e-14       3.951217163846e-15       2.795338362849e-16 
  563       3.720592523969e-10       9.925710236804e-13      -5.431086172316e-12       0.000000000000e+00       2.580873037283e-14       3.925259047275e-15       2.703486821591e-16 
  564       3.723376993125e-10       9.884465533756e-13      -5.234514383535e-12       0.000000000000e+00       2.564040655154e-14       3.900269670275e-15       2.612005844255e-16 
  565       3.725847169029e-10       9.850203065942e-13      -5.037340980920e-12       0.000000000000e+00       2.547337537070e-14       3.876248479901e-15       2.520901564730e-16 
  566       3.728000543628e-10       9.823003359848e-13      -4.839671086743e-12       0.000000000000e+00       2.530761513684e-14       3.853193065139e-15       2.430180087382e-16 
  567       3.729837558846e-10       9.802883814539e-13      -4.641581646180e-12       0.000000000000e+00       2.514311875186e-14       3.831093940819e-15       2.339847420084e-16 
  568       3.731359436166e-10       9.789845335132e-13      -4.443143204191e-12       0.000000000000e+00       2.497988256170e-14       3.809939627928e-15       2.249909539042e-16 
  569       3.732567446429e-10       9.783888022256e-13      -4.244427236254e-12       0.000000000000e+00       2.481790260255e-14       3.789718362221e-15       2.160372410456e-16 
  570       3.733462910096e-10       9.785011167298e-13      -4.045506152273e-12       0.000000000000e+00       2.465717459908e-14       3.770418092772e-15       2.071241990296e-16 
  571       3.734047197509e-10       9.793213247647e-13      -3.846453300498e-12       0.000000000000e+00       2.449769396253e-14       3.752026480531e-15       1.982524224091e-16 
  572       3.734321729148e-10       9.808491921940e-13      -3.647342971431e-12       0.000000000000e+00       2.433945578894e-14       3.734530896870e-15       1.894225046698e-16 
  573       3.734287975891e-10       9.830844025302e-13      -3.448250401741e-12       0.000000000000e+00       2.418245485725e-14       3.717918422137e-15       1.806350382091e-16 
  574       3.733947459278e-10       9.860265564597e-13      -3.249251778181e-12       0.000000000000e+00       2.402668562751e-14       3.702175844208e-15       1.718906143135e-16 
  575       3.733301751764e-10       9.896751713668e-13      -3.050424241495e-12       0.000000000000e+00       2.387214223902e-14       3.687289657039e-15       1.631898231365e-16 
  576       3.732352476982e-10       9.940296808583e-13      -2.851845890335e-12       0.000000000000e+00       2.371881850850e-14       3.673246059215e-15       1.545332536772e-16 
  577       3.731101310006e-10       9.990894342880e-13      -2.653595785170e-12       0.000000000000e+00       2.356670792824e-14       3.660030952505e-15       1.459214937576e-16 
  578       3.729549977604e-10       1.004853696281e-12      -2.455753952203e-12       0.000000000000e+00       2.341580366427e-14       3.647629940411e-15       1.373551300008e-16 
  579       3.727700258502e-10       1.011321646258e-12      -2.258401387283e-12       0.000000000000e+00       2.326609855454e-14       3.636028326722e-15       1.288347478092e-16 
  580       3.725553983645e-10       1.018492377961e-12      -2.061620059816e-12       0.000000000000e+00       2.311758510704e-14       3.625211114063e-15       1.203609313420e-16 
  581       3.723113036452e-10       1.026364898975e-12      -1.865492916678e-12       0.000000000000e+00       2.297025549802e-14       3.615163002450e-15       1.119342634937e-16 
  582       3.720379353080e-10       1.034938130255e-12      -1.670103886131e-12       0.000000000000e+00       2.282410157008e-14       3.605868387838e-15       1.035553258717e-16 
  583       3.717354922680e-10       1.044210905652e-12      -1.475537881731e-12       0.000000000000e+00       2.267911483041e-14       3.597311360675e-15       9.522469877415e-17 
  584       3.714041787661e-10       1.054181971431e-12      -1.281880806247e-12       0.000000000000e+00       2.253528644889e-14       3.589475704454e-15       8.694296116847e-17 
  585       3.710442043947e-10       1.064849985801e-12      -1.089219555567e-12       0.000000000000e+00       2.239260725628e-14       3.582344894262e-15       7.871069066881e-17 
  586       3.706557841235e-10       1.076213518440e-12      -8.976420226180e-13       0.000000000000e+00       2.225106774240e-14       3.575902095334e-15       7.052846351421e-17 
  587       3.702391383260e-10       1.088271050016e-12      -7.072371012725e-13       0.000000000000e+00       2.211065805424e-14       3.570130161605e-15       6.239685454655e-17 
  588       3.697944928050e-10       1.101020971712e-12      -5.180946902654e-13       0.000000000000e+00       2.197136799417e-14       3.565011634259e-15       5.431643718852e-17 
  589       3.693220788186e-10       1.114461584753e-12      -3.303056971057e-13       0.000000000000e+00       2.183318701809e-14       3.560528740285e-15       4.628778342160e-17 
  590       3.688221331065e-10       1.128591099927e-12      -1.439620419895e-13       0.000000000000e+00       2.169610423358e-14       3.556663391022e-15       3.831146376399e-17 
  591       3.682948979157e-10       1.143407637113e-12       4.084333828745e-14       0.000000000000e+00       2.156010839807e-14       3.553397180718e-15       3.038804724862e-17 
  592       3.677406210266e-10       1.158909224803e-12       2.240164864163e-13       0.000000000000e+00       2.142518791701e-14       3.550711385078e-15       2.251810140109e-17 
  593       3.671595557787e-10       1.175093799627e-12       4.054624206627e-13       0.000000000000e+00       2.129133084202e-14       3.548586959813e-15       1.470219221765e-17 
  594       3.665519610971e-10       1.191959205879e-12       5.850851309535e-13       0.000000000000e+00       2.115852486905e-14       3.547004539199e-15       6.940884143168e-18 
  595       3.659181015180e-10       1.209503195037e-12       7.627875749641e-13       0.000000000000e+00       2.102675733656e-14       3.545944434620e-15      -7.652599509198e-19 
  596       3.652582472146e-10       1.227723425294e-12       9.384716742054e-13       0.000000000000e+00       2.089601522367e-14       3.545386633127e-15      -8.415678788609e-18 
  597       3.645726740237e-10       1.246617461076e-12       1.112038310111e-12       0.000000000000e+00       2.076628514832e-14       3.545310795984e-15      -1.600981271138e-17 
  598       3.638616634711e-10       1.266182772573e-12       1.283387320124e-12       0.000000000000e+00       2.063755336545e-14       3.545696257226e-15      -2.354710370023e-17 
  599       3.631255027975e-10       1.286416735255e-12       1.452417493786e-12       0.000000000000e+00       2.050980576511e-14       3.546522022203e-15      -3.102699539771e-17 
  600       3.623644849852e-10       1.307316629407e-12       1.619026568820e-12       0.000000000000e+00       2.038302787071e-14       3.547766766136e-15      -3.844893312991e-17 
  601       3.615789087831e-10       1.328879639643e-12       1.783111227222e-12       0.000000000000e+00       2.025720483711e-14       3.549408832671e-15      -4.581236392858e-17 
  602       3.607690787335e-10       1.351102854437e-12       1.944567091345e-12       0.000000000000e+00       2.013232144879e-14       3.551426232426e-15      -5.311673655308e-17 
  603       3.599353051974e-10       1.373983265647e-12       2.103288719988e-12       0.000000000000e+00       2.000836211806e-14       3.553796641543e-15      -6.036150151244e-17 
  604       3.590779043812e-10       1.397517768036e-12       2.259169604482e-12       0.000000000000e+00       1.988531088316e-14       3.556497400243e-15      -6.754611108740e-17 
  605       3.581972097801e-10       1.421702357976e-12       2.412113829935e-12       0.000000000000e+00       1.976315375782e-14       3.559508689917e-15      -7.467010603996e-17 
  606       3.572936067614e-10       1.446529709320e-12       2.562071375282e-12       0.000000000000e+00       1.964188584564e-14       3.562823151355e-15      -8.173337799040e-17 
  607       3.563674988655e-10       1.471991538218e-12       2.709003655502e-12       0.000000000000e+00       1.952150439336e-14       3.566436495258e-15      -8.873591340164e-17 
  608       3.554192964929e-10       1.498079397922e-12       2.852871933301e-12       0.000000000000e+00       1.940200645398e-14       3.570344344246e-15      -9.567770751383e-17 
  609       3.544494169338e-10       1.524784678045e-12       2.993637319014e-12       0.000000000000e+00       1.928338888566e-14       3.574542232455e-15      -1.025587643948e-16 
  610       3.534582843979e-10       1.552098603831e-12       3.131260770514e-12       0.000000000000e+00       1.916564835065e-14       3.579025605124e-15      -1.093790969903e-16 
  611       3.524463300440e-10       1.580012235409e-12       3.265703093116e-12       0.000000000000e+00       1.904878131426e-14       3.583789818195e-15      -1.161387271747e-16 
  612       3.514139920096e-10       1.608516467061e-12       3.396924939480e-12       0.000000000000e+00       1.893278404375e-14       3.588830137894e-15      -1.228376858013e-16 
  613       3.503617154411e-10       1.637602026479e-12       3.524886809520e-12       0.000000000000e+00       1.881765260728e-14       3.594141740334e-15      -1.294760127523e-16 
  614       3.492899525228e-10       1.667259474035e-12       3.649549050305e-12       0.000000000000e+00       1.870338287286e-14       3.599719711100e-15      -1.360537569899e-16 
  615       3.481991625072e-10       1.697479202036e-12       3.770871855967e-12       0.000000000000e+00       1.858997050725e-14       3.605559044842e-15      -1.425709766064e-16 
  616       3.470898117444e-10       1.728251433990e-12       3.888815267607e-12       0.000000000000e+00       1.847741097488e-14       3.611654644869e-15      -1.490277388743e-16 
  617       3.459623737120e-10       1.759566223868e-12       4.003339173197e-12       0.000000000000e+00       1.836569953685e-14       3.618001322740e-15      -1.554241202973e-16 
  618       3.448173290446e-10       1.791413455365e-12       4.114403307487e-12       0.000000000000e+00       1.825483124980e-14       3.624593797857e-15      -1.617602066602e-16 
  619       3.436551655636e-10       1.823782841164e-12       4.221967251909e-12       0.000000000000e+00       1.814480096485e-14       3.631426697054e-15      -1.680360930795e-16 
  620       3.424763783071e-10       1.856663922197e-12       4.325990434485e-12       0.000000000000e+00       1.803560332655e-14       3.638494554192e-15      -1.742518840539e-16 
  621       3.412814695591e-10       1.890046066908e-12       4.426432129729e-12       0.000000000000e+00       1.792723277181e-14       3.645791809751e-15      -1.804076935145e-16 
  622       3.400709488798e-10       1.923918470518e-12       4.523251458555e-12       0.000000000000e+00       1.781968352882e-14       3.653312810420e-15      -1.865036448756e-16 
  623       3.388453331350e-10       1.958270154279e-12       4.616407388178e-12       0.000000000000e+00       1.771294961599e-14       3.661051808690e-15      -1.925398710843e-16 
  624       3.376051465258e-10       1.993089964748e-12       4.705858732024e-12       0.000000000000e+00       1.760702484087e-14       3.669002962446e-15      -1.985165146719e-16 
  625       3.363509206184e-10       2.028366573040e-12       4.791564149633e-12       0.000000000000e+00       1.750190279912e-14       3.677160334560e-15      -2.044337278037e-16 
  626       3.350831943737e-10       2.064088474092e-12       4.873482146563e-12       0.000000000000e+00       1.739757687337e-14       3.685517892482e-15      -2.102916723294e-16 
  627       3.338025141771e-10       2.100243985932e-12       4.951571074296e-12       0.000000000000e+00       1.729404023224e-14       3.694069507830e-15      -2.160905198337e-16 
  628       3.325094338683e-10       2.136821248932e-12       5.025789130145e-12       0.000000000000e+00       1.719128582919e-14       3.702808955986e-15      -2.218304516868e-16 
  629       3.312045147708e-10       2.173808225076e-12       5.096094357157e-12       0.000000000000e+00       1.708930640151e-14       3.711729915687e-15      -2.275116590945e-16 
  630       3.298883257216e-10       2.211192697222e-12       5.162444644018e-12       0.000000000000e+00       1.698809446924e-14       3.720825968614e-15      -2.331343431487e-16 
  631       3.285614431013e-10       2.248962268362e-12       5.224797724960e-12       0.000000000000e+00       1.688764233406e-14       3.730090598987e-15      -2.386987148780e-16 
  632       3.272244508631e-10       2.287104360887e-12       5.283111179666e-12       0.000000000000e+00       1.678794207828e-14       3.739517193156e-15      -2.442049952979e-16 
  633       3.258779405634e-10       2.325606215845e-12       5.337342433172e-12       0.000000000000e+00       1.668898556374e-14       3.749099039193e-15      -2.496534154614e-16 
  634       3.245225113907e-10       2.364454892210e-12       5.387448755776e-12       0.000000000000e+00       1.659076443076e-14       3.758829326486e-15      -2.550442165091e-16 
  635       3.231587701957e-10       2.403637266139e-12       5.433387262942e-12       0.000000000000e+00       1.649327009704e-14       3.768701145325e-15      -2.603776497198e-16 
  636       3.217873315211e-10       2.443140030237e-12       5.475114915204e-12       0.000000000000e+00       1.639649375661e-14       3.778707486503e-15      -2.656539765611e-16 
  637       3.204088176309e-10       2.482949692816e-12       5.512588518072e-12       0.000000000000e+00       1.630042637880e-14       3.788841240900e-15      -2.708734687392e-16 
  638       3.190238585407e-10       2.523052577162e-12       5.545764721938e-12       0.000000000000e+00       1.620505870709e-14       3.799095199078e-15      -2.760364082501e-16 
  639       3.176330920467e-10       2.563434820794e-12       5.574600021980e-12       0.000000000000e+00       1.611038125812e-14       3.809462050876e-15      -2.811430874295e-16 
  640       3.162371637562e-10       2.604082374729e-12       5.599050758067e-12       0.000000000000e+00       1.601638432058e-14       3.819934384996e-15      -2.861938090031e-16 
  641       3.148367271166e-10       2.644981002739e-12       5.619073114665e-12       0.000000000000e+00       1.592305795415e-14       3.830504688599e-15      -2.911888861374e-16 
  642       3.134324434455e-10       2.686116280622e-12       5.634623120743e-12       0.000000000000e+00       1.583039198843e-14       3.841165346899e-15      -2.961286424900e-16 
  643       3.120249819602e-10       2.727473595455e-12       5.645656649676e-12       0.000000000000e+00       1.573837602188e-14       3.851908642748e-15      -3.010134122597e-16 
  644       3.106149753652e-10       2.769038633604e-12       5.652139360842e-12       0.000000000000e+00       1.564700088919e-14       3.862727729986e-15      -3.058434085987e-16 
  645       3.092028854507e-10       2.810798858351e-12       5.654076771606e-12       0.000000000000e+00       1.555626310204e-14       3.873619578474e-15      -3.106183254771e-16 
  646       3.077891345108e-10       2.852742064245e-12       5.651484865682e-12       0.000000000000e+00       1.546616050672e-14       3.884582094899e-15      -3.153377269080e-16 
  647       3.063741495280e-10       2.894855890792e-12       5.644380215832e-12       0.000000000000e+00       1.537669082413e-14       3.895613154929e-15      -3.200011777825e-16 
  648       3.049583621900e-10       2.937127821862e-12       5.632779986637e-12       0.000000000000e+00       1.528785164918e-14       3.906710603087e-15      -3.246082438827e-16 
  649       3.035422089062e-10       2.979545185089e-12       5.616701937278e-12       0.000000000000e+00       1.519964045009e-14       3.917872252626e-15      -3.291584918934e-16 
  650       3.021261308248e-10       3.022095151275e-12       5.596164424311e-12       0.000000000000e+00       1.511205456781e-14       3.929095885399e-15      -3.336514894150e-16 
  651       3.007105738499e-10       3.064764733798e-12       5.571186404448e-12       0.000000000000e+00       1.502509121531e-14       3.940379251735e-15      -3.380868049755e-16 
  652       2.992959886580e-10       3.107540788008e-12       5.541787437327e-12       0.000000000000e+00       1.493874747697e-14       3.951720070310e-15      -3.424640080430e-16 
  653       2.978828307148e-10       3.150410010637e-12       5.507987688299e-12       0.000000000000e+00       1.485302030794e-14       3.963116028024e-15      -3.467826690381e-16 
  654       2.964715602927e-10       3.193358939199e-12       5.469807931196e-12       0.000000000000e+00       1.476790653350e-14       3.974564779869e-15      -3.510423593465e-16 
  655       2.950626424870e-10       3.236373951395e-12       5.427269551114e-12       0.000000000000e+00       1.468340284838e-14       3.986063948808e-15      -3.552426513308e-16 
  656       2.936565472328e-10       3.279441264516e-12       5.380394547189e-12       0.000000000000e+00       1.459950581615e-14       3.997611125645e-15      -3.593831183434e-16 
  657       2.922537493226e-10       3.322546934847e-12       5.329205535373e-12       0.000000000000e+00       1.451621186858e-14       4.009203868898e-15      -3.634633347388e-16 
  658       2.908547284223e-10       3.365676857068e-12       5.273725751211e-12       0.000000000000e+00       1.443351730498e-14       4.020839704673e-15      -3.674828758857e-16 
  659       2.894599690884e-10       3.408816763664e-12       5.213979052622e-12       0.000000000000e+00       1.435141829153e-14       4.032516126539e-15      -3.714413181796e-16 
  660       2.880699607851e-10       3.451952224321e-12       5.149989922671e-12       0.000000000000e+00       1.426991086070e-14       4.044230595399e-15      -3.753382390552e-16 
  661       2.866851979008e-10       3.495068645333e-12       5.081783472351e-12       0.000000000000e+00       1.418899091057e-14       4.055980539365e-15      -3.791732169986e-16 
  662       2.853061797652e-10       3.538151269007e-12       5.009385443355e-12       0.000000000000e+00       1.410865420416e-14       4.067763353629e-15      -3.829458315599e-16 
  663       2.839334106661e-10       3.581185173062e-12       4.932822210860e-12       0.000000000000e+00       1.402889636884e-14       4.079576400339e-15      -3.866556633653e-16 
  664       2.825673998662e-10       3.624155270038e-12       4.852120786298e-12       0.000000000000e+00       1.394971289564e-14       4.091417008470e-15      -3.903022941298e-16 
  665       2.812086616201e-10       3.667046306696e-12       4.767308820136e-12       0.000000000000e+00       1.387109913865e-14       4.103282473701e-15      -3.938853066693e-16 
  666       2.798577151911e-10       3.709842863422e-12       4.678414604653e-12       0.000000000000e+00       1.379305031432e-14       4.115170058283e-15      -3.974042849131e-16 
  667       2.785150848681e-10       3.752529353633e-12       4.585467076720e-12       0.000000000000e+00       1.371556150089e-14       4.127076990916e-15      -4.008588139163e-16 
  668       2.771812999824e-10       3.795090023175e-12       4.488495820570e-12       0.000000000000e+00       1.363862763766e-14       4.139000466622e-15      -4.042484798721e-16 
  669       2.758568949247e-10       3.837508949732e-12       4.387531070583e-12       0.000000000000e+00       1.356224352441e-14       4.150937646617e-15      -4.075728701243e-16 
  670       2.745424091617e-10       3.879770042229e-12       4.282603714058e-12       0.000000000000e+00       1.348640382075e-14       4.162885658186e-15      -4.108315731793e-16 
  671       2.732383872533e-10       3.921857040231e-12       4.173745293995e-12       0.000000000000e+00       1.341110304543e-14       4.174841594554e-15      -4.140241787191e-16 
  672       2.719453788694e-10       3.963753513352e-12       4.060988011866e-12       0.000000000000e+00       1.333633557577e-14       4.186802514762e-15      -4.171502776132e-16 
  673       2.706639388065e-10       4.005442860655e-12       3.944364730399e-12       0.000000000000e+00       1.326209564693e-14       4.198765443537e-15      -4.202094619312e-16 
  674       2.693946270048e-10       4.046908310058e-12       3.823908976350e-12       0.000000000000e+00       1.318837735135e-14       4.210727371170e-15      -4.232013249549e-16 
  675       2.681380085652e-10       4.088132917734e-12       3.699654943283e-12       0.000000000000e+00       1.311517463804e-14       4.222685253385e-15      -4.261254611911e-16 
  676       2.668946537658e-10       4.129099567518e-12       3.571637494346e-12       0.000000000000e+00       1.304248131197e-14       4.234636011214e-15      -4.289814663835e-16 
  677       2.656651380791e-10       4.169790970310e-12       3.439892165049e-12       0.000000000000e+00       1.297029103342e-14       4.246576530871e-15      -4.317689375256e-16 
  678       2.644500421886e-10       4.210189663478e-12       3.304455166041e-12       0.000000000000e+00       1.289859731734e-14       4.258503663623e-15      -4.344874728725e-16 
  679       2.632499520061e-10       4.250278010258e-12       3.165363385888e-12       0.000000000000e+00       1.282739353270e-14       4.270414225666e-15      -4.371366719538e-16 
  680       2.620654586878e-10       4.290038199166e-12       3.022654393848e-12       0.000000000000e+00       1.275667290184e-14       4.282304997999e-15      -4.397161355856e-16 
  681       2.608971586521e-10       4.329452243391e-12       2.876366442651e-12       0.000000000000e+00       1.268642849984e-14       4.294172726291e-15      -4.422254658831e-16 
  682       2.597456535958e-10       4.368501980210e-12       2.726538471274e-12       0.000000000000e+00       1.261665325387e-14       4.306014120763e-15      -4.446642662730e-16 
  683       2.586114818819e-10       4.407170652080e-12       2.573213351589e-12       0.000000000000e+00       1.254734091752e-14       4.317825917244e-15      -4.470322878150e-16 
  684       2.574949110615e-10       4.445447688208e-12       2.416447698739e-12       0.000000000000e+00       1.247848901799e-14       4.329605062045e-15      -4.493298715703e-16 
  685       2.563961409563e-10       4.483324023873e-12       2.256302275666e-12       0.000000000000e+00       1.241009597053e-14       4.341348530781e-15      -4.515575157005e-16 
  686       2.553153718863e-10       4.520790527775e-12       2.092838771808e-12       0.000000000000e+00       1.234216010879e-14       4.353053267434e-15      -4.537157300630e-16 
  687       2.542528046691e-10       4.557838001850e-12       1.926119806712e-12       0.000000000000e+00       1.227467968441e-14       4.364716184234e-15      -4.558050362611e-16 
  688       2.532086406191e-10       4.594457181077e-12       1.756208933640e-12       0.000000000000e+00       1.220765286661e-14       4.376334161556e-15      -4.578259676940e-16 
  689       2.521830815466e-10       4.630638733290e-12       1.583170643184e-12       0.000000000000e+00       1.214107774183e-14       4.387904047802e-15      -4.597790696064e-16 
  690       2.511763297572e-10       4.666373258983e-12       1.407070366876e-12       0.000000000000e+00       1.207495231333e-14       4.399422659296e-15      -4.616648991388e-16 
  691       2.501885880508e-10       4.701651291124e-12       1.227974480794e-12       0.000000000000e+00       1.200927450076e-14       4.410886780170e-15      -4.634840253776e-16 
  692       2.492200597214e-10       4.736463294967e-12       1.045950309179e-12       0.000000000000e+00       1.194404213981e-14       4.422293162253e-15      -4.652370294046e-16 
  693       2.482709485556e-10       4.770799667854e-12       8.610661280382e-13       0.000000000000e+00       1.187925298181e-14       4.433638524960e-15      -4.669245043471e-16 
  694       2.473414588324e-10       4.804650739033e-12       6.733911687631e-13       0.000000000000e+00       1.181490469332e-14       4.444919555184e-15      -4.685470554282e-16 
  695       2.464317953221e-10       4.838006769462e-12       4.829956217345e-13       0.000000000000e+00       1.175099485572e-14       4.456132907179e-15      -4.701053000163e-16 
  696       2.455421632859e-10       4.870857951622e-12       2.899506399349e-13       0.000000000000e+00       1.168752096488e-14       4.467275202456e-15      -4.715998676753e-16 
  697       2.446727684747e-10       4.903194409326e-12       9.432834255918e-14       0.000000000000e+00       1.162448043070e-14       4.478343029667e-15      -4.730314002146e-16 
  698       2.438238171287e-10       4.935006197528e-12      -1.037981813755e-13       0.000000000000e+00       1.156187057675e-14       4.489332944496e-15      -4.744005517389e-16 
  699       2.429955159764e-10       4.966283302136e-12      -3.043548694188e-13       0.000000000000e+00       1.149968863988e-14       4.500241469548e-15      -4.757079886982e-16 
  700       2.421880722341e-10       4.997015639815e-12      -5.072666820770e-13       0.000000000000e+00       1.143793176979e-14       4.511065094237e-15      -4.769543899378e-16 
  701       2.414016936048e-10       5.027193057805e-12      -7.124575992023e-13       0.000000000000e+00       1.137659702869e-14       4.521800274676e-15      -4.781404467483e-16 
  702       2.406365882779e-10       5.056805333726e-12      -9.198506163823e-13       0.000000000000e+00       1.131568139086e-14       4.532443433568e-15      -4.792668629155e-16 
  703       2.398929649279e-10       5.085842175387e-12      -1.129367741330e-12       0.000000000000e+00       1.125518174230e-14       4.542990960089e-15      -4.803343547703e-16 
  704       2.391710327140e-10       5.114293220599e-12      -1.340929990273e-12       0.000000000000e+00       1.119509488028e-14       4.553439209784e-15      -4.813436512388e-16 
  705       2.384710012793e-10       5.142148036985e-12      -1.554457384342e-12       0.000000000000e+00       1.113541751302e-14       4.563784504453e-15      -4.822954938921e-16 
  706       2.377930807500e-10       5.169396121785e-12      -1.769868945962e-12       0.000000000000e+00       1.107614625920e-14       4.574023132037e-15      -4.831906369963e-16 
  707       2.371374817345e-10       5.196026901671e-12      -1.987082695242e-12       0.000000000000e+00       1.101727764768e-14       4.584151346513e-15      -4.840298475626e-16 
  708       2.365044153230e-10       5.222029732555e-12      -2.206015646362e-12       0.000000000000e+00       1.095880811701e-14       4.594165367779e-15      -4.848139053972e-16 
  709       2.358940930862e-10       5.247393899398e-12      -2.426583803965e-12       0.000000000000e+00       1.090073401508e-14       4.604061381545e-15      -4.855436031509e-16 
  710       2.353067270752e-10       5.272108616021e-12      -2.648702159546e-12       0.000000000000e+00       1.084305159875e-14       4.613835539218e-15      -4.862197463697e-16 
  711       2.347425298202e-10       5.296163024913e-12      -2.872284687841e-12       0.000000000000e+00       1.078575703339e-14       4.623483957798e-15      -4.868431535443e-16 
  712       2.342017143300e-10       5.319546197044e-12      -3.097244343216e-12       0.000000000000e+00       1.072884639255e-14       4.633002719762e-15      -4.874146561602e-16 
  713       2.336844940910e-10       5.342247131672e-12      -3.323493056057e-12       0.000000000000e+00       1.067231565753e-14       4.642387872952e-15      -4.879350987475e-16 
  714       2.331910830670e-10       5.364254756154e-12      -3.550941729161e-12       0.000000000000e+00       1.061616071701e-14       4.651635430470e-15      -4.884053389311e-16 
  715       2.327216956977e-10       5.385557925754e-12      -3.779500234124e-12       0.000000000000e+00       1.056037736662e-14       4.660741370560e-15      -4.888262474807e-16 
  716       2.322765468985e-10       5.406145423458e-12      -4.009077407730e-12       0.000000000000e+00       1.050496130859e-14       4.669701636501e-15      -4.891987083603e-16 
  717       2.318558520594e-10       5.426005959776e-12      -4.239581048342e-12       0.000000000000e+00       1.044990815134e-14       4.678512136498e-15      -4.895236187788e-16 
  718       2.314598270445e-10       5.445128172558e-12      -4.470917912290e-12       0.000000000000e+00       1.039521340908e-14       4.687168743565e-15      -4.898018892393e-16 
  719       2.310886881911e-10       5.463500626803e-12      -4.702993710262e-12       0.000000000000e+00       1.034087250140e-14       4.695667295419e-15      -4.900344435897e-16 
  720       2.307426523089e-10       5.481111814466e-12      -4.935713103692e-12       0.000000000000e+00       1.028688075294e-14       4.704003594368e-15      -4.902222190721e-16 
  721       2.304219366795e-10       5.497950154270e-12      -5.168979701153e-12       0.000000000000e+00       1.023323339291e-14       4.712173407197e-15      -4.903661663730e-16 
  722       2.301267043099e-10       5.514005851098e-12      -5.402700821659e-12       0.000000000000e+00       1.017992618713e-14       4.720173181616e-15      -4.904670785063e-16 
  723       2.298568984835e-10       5.529276515766e-12      -5.636801897460e-12       0.000000000000e+00       1.012695734865e-14       4.728002211678e-15      -4.905250735675e-16 
  724       2.296124048661e-10       5.543761658385e-12      -5.871212355025e-12       0.000000000000e+00       1.007432566492e-14       4.735660515882e-15      -4.905401016304e-16 
  725       2.293931059346e-10       5.557460839305e-12      -6.105860871968e-12       0.000000000000e+00       1.002202986870e-14       4.743148124627e-15      -4.905121149785e-16 
  726       2.291988809644e-10       5.570373669344e-12      -6.340675374531e-12       0.000000000000e+00       9.970068637739e-15       4.750465080273e-15      -4.904410681152e-16 
  727       2.290296060155e-10       5.582499810030e-12      -6.575583035068e-12       0.000000000000e+00       9.918440594613e-15       4.757611437189e-15      -4.903269177751e-16 
  728       2.288851539194e-10       5.593838973835e-12      -6.810510269535e-12       0.000000000000e+00       9.867144306417e-15       4.764587261812e-15      -4.901696229338e-16 
  729       2.287653942657e-10       5.604390924417e-12      -7.045382734969e-12       0.000000000000e+00       9.816178284541e-15       4.771392632695e-15      -4.899691448193e-16 
  730       2.286701933888e-10       5.614155476854e-12      -7.280125326978e-12       0.000000000000e+00       9.765540984420e-15       4.778027640566e-15      -4.897254469220e-16 
  731       2.285994143543e-10       5.623132497879e-12      -7.514662177226e-12       0.000000000000e+00       9.715230805281e-15       4.784492388380e-15      -4.894384950058e-16 
  732       2.285529169462e-10       5.631321906124e-12      -7.748916650916e-12       0.000000000000e+00       9.665246089901e-15       4.790786991370e-15      -4.891082571182e-16 
  733       2.285305576530e-10       5.638723672350e-12      -7.982811344277e-12       0.000000000000e+00       9.615585124353e-15       4.796911577107e-15      -4.887347036014e-16 
  734       2.285321896546e-10       5.645337819690e-12      -8.216268082049e-12       0.000000000000e+00       9.566246137761e-15       4.802866285545e-15      -4.883178071025e-16 
  735       2.285576628091e-10       5.651164423884e-12      -8.449207914969e-12       0.000000000000e+00       9.517227302053e-15       4.808651269083e-15      -4.878575425844e-16 
  736       2.286068236391e-10       5.656203613515e-12      -8.681551117255e-12       0.000000000000e+00       9.468526731711e-15       4.814266692615e-15      -4.873538873364e-16 
  737       2.286795153187e-10       5.660455570247e-12      -8.913217184093e-12       0.000000000000e+00       9.420142483521e-15       4.819712733584e-15      -4.868068209845e-16 
  738       2.287755776598e-10       5.663920529067e-12      -9.144124829119e-12       0.000000000000e+00       9.372072556330e-15       4.824989582034e-15      -4.862163255022e-16 
  739       2.288948470992e-10       5.666598778513e-12      -9.374191981910e-12       0.000000000000e+00       9.324314890793e-15       4.830097440669e-15      -4.855823852215e-16 
  740       2.290371566848e-10       5.668490660920e-12      -9.603335785463e-12       0.000000000000e+00       9.276867369130e-15       4.835036524900e-15      -4.849049868427e-16 
  741       2.292023360627e-10       5.669596572652e-12      -9.831472593688e-12       0.000000000000e+00       9.229727814871e-15       4.839807062906e-15      -4.841841194458e-16 
  742       2.293902114635e-10       5.669916964343e-12      -1.005851796888e-11       0.000000000000e+00       9.182893992614e-15       4.844409295680e-15      -4.834197745004e-16 
  743       2.296006056891e-10       5.669452341130e-12      -1.028438667923e-11       0.000000000000e+00       9.136363607775e-15       4.848843477089e-15      -4.826119458770e-16 
  744       2.298333380992e-10       5.668203262895e-12      -1.050899269627e-11       0.000000000000e+00       9.090134306339e-15       4.853109873925e-15      -4.817606298571e-16 
  745       2.300882245984e-10       5.666170344499e-12      -1.073224919240e-11       0.000000000000e+00       9.044203674612e-15       4.857208765958e-15      -4.808658251441e-16 
  746       2.303650776223e-10       5.663354256020e-12      -1.095406853836e-11       0.000000000000e+00       8.998569238975e-15       4.861140445995e-15      -4.799275328736e-16 
  747       2.306637061245e-10       5.659755722991e-12      -1.117436230068e-11       0.000000000000e+00       8.953228465632e-15       4.864905219924e-15      -4.789457566245e-16 
  748       2.309839155632e-10       5.655375526637e-12      -1.139304123923e-11       0.000000000000e+00       8.908178760367e-15       4.868503406777e-15      -4.779205024290e-16 
  749       2.313255078877e-10       5.650214504112e-12      -1.161001530465e-11       0.000000000000e+00       8.863417468290e-15       4.871935338779e-15      -4.768517787837e-16 
  750       2.316882815253e-10       5.644273548737e-12      -1.182519363587e-11       0.000000000000e+00       8.818941873596e-15       4.875201361405e-15      -4.757395966601e-16 
  751       2.320720313678e-10       5.637553610236e-12      -1.203848455757e-11       0.000000000000e+00       8.774749199309e-15       4.878301833429e-15      -4.745839695149e-16 
  752       2.324765487582e-10       5.630055694976e-12      -1.224979557769e-11       0.000000000000e+00       8.730836607039e-15       4.881237126982e-15      -4.733849133012e-16 
  753       2.329016214772e-10       5.621780866199e-12      -1.245903338489e-11       0.000000000000e+00       8.687201196735e-15       4.884007627604e-15      -4.721424464784e-16 
  754       2.333470337302e-10       5.612730244266e-12      -1.266610384606e-11       0.000000000000e+00       8.643840006432e-15       4.886613734298e-15      -4.708565900234e-16 
  755       2.338125661337e-10       5.602905006890e-12      -1.287091200378e-11       0.000000000000e+00       8.600750012007e-15       4.889055859583e-15      -4.695273674410e-16 
  756       2.342979957019e-10       5.592306389374e-12      -1.307336207383e-11       0.000000000000e+00       8.557928126928e-15       4.891334429550e-15      -4.681548047742e-16 
  757       2.348030958336e-10       5.580935684849e-12      -1.327335744266e-11       0.000000000000e+00       8.515371202010e-15       4.893449883913e-15      -4.667389306155e-16 
  758       2.353276362987e-10       5.568794244510e-12      -1.347080066488e-11       0.000000000000e+00       8.473076025161e-15       4.895402676065e-15      -4.652797761168e-16 
  759       2.358713832247e-10       5.555883477855e-12      -1.366559346074e-11       0.000000000000e+00       8.431039321140e-15       4.897193273129e-15      -4.637773750005e-16 
  760       2.364340990839e-10       5.542204852922e-12      -1.385763671363e-11       0.000000000000e+00       8.389257751304e-15       4.898822156017e-15      -4.622317635698e-16 
  761       2.370155274520e-10       5.527761041289e-12      -1.404684044474e-11       0.000000000000e+00       8.347728345315e-15       4.900289611498e-15      -4.606430751144e-16 
  762       2.376153469934e-10       5.512559376672e-12      -1.423315395195e-11       0.000000000000e+00       8.306449805830e-15       4.901595103945e-15      -4.590118250898e-16 
  763       2.382332165676e-10       5.496608463099e-12      -1.441653624370e-11       0.000000000000e+00       8.265421228327e-15       4.902737891658e-15      -4.573386314257e-16 
  764       2.388687903606e-10       5.479917036623e-12      -1.459694611373e-11       0.000000000000e+00       8.224641671266e-15       4.903717233756e-15      -4.556241206565e-16 
  765       2.395217178676e-10       5.462493965797e-12      -1.477434214057e-11       0.000000000000e+00       8.184110155922e-15       4.904532390190e-15      -4.538689279513e-16 
  766       2.401916438773e-10       5.444348252151e-12      -1.494868268715e-11       0.000000000000e+00       8.143825666233e-15       4.905182621758e-15      -4.520736971443e-16 
  767       2.408782084552e-10       5.425489030661e-12      -1.511992590031e-11       0.000000000000e+00       8.103787148639e-15       4.905667190110e-15      -4.502390807646e-16 
  768       2.415810469268e-10       5.405925570227e-12      -1.528802971036e-11       0.000000000000e+00       8.063993511923e-15       4.905985357760e-15      -4.483657400667e-16 
  769       2.422997898614e-10       5.385667274148e-12      -1.545295183066e-11       0.000000000000e+00       8.024443627053e-15       4.906136388099e-15      -4.464543450604e-16 
  770       2.430340630554e-10       5.364723680592e-12      -1.561464975710e-11       0.000000000000e+00       7.985136327023e-15       4.906119545404e-15      -4.445055745409e-16 
  771       2.437834875161e-10       5.343104463074e-12      -1.577308076772e-11       0.000000000000e+00       7.946070406694e-15       4.905934094851e-15      -4.425201161192e-16 
  772       2.445476794449e-10       5.320819430928e-12      -1.592820192224e-11       0.000000000000e+00       7.907244622635e-15       4.905579302520e-15      -4.404986662521e-16 
  773       2.453262502209e-10       5.297878529783e-12      -1.607997006158e-11       0.000000000000e+00       7.868657692965e-15       4.905054435412e-15      -4.384419302723e-16 
  774       2.461188063846e-10       5.274291842035e-12      -1.622834180745e-11       0.000000000000e+00       7.830308297195e-15       4.904358761457e-15      -4.363506224185e-16 
  775       2.469249496212e-10       5.250069587324e-12      -1.637327356187e-11       0.000000000000e+00       7.792195076067e-15       4.903491549524e-15      -4.342254658658e-16 
  776       2.477442767439e-10       5.225222123006e-12      -1.651472150675e-11       0.000000000000e+00       7.754316631398e-15       4.902452069434e-15      -4.320671927557e-16 
  777       2.485763796779e-10       5.199759944626e-12      -1.665264160340e-11       0.000000000000e+00       7.716671525920e-15       4.901239591969e-15      -4.298765442259e-16 
  778       2.494208454437e-10       5.173693686397e-12      -1.678698959213e-11       0.000000000000e+00       7.679258283119e-15       4.899853388883e-15      -4.276542704411e-16 
  779       2.502772561402e-10       5.147034121669e-12      -1.691772099176e-11       0.000000000000e+00       7.642075387082e-15       4.898292732911e-15      -4.254011306227e-16 
  780       2.511451889290e-10       5.119792163406e-12      -1.704479109917e-11       0.000000000000e+00       7.605121282331e-15       4.896556897785e-15      -4.231178930789e-16 
  781       2.520242160172e-10       5.091978864660e-12      -1.716815498889e-11       0.000000000000e+00       7.568394373673e-15       4.894645158238e-15      -4.208053352353e-16 
  782       2.529139046413e-10       5.063605419045e-12      -1.728776751259e-11       0.000000000000e+00       7.531893026031e-15       4.892556790020e-15      -4.184642436644e-16 
  783       2.538138170504e-10       5.034683161210e-12      -1.740358329871e-11       0.000000000000e+00       7.495615564294e-15       4.890291069906e-15      -4.160954141164e-16 
  784       2.547235104901e-10       5.005223567315e-12      -1.751555675191e-11       0.000000000000e+00       7.459560273155e-15       4.887847275708e-15      -4.136996515486e-16 
  785       2.556425371857e-10       4.975238255504e-12      -1.762364205272e-11       0.000000000000e+00       7.423725396951e-15       4.885224686284e-15      -4.112777701564e-16 
  786       2.565704443256e-10       4.944738986379e-12      -1.772779315700e-11       0.000000000000e+00       7.388109139507e-15       4.882422581550e-15      -4.088305934028e-16 
  787       2.575067740454e-10       4.913737663476e-12      -1.782796379557e-11       0.000000000000e+00       7.352709663974e-15       4.879440242491e-15      -4.063589540487e-16 
  788       2.584510634106e-10       4.882246333738e-12      -1.792410747371e-11       0.000000000000e+00       7.317525092674e-15       4.876276951173e-15      -4.038636941832e-16 
  789       2.594028444008e-10       4.850277187988e-12      -1.801617747071e-11       0.000000000000e+00       7.282553506939e-15       4.872931990748e-15      -4.013456652536e-16 
  790       2.603616438928e-10       4.817842561404e-12      -1.810412683946e-11       0.000000000000e+00       7.247792946952e-15       4.869404645471e-15      -3.988057280955e-16 
  791       2.613269836441e-10       4.784954933996e-12      -1.818790840595e-11       0.000000000000e+00       7.213241411589e-15       4.865694200710e-15      -3.962447529633e-16 
  792       2.622983802766e-10       4.751626931076e-12      -1.826747476885e-11       0.000000000000e+00       7.178896858263e-15       4.861799942952e-15      -3.936636195597e-16 
  793       2.632753452602e-10       4.717871323733e-12      -1.834277829906e-11       0.000000000000e+00       7.144757202758e-15       4.857721159819e-15      -3.910632170664e-16 
  794       2.642573848958e-10       4.683701029311e-12      -1.841377113925e-11       0.000000000000e+00       7.110820319080e-15       4.853457140076e-15      -3.884444441741e-16 
  795       2.652440002995e-10       4.649129111877e-12      -1.848040520340e-11       0.000000000000e+00       7.077084039288e-15       4.849007173641e-15      -3.858082091125e-16 
  796       2.662346873853e-10       4.614168782702e-12      -1.854263217639e-11       0.000000000000e+00       7.043546153345e-15       4.844370551600e-15      -3.831554296805e-16 
  797       2.672289368496e-10       4.578833400728e-12      -1.860040351350e-11       0.000000000000e+00       7.010204408953e-15       4.839546566211e-15      -3.804870332765e-16 
  798       2.682262341536e-10       4.543136473049e-12      -1.865367044000e-11       0.000000000000e+00       6.977056511395e-15       4.834534510922e-15      -3.778039569285e-16 
  799       2.692260595076e-10       4.507091655382e-12      -1.870238395067e-11       0.000000000000e+00       6.944100123380e-15       4.829333680376e-15      -3.751071473238e-16 
  800       2.702279155676e-10       4.470712566538e-12      -1.874650462332e-11       0.000000000000e+00       6.911333158911e-15       4.823943726881e-15      -3.723973981610e-16 
  801       2.712314111125e-10       4.434012227179e-12      -1.878603225647e-11       0.000000000000e+00       6.878754671110e-15       4.818365736926e-15      -3.696748588892e-16 
  802       2.722361788604e-10       4.397003611768e-12      -1.882097677136e-11       0.000000000000e+00       6.846363980275e-15       4.812601174320e-15      -3.669395170676e-16 
  803       2.732418478822e-10       4.359699834077e-12      -1.885134844836e-11       0.000000000000e+00       6.814160381210e-15       4.806651525593e-15      -3.641913602322e-16 
  804       2.742480435907e-10       4.322114147628e-12      -1.887715792836e-11       0.000000000000e+00       6.782143143125e-15       4.800518300074e-15      -3.614303758956e-16 
  805       2.752543877288e-10       4.284259946135e-12      -1.889841621417e-11       0.000000000000e+00       6.750311509529e-15       4.794203029969e-15      -3.586565515468e-16 
  806       2.762604983585e-10       4.246150763940e-12      -1.891513467189e-11       0.000000000000e+00       6.718664698128e-15       4.787707270436e-15      -3.558698746504e-16 
  807       2.772659898494e-10       4.207800276453e-12      -1.892732503230e-11       0.000000000000e+00       6.687201900720e-15       4.781032599663e-15      -3.530703326467e-16 
  808       2.782704728677e-10       4.169222300593e-12      -1.893499939226e-11       0.000000000000e+00       6.655922283095e-15       4.774180618948e-15      -3.502579129513e-16 
  809       2.792735543646e-10       4.130430795227e-12      -1.893817021609e-11       0.000000000000e+00       6.624824984926e-15       4.767152952774e-15      -3.474326029546e-16 
  810       2.802748375651e-10       4.091439861605e-12      -1.893685033695e-11       0.000000000000e+00       6.593909119669e-15       4.759951248887e-15      -3.445943900218e-16 
  811       2.812739219566e-10       4.052263743808e-12      -1.893105295824e-11       0.000000000000e+00       6.563173774460e-15       4.752577178375e-15      -3.417432614921e-16 
  812       2.822704032777e-10       4.012916829179e-12      -1.892079165500e-11       0.000000000000e+00       6.532618010006e-15       4.745032435742e-15      -3.388792046790e-16 
  813       2.832638735071e-10       3.973413648767e-12      -1.890608037526e-11       0.000000000000e+00       6.502240860489e-15       4.737318738989e-15      -3.360022068695e-16 
  814       2.842539208518e-10       3.933768877765e-12      -1.888693344146e-11       0.000000000000e+00       6.472041333456e-15       4.729437829690e-15      -3.331122553238e-16 
  815       2.852401297362e-10       3.893997335950e-12      -1.886336555182e-11       0.000000000000e+00       6.442018409719e-15       4.721391473070e-15      -3.302093372754e-16 
  816       2.862220807905e-10       3.854113988119e-12      -1.883539178175e-11       0.000000000000e+00       6.412171043251e-15       4.713181458081e-15      -3.272934399301e-16 
  817       2.871993508399e-10       3.814133944536e-12      -1.880302758521e-11       0.000000000000e+00       6.382498161079e-15       4.704809597481e-15      -3.243645504665e-16 
  818       2.881715128926e-10       3.774072461363e-12      -1.876628879611e-11       0.000000000000e+00       6.352998663184e-15       4.696277727911e-15      -3.214226560348e-16 
  819       2.891381361290e-10       3.733944941104e-12      -1.872519162972e-11       0.000000000000e+00       6.323671422399e-15       4.687587709973e-15      -3.184677437573e-16 
  820       2.900987858902e-10       3.693766933044e-12      -1.867975268401e-11       0.000000000000e+00       6.294515284297e-15       4.678741428306e-15      -3.154998007275e-16 
  821       2.910530236668e-10       3.653554133686e-12      -1.862998894107e-11       0.000000000000e+00       6.265529067099e-15       4.669740791664e-15      -3.125188140100e-16 
  822       2.920004070873e-10       3.613322387194e-12      -1.857591776851e-11       0.000000000000e+00       6.236711561560e-15       4.660587732996e-15      -3.095247706402e-16 
  823       2.929404899074e-10       3.573087685828e-12      -1.851755692082e-11       0.000000000000e+00       6.208061530871e-15       4.651284209520e-15      -3.065176576239e-16 
  824       2.938728219980e-10       3.532866170389e-12      -1.845492454075e-11       0.000000000000e+00       6.179577710554e-15       4.641832202800e-15      -3.034974619370e-16 
  825       2.947969493343e-10       3.492674130653e-12      -1.838803916075e-11       0.000000000000e+00       6.151258808360e-15       4.632233718829e-15      -3.004641705253e-16 
  826       2.957124139845e-10       3.452528005813e-12      -1.831691970430e-11       0.000000000000e+00       6.123103504161e-15       4.622490788100e-15      -2.974177703040e-16 
  827       2.966187540982e-10       3.412444384917e-12      -1.824158548733e-11       0.000000000000e+00       6.095110449850e-15       4.612605465687e-15      -2.943582481575e-16 
  828       2.975155038955e-10       3.372440007309e-12      -1.816205621959e-11       0.000000000000e+00       6.067278269237e-15       4.602579831321e-15      -2.912855909389e-16 
  829       2.984021936554e-10       3.332531763068e-12      -1.807835200606e-11       0.000000000000e+00       6.039605557945e-15       4.592415989470e-15      -2.881997854699e-16 
  830       2.992783497046e-10       3.292736693447e-12      -1.799049334831e-11       0.000000000000e+00       6.012090883305e-15       4.582116069413e-15      -2.851008185406e-16 
  831       3.001434944061e-10       3.253071991311e-12      -1.789850114593e-11       0.000000000000e+00       5.984732784255e-15       4.571682225320e-15      -2.819886769085e-16 
  832       3.009971461481e-10       3.213555001580e-12      -1.780239669786e-11       0.000000000000e+00       5.957529771234e-15       4.561116636327e-15      -2.788633472991e-16 
  833       3.018388193324e-10       3.174203221663e-12      -1.770220170383e-11       0.000000000000e+00       5.930480326078e-15       4.550421506616e-15      -2.757248164048e-16 
  834       3.026680243635e-10       3.135034301903e-12      -1.759793826571e-11       0.000000000000e+00       5.903582901920e-15       4.539599065493e-15      -2.725730708852e-16 
  835       3.034842676368e-10       3.096066046013e-12      -1.748962888893e-11       0.000000000000e+00       5.876835923081e-15       4.528651567462e-15      -2.694080973663e-16 
  836       3.042870515277e-10       3.057316411516e-12      -1.737729648384e-11       0.000000000000e+00       5.850237784973e-15       4.517581292305e-15      -2.662298824404e-16 
  837       3.050758743801e-10       3.018803510184e-12      -1.726096436712e-11       0.000000000000e+00       5.823786853988e-15       4.506390545158e-15      -2.630384126658e-16 
  838       3.058502304952e-10       2.980545608479e-12      -1.714065626315e-11       0.000000000000e+00       5.797481467401e-15       4.495081656592e-15      -2.598336745662e-16 
  839       3.066096626578e-10       2.942559716369e-12      -1.701640105719e-11       0.000000000000e+00       5.771320137491e-15       4.483656559342e-15      -2.566157554816e-16 
  840       3.073539207411e-10       2.904857325992e-12      -1.688824714283e-11       0.000000000000e+00       5.745302168035e-15       4.472115510283e-15      -2.533851480421e-16 
  841       3.080828058385e-10       2.867448599731e-12      -1.675624832683e-11       0.000000000000e+00       5.719427048333e-15       4.460458346382e-15      -2.501424509899e-16 
  842       3.087961179738e-10       2.830343775319e-12      -1.662045910226e-11       0.000000000000e+00       5.693694249886e-15       4.448684906022e-15      -2.468882688253e-16 
  843       3.094936560987e-10       2.793553166040e-12      -1.648093465058e-11       0.000000000000e+00       5.668103226322e-15       4.436795029017e-15      -2.436232118235e-16 
  844       3.101752180903e-10       2.757087160924e-12      -1.633773084393e-11       0.000000000000e+00       5.642653413331e-15       4.424788556610e-15      -2.403478960518e-16 
  845       3.108406007493e-10       2.720956224947e-12      -1.619090424727e-11       0.000000000000e+00       5.617344228594e-15       4.412665331484e-15      -2.370629433859e-16 
  846       3.114895997969e-10       2.685170899233e-12      -1.604051212058e-11       0.000000000000e+00       5.592175071717e-15       4.400425197764e-15      -2.337689815273e-16 
  847       3.121220098729e-10       2.649741801248e-12      -1.588661242110e-11       0.000000000000e+00       5.567145324158e-15       4.388068001024e-15      -2.304666440196e-16 
  848       3.127376245332e-10       2.614679625003e-12      -1.572926380549e-11       0.000000000000e+00       5.542254349159e-15       4.375593588291e-15      -2.271565702658e-16 
  849       3.133362362475e-10       2.579995141253e-12      -1.556852563201e-11       0.000000000000e+00       5.517501491682e-15       4.363001808051e-15      -2.238394055451e-16 
  850       3.139176363969e-10       2.545699197693e-12      -1.540445796279e-11       0.000000000000e+00       5.492886078332e-15       4.350292510255e-15      -2.205158010296e-16 
  851       3.144816152714e-10       2.511802719159e-12      -1.523712156593e-11       0.000000000000e+00       5.468407417297e-15       4.337465546325e-15      -2.171864138010e-16 
  852       3.150279620680e-10       2.478316707828e-12      -1.506657791777e-11       0.000000000000e+00       5.444064798270e-15       4.324520769157e-15      -2.138519068678e-16 
  853       3.155564648877e-10       2.445252243414e-12      -1.489288920507e-11       0.000000000000e+00       5.419857492388e-15       4.311458033128e-15      -2.105129491821e-16 
  854       3.160669107337e-10       2.412620483369e-12      -1.471611832719e-11       0.000000000000e+00       5.395784752160e-15       4.298277194100e-15      -2.071702156562e-16 
  855       3.165590855086e-10       2.380432663083e-12      -1.453632889829e-11       0.000000000000e+00       5.371845811395e-15       4.284978109429e-15      -2.038243871796e-16 
  856       3.170327740125e-10       2.348700096082e-12      -1.435358524954e-11       0.000000000000e+00       5.348039885140e-15       4.271560637965e-15      -2.004761506360e-16 
  857       3.174877599401e-10       2.317434174225e-12      -1.416795243132e-11       0.000000000000e+00       5.324366169604e-15       4.258024640063e-15      -1.971261989198e-16 
  858       3.179238258788e-10       2.286646367905e-12      -1.397949621539e-11       0.000000000000e+00       5.300823842094e-15       4.244369977584e-15      -1.937752309533e-16 
  859       3.183407533062e-10       2.256348226250e-12      -1.378828309711e-11       0.000000000000e+00       5.277412060945e-15       4.230596513903e-15      -1.904239517034e-16 
  860       3.187383225875e-10       2.226551377318e-12      -1.359438029765e-11       0.000000000000e+00       5.254129965450e-15       4.216704113911e-15      -1.870730721983e-16 
  861       3.191163129736e-10       2.197267528298e-12      -1.339785576614e-11       0.000000000000e+00       5.230976675791e-15       4.202692644026e-15      -1.837233095448e-16 
  862       3.194745025984e-10       2.168508465708e-12      -1.319877818192e-11       0.000000000000e+00       5.207951292972e-15       4.188561972194e-15      -1.803753869446e-16 
  863       3.198126684764e-10       2.140286055597e-12      -1.299721695668e-11       0.000000000000e+00       5.185052898749e-15       4.174311967894e-15      -1.770300337114e-16 
  864       3.201305865005e-10       2.112612243740e-12      -1.279324223673e-11       0.000000000000e+00       5.162280555561e-15       4.159942502148e-15      -1.736879852880e-16 
  865       3.204280314398e-10       2.085499055840e-12      -1.258692490513e-11       0.000000000000e+00       5.139633306460e-15       4.145453447521e-15      -1.703499832627e-16 
  866       3.207047769369e-10       2.058958597725e-12      -1.237833658391e-11       0.000000000000e+00       5.117110175047e-15       4.130844678128e-15      -1.670167753864e-16 
  867       3.209605955056e-10       2.033003055549e-12      -1.216754963628e-11       0.000000000000e+00       5.094710165395e-15       4.116116069644e-15      -1.636891155895e-16 
  868       3.211952585288e-10       2.007644695988e-12      -1.195463716882e-11       0.000000000000e+00       5.072432261988e-15       4.101267499301e-15      -1.603677639987e-16 
  869       3.214085362559e-10       1.982895866442e-12      -1.173967303367e-11       0.000000000000e+00       5.050275429648e-15       4.086298845902e-15      -1.570534869535e-16 
  870       3.216001978006e-10       1.958768995233e-12      -1.152273183072e-11       0.000000000000e+00       5.028238613466e-15       4.071209989818e-15      -1.537470570237e-16 
  871       3.217700111381e-10       1.935276591805e-12      -1.130388890984e-11       0.000000000000e+00       5.006320738734e-15       4.056000813001e-15      -1.504492530258e-16 
  872       3.219177431035e-10       1.912431246918e-12      -1.108322037303e-11       0.000000000000e+00       4.984520710879e-15       4.040671198985e-15      -1.471608600400e-16 
  873       3.220431593889e-10       1.890245632856e-12      -1.086080307666e-11       0.000000000000e+00       4.962837415388e-15       4.025221032892e-15      -1.438826694269e-16 
  874       3.221460245411e-10       1.868732503618e-12      -1.063671463364e-11       0.000000000000e+00       4.941269717743e-15       4.009650201438e-15      -1.406154788447e-16 
  875       3.222261019593e-10       1.847904695119e-12      -1.041103341562e-11       0.000000000000e+00       4.919816463354e-15       3.993958592940e-15      -1.373600922655e-16 
  876       3.222831538928e-10       1.827775125392e-12      -1.018383855521e-11       0.000000000000e+00       4.898476477486e-15       3.978146097316e-15      -1.341173199929e-16 
  877       3.223169414386e-10       1.808356794784e-12      -9.955209948133e-12       0.000000000000e+00       4.877248565190e-15       3.962212606097e-15      -1.308879786779e-16 
  878       3.223272737932e-10       1.789660898013e-12      -9.725225869970e-12       0.000000000000e+00       4.856131654110e-15       3.946158616398e-15      -1.276727376404e-16 
  879       3.223141569105e-10       1.771691125523e-12      -9.493955778332e-12       0.000000000000e+00       4.835125225624e-15       3.929987053842e-15      -1.244716549947e-16 
  880       3.222776473108e-10       1.754449267772e-12      -9.261467395347e-12       0.000000000000e+00       4.814228890731e-15       3.913701479957e-15      -1.212846338447e-16 
  881       3.222178030563e-10       1.737937094695e-12      -9.027829084134e-12       0.000000000000e+00       4.793442247787e-15       3.897305491053e-15      -1.181115752730e-16 
  882       3.221346837560e-10       1.722156355606e-12      -8.793109850632e-12       0.000000000000e+00       4.772764882452e-15       3.880802718321e-15      -1.149523783351e-16 
  883       3.220283505712e-10       1.707108779107e-12      -8.557379345424e-12       0.000000000000e+00       4.752196367650e-15       3.864196827933e-15      -1.118069400511e-16 
  884       3.218988662210e-10       1.692796072992e-12      -8.320707865565e-12       0.000000000000e+00       4.731736263516e-15       3.847491521139e-15      -1.086751553999e-16 
  885       3.217462949871e-10       1.679219924150e-12      -8.083166356405e-12       0.000000000000e+00       4.711384117355e-15       3.830690534372e-15      -1.055569173110e-16 
  886       3.215707027195e-10       1.666381998477e-12      -7.844826413417e-12       0.000000000000e+00       4.691139463591e-15       3.813797639338e-15      -1.024521166585e-16 
  887       3.213721568417e-10       1.654283940773e-12      -7.605760284026e-12       0.000000000000e+00       4.671001823725e-15       3.796816643126e-15      -9.936064225307e-17 
  888       3.211507263559e-10       1.642927374653e-12      -7.366040869427e-12       0.000000000000e+00       4.650970706282e-15       3.779751388297e-15      -9.628238083577e-17 
  889       3.209064818485e-10       1.632313902453e-12      -7.125741726418e-12       0.000000000000e+00       4.631045606771e-15       3.762605752993e-15      -9.321721707040e-17 
  890       3.206394954950e-10       1.622445105132e-12      -6.884937069226e-12       0.000000000000e+00       4.611226007634e-15       3.745383651027e-15      -9.016503353672e-17 
  891       3.203498410660e-10       1.613322542177e-12      -6.643701771327e-12       0.000000000000e+00       4.591511378199e-15       3.728089031991e-15      -8.712571072336e-17 
  892       3.200375939316e-10       1.604947751513e-12      -6.402111367278e-12       0.000000000000e+00       4.571901174637e-15       3.710725881348e-15      -8.409912702074e-17 
  893       3.197028310675e-10       1.597322249405e-12      -6.160242054540e-12       0.000000000000e+00       4.552394839914e-15       3.693298220536e-15      -8.108515871408e-17 
  894       3.193456310598e-10       1.590447530364e-12      -5.918170695306e-12       0.000000000000e+00       4.532991803740e-15       3.675810107066e-15      -7.808367997628e-17 
  895       3.189660741106e-10       1.584325067052e-12      -5.675974818325e-12       0.000000000000e+00       4.513691482530e-15       3.658265634618e-15      -7.509456286095e-17 
  896       3.185642420430e-10       1.578956310189e-12      -5.433732620729e-12       0.000000000000e+00       4.494493279352e-15       3.640668933149e-15      -7.211767729529e-17 
  897       3.181402183066e-10       1.574342688457e-12      -5.191522969860e-12       0.000000000000e+00       4.475396583879e-15       3.623024168981e-15      -6.915289107309e-17 
  898       3.176940879830e-10       1.570485608406e-12      -4.949425405092e-12       0.000000000000e+00       4.456400772349e-15       3.605335544908e-15      -6.620006984769e-17 
  899       3.172259377904e-10       1.567386454358e-12      -4.707520139662e-12       0.000000000000e+00       4.437505207512e-15       3.587607300295e-15      -6.325907712489e-17 
  900       3.167358560898e-10       1.565046588315e-12      -4.465888062495e-12       0.000000000000e+00       4.418709238586e-15       3.569843711174e-15      -6.032977425594e-17 
  901       3.162239328895e-10       1.563467349864e-12      -4.224610740026e-12       0.000000000000e+00       4.400012201210e-15       3.552049090343e-15      -5.741202043046e-17 
  902       3.156902598512e-10       1.562650056080e-12      -3.983770418032e-12       0.000000000000e+00       4.381413417399e-15       3.534227787470e-15      -5.450567266943e-17 
  903       3.151349302943e-10       1.562596001432e-12      -3.743450023452e-12       0.000000000000e+00       4.362912195492e-15       3.516384189188e-15      -5.161058581813e-17 
  904       3.145580392021e-10       1.563306457693e-12      -3.503733166218e-12       0.000000000000e+00       4.344507830113e-15       3.498522719197e-15      -4.872661253907e-17 
  905       3.139596832268e-10       1.564782673838e-12      -3.264704141079e-12       0.000000000000e+00       4.326199602118e-15       3.480647838359e-15      -4.585360330498e-17 
  906       3.133399606946e-10       1.567025875954e-12      -3.026447929425e-12       0.000000000000e+00       4.307986778551e-15       3.462764044804e-15      -4.299140639173e-17 
  907       3.126989716110e-10       1.570037267148e-12      -2.789050201117e-12       0.000000000000e+00       4.289868612598e-15       3.444875874023e-15      -4.013986787130e-17 
  908       3.120368176666e-10       1.573818027444e-12      -2.552597316310e-12       0.000000000000e+00       4.271844343540e-15       3.426987898971e-15      -3.729883160474e-17 
  909       3.113536022419e-10       1.578369313697e-12      -2.317176327281e-12       0.000000000000e+00       4.253913196702e-15       3.409104730165e-15      -3.446813923510e-17 
  910       3.106494304125e-10       1.583692259495e-12      -2.082874980252e-12       0.000000000000e+00       4.236074383415e-15       3.391231015783e-15      -3.164763018040e-17 
  911       3.099244089550e-10       1.589787975061e-12      -1.849781717220e-12       0.000000000000e+00       4.218327100962e-15       3.373371441764e-15      -2.883714162659e-17 
  912       3.091786463518e-10       1.596657547165e-12      -1.617985677780e-12       0.000000000000e+00       4.200670532533e-15       3.355530731908e-15      -2.603650852047e-17 
  913       3.084122527965e-10       1.604302039026e-12      -1.387576700952e-12       0.000000000000e+00       4.183103847181e-15       3.337713647973e-15      -2.324556356269e-17 
  914       3.076253401993e-10       1.612722490216e-12      -1.158645327008e-12       0.000000000000e+00       4.165626199772e-15       3.319924989777e-15      -2.046413720066e-17 
  915       3.068180221921e-10       1.621919916567e-12      -9.312827992957e-13       0.000000000000e+00       4.148236730941e-15       3.302169595295e-15      -1.769205762152e-17 
  916       3.059904141342e-10       1.631895310079e-12      -7.055810660668e-13       0.000000000000e+00       4.130934567043e-15       3.284452340759e-15      -1.492915074512e-17 
  917       3.051426562625e-10       1.642648262991e-12      -4.816249091749e-13       0.000000000000e+00       4.113718923744e-15       3.266777155090e-15      -1.217534466483e-17 
  918       3.042749835380e-10       1.654172816198e-12      -2.594681891498e-13       0.000000000000e+00       4.096589418690e-15       3.249144045790e-15      -9.430984806764e-18 
  919       3.033876569220e-10       1.666461544543e-12      -3.915722549794e-14       0.000000000000e+00       4.079545763719e-15       3.231552025892e-15      -6.696523774884e-18 
  920       3.024809403405e-10       1.679506926366e-12       1.792613637542e-13       0.000000000000e+00       4.062587661655e-15       3.214000095290e-15      -3.972417365769e-18 
  921       3.015551006925e-10       1.693301343208e-12       3.957406613562e-13       0.000000000000e+00       4.045714806266e-15       3.196487240702e-15      -1.259124576466e-18 
  922       3.006104078588e-10       1.707837079528e-12       6.102334501302e-13       0.000000000000e+00       4.028926882237e-15       3.179012435624e-15       1.442892387668e-18 
  923       2.996471347101e-10       1.723106322407e-12       8.226922122671e-13       0.000000000000e+00       4.012223565138e-15       3.161574640295e-15       4.133168105122e-18 
  924       2.986655571166e-10       1.739101161256e-12       1.033069128623e-12       0.000000000000e+00       3.995604521391e-15       3.144172801651e-15       6.811233930395e-18 
  925       2.976659539555e-10       1.755813587531e-12       1.241316078015e-12       0.000000000000e+00       3.979069408238e-15       3.126805853284e-15       9.476617986148e-18 
  926       2.966486071202e-10       1.773235494438e-12       1.447384636518e-12       0.000000000000e+00       3.962617873712e-15       3.109472715404e-15       1.212884515536e-17 
  927       2.956138015289e-10       1.791358676643e-12       1.651226076762e-12       0.000000000000e+00       3.946249556600e-15       3.092172294795e-15       1.476743707350e-17 
  928       2.945618251329e-10       1.810174829983e-12       1.852791367225e-12       0.000000000000e+00       3.929964086415e-15       3.074903484774e-15       1.739191212067e-17 
  929       2.934929689256e-10       1.829675551172e-12       2.052031171535e-12       0.000000000000e+00       3.913761083363e-15       3.057665165152e-15       2.000178541377e-17 
  930       2.924075269506e-10       1.849852337515e-12       2.248895847760e-12       0.000000000000e+00       3.897640158313e-15       3.040456202190e-15       2.259656879864e-17 
  931       2.913057963108e-10       1.870696586612e-12       2.443335447708e-12       0.000000000000e+00       3.881600912759e-15       3.023275448559e-15       2.517577084225e-17 
  932       2.901880771767e-10       1.892199596071e-12       2.635299716223e-12       0.000000000000e+00       3.865642938797e-15       3.006121743300e-15       2.773889682484e-17 
  933       2.890546727949e-10       1.914352563216e-12       2.824738090482e-12       0.000000000000e+00       3.849765819086e-15       2.988993911779e-15       3.028544873206e-17 
  934       2.879058894971e-10       1.937146584798e-12       3.011599699288e-12       0.000000000000e+00       3.833969126818e-15       2.971890765650e-15       3.281492524716e-17 
  935       2.867420367083e-10       1.960572656701e-12       3.195833362370e-12       0.000000000000e+00       3.818252425688e-15       2.954811102814e-15       3.532682174313e-17 
  936       2.855634269558e-10       1.984621673653e-12       3.377387589677e-12       0.000000000000e+00       3.802615269862e-15       2.937753707372e-15       3.782063027486e-17 
  937       2.843703758772e-10       2.009284428937e-12       3.556210580675e-12       0.000000000000e+00       3.787057203941e-15       2.920717349591e-15       4.029583957131e-17 
  938       2.831632022297e-10       2.034551614097e-12       3.732250223645e-12       0.000000000000e+00       3.771577762935e-15       2.903700785858e-15       4.275193502763e-17 
  939       2.819422278980e-10       2.060413818650e-12       3.905454094976e-12       0.000000000000e+00       3.756176472226e-15       2.886702758639e-15       4.518839869737e-17 
  940       2.807077779037e-10       2.086861529794e-12       4.075769458464e-12       0.000000000000e+00       3.740852847539e-15       2.869721996443e-15       4.760470928462e-17 
  941       2.794601804130e-10       2.113885132118e-12       4.243143264607e-12       0.000000000000e+00       3.725606394911e-15       2.852757213773e-15       5.000034213613e-17 
  942       2.781997667460e-10       2.141474907310e-12       4.407522149902e-12       0.000000000000e+00       3.710436610655e-15       2.835807111090e-15       5.237476923353e-17 
  943       2.769268713850e-10       2.169621033868e-12       4.568852436141e-12       0.000000000000e+00       3.695342981332e-15       2.818870374772e-15       5.472745918543e-17 
  944       2.756418319832e-10       2.198313586809e-12       4.727080129707e-12       0.000000000000e+00       3.680324983717e-15       2.801945677069e-15       5.705787721962e-17 
  945       2.743449893731e-10       2.227542537375e-12       4.882150920871e-12       0.000000000000e+00       3.665382084770e-15       2.785031676064e-15       5.936548517523e-17 
  946       2.730366875754e-10       2.257297752749e-12       5.034010183087e-12       0.000000000000e+00       3.650513741600e-15       2.768127015634e-15       6.164974149483e-17 
  947       2.717172738073e-10       2.287568995758e-12       5.182602972290e-12       0.000000000000e+00       3.635719401436e-15       2.751230325405e-15       6.391010121666e-17 
  948       2.703870984914e-10       2.318345924584e-12       5.327874026193e-12       0.000000000000e+00       3.620998501593e-15       2.734340220712e-15       6.614601596674e-17 
  949       2.690465152639e-10       2.349618092477e-12       5.469767763578e-12       0.000000000000e+00       3.606350469443e-15       2.717455302560e-15       6.835693395106e-17 
  950       2.676958809836e-10       2.381374947457e-12       5.608228283601e-12       0.000000000000e+00       3.591774722380e-15       2.700574157579e-15       7.054229994771e-17 
  951       2.663355557403e-10       2.413605832032e-12       5.743199365079e-12       0.000000000000e+00       3.577270667792e-15       2.683695357986e-15       7.270155529906e-17 
  952       2.649659028635e-10       2.446299982900e-12       5.874624465794e-12       0.000000000000e+00       3.562837703023e-15       2.666817461542e-15       7.483413790390e-17 
  953       2.635872889308e-10       2.479446530662e-12       6.002446721784e-12       0.000000000000e+00       3.548475215349e-15       2.649939011512e-15       7.693948220960e-17 
  954       2.622000837767e-10       2.513034499530e-12       6.126608946643e-12       0.000000000000e+00       3.534182581938e-15       2.633058536622e-15       7.901701920429e-17 
  955       2.608046605011e-10       2.547052807037e-12       6.247053630816e-12       0.000000000000e+00       3.519959169826e-15       2.616174551021e-15       8.106617640900e-17 
  956       2.594013847521e-10       2.581490087627e-12       6.363732033330e-12       0.000000000000e+00       3.505804406979e-15       2.599286047094e-15       8.308653206171e-17 
  957       2.579905823784e-10       2.616334161050e-12       6.476631610581e-12       0.000000000000e+00       3.491717996766e-15       2.582393982257e-15       8.507828026582e-17 
  958       2.565725712996e-10       2.651572555269e-12       6.585749005159e-12       0.000000000000e+00       3.477699706700e-15       2.565499814793e-15       8.704177293182e-17 
  959       2.551476721947e-10       2.687192681531e-12       6.691080991885e-12       0.000000000000e+00       3.463749297616e-15       2.548605013078e-15       8.897736624188e-17 
  960       2.537162085094e-10       2.723181834049e-12       6.792624478296e-12       0.000000000000e+00       3.449866523645e-15       2.531711055607e-15       9.088542066227e-17 
  961       2.522785064629e-10       2.759527189694e-12       6.890376505138e-12       0.000000000000e+00       3.436051132192e-15       2.514819431010e-15       9.276630095571e-17 
  962       2.508348950553e-10       2.796215807677e-12       6.984334246852e-12       0.000000000000e+00       3.422302863915e-15       2.497931638084e-15       9.462037619377e-17 
  963       2.493857060749e-10       2.833234629236e-12       7.074495012067e-12       0.000000000000e+00       3.408621452700e-15       2.481049185811e-15       9.644801976927e-17 
  964       2.479312741051e-10       2.870570477324e-12       7.160856244083e-12       0.000000000000e+00       3.395006625640e-15       2.464173593382e-15       9.824960940862e-17 
  965       2.464719365320e-10       2.908210056292e-12       7.243415521365e-12       0.000000000000e+00       3.381458103014e-15       2.447306390222e-15       1.000255271842e-16 
  966       2.450080335510e-10       2.946139951580e-12       7.322170558030e-12       0.000000000000e+00       3.367975598261e-15       2.430449116013e-15       1.017761595268e-16 
  967       2.435399081748e-10       2.984346629398e-12       7.397119204334e-12       0.000000000000e+00       3.354558817959e-15       2.413603320717e-15       1.035018972381e-16 
  968       2.420679062397e-10       3.022816436414e-12       7.468259447165e-12       0.000000000000e+00       3.341207461804e-15       2.396770564598e-15       1.052031355025e-16 
  969       2.405923764135e-10       3.061535599443e-12       7.535589410529e-12       0.000000000000e+00       3.327921222583e-15       2.379952418251e-15       1.068802739005e-16 
  970       2.391136702024e-10       3.100490225130e-12       7.599107356040e-12       0.000000000000e+00       3.314699786159e-15       2.363150462617e-15       1.085337164200e-16 
  971       2.376321419581e-10       3.139666299636e-12       7.658811683406e-12       0.000000000000e+00       3.301542831440e-15       2.346366289014e-15       1.101638714695e-16 
  972       2.361481488852e-10       3.179049688326e-12       7.714700930923e-12       0.000000000000e+00       3.288450030361e-15       2.329601499155e-15       1.117711518900e-16 
  973       2.346620510482e-10       3.218626135455e-12       7.766773775961e-12       0.000000000000e+00       3.275421047863e-15       2.312857705176e-15       1.133559749677e-16 
  974       2.331742113788e-10       3.258381263853e-12       7.815029035452e-12       0.000000000000e+00       3.262455541866e-15       2.296136529655e-15       1.149187624461e-16 
  975       2.316849956832e-10       3.298300574612e-12       7.859465666382e-12       0.000000000000e+00       3.249553163249e-15       2.279439605641e-15       1.164599405385e-16 
  976       2.301947726490e-10       3.338369446772e-12       7.900082766275e-12       0.000000000000e+00       3.236713555827e-15       2.262768576669e-15       1.179799399406e-16 
  977       2.287039138527e-10       3.378573137008e-12       7.936879573689e-12       0.000000000000e+00       3.223936356330e-15       2.246125096794e-15       1.194791958424e-16 
  978       2.272127937667e-10       3.418896779315e-12       7.969855468696e-12       0.000000000000e+00       3.211221194377e-15       2.229510830604e-15       1.209581479411e-16 
  979       2.257217897665e-10       3.459325384694e-12       7.999009973380e-12       0.000000000000e+00       3.198567692457e-15       2.212927453252e-15       1.224172404532e-16 
  980       2.242312821379e-10       3.499843840840e-12       8.024342752319e-12       0.000000000000e+00       3.185975465904e-15       2.196376650474e-15       1.238569221268e-16 
  981       2.227416540843e-10       3.540436911826e-12       8.045853613077e-12       0.000000000000e+00       3.173444122875e-15       2.179860118615e-15       1.252776462541e-16 
  982       2.212532917339e-10       3.581089237790e-12       8.063542506694e-12       0.000000000000e+00       3.160973264329e-15       2.163379564651e-15       1.266798706840e-16 
  983       2.197665841465e-10       3.621785334624e-12       8.077409528171e-12       0.000000000000e+00       3.148562484001e-15       2.146936706214e-15       1.280640578342e-16 
  984       2.182819233214e-10       3.662509593654e-12       8.087454916963e-12       0.000000000000e+00       3.136211368385e-15       2.130533271613e-15       1.294306747034e-16 
  985       2.167997042038e-10       3.703246281333e-12       8.093679057464e-12       0.000000000000e+00       3.123919496705e-15       2.114170999861e-15       1.307801928843e-16 
  986       2.153203246927e-10       3.743979538923e-12       8.096082479500e-12       0.000000000000e+00       3.111686440896e-15       2.097851640695e-15       1.321130885755e-16 
  987       2.138441856476e-10       3.784693382180e-12       8.094665858816e-12       0.000000000000e+00       3.099511765583e-15       2.081576954601e-15       1.334298425938e-16 
  988       2.123716908958e-10       3.825371701046e-12       8.089430017564e-12       0.000000000000e+00       3.087395028054e-15       2.065348712838e-15       1.347309403871e-16 
  989       2.109032472399e-10       3.865998259329e-12       8.080375924792e-12       0.000000000000e+00       3.075335778242e-15       2.049168697460e-15       1.360168720462e-16 
  990       2.094392644645e-10       3.906556694394e-12       8.067504696935e-12       0.000000000000e+00       3.063333558697e-15       2.033038701340e-15       1.372881323177e-16 
  991       2.079801553437e-10       3.947030516845e-12       8.050817598302e-12       0.000000000000e+00       3.051387904571e-15       2.016960528194e-15       1.385452206158e-16 
  992       2.065263356483e-10       3.987403110214e-12       8.030316041565e-12       0.000000000000e+00       3.039498343588e-15       2.000935992605e-15       1.397886410354e-16 
  993       2.050782241528e-10       4.027657730647e-12       8.006001588249e-12       0.000000000000e+00       3.027664396026e-15       1.984966920043e-15       1.410189023638e-16 
  994       2.036362426428e-10       4.067777506589e-12       7.977875949221e-12       0.000000000000e+00       3.015885574693e-15       1.969055146894e-15       1.422365180935e-16 
  995       2.022007806765e-10       4.107746511421e-12       7.945946826863e-12       0.000000000000e+00       3.004161439955e-15       1.953202349657e-15       1.434418447750e-16 
  996       2.007720892878e-10       4.147552999253e-12       7.910245534566e-12       0.000000000000e+00       2.992491765757e-15       1.937409529774e-15       1.446345944510e-16 
  997       1.993503857372e-10       4.187186216009e-12       7.870809636859e-12       0.000000000000e+00       2.980876375998e-15       1.921677521283e-15       1.458143150895e-16 
  998       1.979358886185e-10       4.226635330598e-12       7.827677132369e-12       0.000000000000e+00       2.969315089678e-15       1.906007160963e-15       1.469805515869e-16 
  999       1.965288178622e-10       4.265889434733e-12       7.780886455016e-12       0.000000000000e+00       2.957807720888e-15       1.890399288329e-15       1.481328457612e-16 
 1000       1.951293947379e-10       4.304937542747e-12       7.730476475211e-12       0.000000000000e+00       2.946354078792e-15       1.874854745643e-15       1.492707363443e-16 
 1001       1.937378418576e-10       4.343768591407e-12       7.676486501048e-12       0.000000000000e+00       2.934953967612e-15       1.859374377910e-15       1.503937589753e-16 
 1002       1.923543831784e-10       4.382371439732e-12       7.618956279506e-12       0.000000000000e+00       2.923607186609e-15       1.843959032882e-15       1.515014461929e-16 
 1003       1.909792440058e-10       4.420734868806e-12       7.557925997642e-12       0.000000000000e+00       2.912313530073e-15       1.828609561064e-15       1.525933274284e-16 
 1004       1.896126509959e-10       4.458847581600e-12       7.493436283787e-12       0.000000000000e+00       2.901072787301e-15       1.813326815715e-15       1.536689289988e-16 
 1005       1.882548321591e-10       4.496698202781e-12       7.425528208744e-12       0.000000000000e+00       2.889884742583e-15       1.798111652848e-15       1.547277740988e-16 
 1006       1.869060168626e-10       4.534275278534e-12       7.354243286981e-12       0.000000000000e+00       2.878749175190e-15       1.782964931237e-15       1.557693827945e-16 
 1007       1.855664358334e-10       4.571567276375e-12       7.279623477832e-12       0.000000000000e+00       2.867665859352e-15       1.767887512418e-15       1.567932720157e-16 
 1008       1.842363211612e-10       4.608562584968e-12       7.201711186689e-12       0.000000000000e+00       2.856634564246e-15       1.752880260690e-15       1.577989555488e-16 
 1009       1.829159063016e-10       4.645249513941e-12       7.120549266203e-12       0.000000000000e+00       2.845655053980e-15       1.737944043122e-15       1.587859440297e-16 
 1010       1.816054260784e-10       4.681616293703e-12       7.036181017473e-12       0.000000000000e+00       2.834727087575e-15       1.723079729550e-15       1.597537449365e-16 
 1011       1.803051166871e-10       4.717651075257e-12       6.948650191250e-12       0.000000000000e+00       2.823850418951e-15       1.708288192585e-15       1.607018625822e-16 
 1012       1.790152156978e-10       4.753341930020e-12       6.858000989128e-12       0.000000000000e+00       2.813024796909e-15       1.693570307614e-15       1.616297981079e-16 
 1013       1.777359620577e-10       4.788676849637e-12       6.764278064742e-12       0.000000000000e+00       2.802249965120e-15       1.678926952801e-15       1.625370494753e-16 
 1014       1.764675960943e-10       4.823643745799e-12       6.667526524966e-12       0.000000000000e+00       2.791525662101e-15       1.664359009091e-15       1.634231114595e-16 
 1015       1.752103595185e-10       4.858230450056e-12       6.567791931106e-12       0.000000000000e+00       2.780851621208e-15       1.649867360215e-15       1.642874756418e-16 
 1016       1.739644954272e-10       4.892424713634e-12       6.465120300098e-12       0.000000000000e+00       2.770227570613e-15       1.635452892689e-15       1.651296304028e-16 
 1017       1.727302483063e-10       4.926214207256e-12       6.359558105704e-12       0.000000000000e+00       2.759653233293e-15       1.621116495818e-15       1.659490609148e-16 
 1018       1.715078640336e-10       4.959586520949e-12       6.251152279709e-12       0.000000000000e+00       2.749128327011e-15       1.606859061701e-15       1.667452491350e-16 
 1019       1.702975898822e-10       4.992529163869e-12       6.139950213117e-12       0.000000000000e+00       2.738652564301e-15       1.592681485230e-15       1.675176737978e-16 
 1020       1.690996745224e-10       5.025029564112e-12       6.025999757345e-12       0.000000000000e+00       2.728225652453e-15       1.578584664095e-15       1.682658104083e-16 
 1021       1.679143680259e-10       5.057075068530e-12       5.909349225423e-12       0.000000000000e+00       2.717847293496e-15       1.564569498788e-15       1.689891312343e-16 
 1022       1.667419218676e-10       5.088652942551e-12       5.790047393187e-12       0.000000000000e+00       2.707517184182e-15       1.550636892602e-15       1.696871052999e-16 
 1023       1.655825889291e-10       5.119750369991e-12       5.668143500478e-12       0.000000000000e+00       2.697235015973e-15       1.536787751637e-15       1.703591983778e-16 
 1024       1.644366235015e-10       5.150354452873e-12       5.543687252335e-12       0.000000000000e+00       2.687000475021e-15       1.523022984802e-15       1.710048729820e-16 
 1025       1.633042812886e-10       5.180452211241e-12       5.416728820195e-12       0.000000000000e+00       2.676813242152e-15       1.509343503817e-15       1.716235883613e-16 
 1026       1.621858194092e-10       5.210030582977e-12       5.287318843086e-12       0.000000000000e+00       2.666672992855e-15       1.495750223216e-15       1.722148004913e-16 
 1027       1.610814964005e-10       5.239076423617e-12       5.155508428826e-12       0.000000000000e+00       2.656579397263e-15       1.482244060349e-15       1.727779620678e-16 
 1028       1.599915722210e-10       5.267576506168e-12       5.021349155217e-12       0.000000000000e+00       2.646532120135e-15       1.468825935388e-15       1.733125224991e-16 
 1029       1.589163082532e-10       5.295517520923e-12       4.884893071241e-12       0.000000000000e+00       2.636530820844e-15       1.455496771326e-15       1.738179278993e-16 
 1030       1.578559673068e-10       5.322886075278e-12       4.746192698261e-12       0.000000000000e+00       2.626575153358e-15       1.442257493981e-15       1.742936210809e-16 
 1031       1.568108136214e-10       5.349668693546e-12       4.605301031210e-12       0.000000000000e+00       2.616664766228e-15       1.429109031998e-15       1.747390415474e-16 
 1032       1.557811128693e-10       5.375851816777e-12       4.462271539793e-12       0.000000000000e+00       2.606799302566e-15       1.416052316856e-15       1.751536254865e-16 
 1033       1.547671321591e-10       5.401421802569e-12       4.317158169680e-12       0.000000000000e+00       2.596978400037e-15       1.403088282863e-15       1.755368057626e-16 
 1034       1.537691000400e-10       5.426366632756e-12       4.170015429775e-12       0.000000000000e+00       2.587201730152e-15       1.390217438377e-15       1.758882186833e-16 
 1035       1.527870858933e-10       5.450681063240e-12       4.020898652959e-12       0.000000000000e+00       2.577469116814e-15       1.377438572801e-15       1.762083275126e-16 
 1036       1.518211188431e-10       5.474361546552e-12       3.869863741405e-12       0.000000000000e+00       2.567780419419e-15       1.364750031322e-15       1.764978077528e-16 
 1037       1.508712275980e-10       5.497404530588e-12       3.716967082045e-12       0.000000000000e+00       2.558135493681e-15       1.352150141999e-15       1.767573411852e-16 
 1038       1.499374404497e-10       5.519806458614e-12       3.562265547781e-12       0.000000000000e+00       2.548534191616e-15       1.339637215718e-15       1.769876158866e-16 
 1039       1.490197852708e-10       5.541563769280e-12       3.405816498682e-12       0.000000000000e+00       2.538976361536e-15       1.327209546145e-15       1.771893262448e-16 
 1040       1.481182895142e-10       5.562672896624e-12       3.247677783200e-12       0.000000000000e+00       2.529461848033e-15       1.314865409684e-15       1.773631729751e-16 
 1041       1.472329802107e-10       5.583130270077e-12       3.087907739368e-12       0.000000000000e+00       2.519990491971e-15       1.302603065429e-15       1.775098631359e-16 
 1042       1.463638839678e-10       5.602932314476e-12       2.926565196010e-12       0.000000000000e+00       2.510562130472e-15       1.290420755117e-15       1.776301101449e-16 
 1043       1.455110269684e-10       5.622075450069e-12       2.763709473944e-12       0.000000000000e+00       2.501176596908e-15       1.278316703090e-15       1.777246337949e-16 
 1044       1.446744349685e-10       5.640556092522e-12       2.599400387192e-12       0.000000000000e+00       2.491833720884e-15       1.266289116239e-15       1.777941602702e-16 
 1045       1.438541332964e-10       5.658370652927e-12       2.433698244183e-12       0.000000000000e+00       2.482533328230e-15       1.254336183969e-15       1.778394221620e-16 
 1046       1.430501468508e-10       5.675515537811e-12       2.266663848958e-12       0.000000000000e+00       2.473275240992e-15       1.242456078145e-15       1.778611584849e-16 
 1047       1.422625000991e-10       5.691987149141e-12       2.098358502378e-12       0.000000000000e+00       2.464059277415e-15       1.230646953055e-15       1.778601146926e-16 
 1048       1.414912170762e-10       5.707781884335e-12       1.928844003332e-12       0.000000000000e+00       2.454885251934e-15       1.218906945356e-15       1.778370426940e-16 
 1049       1.407363213826e-10       5.722896136267e-12       1.758182649935e-12       0.000000000000e+00       2.445752975165e-15       1.207234174036e-15       1.777927008692e-16 
 1050       1.399978361830e-10       5.737326293274e-12       1.586437240744e-12       0.000000000000e+00       2.436662253888e-15       1.195626740364e-15       1.777278540856e-16 
 1051       1.392757842047e-10       5.751068739168e-12       1.413671075957e-12       0.000000000000e+00       2.427612891042e-15       1.184082727849e-15       1.776432737135e-16 
 1052       1.385701877362e-10       5.764119853238e-12       1.239947958620e-12       0.000000000000e+00       2.418604685707e-15       1.172600202188e-15       1.775397376426e-16 
 1053       1.378810686254e-10       5.776476010263e-12       1.065332195835e-12       0.000000000000e+00       2.409637433099e-15       1.161177211228e-15       1.774180302977e-16 
 1054       1.372084482780e-10       5.788133580513e-12       8.898885999648e-13       0.000000000000e+00       2.400710924553e-15       1.149811784915e-15       1.772789426546e-16 
 1055       1.365523476562e-10       5.799088929764e-12       7.136824898385e-13       0.000000000000e+00       2.391824947515e-15       1.138501935254e-15       1.771232722565e-16 
 1056       1.359127872771e-10       5.809338419301e-12       5.367796919578e-13       0.000000000000e+00       2.382979285528e-15       1.127245656258e-15       1.769518232294e-16 
 1057       1.352897872109e-10       5.818878405927e-12       3.592465417028e-13       0.000000000000e+00       2.374173718223e-15       1.116040923906e-15       1.767654062988e-16 
 1058       1.346833670795e-10       5.827705241968e-12       1.811498845382e-13       0.000000000000e+00       2.365408021305e-15       1.104885696097e-15       1.765648388049e-16 
 1059       1.340935460550e-10       5.835815275288e-12       2.557077218771e-15       0.000000000000e+00       2.356681966545e-15       1.093777912607e-15       1.763509447195e-16 
 1060       1.335203428581e-10       5.843204849287e-12      -1.764640110044e-13       0.000000000000e+00       2.347995321765e-15       1.082715495037e-15       1.761245546611e-16 
 1061       1.329637757562e-10       5.849870302915e-12      -3.558449971783e-13       0.000000000000e+00       2.339347850827e-15       1.071696346777e-15       1.758865059114e-16 
 1062       1.324238625625e-10       5.855807970678e-12      -5.355169834416e-13       0.000000000000e+00       2.330739313625e-15       1.060718352951e-15       1.756376424314e-16 
 1063       1.319006206340e-10       5.861014182646e-12      -7.154105558194e-13       0.000000000000e+00       2.322169466068e-15       1.049779380380e-15       1.753788148768e-16 
 1064       1.313940668699e-10       5.865485264458e-12      -8.954557830167e-13       0.000000000000e+00       2.313638060073e-15       1.038877277531e-15       1.751108806147e-16 
 1065       1.309042177102e-10       5.869217537334e-12      -1.075582215213e-12       0.000000000000e+00       2.305144843552e-15       1.028009874475e-15       1.748347037391e-16 
 1066       1.304310891341e-10       5.872207318079e-12      -1.255718882856e-12       0.000000000000e+00       2.296689560400e-15       1.017174982840e-15       1.745511550872e-16 
 1067       1.299746966584e-10       5.874450919093e-12      -1.435794295456e-12       0.000000000000e+00       2.288271950485e-15       1.006370395766e-15       1.742611122550e-16 
 1068       1.295350553361e-10       5.875944648376e-12      -1.615736440380e-12       0.000000000000e+00       2.279891749633e-15       9.955938878584e-16       1.739654596138e-16 
 1069       1.291121797546e-10       5.876684809540e-12      -1.795472781645e-12       0.000000000000e+00       2.271548689622e-15       9.848432151468e-16       1.736650883259e-16 
 1070       1.287060840342e-10       5.876667701810e-12      -1.974930258713e-12       0.000000000000e+00       2.263242498167e-15       9.741161150349e-16       1.733608963605e-16 
 1071       1.283167818267e-10       5.875889620038e-12      -2.154035285285e-12       0.000000000000e+00       2.254972898906e-15       9.634103062577e-16       1.730537885099e-16 
 1072       1.279442863137e-10       5.874346854709e-12      -2.332713748096e-12       0.000000000000e+00       2.246739611396e-15       9.527234888355e-16       1.727446764054e-16 
 1073       1.275885845244e-10       5.872037154486e-12      -2.510896119533e-12       0.000000000000e+00       2.238542380745e-15       9.420542074174e-16       1.724342687996e-16 
 1074       1.272495599087e-10       5.868964135659e-12      -2.688532874170e-12       0.000000000000e+00       2.230381067000e-15       9.314044542749e-16       1.721224392541e-16 
 1075       1.269270687070e-10       5.865132932757e-12      -2.865579279765e-12       0.000000000000e+00       2.222255556960e-15       9.207771016625e-16       1.718088498732e-16 
 1076       1.266209655306e-10       5.860548741608e-12      -3.041990301793e-12       0.000000000000e+00       2.214165734618e-15       9.101750416879e-16       1.714931602516e-16 
 1077       1.263311033575e-10       5.855216819504e-12      -3.217720602774e-12       0.000000000000e+00       2.206111481161e-15       8.996011863563e-16       1.711750274681e-16 
 1078       1.260573335283e-10       5.849142485358e-12      -3.392724541602e-12       0.000000000000e+00       2.198092674960e-15       8.890584676154e-16       1.708541060799e-16 
 1079       1.257995057420e-10       5.842331119865e-12      -3.566956172868e-12       0.000000000000e+00       2.190109191557e-15       8.785498373995e-16       1.705300481168e-16 
 1080       1.255574680517e-10       5.834788165659e-12      -3.740369246189e-12       0.000000000000e+00       2.182160903661e-15       8.680782676748e-16       1.702025030754e-16 
 1081       1.253310668600e-10       5.826519127479e-12      -3.912917205532e-12       0.000000000000e+00       2.174247681140e-15       8.576467504829e-16       1.698711179130e-16 
 1082       1.251201469157e-10       5.817529572321e-12      -4.084553188544e-12       0.000000000000e+00       2.166369391008e-15       8.472582979864e-16       1.695355370420e-16 
 1083       1.249245513084e-10       5.807825129605e-12      -4.255230025876e-12       0.000000000000e+00       2.158525897423e-15       8.369159425129e-16       1.691954023241e-16 
 1084       1.247441214652e-10       5.797411491331e-12      -4.424900240512e-12       0.000000000000e+00       2.150717061673e-15       8.266227365998e-16       1.688503530640e-16 
 1085       1.245786971460e-10       5.786294412240e-12      -4.593516047092e-12       0.000000000000e+00       2.142942742170e-15       8.163817530388e-16       1.685000260044e-16 
 1086       1.244281164394e-10       5.774479709974e-12      -4.761029351242e-12       0.000000000000e+00       2.135202794442e-15       8.061960849205e-16       1.681440553190e-16 
 1087       1.242922157583e-10       5.761973265235e-12      -4.927391748900e-12       0.000000000000e+00       2.127497071125e-15       7.960688456788e-16       1.677820726079e-16 
 1088       1.241708298359e-10       5.748781021948e-12      -5.092554525639e-12       0.000000000000e+00       2.119825421951e-15       7.860031691357e-16       1.674137068906e-16 
 1089       1.240637917213e-10       5.734908987415e-12      -5.256468656000e-12       0.000000000000e+00       2.112187693744e-15       7.760022095460e-16       1.670385846011e-16 
 1090       1.239709327756e-10       5.720363232480e-12      -5.419084802813e-12       0.000000000000e+00       2.104583730410e-15       7.660691416415e-16       1.666563295815e-16 
 1091       1.238920826669e-10       5.705149891690e-12      -5.580353316526e-12       0.000000000000e+00       2.097013372928e-15       7.562071606758e-16       1.662665630761e-16 
 1092       1.238270693670e-10       5.689275163448e-12      -5.740224234532e-12       0.000000000000e+00       2.089476459343e-15       7.464194824687e-16       1.658689037262e-16 
 1093       1.237757191464e-10       5.672745310179e-12      -5.898647280494e-12       0.000000000000e+00       2.081972824754e-15       7.367093434512e-16       1.654629675634e-16 
 1094       1.237378565706e-10       5.655566658490e-12      -6.055571863673e-12       0.000000000000e+00       2.074502301312e-15       7.270800007095e-16       1.650483680043e-16 
 1095       1.237133044956e-10       5.637745599326e-12      -6.210947078253e-12       0.000000000000e+00       2.067064718206e-15       7.175347320301e-16       1.646247158445e-16 
 1096       1.237018840636e-10       5.619288588132e-12      -6.364721702671e-12       0.000000000000e+00       2.059659901655e-15       7.080768359438e-16       1.641916192529e-16 
 1097       1.237034146990e-10       5.600202145013e-12      -6.516844198939e-12       0.000000000000e+00       2.052287674903e-15       6.987096317710e-16       1.637486837655e-16 
 1098       1.237177141039e-10       5.580492854894e-12      -6.667262711974e-12       0.000000000000e+00       2.044947858209e-15       6.894364596657e-16       1.632955122799e-16 
 1099       1.237445982542e-10       5.560167367681e-12      -6.815925068923e-12       0.000000000000e+00       2.037640268837e-15       6.802606806601e-16       1.628317050493e-16 
 1100       1.237838813951e-10       5.539232398418e-12      -6.962778778490e-12       0.000000000000e+00       2.030364721050e-15       6.711856767096e-16       1.623568596766e-16 
 1101       1.238353760367e-10       5.517694727448e-12      -7.107771030263e-12       0.000000000000e+00       2.023121026099e-15       6.622148507369e-16       1.618705711088e-16 
 1102       1.238988929504e-10       5.495561200576e-12      -7.250848694041e-12       0.000000000000e+00       2.015908992219e-15       6.533516266771e-16       1.613724316308e-16 
 1103       1.239742411639e-10       5.472838729224e-12      -7.391958319158e-12       0.000000000000e+00       2.008728424614e-15       6.445994495215e-16       1.608620308599e-16 
 1104       1.240612279576e-10       5.449534290594e-12      -7.531046133812e-12       0.000000000000e+00       2.001579125455e-15       6.359617853629e-16       1.603389557397e-16 
 1105       1.241596588599e-10       5.425654927828e-12      -7.668058044392e-12       0.000000000000e+00       1.994460893867e-15       6.274421214400e-16       1.598027905343e-16 
 1106       1.242693376432e-10       5.401207750166e-12      -7.802939634803e-12       0.000000000000e+00       1.987373525926e-15       6.190439661817e-16       1.592531168225e-16 
 1107       1.243900663197e-10       5.376199933108e-12      -7.935636165794e-12       0.000000000000e+00       1.980316814642e-15       6.107708492519e-16       1.586895134921e-16 
 1108       1.245216451370e-10       5.350638718572e-12      -8.066092574282e-12       0.000000000000e+00       1.973290549960e-15       6.026263215941e-16       1.581115567338e-16 
 1109       1.246638725740e-10       5.324531415055e-12      -8.194253472683e-12       0.000000000000e+00       1.966294518746e-15       5.946139554758e-16       1.575188200353e-16 
 1110       1.248165453365e-10       5.297885397794e-12      -8.320063148233e-12       0.000000000000e+00       1.959328504780e-15       5.867373445333e-16       1.569108741760e-16 
 1111       1.249794583532e-10       5.270708108924e-12      -8.443465562319e-12       0.000000000000e+00       1.952392288746e-15       5.790001038161e-16       1.562872872203e-16 
 1112       1.251524031852e-10       5.243007557346e-12      -8.564411639575e-12       0.000000000000e+00       1.945485670454e-15       5.714049215548e-16       1.556477276275e-16 
 1113       1.253351632403e-10       5.214793825207e-12      -8.682881241402e-12       0.000000000000e+00       1.938608535831e-15       5.639507007308e-16       1.549922750738e-16 
 1114       1.255275184873e-10       5.186077581536e-12      -8.798861479860e-12       0.000000000000e+00       1.931760790793e-15       5.566353800329e-16       1.543211137031e-16 
 1115       1.257292470323e-10       5.156869584536e-12      -8.912339454124e-12       0.000000000000e+00       1.924942339087e-15       5.494568786796e-16       1.536344293862e-16 
 1116       1.259401251142e-10       5.127180681798e-12      -9.023302250512e-12       0.000000000000e+00       1.918153082291e-15       5.424130963723e-16       1.529324097251e-16 
 1117       1.261599271000e-10       5.097021810503e-12      -9.131736942523e-12       0.000000000000e+00       1.911392919804e-15       5.355019132477e-16       1.522152440573e-16 
 1118       1.263884254810e-10       5.066403997635e-12      -9.237630590864e-12       0.000000000000e+00       1.904661748841e-15       5.287211898302e-16       1.514831234598e-16 
 1119       1.266253908678e-10       5.035338360189e-12      -9.340970243491e-12       0.000000000000e+00       1.897959464427e-15       5.220687669849e-16       1.507362407531e-16 
 1120       1.268705919865e-10       5.003836105375e-12      -9.441742935637e-12       0.000000000000e+00       1.891285959389e-15       5.155424658702e-16       1.499747905058e-16 
 1121       1.271237956737e-10       4.971908530831e-12      -9.539935689849e-12       0.000000000000e+00       1.884641124352e-15       5.091400878902e-16       1.491989690383e-16 
 1122       1.273847668728e-10       4.939567024833e-12      -9.635535516016e-12       0.000000000000e+00       1.878024847731e-15       5.028594146474e-16       1.484089744272e-16 
 1123       1.276532686289e-10       4.906823066495e-12      -9.728529411411e-12       0.000000000000e+00       1.871437015726e-15       4.966982078955e-16       1.476050065094e-16 
 1124       1.279290620848e-10       4.873688225986e-12      -9.818904360714e-12       0.000000000000e+00       1.864877512315e-15       4.906542094919e-16       1.467872668861e-16 
 1125       1.282119064767e-10       4.840174164734e-12      -9.906647336055e-12       0.000000000000e+00       1.858346219249e-15       4.847251413502e-16       1.459559589273e-16 
 1126       1.285015591297e-10       4.806292635636e-12      -9.991745297042e-12       0.000000000000e+00       1.851843016044e-15       4.789087053934e-16       1.451112877755e-16 
 1127       1.287977754530e-10       4.772055483265e-12      -1.007418519079e-11       0.000000000000e+00       1.845367779974e-15       4.732025835055e-16       1.442534603502e-16 
 1128       1.291003089364e-10       4.737474644079e-12      -1.015395395198e-11       0.000000000000e+00       1.838920386070e-15       4.676044374854e-16       1.433826853520e-16 
 1129       1.294089111451e-10       4.702562146631e-12      -1.023103850283e-11       0.000000000000e+00       1.832500707106e-15       4.621119089984e-16       1.424991732666e-16 
 1130       1.297233317155e-10       4.667330111774e-12      -1.030542575323e-11       0.000000000000e+00       1.826108613600e-15       4.567226195296e-16       1.416031363691e-16 
 1131       1.300433183513e-10       4.631790752871e-12      -1.037710260066e-11       0.000000000000e+00       1.819743973803e-15       4.514341703361e-16       1.406947887279e-16 
 1132       1.303686168183e-10       4.595956376007e-12      -1.044605593031e-11       0.000000000000e+00       1.813406653695e-15       4.462441423998e-16       1.397743462093e-16 
 1133       1.306989709408e-10       4.559839380189e-12      -1.051227261509e-11       0.000000000000e+00       1.807096516978e-15       4.411500963801e-16       1.388420264812e-16 
 1134       1.310341225966e-10       4.523452257563e-12      -1.057573951562e-11       0.000000000000e+00       1.800813425068e-15       4.361495725663e-16       1.378980490176e-16 
 1135       1.313738117131e-10       4.486807593616e-12      -1.063644348034e-11       0.000000000000e+00       1.794557237095e-15       4.312400908306e-16       1.369426351025e-16 
 1136       1.317177762623e-10       4.449918067391e-12      -1.069437134548e-11       0.000000000000e+00       1.788327809888e-15       4.264191505803e-16       1.359760078341e-16 
 1137       1.320657522572e-10       4.412796451686e-12      -1.074950993512e-11       0.000000000000e+00       1.782124997975e-15       4.216842307108e-16       1.349983921290e-16 
 1138       1.324174737468e-10       4.375455613272e-12      -1.080184606123e-11       0.000000000000e+00       1.775948653576e-15       4.170327895579e-16       1.340100147264e-16 
 1139       1.327726728118e-10       4.337908513096e-12      -1.085136652367e-11       0.000000000000e+00       1.769798626593e-15       4.124622648508e-16       1.330111041922e-16 
 1140       1.331310795604e-10       4.300168206489e-12      -1.089805811028e-11       0.000000000000e+00       1.763674764608e-15       4.079700736645e-16       1.320018909232e-16 
 1141       1.334924221240e-10       4.262247843378e-12      -1.094190759685e-11       0.000000000000e+00       1.757576912877e-15       4.035536123723e-16       1.309826071510e-16 
 1142       1.338564266524e-10       4.224160668492e-12      -1.098290174720e-11       0.000000000000e+00       1.751504914317e-15       3.992102565988e-16       1.299534869465e-16 
 1143       1.342228173097e-10       4.185920021567e-12      -1.102102731319e-11       0.000000000000e+00       1.745458609511e-15       3.949373611723e-16       1.289147662239e-16 
 1144       1.345913162699e-10       4.147539337564e-12      -1.105627103477e-11       0.000000000000e+00       1.739437836690e-15       3.907322600775e-16       1.278666827447e-16 
 1145       1.349616437125e-10       4.109032146866e-12      -1.108861963998e-11       0.000000000000e+00       1.733442431735e-15       3.865922664080e-16       1.268094761223e-16 
 1146       1.353335178179e-10       4.070412075495e-12      -1.111805984504e-11       0.000000000000e+00       1.727472228167e-15       3.825146723191e-16       1.257433878255e-16 
 1147       1.357066547634e-10       4.031692845316e-12      -1.114457835432e-11       0.000000000000e+00       1.721527057144e-15       3.784967489804e-16       1.246686611833e-16 
 1148       1.360807687185e-10       3.992888274245e-12      -1.116816186043e-11       0.000000000000e+00       1.715606747449e-15       3.745357465283e-16       1.235855413886e-16 
 1149       1.364555718406e-10       3.954012276460e-12      -1.118879704421e-11       0.000000000000e+00       1.709711125489e-15       3.706288940189e-16       1.224942755024e-16 
 1150       1.368307742707e-10       3.915078862610e-12      -1.120647057479e-11       0.000000000000e+00       1.703840015288e-15       3.667733993804e-16       1.213951124582e-16 
 1151       1.372061035891e-10       3.876101504796e-12      -1.122117488387e-11       0.000000000000e+00       1.697993256712e-15       3.629668759323e-16       1.202883023072e-16 
 1152       1.375813634625e-10       3.837091222291e-12      -1.123292556891e-11       0.000000000000e+00       1.692170760425e-15       3.592086279675e-16       1.191740939346e-16 
 1153       1.379563757332e-10       3.798058471927e-12      -1.124174421098e-11       0.000000000000e+00       1.686372453619e-15       3.554983813998e-16       1.180527373226e-16 
 1154       1.383309610231e-10       3.759013781271e-12      -1.124765262109e-11       0.000000000000e+00       1.680598261840e-15       3.518358586685e-16       1.169244843105e-16 
 1155       1.387049387318e-10       3.719967748772e-12      -1.125067284078e-11       0.000000000000e+00       1.674848108983e-15       3.482207787301e-16       1.157895885991e-16 
 1156       1.390781270334e-10       3.680931043911e-12      -1.125082714264e-11       0.000000000000e+00       1.669121917288e-15       3.446528570493e-16       1.146483057544e-16 
 1157       1.394503428742e-10       3.641914407354e-12      -1.124813803088e-11       0.000000000000e+00       1.663419607336e-15       3.411318055904e-16       1.135008932119e-16 
 1158       1.398214019699e-10       3.602928651101e-12      -1.124262824187e-11       0.000000000000e+00       1.657741098041e-15       3.376573328082e-16       1.123476102807e-16 
 1159       1.401911188030e-10       3.563984658641e-12      -1.123432074473e-11       0.000000000000e+00       1.652086306650e-15       3.342291436399e-16       1.111887181473e-16 
 1160       1.405593066203e-10       3.525093385096e-12      -1.122323874186e-11       0.000000000000e+00       1.646455148735e-15       3.308469394954e-16       1.100244798802e-16 
 1161       1.409257774302e-10       3.486265857378e-12      -1.120940566948e-11       0.000000000000e+00       1.640847538192e-15       3.275104182495e-16       1.088551604335e-16 
 1162       1.412903419999e-10       3.447513174336e-12      -1.119284519825e-11       0.000000000000e+00       1.635263387231e-15       3.242192742325e-16       1.076810266513e-16 
 1163       1.416528098532e-10       3.408846506911e-12      -1.117358123374e-11       0.000000000000e+00       1.629702606376e-15       3.209731982216e-16       1.065023472715e-16 
 1164       1.420129892672e-10       3.370277098282e-12      -1.115163791705e-11       0.000000000000e+00       1.624165104459e-15       3.177718774323e-16       1.053193929302e-16 
 1165       1.423706872703e-10       3.331816264019e-12      -1.112703962535e-11       0.000000000000e+00       1.618650788615e-15       3.146149955093e-16       1.041324361653e-16 
 1166       1.427257096395e-10       3.293475392236e-12      -1.109981097243e-11       0.000000000000e+00       1.613159564278e-15       3.115022325181e-16       1.029417514214e-16 
 1167       1.430778608972e-10       3.255265943738e-12      -1.106997680924e-11       0.000000000000e+00       1.607691335176e-15       3.084332649361e-16       1.017476150529e-16 
 1168       1.434269443093e-10       3.217199452176e-12      -1.103756222448e-11       0.000000000000e+00       1.602246003326e-15       3.054077656436e-16       1.005503053289e-16 
 1169       1.437727618822e-10       3.179287524193e-12      -1.100259254515e-11       0.000000000000e+00       1.596823469032e-15       3.024254039157e-16       9.935010243664e-17 
 1170       1.441151143601e-10       3.141541839581e-12      -1.096509333705e-11       0.000000000000e+00       1.591423630875e-15       2.994858454125e-16       9.814728848618e-17 
 1171       1.444538012226e-10       3.103974151425e-12      -1.092509040544e-11       0.000000000000e+00       1.586046385714e-15       2.965887521714e-16       9.694214751401e-17 
 1172       1.447886206820e-10       3.066596286259e-12      -1.088260979549e-11       0.000000000000e+00       1.580691628680e-15       2.937337825976e-16       9.573496548736e-17 
 1173       1.451193696805e-10       3.029420144215e-12      -1.083767779292e-11       0.000000000000e+00       1.575359253169e-15       2.909205914558e-16       9.452603030824e-17 
 1174       1.454458438879e-10       2.992457699175e-12      -1.079032092448e-11       0.000000000000e+00       1.570049150839e-15       2.881488298610e-16       9.331563181749e-17 
 1175       1.457678376985e-10       2.955720998919e-12      -1.074056595859e-11       0.000000000000e+00       1.564761211607e-15       2.854181452703e-16       9.210406179890e-17 
 1176       1.460851442291e-10       2.919222165279e-12      -1.068843990581e-11       0.000000000000e+00       1.559495323640e-15       2.827281814734e-16       9.089161398329e-17 
 1177       1.463975553158e-10       2.882973394290e-12      -1.063397001945e-11       0.000000000000e+00       1.554251373356e-15       2.800785785847e-16       8.967858405257e-17 
 1178       1.467048615117e-10       2.846986956338e-12      -1.057718379614e-11       0.000000000000e+00       1.549029245416e-15       2.774689730337e-16       8.846526964382e-17 
 1179       1.470068520840e-10       2.811275196311e-12      -1.051810897631e-11       0.000000000000e+00       1.543828822719e-15       2.748989975568e-16       8.725197035341e-17 
 1180       1.473033150118e-10       2.775850533755e-12      -1.045677354485e-11       0.000000000000e+00       1.538649986399e-15       2.723682811885e-16       8.603898774104e-17 
 1181       1.475940369830e-10       2.740725463019e-12      -1.039320573156e-11       0.000000000000e+00       1.533492615820e-15       2.698764492522e-16       8.482662533385e-17 
 1182       1.478788033920e-10       2.705912553408e-12      -1.032743401179e-11       0.000000000000e+00       1.528356588573e-15       2.674231233520e-16       8.361518863048e-17 
 1183       1.481573983369e-10       2.671424449335e-12      -1.025948710694e-11       0.000000000000e+00       1.523241780466e-15       2.650079213636e-16       8.240498510518e-17 
 1184       1.484296046169e-10       2.637273870470e-12      -1.018939398507e-11       0.000000000000e+00       1.518148065526e-15       2.626304574254e-16       8.119632421186e-17 
 1185       1.486952037299e-10       2.603473611892e-12      -1.011718386140e-11       0.000000000000e+00       1.513075315990e-15       2.602903419303e-16       7.998951738820e-17 
 1186       1.489539758694e-10       2.570036544239e-12      -1.004288619888e-11       0.000000000000e+00       1.508023402304e-15       2.579871815163e-16       7.878487805972e-17 
 1187       1.492056999223e-10       2.536975613862e-12      -9.966530708802e-12       0.000000000000e+00       1.502992193114e-15       2.557205790583e-16       7.758272164384e-17 
 1188       1.494501534660e-10       2.504303842971e-12      -9.888147351263e-12       0.000000000000e+00       1.497981555265e-15       2.534901336588e-16       7.638336555403e-17 
 1189       1.496871127661e-10       2.472034329787e-12      -9.807766335794e-12       0.000000000000e+00       1.492991353794e-15       2.512954406394e-16       7.518712920380e-17 
 1190       1.499163809825e-10       2.440178880121e-12      -9.725419786621e-12       0.000000000000e+00       1.488021464340e-15       2.491363241130e-16       7.399428787019e-17 
 1191       1.501378731731e-10       2.408743883386e-12      -9.641146759822e-12       0.000000000000e+00       1.483071810532e-15       2.470135378437e-16       7.280493365546e-17 
 1192       1.503515323293e-10       2.377734386227e-12      -9.554988288905e-12       0.000000000000e+00       1.478142327050e-15       2.449280729774e-16       7.161911282571e-17 
 1193       1.505573012612e-10       2.347155456542e-12      -9.466985726357e-12       0.000000000000e+00       1.473232947252e-15       2.428809262534e-16       7.043687179688e-17 
 1194       1.507551225971e-10       2.317012183513e-12      -9.377180744339e-12       0.000000000000e+00       1.468343603167e-15       2.408731000146e-16       6.925825713488e-17 
 1195       1.509449387837e-10       2.287309677641e-12      -9.285615335389e-12       0.000000000000e+00       1.463474225496e-15       2.389056022190e-16       6.808331555579e-17 
 1196       1.511266920854e-10       2.258053070786e-12      -9.192331813110e-12       0.000000000000e+00       1.458624743605e-15       2.369794464503e-16       6.691209392601e-17 
 1197       1.513003245846e-10       2.229247516194e-12      -9.097372812876e-12       0.000000000000e+00       1.453795085523e-15       2.350956519290e-16       6.574463926248e-17 
 1198       1.514657781809e-10       2.200898188541e-12      -9.000781292522e-12       0.000000000000e+00       1.448985177938e-15       2.332552435232e-16       6.458099873281e-17 
 1199       1.516229945913e-10       2.173010283960e-12      -8.902600533043e-12       0.000000000000e+00       1.444194946193e-15       2.314592517597e-16       6.342121965547e-17 
 1200       1.517719153496e-10       2.145589020081e-12      -8.802874139295e-12       0.000000000000e+00       1.439424314286e-15       2.297087128348e-16       6.226534949997e-17 
 1201       1.519124818065e-10       2.118639636065e-12      -8.701646040684e-12       0.000000000000e+00       1.434673204859e-15       2.280046686252e-16       6.111343588704e-17 
 1202       1.520446351292e-10       2.092167392635e-12      -8.598960491870e-12       0.000000000000e+00       1.429941539204e-15       2.263481666990e-16       5.996552658881e-17 
 1203       1.521683163011e-10       2.066177572119e-12      -8.494862073461e-12       0.000000000000e+00       1.425229237250e-15       2.247402603267e-16       5.882166952895e-17 
 1204       1.522834661216e-10       2.040675478478e-12      -8.389395692710e-12       0.000000000000e+00       1.420536217567e-15       2.231820084920e-16       5.768191278288e-17 
 1205       1.523900252060e-10       2.015666437344e-12      -8.282606584211e-12       0.000000000000e+00       1.415862397357e-15       2.216744759027e-16       5.654630457796e-17 
 1206       1.524879339850e-10       1.991155796054e-12      -8.174540310599e-12       0.000000000000e+00       1.411207692456e-15       2.202187330018e-16       5.541489329361e-17 
 1207       1.525771327047e-10       1.967148923686e-12      -8.065242763243e-12       0.000000000000e+00       1.406572017324e-15       2.188158559783e-16       5.428772746152e-17 
 1208       1.526575614262e-10       1.943651211093e-12      -7.954760162945e-12       0.000000000000e+00       1.401955285047e-15       2.174669267782e-16       5.316485576585e-17 
 1209       1.527291600255e-10       1.920668070939e-12      -7.843139060639e-12       0.000000000000e+00       1.397357407331e-15       2.161730331154e-16       5.204632704334e-17 
 1210       1.527918681932e-10       1.898204937732e-12      -7.730426338084e-12       0.000000000000e+00       1.392778294497e-15       2.149352684825e-16       5.093219028357e-17 
 1211       1.528456254340e-10       1.876267267863e-12      -7.616669208561e-12       0.000000000000e+00       1.388217855481e-15       2.137547321620e-16       4.982249462904e-17 
 1212       1.528903710671e-10       1.854860539636e-12      -7.501915217575e-12       0.000000000000e+00       1.383675997828e-15       2.126325292371e-16       4.871728937542e-17 
 1213       1.529260442252e-10       1.833990253306e-12      -7.386212243546e-12       0.000000000000e+00       1.379152627690e-15       2.115697706024e-16       4.761662397171e-17 
 1214       1.529525838548e-10       1.813661931116e-12      -7.269608498510e-12       0.000000000000e+00       1.374647649819e-15       2.105675729753e-16       4.652054802038e-17 
 1215       1.529699287158e-10       1.793881117325e-12      -7.152152528812e-12       0.000000000000e+00       1.370160967569e-15       2.096270589065e-16       4.542911127760e-17 
 1216       1.529780173813e-10       1.774653378252e-12      -7.033893215809e-12       0.000000000000e+00       1.365692482888e-15       2.087493567912e-16       4.434236365336e-17 
 1217       1.529767882370e-10       1.755984302303e-12      -6.914879776558e-12       0.000000000000e+00       1.361242096315e-15       2.079356008799e-16       4.326035521168e-17 
 1218       1.529661794817e-10       1.737879500011e-12      -6.795161764523e-12       0.000000000000e+00       1.356809706980e-15       2.071869312894e-16       4.218313617080e-17 
 1219       1.529461291262e-10       1.720344604069e-12      -6.674789070265e-12       0.000000000000e+00       1.352395212596e-15       2.065044940135e-16       4.111075690330e-17 
 1220       1.529165749938e-10       1.703385269366e-12      -6.553811922140e-12       0.000000000000e+00       1.347998509456e-15       2.058894409344e-16       4.004326793632e-17 
 1221       1.528774547197e-10       1.687007173021e-12      -6.432280886998e-12       0.000000000000e+00       1.343619492435e-15       2.053429298331e-16       3.898071995174e-17 
 1222       1.528287057506e-10       1.671216014420e-12      -6.310246870878e-12       0.000000000000e+00       1.339258054978e-15       2.048661244008e-16       3.792316378631e-17 
 1223       1.527702653449e-10       1.656017515246e-12      -6.187761119708e-12       0.000000000000e+00       1.334914089102e-15       2.044601942495e-16       3.687065043190e-17 
 1224       1.527020705720e-10       1.641417419520e-12      -6.064875219996e-12       0.000000000000e+00       1.330587485393e-15       2.041263149229e-16       3.582323103558e-17 
 1225       1.526240583126e-10       1.627421493635e-12      -5.941641099533e-12       0.000000000000e+00       1.326278132998e-15       2.038656679078e-16       3.478095689987e-17 
 1226       1.525361652579e-10       1.614035526385e-12      -5.818111028087e-12       0.000000000000e+00       1.321985919626e-15       2.036794406444e-16       3.374387948291e-17 
 1227       1.524383279096e-10       1.601265329009e-12      -5.694337618101e-12       0.000000000000e+00       1.317710731542e-15       2.035688265377e-16       3.271205039858e-17 
 1228       1.523304825797e-10       1.589116735219e-12      -5.570373825387e-12       0.000000000000e+00       1.313452453562e-15       2.035350249681e-16       3.168552141673e-17 
 1229       1.522125878596e-10       1.577594230899e-12      -5.446270271758e-12       0.000000000000e+00       1.309210980277e-15       2.035786729043e-16       3.066432887240e-17 
 1230       1.520846923192e-10       1.566696825285e-12      -5.322067176652e-12       0.000000000000e+00       1.304986249855e-15       2.036981323185e-16       2.964844669013e-17 
 1231       1.519468676126e-10       1.556422130747e-12      -5.197802330923e-12       0.000000000000e+00       1.300778210631e-15       2.038911824233e-16       2.863783280126e-17 
 1232       1.517991860831e-10       1.546767728597e-12      -5.073513766694e-12       0.000000000000e+00       1.296586809918e-15       2.041555861878e-16       2.763244468313e-17 
 1233       1.516417207650e-10       1.537731169016e-12      -4.949239757835e-12       0.000000000000e+00       1.292411994006e-15       2.044890903038e-16       2.663223935800e-17 
 1234       1.514745453850e-10       1.529309970982e-12      -4.825018820455e-12       0.000000000000e+00       1.288253708157e-15       2.048894251511e-16       2.563717339203e-17 
 1235       1.512977343639e-10       1.521501622193e-12      -4.700889713380e-12       0.000000000000e+00       1.284111896604e-15       2.053543047636e-16       2.464720289419e-17 
 1236       1.511113628178e-10       1.514303578995e-12      -4.576891438640e-12       0.000000000000e+00       1.279986502547e-15       2.058814267953e-16       2.366228351518e-17 
 1237       1.509155065602e-10       1.507713266309e-12      -4.453063241954e-12       0.000000000000e+00       1.275877468151e-15       2.064684724858e-16       2.268237044640e-17 
 1238       1.507102421029e-10       1.501728077558e-12      -4.329444613212e-12       0.000000000000e+00       1.271784734546e-15       2.071131066260e-16       2.170741841890e-17 
 1239       1.504956466581e-10       1.496345374588e-12      -4.206075286961e-12       0.000000000000e+00       1.267708241818e-15       2.078129775244e-16       2.073738170225e-17 
 1240       1.502717981397e-10       1.491562487599e-12      -4.082995242889e-12       0.000000000000e+00       1.263647929013e-15       2.085657169725e-16       1.977221410357e-17 
 1241       1.500387751646e-10       1.487376715073e-12      -3.960244706310e-12       0.000000000000e+00       1.259603734131e-15       2.093689402108e-16       1.881186896637e-17 
 1242       1.497966570549e-10       1.483785323694e-12      -3.837864148647e-12       0.000000000000e+00       1.255575594123e-15       2.102202458945e-16       1.785629916958e-17 
 1243       1.495455238388e-10       1.480785548277e-12      -3.715894287916e-12       0.000000000000e+00       1.251563444890e-15       2.111172160592e-16       1.690545712643e-17 
 1244       1.492854562523e-10       1.478374591698e-12      -3.594376089214e-12       0.000000000000e+00       1.247567221279e-15       2.120574160872e-16       1.595929478341e-17 
 1245       1.490165357411e-10       1.476549624815e-12      -3.473350765199e-12       0.000000000000e+00       1.243586857083e-15       2.130383946726e-16       1.501776361917e-17 
 1246       1.487388444616e-10       1.475307786395e-12      -3.352859776574e-12       0.000000000000e+00       1.239622285032e-15       2.140576837878e-16       1.408081464354e-17 
 1247       1.484524652830e-10       1.474646183043e-12      -3.232944832577e-12       0.000000000000e+00       1.235673436799e-15       2.151127986487e-16       1.314839839639e-17 
 1248       1.481574817883e-10       1.474561889127e-12      -3.113647891460e-12       0.000000000000e+00       1.231740242991e-15       2.162012376811e-16       1.222046494658e-17 
 1249       1.478539782763e-10       1.475051946702e-12      -2.995011160974e-12       0.000000000000e+00       1.227822633149e-15       2.173204824858e-16       1.129696389095e-17 
 1250       1.475420397627e-10       1.476113365440e-12      -2.877077098856e-12       0.000000000000e+00       1.223920535744e-15       2.184679978052e-16       1.037784435319e-17 
 1251       1.472217519823e-10       1.477743122553e-12      -2.759888413310e-12       0.000000000000e+00       1.220033878175e-15       2.196412314886e-16       9.463054982822e-18 
 1252       1.468932013898e-10       1.479938162721e-12      -2.643488063495e-12       0.000000000000e+00       1.216162586768e-15       2.208376144579e-16       8.552543954126e-18 
 1253       1.465564751617e-10       1.482695398016e-12      -2.527919260004e-12       0.000000000000e+00       1.212306586769e-15       2.220545606741e-16       7.646258965071e-18 
 1254       1.462116611981e-10       1.486011707834e-12      -2.413225465356e-12       0.000000000000e+00       1.208465802347e-15       2.232894671022e-16       6.744147236261e-18 
 1255       1.458588481236e-10       1.489883938812e-12      -2.299450394471e-12       0.000000000000e+00       1.204640156586e-15       2.245397136776e-16       5.846155509869e-18 
 1256       1.454981252894e-10       1.494308904764e-12      -2.186638015165e-12       0.000000000000e+00       1.200829571487e-15       2.258026632719e-16       4.952230048577e-18 
 1257       1.451295827748e-10       1.499283386599e-12      -2.074832548623e-12       0.000000000000e+00       1.197033967962e-15       2.270756616585e-16       4.062316634511e-18 
 1258       1.447533113883e-10       1.504804132253e-12      -1.964078469893e-12       0.000000000000e+00       1.193253265833e-15       2.283560374784e-16       3.176360568184e-18 
 1259       1.443694026697e-10       1.510867856612e-12      -1.854420508364e-12       0.000000000000e+00       1.189487383827e-15       2.296411022061e-16       2.294306667428e-18 
 1260       1.439779488912e-10       1.517471241440e-12      -1.745903648253e-12       0.000000000000e+00       1.185736239578e-15       2.309281501155e-16       1.416099266335e-18 
 1261       1.435790430593e-10       1.524610935304e-12      -1.638573129091e-12       0.000000000000e+00       1.181999749621e-15       2.322144582455e-16       5.416822141938e-19 
 1262       1.431727789160e-10       1.532283553500e-12      -1.532474446202e-12       0.000000000000e+00       1.178277829388e-15       2.334972863660e-16      -3.290011255710e-19 
 1263       1.427592509406e-10       1.540485677981e-12      -1.427653351192e-12       0.000000000000e+00       1.174570393208e-15       2.347738769436e-16      -1.196007876462e-18 
 1264       1.423385543513e-10       1.549213857283e-12      -1.324155852433e-12       0.000000000000e+00       1.170877354306e-15       2.360414551074e-16      -2.059395649971e-18 
 1265       1.419107851064e-10       1.558464606447e-12      -1.222028215545e-12       0.000000000000e+00       1.167198624795e-15       2.372972286149e-16      -2.919222546641e-18 
 1266       1.414760399061e-10       1.568234406953e-12      -1.121316963882e-12       0.000000000000e+00       1.163534115677e-15       2.385383878177e-16      -3.775547157130e-18 
 1267       1.410344161941e-10       1.578519706637e-12      -1.022068879017e-12       0.000000000000e+00       1.159883736841e-15       2.397621056274e-16      -4.628428563268e-18 
 1268       1.405860194269e-10       1.589316211356e-12      -9.243258037664e-13       0.000000000000e+00       1.156247405364e-15       2.409662301536e-16      -5.477904799226e-18 
 1269       1.401309849704e-10       1.600616751156e-12      -8.281089847327e-13       0.000000000000e+00       1.152625070532e-15       2.421513714271e-16      -6.323927961065e-18 
 1270       1.396694564593e-10       1.612413389354e-12      -7.334345502037e-13       0.000000000000e+00       1.149016689102e-15       2.433188386675e-16      -7.166428351146e-18 
 1271       1.392015785533e-10       1.624698128444e-12      -6.403186913312e-13       0.000000000000e+00       1.145422217022e-15       2.444699498111e-16      -8.005335949614e-18 
 1272       1.387274969401e-10       1.637462909977e-12      -5.487776622274e-13       0.000000000000e+00       1.141841609428e-15       2.456060315280e-16      -8.840580413853e-18 
 1273       1.382473583367e-10       1.650699614429e-12      -4.588277800614e-13       0.000000000000e+00       1.138274820644e-15       2.467284192399e-16      -9.672091077945e-18 
 1274       1.377613104918e-10       1.664400061076e-12      -3.704854251558e-13       0.000000000000e+00       1.134721804176e-15       2.478384571375e-16      -1.049979695212e-17 
 1275       1.372695021881e-10       1.678556007870e-12      -2.837670410839e-13       0.000000000000e+00       1.131182512713e-15       2.489374981977e-16      -1.132362672223e-17 
 1276       1.367720832441e-10       1.693159151307e-12      -1.986891347658e-13       0.000000000000e+00       1.127656898126e-15       2.500269042016e-16      -1.214350874916e-17 
 1277       1.362692045161e-10       1.708201126307e-12      -1.152682765657e-13       0.000000000000e+00       1.124144911461e-15       2.511080457513e-16      -1.295937106835e-17 
 1278       1.357610179008e-10       1.723673506082e-12      -3.352110038828e-14       0.000000000000e+00       1.120646502943e-15       2.521823022880e-16      -1.377114138920e-17 
 1279       1.352476763367e-10       1.739567802011e-12       4.653569622442e-14       0.000000000000e+00       1.117161621969e-15       2.532510621089e-16      -1.457874709453e-17 
 1280       1.347293338067e-10       1.755875463516e-12       1.248853519964e-13       0.000000000000e+00       1.113690217110e-15       2.543157223852e-16      -1.538211524006e-17 
 1281       1.342061453400e-10       1.772587877932e-12       2.015110418208e-13       0.000000000000e+00       1.110232236105e-15       2.553776891791e-16      -1.618117255385e-17 
 1282       1.336782670142e-10       1.789696370381e-12       2.763958766635e-13       0.000000000000e+00       1.106787625864e-15       2.564383774615e-16      -1.697584543577e-17 
 1283       1.331458559572e-10       1.807192203646e-12       3.495229034659e-13       0.000000000000e+00       1.103356332460e-15       2.574992111296e-16      -1.776605995691e-17 
 1284       1.326090703498e-10       1.825066578046e-12       4.208751050486e-13       0.000000000000e+00       1.099938301132e-15       2.585616230241e-16      -1.855174185911e-17 
 1285       1.320680694272e-10       1.843310631306e-12       4.904354000147e-13       0.000000000000e+00       1.096533476280e-15       2.596270549466e-16      -1.933281655435e-17 
 1286       1.315230134815e-10       1.861915438434e-12       5.581866426526e-13       0.000000000000e+00       1.093141801464e-15       2.606969576775e-16      -2.010920912424e-17 
 1287       1.309740638635e-10       1.880872011591e-12       6.241116228398e-13       0.000000000000e+00       1.089763219402e-15       2.617727909931e-16      -2.088084431946e-17 
 1288       1.304213829849e-10       1.900171299967e-12       6.881930659460e-13       0.000000000000e+00       1.086397671968e-15       2.628560236830e-16      -2.164764655924e-17 
 1289       1.298651343205e-10       1.919804189653e-12       7.504136327363e-13       0.000000000000e+00       1.083045100190e-15       2.639481335681e-16      -2.240953993079e-17 
 1290       1.293054824102e-10       1.939761503515e-12       8.107559192744e-13       0.000000000000e+00       1.079705444247e-15       2.650506075172e-16      -2.316644818875e-17 
 1291       1.287425928609e-10       1.960034001067e-12       8.692024568262e-13       0.000000000000e+00       1.076378643470e-15       2.661649414655e-16      -2.391829475468e-17 
 1292       1.281766323490e-10       1.980612378346e-12       9.257357117628e-13       0.000000000000e+00       1.073064636335e-15       2.672926404310e-16      -2.466500271648e-17 
 1293       1.276077686220e-10       2.001487267781e-12       9.803380854638e-13       0.000000000000e+00       1.069763360466e-15       2.684352185329e-16      -2.540649482789e-17 
 1294       1.270361705010e-10       2.022649238073e-12       1.032991914221e-12       0.000000000000e+00       1.066474752628e-15       2.695941990085e-16      -2.614269350788e-17 
 1295       1.264620078824e-10       2.044088794062e-12       1.083679469140e-12       0.000000000000e+00       1.063198748731e-15       2.707711142307e-16      -2.687352084017e-17 
 1296       1.258854517406e-10       2.065796376605e-12       1.132382956046e-12       0.000000000000e+00       1.059935283821e-15       2.719675057258e-16      -2.759889857266e-17 
 1297       1.253066741292e-10       2.087762362447e-12       1.179084515387e-12       0.000000000000e+00       1.056684292086e-15       2.731849241907e-16      -2.831874811686e-17 
 1298       1.247258481840e-10       2.109977064094e-12       1.223766222132e-12       0.000000000000e+00       1.053445706846e-15       2.744249295104e-16      -2.903299054740e-17 
 1299       1.241431481243e-10       2.132430729690e-12       1.266410085683e-12       0.000000000000e+00       1.050219460556e-15       2.756890907753e-16      -2.974154660144e-17 
 1300       1.235587492555e-10       2.155113542886e-12       1.306998049770e-12       0.000000000000e+00       1.047005484802e-15       2.769789862992e-16      -3.044433667815e-17 
 1301       1.229728279711e-10       2.178015622715e-12       1.345511992360e-12       0.000000000000e+00       1.043803710299e-15       2.782962036361e-16      -3.114128083815e-17 
 1302       1.223855617547e-10       2.201127023466e-12       1.381933725555e-12       0.000000000000e+00       1.040614066893e-15       2.796423395982e-16      -3.183229880297e-17 
 1303       1.217971291819e-10       2.224437734558e-12       1.416244995502e-12       0.000000000000e+00       1.037436483550e-15       2.810190002730e-16      -3.251730995454e-17 
 1304       1.212077099227e-10       2.247937680411e-12       1.448427482289e-12       0.000000000000e+00       1.034270888363e-15       2.824278010411e-16      -3.319623333458e-17 
 1305       1.206174847436e-10       2.271616720322e-12       1.478462799856e-12       0.000000000000e+00       1.031117208546e-15       2.838703665932e-16      -3.386898764411e-17 
 1306       1.200266355095e-10       2.295464648337e-12       1.506332495890e-12       0.000000000000e+00       1.027975370432e-15       2.853483309480e-16      -3.453549124288e-17 
 1307       1.194353364807e-10       2.319471423371e-12       1.532022919982e-12       0.000000000000e+00       1.024845306099e-15       2.868628875560e-16      -3.519567002399e-17 
 1308       1.188437280945e-10       2.343627862650e-12       1.555539887863e-12       0.000000000000e+00       1.021726973339e-15       2.884134340680e-16      -3.584948113524e-17 
 1309       1.182519428942e-10       2.367924955773e-12       1.576894181014e-12       0.000000000000e+00       1.018620335907e-15       2.899989124407e-16      -3.649688952204e-17 
 1310       1.176601142097e-10       2.392353635062e-12       1.596096693549e-12       0.000000000000e+00       1.015525356915e-15       2.916182574613e-16      -3.713786007637e-17 
 1311       1.170683761585e-10       2.416904775450e-12       1.613158432454e-12       0.000000000000e+00       1.012441998829e-15       2.932703967332e-16      -3.777235763675e-17 
 1312       1.164768636473e-10       2.441569194368e-12       1.628090517838e-12       0.000000000000e+00       1.009370223465e-15       2.949542506617e-16      -3.840034698828e-17 
 1313       1.158857123736e-10       2.466337651642e-12       1.640904183176e-12       0.000000000000e+00       1.006309991992e-15       2.966687324401e-16      -3.902179286265e-17 
 1314       1.152950588268e-10       2.491200849372e-12       1.651610775551e-12       0.000000000000e+00       1.003261264926e-15       2.984127480353e-16      -3.963665993812e-17 
 1315       1.147050402903e-10       2.516149431832e-12       1.660221755905e-12       0.000000000000e+00       1.000224002134e-15       3.001851961743e-16      -4.024491283954e-17 
 1316       1.141157948422e-10       2.541173985352e-12       1.666748699277e-12       0.000000000000e+00       9.971981628248e-16       3.019849683292e-16      -4.084651613837e-17 
 1317       1.135274613574e-10       2.566265038212e-12       1.671203295054e-12       0.000000000000e+00       9.941837055541e-16       3.038109487039e-16      -4.144143435270e-17 
 1318       1.129401795089e-10       2.591413060528e-12       1.673597347213e-12       0.000000000000e+00       9.911805882198e-16       3.056620142196e-16      -4.202963194721e-17 
 1319       1.123540897690e-10       2.616608464145e-12       1.673942774567e-12       0.000000000000e+00       9.881887680610e-16       3.075370345005e-16      -4.261107333323e-17 
 1320       1.117693334113e-10       2.641841602525e-12       1.672251611007e-12       0.000000000000e+00       9.852082016566e-16       3.094348718603e-16      -4.318572286872e-17 
 1321       1.111860525117e-10       2.667102770635e-12       1.668536005753e-12       0.000000000000e+00       9.822388449237e-16       3.113543812872e-16      -4.375354485828e-17 
 1322       1.106043899501e-10       2.692382204841e-12       1.662808223593e-12       0.000000000000e+00       9.792806531159e-16       3.132944104308e-16      -4.431450355318e-17 
 1323       1.100244894117e-10       2.717670082792e-12       1.655080645132e-12       0.000000000000e+00       9.763335808218e-16       3.152537995871e-16      -4.486856315134e-17 
 1324       1.094464953887e-10       2.742956523314e-12       1.645365767035e-12       0.000000000000e+00       9.733975819634e-16       3.172313816848e-16      -4.541568779736e-17 
 1325       1.088705531818e-10       2.768231586296e-12       1.633676202273e-12       0.000000000000e+00       9.704726097947e-16       3.192259822714e-16      -4.595584158251e-17 
 1326       1.082968089014e-10       2.793485272585e-12       1.620024680365e-12       0.000000000000e+00       9.675586169000e-16       3.212364194985e-16      -4.648898854477e-17 
 1327       1.077254094692e-10       2.818707523867e-12       1.604424047629e-12       0.000000000000e+00       9.646555551924e-16       3.232615041081e-16      -4.701509266879e-17 
 1328       1.071565026199e-10       2.843888222565e-12       1.586887267423e-12       0.000000000000e+00       9.617633759120e-16       3.253000394186e-16      -4.753411788595e-17 
 1329       1.065902369021e-10       2.869017191726e-12       1.567427420387e-12       0.000000000000e+00       9.588820296248e-16       3.273508213101e-16      -4.804602807433e-17 
 1330       1.060267616806e-10       2.894084194905e-12       1.546057704695e-12       0.000000000000e+00       9.560114662206e-16       3.294126382109e-16      -4.855078705873e-17 
 1331       1.054662271371e-10       2.919078936065e-12       1.522791436297e-12       0.000000000000e+00       9.531516349120e-16       3.314842710831e-16      -4.904835861071e-17 
 1332       1.049087842722e-10       2.943991059455e-12       1.497642049159e-12       0.000000000000e+00       9.503024842324e-16       3.335644934086e-16      -4.953870644853e-17 
 1333       1.043545849065e-10       2.968810149511e-12       1.470623095518e-12       0.000000000000e+00       9.474639620344e-16       3.356520711748e-16      -5.002179423723e-17 
 1334       1.038037816824e-10       2.993525730736e-12       1.441748246118e-12       0.000000000000e+00       9.446360154887e-16       3.377457628605e-16      -5.049758558859e-17 
 1335       1.032565280652e-10       3.018127267594e-12       1.411031290459e-12       0.000000000000e+00       9.418185910821e-16       3.398443194222e-16      -5.096604406117e-17 
 1336       1.027129783452e-10       3.042604164401e-12       1.378486137041e-12       0.000000000000e+00       9.390116346161e-16       3.419464842793e-16      -5.142713316029e-17 
 1337       1.021732876384e-10       3.066945765211e-12       1.344126813612e-12       0.000000000000e+00       9.362150912054e-16       3.440509933007e-16      -5.188081633807e-17 
 1338       1.016376118884e-10       3.091141353706e-12       1.307967467408e-12       0.000000000000e+00       9.334289052762e-16       3.461565747900e-16      -5.232705699341e-17 
 1339       1.011061078681e-10       3.115180153091e-12       1.270022365401e-12       0.000000000000e+00       9.306530205647e-16       3.482619494720e-16      -5.276581847201e-17 
 1340       1.005789331805e-10       3.139051325974e-12       1.230305894544e-12       0.000000000000e+00       9.278873801154e-16       3.503658304781e-16      -5.319706406638e-17 
 1341       1.000562462609e-10       3.162743974265e-12       1.188832562014e-12       0.000000000000e+00       9.251319262800e-16       3.524669233325e-16      -5.362075701585e-17 
 1342       9.953820637791e-11       3.186247139059e-12       1.145616995460e-12       0.000000000000e+00       9.223866007151e-16       3.545639259379e-16      -5.403686050658e-17 
 1343       9.902497363503e-11       3.209549800528e-12       1.100673943246e-12       0.000000000000e+00       9.196513443815e-16       3.566555285615e-16      -5.444533767156e-17 
 1344       9.851670897220e-11       3.232640877813e-12       1.054018274696e-12       0.000000000000e+00       9.169260975417e-16       3.587404138210e-16      -5.484615159062e-17 
 1345       9.801357416726e-11       3.255509228909e-12       1.005664980340e-12       0.000000000000e+00       9.142107997592e-16       3.608172566699e-16      -5.523926529046e-17 
 1346       9.751571407174e-11       3.278144609461e-12       9.556314440811e-13       0.000000000000e+00       9.115053952400e-16       3.628848410023e-16      -5.562464802769e-17 
 1347       9.702320310442e-11       3.300540560769e-12       9.039442862128e-13       0.000000000000e+00       9.088098489262e-16       3.649424108785e-16      -5.600229421290e-17 
 1348       9.653609817948e-11       3.322691552939e-12       8.506325952285e-13       0.000000000000e+00       9.061241305742e-16       3.669893230865e-16      -5.637220469220e-17 
 1349       9.605445641969e-11       3.344592028773e-12       7.957256630366e-13       0.000000000000e+00       9.034482094259e-16       3.690249308635e-16      -5.673438048322e-17 
 1350       9.557833515668e-11       3.366236403726e-12       7.392529853564e-13       0.000000000000e+00       9.007820542074e-16       3.710485838897e-16      -5.708882277558e-17 
 1351       9.510779193130e-11       3.387619065858e-12       6.812442621133e-13       0.000000000000e+00       8.981256331280e-16       3.730596282818e-16      -5.743553293124e-17 
 1352       9.464288449383e-11       3.408734375788e-12       6.217293978341e-13       0.000000000000e+00       8.954789138783e-16       3.750574065866e-16      -5.777451248501e-17 
 1353       9.418367080436e-11       3.429576666645e-12       5.607385020429e-13       0.000000000000e+00       8.928418636300e-16       3.770412577747e-16      -5.810576314488e-17 
 1354       9.373020903304e-11       3.450140244022e-12       4.983018896555e-13       0.000000000000e+00       8.902144490339e-16       3.790105172339e-16      -5.842928679253e-17 
 1355       9.328255756042e-11       3.470419385930e-12       4.344500813759e-13       0.000000000000e+00       8.875966362189e-16       3.809645167630e-16      -5.874508548369e-17 
 1356       9.284077497768e-11       3.490408342750e-12       3.692138040907e-13       0.000000000000e+00       8.849883907911e-16       3.829025845653e-16      -5.905316144863e-17 
 1357       9.240492008702e-11       3.510101337184e-12       3.026239912651e-13       0.000000000000e+00       8.823896778321e-16       3.848240452423e-16      -5.935351709250e-17 
 1358       9.197505190188e-11       3.529492564213e-12       2.347117833378e-13       0.000000000000e+00       8.798004618981e-16       3.867282197872e-16      -5.964615499583e-17 
 1359       9.155122964728e-11       3.548576191046e-12       1.655085281167e-13       0.000000000000e+00       8.772207070188e-16       3.886144255785e-16      -5.993107791492e-17 
 1360       9.113351276013e-11       3.567346357075e-12       9.504578117440e-14       0.000000000000e+00       8.746503766956e-16       3.904819763738e-16      -6.020828878227e-17 
 1361       9.072196088946e-11       3.585797173826e-12       2.335530624293e-14       0.000000000000e+00       8.720894339013e-16       3.923301823030e-16      -6.047779070700e-17 
 1362       9.031663389682e-11       3.603922724914e-12      -4.953092439025e-14       0.000000000000e+00       8.695378410780e-16       3.941583498623e-16      -6.073958697528e-17 
 1363       8.991759185651e-11       3.621717065995e-12      -1.235807294872e-13       0.000000000000e+00       8.669955601365e-16       3.959657819078e-16      -6.099368105075e-17 
 1364       8.952489505587e-11       3.639174224720e-12      -1.987617184640e-13       0.000000000000e+00       8.644625524547e-16       3.977517776486e-16      -6.124007657496e-17 
 1365       8.913860399563e-11       3.656288200687e-12      -2.750412909955e-13       0.000000000000e+00       8.619387788767e-16       3.995156326410e-16      -6.147877736778e-17 
 1366       8.875877939019e-11       3.673052965395e-12      -3.523866366199e-13       0.000000000000e+00       8.594241997114e-16       4.012566387819e-16      -6.170978742780e-17 
 1367       8.838548216789e-11       3.689462462196e-12      -4.307647343434e-13       0.000000000000e+00       8.569187747313e-16       4.029740843023e-16      -6.193311093281e-17 
 1368       8.801877347135e-11       3.705510606247e-12      -5.101423522447e-13       0.000000000000e+00       8.544224631715e-16       4.046672537608e-16      -6.214875224019e-17 
 1369       8.765871465773e-11       3.721191284468e-12      -5.904860470798e-13       0.000000000000e+00       8.519352237280e-16       4.063354280377e-16      -6.235671588732e-17 
 1370       8.730536729908e-11       3.736498355487e-12      -6.717621638867e-13       0.000000000000e+00       8.494570145571e-16       4.079778843279e-16      -6.255700659205e-17 
 1371       8.695879318257e-11       3.751425649603e-12      -7.539368355898e-13       0.000000000000e+00       8.469877932738e-16       4.095938961353e-16      -6.274962925309e-17 
 1372       8.661905431086e-11       3.765966968728e-12      -8.369759826047e-13       0.000000000000e+00       8.445275169506e-16       4.111827332656e-16      -6.293458895043e-17 
 1373       8.628621290235e-11       3.780116086350e-12      -9.208453124427e-13       0.000000000000e+00       8.420761421167e-16       4.127436618206e-16      -6.311189094580e-17 
 1374       8.596033139149e-11       3.793866747479e-12      -1.005510319316e-12       0.000000000000e+00       8.396336247559e-16       4.142759441912e-16      -6.328154068304e-17 
 1375       8.564147242910e-11       3.807212668604e-12      -1.090936283740e-12       0.000000000000e+00       8.371999203066e-16       4.157788390514e-16      -6.344354378860e-17 
 1376       8.532969888264e-11       3.820147537645e-12      -1.177088272143e-12       0.000000000000e+00       8.347749836595e-16       4.172516013520e-16      -6.359790607187e-17 
 1377       8.502507383654e-11       3.832665013904e-12      -1.263931136465e-12       0.000000000000e+00       8.323587691570e-16       4.186934823136e-16      -6.374463352569e-17 
 1378       8.472766059244e-11       3.844758728021e-12      -1.351429513767e-12       0.000000000000e+00       8.299512305918e-16       4.201037294209e-16      -6.388373232673e-17 
 1379       8.443752266958e-11       3.856422281926e-12      -1.439547825830e-12       0.000000000000e+00       8.275523212058e-16       4.214815864160e-16      -6.401520883593e-17 
 1380       8.415472380501e-11       3.867649248791e-12      -1.528250278768e-12       0.000000000000e+00       8.251619936887e-16       4.228262932918e-16      -6.413906959890e-17 
 1381       8.387932795395e-11       3.878433172986e-12      -1.617500862624e-12       0.000000000000e+00       8.227802001769e-16       4.241370862859e-16      -6.425532134639e-17 
 1382       8.361139929006e-11       3.888767570026e-12      -1.707263350981e-12       0.000000000000e+00       8.204068922525e-16       4.254131978743e-16      -6.436397099465e-17 
 1383       8.335100220574e-11       3.898645926531e-12      -1.797501300563e-12       0.000000000000e+00       8.180420209416e-16       4.266538567645e-16      -6.446502564593e-17 
 1384       8.309820131244e-11       3.908061700176e-12      -1.888178050840e-12       0.000000000000e+00       8.156855367135e-16       4.278582878897e-16      -6.455849258884e-17 
 1385       8.285304465160e-11       3.917009466075e-12      -1.979257800165e-12       0.000000000000e+00       8.133373937268e-16       4.290260735548e-16      -6.464438760657e-17 
 1386       8.261551313297e-11       3.925488369275e-12      -2.070708847398e-12       0.000000000000e+00       8.109975626191e-16       4.301582410605e-16      -6.472275999663e-17 
 1387       8.238557056304e-11       3.933498708625e-12      -2.162500383721e-12       0.000000000000e+00       8.086660178499e-16       4.312561865507e-16      -6.479366781607e-17 
 1388       8.216318038518e-11       3.941040793671e-12      -2.254601418885e-12       0.000000000000e+00       8.063427334647e-16       4.323213149166e-16      -6.485716959870e-17 
 1389       8.194830567893e-11       3.948114944685e-12      -2.346980780881e-12       0.000000000000e+00       8.040276830936e-16       4.333550398139e-16      -6.491332435602e-17 
 1390       8.174090915924e-11       3.954721492687e-12      -2.439607115612e-12       0.000000000000e+00       8.017208399508e-16       4.343587836785e-16      -6.496219157812e-17 
 1391       8.154095317569e-11       3.960860779469e-12      -2.532448886568e-12       0.000000000000e+00       7.994221768334e-16       4.353339777427e-16      -6.500383123468e-17 
 1392       8.134839971176e-11       3.966533157624e-12      -2.625474374493e-12       0.000000000000e+00       7.971316661204e-16       4.362820620516e-16      -6.503830377588e-17 
 1393       8.116321038410e-11       3.971738990564e-12      -2.718651677062e-12       0.000000000000e+00       7.948492797722e-16       4.372044854788e-16      -6.506567013334e-17 
 1394       8.098534644173e-11       3.976478652553e-12      -2.811948708547e-12       0.000000000000e+00       7.925749893290e-16       4.381027057432e-16      -6.508599172110e-17 
 1395       8.081476876533e-11       3.980752528724e-12      -2.905333199497e-12       0.000000000000e+00       7.903087659103e-16       4.389781894248e-16      -6.509933043652e-17 
 1396       8.065143786648e-11       3.984561015108e-12      -2.998772696401e-12       0.000000000000e+00       7.880505802141e-16       4.398324119810e-16      -6.510574866124e-17 
 1397       8.049531388691e-11       3.987904518657e-12      -3.092234561366e-12       0.000000000000e+00       7.858004025152e-16       4.406668577626e-16      -6.510530926216e-17 
 1398       8.034635659773e-11       3.990783457270e-12      -3.185685971788e-12       0.000000000000e+00       7.835582026653e-16       4.414830200302e-16      -6.509807559231e-17 
 1399       8.020452539871e-11       3.993198259817e-12      -3.279093920021e-12       0.000000000000e+00       7.813239500910e-16       4.422824009705e-16      -6.508411149187e-17 
 1400       8.006977931750e-11       3.995149366163e-12      -3.372425213053e-12       0.000000000000e+00       7.790976137939e-16       4.430665117118e-16      -6.506348128904e-17 
 1401       7.994207700890e-11       3.996637227194e-12      -3.465646472175e-12       0.000000000000e+00       7.768791623487e-16       4.438368723412e-16      -6.503624980106e-17 
 1402       7.982137675411e-11       3.997662304841e-12      -3.558724132653e-12       0.000000000000e+00       7.746685639029e-16       4.445950119199e-16      -6.500248233510e-17 
 1403       7.970763645997e-11       3.998225072105e-12      -3.651624443404e-12       0.000000000000e+00       7.724657861755e-16       4.453424684998e-16      -6.496224468922e-17 
 1404       7.960081365820e-11       3.998326013081e-12      -3.744313466661e-12       0.000000000000e+00       7.702707964563e-16       4.460807891396e-16      -6.491560315330e-17 
 1405       7.950086550468e-11       3.997965622983e-12      -3.836757077650e-12       0.000000000000e+00       7.680835616048e-16       4.468115299210e-16      -6.486262451002e-17 
 1406       7.940774877865e-11       3.997144408170e-12      -3.928920964261e-12       0.000000000000e+00       7.659040480494e-16       4.475362559649e-16      -6.480337603578e-17 
 1407       7.932141988204e-11       3.995862886168e-12      -4.020770626720e-12       0.000000000000e+00       7.637322217862e-16       4.482565414475e-16      -6.473792550163e-17 
 1408       7.924183483861e-11       3.994121585698e-12      -4.112271377260e-12       0.000000000000e+00       7.615680483783e-16       4.489739696164e-16      -6.466634117423e-17 
 1409       7.916894929331e-11       3.991921046697e-12      -4.203388339792e-12       0.000000000000e+00       7.594114929548e-16       4.496901328071e-16      -6.458869181680e-17 
 1410       7.910271851145e-11       3.989261820346e-12      -4.294086449580e-12       0.000000000000e+00       7.572625202097e-16       4.504066324588e-16      -6.450504669006e-17 
 1411       7.904309737797e-11       3.986144469093e-12      -4.384330452912e-12       0.000000000000e+00       7.551210944013e-16       4.511250791309e-16      -6.441547555317e-17 
 1412       7.899004039674e-11       3.982569566678e-12      -4.474084906768e-12       0.000000000000e+00       7.529871793508e-16       4.518470925189e-16      -6.432004866465e-17 
 1413       7.894350168971e-11       3.978537698159e-12      -4.563314178498e-12       0.000000000000e+00       7.508607384418e-16       4.525743014709e-16      -6.421883678338e-17 
 1414       7.890343499625e-11       3.974049459932e-12      -4.651982445490e-12       0.000000000000e+00       7.487417346189e-16       4.533083440035e-16      -6.411191116949e-17 
 1415       7.886979367237e-11       3.969105459763e-12      -4.740053694844e-12       0.000000000000e+00       7.466301303873e-16       4.540508673179e-16      -6.399934358534e-17 
 1416       7.884253068994e-11       3.963706316806e-12      -4.827491723041e-12       0.000000000000e+00       7.445258878113e-16       4.548035278165e-16      -6.388120629643e-17 
 1417       7.882159863597e-11       3.957852661633e-12      -4.914260135618e-12       0.000000000000e+00       7.424289685138e-16       4.555679911188e-16      -6.375757207237e-17 
 1418       7.880694971188e-11       3.951545136255e-12      -5.000322346839e-12       0.000000000000e+00       7.403393336750e-16       4.563459320775e-16      -6.362851418784e-17 
 1419       7.879853573269e-11       3.944784394146e-12      -5.085641579366e-12       0.000000000000e+00       7.382569440318e-16       4.571390347949e-16      -6.349410642346e-17 
 1420       7.879630812632e-11       3.937571100273e-12      -5.170180863932e-12       0.000000000000e+00       7.361817598767e-16       4.579489926389e-16      -6.335442306684e-17 
 1421       7.880021793280e-11       3.929905931115e-12      -5.253903039013e-12       0.000000000000e+00       7.341137410565e-16       4.587775082593e-16      -6.320953891343e-17 
 1422       7.881021580357e-11       3.921789574692e-12      -5.336770750499e-12       0.000000000000e+00       7.320528469721e-16       4.596262936039e-16      -6.305952926751e-17 
 1423       7.882625200069e-11       3.913222730585e-12      -5.418746451366e-12       0.000000000000e+00       7.299990365770e-16       4.604970699348e-16      -6.290446994313e-17 
 1424       7.884826852439e-11       3.904206874088e-12      -5.499795862010e-12       0.000000000000e+00       7.279522719544e-16       4.613909680704e-16      -6.274442114908e-17 
 1425       7.887617540881e-11       3.894746557183e-12      -5.579898390787e-12       0.000000000000e+00       7.259125290913e-16       4.623067223410e-16      -6.257937896080e-17 
 1426       7.890987418134e-11       3.884847131245e-12      -5.659036819836e-12       0.000000000000e+00       7.238797872131e-16       4.632424581174e-16      -6.240932335200e-17 
 1427       7.894926571101e-11       3.874513985129e-12      -5.737193854011e-12       0.000000000000e+00       7.218540252151e-16       4.641962898824e-16      -6.223423426532e-17 
 1428       7.899425020726e-11       3.863752545245e-12      -5.814352120753e-12       0.000000000000e+00       7.198352216619e-16       4.651663212118e-16      -6.205409161239e-17 
 1429       7.904472721874e-11       3.852568275624e-12      -5.890494169970e-12       0.000000000000e+00       7.178233547862e-16       4.661506447551e-16      -6.186887527378e-17 
 1430       7.910059563210e-11       3.840966677990e-12      -5.965602473910e-12       0.000000000000e+00       7.158184024888e-16       4.671473422160e-16      -6.167856509900e-17 
 1431       7.916175367074e-11       3.828953291829e-12      -6.039659427041e-12       0.000000000000e+00       7.138203423371e-16       4.681544843333e-16      -6.148314090651e-17 
 1432       7.922809889365e-11       3.816533694460e-12      -6.112647345925e-12       0.000000000000e+00       7.118291515648e-16       4.691701308613e-16      -6.128258248367e-17 
 1433       7.929952819414e-11       3.803713501101e-12      -6.184548469097e-12       0.000000000000e+00       7.098448070712e-16       4.701923305510e-16      -6.107686958678e-17 
 1434       7.937593779864e-11       3.790498364945e-12      -6.255344956938e-12       0.000000000000e+00       7.078672854202e-16       4.712191211304e-16      -6.086598194104e-17 
 1435       7.945722326550e-11       3.776893977227e-12      -6.325018891556e-12       0.000000000000e+00       7.058965628398e-16       4.722485292856e-16      -6.064989924052e-17 
 1436       7.954327948376e-11       3.762906067290e-12      -6.393552276660e-12       0.000000000000e+00       7.039326152212e-16       4.732785706410e-16      -6.042860114821e-17 
 1437       7.963400067195e-11       3.748540402663e-12      -6.460927037437e-12       0.000000000000e+00       7.019754181183e-16       4.743072497404e-16      -6.020206729597e-17 
 1438       7.972928037684e-11       3.733802789122e-12      -6.527125020427e-12       0.000000000000e+00       7.000249467467e-16       4.753325600276e-16      -5.997027728452e-17 
 1439       7.982901147224e-11       3.718699070769e-12      -6.592127993404e-12       0.000000000000e+00       6.980811759830e-16       4.763524838271e-16      -5.973321068345e-17 
 1440       7.993308615782e-11       3.703235130093e-12      -6.655917645246e-12       0.000000000000e+00       6.961440803644e-16       4.773649923248e-16      -5.949084703119e-17 
 1441       8.004139595784e-11       3.687416888047e-12      -6.718475585819e-12       0.000000000000e+00       6.942136340874e-16       4.783680455488e-16      -5.924316583502e-17 
 1442       8.015383171996e-11       3.671250304112e-12      -6.779783345849e-12       0.000000000000e+00       6.922898110077e-16       4.793595923499e-16      -5.899014657105e-17 
 1443       8.027028361401e-11       3.654741376373e-12      -6.839822376797e-12       0.000000000000e+00       6.903725846389e-16       4.803375703827e-16      -5.873176868420e-17 
 1444       8.039064113080e-11       3.637896141583e-12      -6.898574050741e-12       0.000000000000e+00       6.884619281522e-16       4.812999060858e-16      -5.846801158822e-17 
 1445       8.051479308088e-11       3.620720675238e-12      -6.956019660249e-12       0.000000000000e+00       6.865578143753e-16       4.822445146629e-16      -5.819885466566e-17 
 1446       8.064262759334e-11       3.603221091643e-12      -7.012140418255e-12       0.000000000000e+00       6.846602157920e-16       4.831693000634e-16      -5.792427726786e-17 
 1447       8.077403211457e-11       3.585403543983e-12      -7.066917457938e-12       0.000000000000e+00       6.827691045413e-16       4.840721549631e-16      -5.764425871494e-17 
 1448       8.090889340707e-11       3.567274224394e-12      -7.120331832598e-12       0.000000000000e+00       6.808844524167e-16       4.849509607449e-16      -5.735877829581e-17 
 1449       8.104709754823e-11       3.548839364032e-12      -7.172364515530e-12       0.000000000000e+00       6.790062308653e-16       4.858035874794e-16      -5.706781526814e-17 
 1450       8.118852992909e-11       3.530105233143e-12      -7.222996399904e-12       0.000000000000e+00       6.771344109875e-16       4.866278939060e-16      -5.677134885836e-17 
 1451       8.133307525315e-11       3.511078141132e-12      -7.272208298639e-12       0.000000000000e+00       6.752689635357e-16       4.874217274130e-16      -5.646935826163e-17 
 1452       8.148061753515e-11       3.491764436637e-12      -7.319980944283e-12       0.000000000000e+00       6.734098589140e-16       4.881829240189e-16      -5.616182264189e-17 
 1453       8.163104009984e-11       3.472170507590e-12      -7.366294988886e-12       0.000000000000e+00       6.715570671773e-16       4.889093083528e-16      -5.584872113176e-17 
 1454       8.178422558079e-11       3.452302781299e-12      -7.411131003877e-12       0.000000000000e+00       6.697105580307e-16       4.895986936352e-16      -5.553003283261e-17 
 1455       8.194005591912e-11       3.432167724506e-12      -7.454469479942e-12       0.000000000000e+00       6.678703008284e-16       4.902488816587e-16      -5.520573681453e-17 
 1456       8.209841236236e-11       3.411771843465e-12      -7.496290826901e-12       0.000000000000e+00       6.660362645734e-16       4.908576627685e-16      -5.487581211628e-17 
 1457       8.225917546318e-11       3.391121684009e-12      -7.536575373583e-12       0.000000000000e+00       6.642084179167e-16       4.914228158436e-16      -5.454023774534e-17 
 1458       8.242222507818e-11       3.370223831619e-12      -7.575303367703e-12       0.000000000000e+00       6.623867291562e-16       4.919421082770e-16      -5.419899267785e-17 
 1459       8.258744036669e-11       3.349084911496e-12      -7.612454975739e-12       0.000000000000e+00       6.605711662364e-16       4.924132959568e-16      -5.385205585865e-17 
 1460       8.275469978955e-11       3.327711588630e-12      -7.648010282809e-12       0.000000000000e+00       6.587616967474e-16       4.928341232465e-16      -5.349940620123e-17 
 1461       8.292388110788e-11       3.306110567870e-12      -7.681949292546e-12       0.000000000000e+00       6.569582879244e-16       4.932023229663e-16      -5.314102258774e-17 
 1462       8.309486138188e-11       3.284288593991e-12      -7.714251926976e-12       0.000000000000e+00       6.551609066466e-16       4.935156163732e-16      -5.277688386895e-17 
 1463       8.326752041771e-11       3.262252511935e-12      -7.744901897481e-12       0.000000000000e+00       6.533695222144e-16       4.937722836441e-16      -5.240700241671e-17 
 1464       8.344175114825e-11       3.240009448040e-12      -7.773898360271e-12       0.000000000000e+00       6.515841147108e-16       4.939728816027e-16      -5.203152514795e-17 
 1465       8.361744935374e-11       3.217566630756e-12      -7.801244377184e-12       0.000000000000e+00       6.498046667223e-16       4.941185431259e-16      -5.165063351057e-17 
 1466       8.379451022198e-11       3.194931330723e-12      -7.826943055269e-12       0.000000000000e+00       6.480311605676e-16       4.942104082133e-16      -5.126451002454e-17 
 1467       8.397282834739e-11       3.172110860839e-12      -7.850997546880e-12       0.000000000000e+00       6.462635782977e-16       4.942496239997e-16      -5.087333828377e-17 
 1468       8.415229772994e-11       3.149112576337e-12      -7.873411049767e-12       0.000000000000e+00       6.445019016951e-16       4.942373447675e-16      -5.047730295798e-17 
 1469       8.433281177414e-11       3.125943874856e-12      -7.894186807170e-12       0.000000000000e+00       6.427461122731e-16       4.941747319596e-16      -5.007658979457e-17 
 1470       8.451426328802e-11       3.102612196514e-12      -7.913328107914e-12       0.000000000000e+00       6.409961912755e-16       4.940629541921e-16      -4.967138562050e-17 
 1471       8.469654448210e-11       3.079125023984e-12      -7.930838286502e-12       0.000000000000e+00       6.392521196756e-16       4.939031872668e-16      -4.926187834415e-17 
 1472       8.487954696839e-11       3.055489882565e-12      -7.946720723206e-12       0.000000000000e+00       6.375138781760e-16       4.936966141840e-16      -4.884825695720e-17 
 1473       8.506316175932e-11       3.031714340253e-12      -7.960978844164e-12       0.000000000000e+00       6.357814472080e-16       4.934444251553e-16      -4.843071153649e-17 
 1474       8.524727926678e-11       3.007806007822e-12      -7.973616121471e-12       0.000000000000e+00       6.340548069308e-16       4.931478176159e-16      -4.800943324590e-17 
 1475       8.543178930103e-11       2.983772538886e-12      -7.984636073275e-12       0.000000000000e+00       6.323339372311e-16       4.928079962376e-16      -4.758461433819e-17 
 1476       8.561658106974e-11       2.959621629984e-12      -7.994042263867e-12       0.000000000000e+00       6.306188177224e-16       4.924261729415e-16      -4.715644815695e-17 
 1477       8.580154317691e-11       2.935361020645e-12      -8.001838303777e-12       0.000000000000e+00       6.289094277446e-16       4.920035669104e-16      -4.672512913836e-17 
 1478       8.598656362189e-11       2.910998493463e-12      -8.008027849867e-12       0.000000000000e+00       6.272057463632e-16       4.915414046016e-16      -4.629085281315e-17 
 1479       8.617152979834e-11       2.886541874174e-12      -8.012614605423e-12       0.000000000000e+00       6.255077523688e-16       4.910409197598e-16      -4.585381580844e-17 
 1480       8.635632849320e-11       2.861999031723e-12      -8.015602320253e-12       0.000000000000e+00       6.238154242768e-16       4.905033534292e-16      -4.541421584960e-17 
 1481       8.654084588570e-11       2.837377878345e-12      -8.016994790773e-12       0.000000000000e+00       6.221287403264e-16       4.899299539671e-16      -4.497225176212e-17 
 1482       8.672496754627e-11       2.812686369629e-12      -8.016795860107e-12       0.000000000000e+00       6.204476784801e-16       4.893219770554e-16      -4.452812347351e-17 
 1483       8.690857843561e-11       2.787932504601e-12      -8.015009418178e-12       0.000000000000e+00       6.187722164234e-16       4.886806857145e-16      -4.408203201513e-17 
 1484       8.709156290357e-11       2.763124325788e-12      -8.011639401801e-12       0.000000000000e+00       6.171023315641e-16       4.880073503149e-16      -4.363417952409e-17 
 1485       8.727380468822e-11       2.738269919300e-12      -8.006689794777e-12       0.000000000000e+00       6.154380010315e-16       4.873032485905e-16      -4.318476924513e-17 
 1486       8.745518691473e-11       2.713377414896e-12      -8.000164627988e-12       0.000000000000e+00       6.137792016761e-16       4.865696656513e-16      -4.273400553244e-17 
 1487       8.763559209443e-11       2.688454986061e-12      -7.992067979486e-12       0.000000000000e+00       6.121259100688e-16       4.858078939957e-16      -4.228209385158e-17 
 1488       8.781490212376e-11       2.663510850078e-12      -7.982403974593e-12       0.000000000000e+00       6.104781025006e-16       4.850192335234e-16      -4.182924078134e-17 
 1489       8.799299828323e-11       2.638553268103e-12      -7.971176785988e-12       0.000000000000e+00       6.088357549818e-16       4.842049915480e-16      -4.137565401558e-17 
 1490       8.816976123640e-11       2.613590545237e-12      -7.958390633805e-12       0.000000000000e+00       6.071988432414e-16       4.833664828099e-16      -4.092154236515e-17 
 1491       8.834507102888e-11       2.588631030597e-12      -7.944049785724e-12       0.000000000000e+00       6.055673427268e-16       4.825050294886e-16      -4.046711575972e-17 
 1492       8.851880708730e-11       2.563683117394e-12      -7.928158557067e-12       0.000000000000e+00       6.039412286028e-16       4.816219612157e-16      -4.001258524967e-17 
 1493       8.869084821825e-11       2.538755243003e-12      -7.910721310887e-12       0.000000000000e+00       6.023204757515e-16       4.807186150873e-16      -3.955816300795e-17 
 1494       8.886107260733e-11       2.513855889036e-12      -7.891742458066e-12       0.000000000000e+00       6.007050587712e-16       4.797963356769e-16      -3.910406233198e-17 
 1495       8.902935781805e-11       2.488993581418e-12      -7.871226457407e-12       0.000000000000e+00       5.990949519764e-16       4.788564750482e-16      -3.865049764545e-17 
 1496       8.919558079085e-11       2.464176890456e-12      -7.849177815727e-12       0.000000000000e+00       5.974901293967e-16       4.779003927671e-16      -3.819768450030e-17 
 1497       8.935961784208e-11       2.439414430918e-12      -7.825601087949e-12       0.000000000000e+00       5.958905647764e-16       4.769294559153e-16      -3.774583957847e-17 
 1498       8.952134466295e-11       2.414714862100e-12      -7.800500877200e-12       0.000000000000e+00       5.942962315743e-16       4.759450391022e-16      -3.729518069386e-17 
 1499       8.968063631854e-11       2.390086887904e-12      -7.773881834899e-12       0.000000000000e+00       5.927071029624e-16       4.749485244781e-16      -3.684592679417e-17 
 1500       8.983736724674e-11       2.365539256910e-12      -7.745748660854e-12       0.000000000000e+00       5.911231518259e-16       4.739413017465e-16      -3.639829796275e-17 
 1501       8.999141125727e-11       2.341080762447e-12      -7.716106103356e-12       0.000000000000e+00       5.895443507626e-16       4.729247681771e-16      -3.595251542052e-17 
 1502       9.014265295418e-11       2.316719656425e-12      -7.684961346288e-12       0.000000000000e+00       5.879706743624e-16       4.719001573834e-16      -3.550875378314e-17 
 1503       9.029102212722e-11       2.292461884431e-12      -7.652331195705e-12       0.000000000000e+00       5.864021060733e-16       4.708680238074e-16      -3.506699732034e-17 
 1504       9.043645969338e-11       2.268312833588e-12      -7.618234963427e-12       0.000000000000e+00       5.848386314015e-16       4.698287532403e-16      -3.462718230058e-17 
 1505       9.057890630325e-11       2.244277917288e-12      -7.582692086592e-12       0.000000000000e+00       5.832802356362e-16       4.687827336047e-16      -3.418924460800e-17 
 1506       9.071830234068e-11       2.220362575228e-12      -7.545722127870e-12       0.000000000000e+00       5.817269038495e-16       4.677303549590e-16      -3.375311974173e-17 
 1507       9.085458792229e-11       2.196572273454e-12      -7.507344775690e-12       0.000000000000e+00       5.801786208956e-16       4.666720095001e-16      -3.331874281524e-17 
 1508       9.098770289709e-11       2.172912504407e-12      -7.467579844459e-12       0.000000000000e+00       5.786353714108e-16       4.656080915678e-16      -3.288604855570e-17 
 1509       9.111758684606e-11       2.149388786958e-12      -7.426447274779e-12       0.000000000000e+00       5.770971398124e-16       4.645389976475e-16      -3.245497130326e-17 
 1510       9.124417908175e-11       2.126006666456e-12      -7.383967133672e-12       0.000000000000e+00       5.755639102988e-16       4.634651263748e-16      -3.202544501040e-17 
 1511       9.136741864782e-11       2.102771714767e-12      -7.340159614795e-12       0.000000000000e+00       5.740356668488e-16       4.623868785379e-16      -3.159740324132e-17 
 1512       9.148724431868e-11       2.079689530317e-12      -7.295045038667e-12       0.000000000000e+00       5.725123932212e-16       4.613046570824e-16      -3.117077917116e-17 
 1513       9.160359459903e-11       2.056765738135e-12      -7.248643852884e-12       0.000000000000e+00       5.709940729543e-16       4.602188671137e-16      -3.074550558544e-17 
 1514       9.171640772347e-11       2.034005989892e-12      -7.200976632340e-12       0.000000000000e+00       5.694806893655e-16       4.591299159016e-16      -3.032151487933e-17 
 1515       9.182562165606e-11       2.011415963948e-12      -7.152064079450e-12       0.000000000000e+00       5.679722255508e-16       4.580382128831e-16      -2.989873905701e-17 
 1516       9.193117408995e-11       1.989001365390e-12      -7.101927024369e-12       0.000000000000e+00       5.664686643844e-16       4.569441696664e-16      -2.947710973099e-17 
 1517       9.203300244691e-11       1.966767926075e-12      -7.050586425211e-12       0.000000000000e+00       5.649699885182e-16       4.558482000342e-16      -2.905655812145e-17 
 1518       9.213104387694e-11       1.944721404673e-12      -6.998063368271e-12       0.000000000000e+00       5.634761803813e-16       4.547507199476e-16      -2.863701505557e-17 
 1519       9.222523525786e-11       1.922867586709e-12      -6.944379068245e-12       0.000000000000e+00       5.619872221796e-16       4.536521475495e-16      -2.821841096686e-17 
 1520       9.231551319488e-11       1.901212284604e-12      -6.889554868451e-12       0.000000000000e+00       5.605030958954e-16       4.525529031680e-16      -2.780067589449e-17 
 1521       9.240181402020e-11       1.879761337719e-12      -6.833612241047e-12       0.000000000000e+00       5.590237832869e-16       4.514534093202e-16      -2.738373948262e-17 
 1522       9.248407379259e-11       1.858520612394e-12      -6.776572787253e-12       0.000000000000e+00       5.575492658875e-16       4.503540907158e-16      -2.696753097978e-17 
 1523       9.256222829694e-11       1.837496001994e-12      -6.718458237573e-12       0.000000000000e+00       5.560795250060e-16       4.492553742605e-16      -2.655197923811e-17 
 1524       9.263621304392e-11       1.816693426947e-12      -6.659290452012e-12       0.000000000000e+00       5.546145417253e-16       4.481576890596e-16      -2.613701271278e-17 
 1525       9.270596326947e-11       1.796118834791e-12      -6.599091420298e-12       0.000000000000e+00       5.531542969025e-16       4.470614664218e-16      -2.572255946127e-17 
 1526       9.277141393448e-11       1.775778200211e-12      -6.537883262104e-12       0.000000000000e+00       5.516987711684e-16       4.459671398624e-16      -2.530854714274e-17 
 1527       9.283249972429e-11       1.755677525084e-12      -6.475688227265e-12       0.000000000000e+00       5.502479449268e-16       4.448751451072e-16      -2.489490301733e-17 
 1528       9.288915504833e-11       1.735822838520e-12      -6.412528696000e-12       0.000000000000e+00       5.488017983543e-16       4.437859200958e-16      -2.448155394549e-17 
 1529       9.294131403967e-11       1.716220196905e-12      -6.348427179133e-12       0.000000000000e+00       5.473603113997e-16       4.426999049856e-16      -2.406842638737e-17 
 1530       9.298891055465e-11       1.696875683943e-12      -6.283406318314e-12       0.000000000000e+00       5.459234637836e-16       4.416175421548e-16      -2.365544640207e-17 
 1531       9.303187817241e-11       1.677795410698e-12      -6.217488886235e-12       0.000000000000e+00       5.444912349978e-16       4.405392762064e-16      -2.324253964704e-17 
 1532       9.307015019450e-11       1.658985515634e-12      -6.150697786856e-12       0.000000000000e+00       5.430636043051e-16       4.394655539715e-16      -2.282963137737e-17 
 1533       9.310365964447e-11       1.640452164661e-12      -6.083056055622e-12       0.000000000000e+00       5.416405507387e-16       4.383968245132e-16      -2.241664644515e-17 
 1534       9.313233926744e-11       1.622201551174e-12      -6.014586859684e-12       0.000000000000e+00       5.402220531018e-16       4.373335391299e-16      -2.200350929879e-17 
 1535       9.315612152970e-11       1.604239896096e-12      -5.945313498119e-12       0.000000000000e+00       5.388080899669e-16       4.362761513588e-16      -2.159014398235e-17 
 1536       9.317493861828e-11       1.586573447921e-12      -5.875259402152e-12       0.000000000000e+00       5.373986396757e-16       4.352251169799e-16      -2.117647413487e-17 
 1537       9.318872244055e-11       1.569208482753e-12      -5.804448135376e-12       0.000000000000e+00       5.359936803384e-16       4.341808940190e-16      -2.076242298974e-17 
 1538       9.319740462378e-11       1.552151304354e-12      -5.732903393967e-12       0.000000000000e+00       5.345931898335e-16       4.331439427518e-16      -2.034791337396e-17 
 1539       9.320091651474e-11       1.535408244179e-12      -5.660649006915e-12       0.000000000000e+00       5.331971458070e-16       4.321147257070e-16      -1.993286770755e-17 
 1540       9.319918917930e-11       1.518985661425e-12      -5.587708936234e-12       0.000000000000e+00       5.318055256722e-16       4.310937076705e-16      -1.951720800282e-17 
 1541       9.319216626384e-11       1.502889068295e-12      -5.514107262952e-12       0.000000000000e+00       5.304183084508e-16       4.300811473960e-16      -1.910087943865e-17 
 1542       9.317984271402e-11       1.487120496646e-12      -5.439868144466e-12       0.000000000000e+00       5.290354803168e-16       4.290764705706e-16      -1.868392132919e-17 
 1543       9.316222642273e-11       1.471681106434e-12      -5.365015857223e-12       0.000000000000e+00       5.276570291042e-16       4.280788909043e-16      -1.826639682749e-17 
 1544       9.313932540182e-11       1.456572058209e-12      -5.289574811131e-12       0.000000000000e+00       5.262829424701e-16       4.270876178759e-16      -1.784836941222e-17 
 1545       9.311114778234e-11       1.441794513119e-12      -5.213569549786e-12       0.000000000000e+00       5.249132078940e-16       4.261018567254e-16      -1.742990288823e-17 
 1546       9.307770181474e-11       1.427349632902e-12      -5.137024750686e-12       0.000000000000e+00       5.235478126775e-16       4.251208084471e-16      -1.701106138704e-17 
 1547       9.303899586917e-11       1.413238579888e-12      -5.059965225455e-12       0.000000000000e+00       5.221867439443e-16       4.241436697833e-16      -1.659190936739e-17 
 1548       9.299503843564e-11       1.399462516998e-12      -4.982415920059e-12       0.000000000000e+00       5.208299886391e-16       4.231696332164e-16      -1.617251161574e-17 
 1549       9.294583812431e-11       1.386022607735e-12      -4.904401915029e-12       0.000000000000e+00       5.194775335280e-16       4.221978869627e-16      -1.575293324683e-17 
 1550       9.289140366569e-11       1.372920016193e-12      -4.825948425678e-12       0.000000000000e+00       5.181293651978e-16       4.212276149652e-16      -1.533323970415e-17 
 1551       9.283174391088e-11       1.360155907042e-12      -4.747080802321e-12       0.000000000000e+00       5.167854700554e-16       4.202579968864e-16      -1.491349676051e-17 
 1552       9.276686783182e-11       1.347731445538e-12      -4.667824530497e-12       0.000000000000e+00       5.154458343280e-16       4.192882081018e-16      -1.449377051854e-17 
 1553       9.269678452153e-11       1.335647797511e-12      -4.588205231186e-12       0.000000000000e+00       5.141104440623e-16       4.183174196928e-16      -1.407412741121e-17 
 1554       9.262150319428e-11       1.323906129371e-12      -4.508248661029e-12       0.000000000000e+00       5.127792851241e-16       4.173447984395e-16      -1.365463420239e-17 
 1555       9.254103318592e-11       1.312507608100e-12      -4.427980712549e-12       0.000000000000e+00       5.114523431983e-16       4.163695068141e-16      -1.323535798730e-17 
 1556       9.245538395404e-11       1.301453401252e-12      -4.347427414370e-12       0.000000000000e+00       5.101296037884e-16       4.153907029738e-16      -1.281636619312e-17 
 1557       9.236456507822e-11       1.290744676953e-12      -4.266614931434e-12       0.000000000000e+00       5.088110522158e-16       4.144075407538e-16      -1.239772657945e-17 
 1558       9.226858626030e-11       1.280382603895e-12      -4.185569565226e-12       0.000000000000e+00       5.074966736199e-16       4.134191696604e-16      -1.197950723885e-17 
 1559       9.216745732457e-11       1.270368351337e-12      -4.104317753990e-12       0.000000000000e+00       5.061864529574e-16       4.124247348642e-16      -1.156177659738e-17 
 1560       9.206118821801e-11       1.260703089101e-12      -4.022886072948e-12       0.000000000000e+00       5.048803750024e-16       4.114233771928e-16      -1.114460341511e-17 
 1561       9.194978901055e-11       1.251387987572e-12      -3.941301234523e-12       0.000000000000e+00       5.035784243454e-16       4.104142331243e-16      -1.072805678664e-17 
 1562       9.183326989529e-11       1.242424217693e-12      -3.859590088553e-12       0.000000000000e+00       5.022805853933e-16       4.093964347800e-16      -1.031220614162e-17 
 1563       9.171164118871e-11       1.233812950966e-12      -3.777779622520e-12       0.000000000000e+00       5.009868423691e-16       4.083691099177e-16      -9.897121245281e-18 
 1564       9.158491333095e-11       1.225555359448e-12      -3.695896961758e-12       0.000000000000e+00       4.996971793114e-16       4.073313819244e-16      -9.482872198975e-18 
 1565       9.145309688600e-11       1.217652615749e-12      -3.613969369681e-12       0.000000000000e+00       4.984115800741e-16       4.062823698099e-16      -9.069529440663e-18 
 1566       9.131620254197e-11       1.210105893030e-12      -3.532024248001e-12       0.000000000000e+00       4.971300283259e-16       4.052211881993e-16      -8.657163745461e-18 
 1567       9.117424111129e-11       1.202916365004e-12      -3.450089136946e-12       0.000000000000e+00       4.958525075501e-16       4.041469473264e-16      -8.245846226158e-18 
 1568       9.102722353098e-11       1.196085205927e-12      -3.368191715479e-12       0.000000000000e+00       4.945790010442e-16       4.030587530266e-16      -7.835648333738e-18 
 1569       9.087516086284e-11       1.189613590602e-12      -3.286359801521e-12       0.000000000000e+00       4.933094919195e-16       4.019557067301e-16      -7.426641857906e-18 
 1570       9.071806429374e-11       1.183502694376e-12      -3.204621352168e-12       0.000000000000e+00       4.920439631007e-16       4.008369054548e-16      -7.018898927608e-18 
 1571       9.055594513578e-11       1.177753693135e-12      -3.123004463911e-12       0.000000000000e+00       4.907823973258e-16       3.997014417994e-16      -6.612492011555e-18 
 1572       9.038881482661e-11       1.172367763306e-12      -3.041537372856e-12       0.000000000000e+00       4.895247771452e-16       3.985484039364e-16      -6.207493918748e-18 
 1573       9.021668492959e-11       1.167346081850e-12      -2.960248454943e-12       0.000000000000e+00       4.882710849218e-16       3.973768756053e-16      -5.803977798999e-18 
 1574       9.003956713406e-11       1.162689826265e-12      -2.879166226167e-12       0.000000000000e+00       4.870213028307e-16       3.961859361057e-16      -5.402017143456e-18 
 1575       8.985747325558e-11       1.158400174581e-12      -2.798319342797e-12       0.000000000000e+00       4.857754128584e-16       3.949746602899e-16      -5.001685785125e-18 
 1576       8.967041523614e-11       1.154478305356e-12      -2.717736601594e-12       0.000000000000e+00       4.845333968027e-16       3.937421185565e-16      -4.603057899392e-18 
 1577       8.947840514440e-11       1.150925397680e-12      -2.637446940035e-12       0.000000000000e+00       4.832952362724e-16       3.924873768433e-16      -4.206208004550e-18 
 1578       8.928145517594e-11       1.147742631168e-12      -2.557479436526e-12       0.000000000000e+00       4.820609126868e-16       3.912094966201e-16      -3.811210962319e-18 
 1579       8.907957765348e-11       1.144931185959e-12      -2.477863310628e-12       0.000000000000e+00       4.808304072753e-16       3.899075348819e-16      -3.418141978368e-18 
 1580       8.887279306444e-11       1.142491531323e-12      -2.398625851864e-12       0.000000000000e+00       4.796037025853e-16       3.885807890617e-16      -3.027066171206e-18 
 1581       8.866115425454e-11       1.140421284286e-12      -2.319786184742e-12       0.000000000000e+00       4.783807870200e-16       3.872295342612e-16      -2.638007172162e-18 
 1582       8.844472245868e-11       1.138717331178e-12      -2.241361446442e-12       0.000000000000e+00       4.771616503420e-16       3.858542928316e-16      -2.250978235719e-18 
 1583       8.822355928452e-11       1.137376537181e-12      -2.163368853106e-12       0.000000000000e+00       4.759462821682e-16       3.844555900789e-16      -1.865992644795e-18 
 1584       8.799772671316e-11       1.136395746300e-12      -2.085825699962e-12       0.000000000000e+00       4.747346719700e-16       3.830339542682e-16      -1.483063710758e-18 
 1585       8.776728709973e-11       1.135771781324e-12      -2.008749361436e-12       0.000000000000e+00       4.735268090730e-16       3.815899166290e-16      -1.102204773457e-18 
 1586       8.753230317398e-11       1.135501443786e-12      -1.932157291282e-12       0.000000000000e+00       4.723226826563e-16       3.801240113595e-16      -7.234292012340e-19 
 1587       8.729283804097e-11       1.135581513933e-12      -1.856067022695e-12       0.000000000000e+00       4.711222817527e-16       3.786367756318e-16      -3.467503909535e-19 
 1588       8.704895518163e-11       1.136008750686e-12      -1.780496168433e-12       0.000000000000e+00       4.699255952480e-16       3.771287495966e-16       2.781823197885e-20 
 1589       8.680071845339e-11       1.136779891605e-12      -1.705462420937e-12       0.000000000000e+00       4.687326118812e-16       3.756004763882e-16       4.002632135932e-19 
 1590       8.654819209083e-11       1.137891652853e-12      -1.630983552454e-12       0.000000000000e+00       4.675433202436e-16       3.740525021288e-16       7.705710713337e-19 
 1591       8.629144070627e-11       1.139340729157e-12      -1.557077415152e-12       0.000000000000e+00       4.663577087789e-16       3.724853759339e-16       1.138728294036e-18 
 1592       8.603052929040e-11       1.141123793775e-12      -1.483761941245e-12       0.000000000000e+00       4.651757657830e-16       3.708996499169e-16       1.504721341907e-18 
 1593       8.576552321290e-11       1.143237498460e-12      -1.411055143109e-12       0.000000000000e+00       4.639974794034e-16       3.692958791938e-16       1.868536646499e-18 
 1594       8.549648822306e-11       1.145678473419e-12      -1.338975113406e-12       0.000000000000e+00       4.628228376389e-16       3.676746218882e-16       2.230160610692e-18 
 1595       8.522349045041e-11       1.148443327285e-12      -1.267540025201e-12       0.000000000000e+00       4.616518283398e-16       3.660364391360e-16       2.589579608669e-18 
 1596       8.494659640531e-11       1.151528647070e-12      -1.196768132083e-12       0.000000000000e+00       4.604844392070e-16       3.643818950903e-16       2.946779985895e-18 
 1597       8.466587297960e-11       1.154930998139e-12      -1.126677768286e-12       0.000000000000e+00       4.593206577921e-16       3.627115569261e-16       3.301748059093e-18 
 1598       8.438138744722e-11       1.158646924168e-12      -1.057287348810e-12       0.000000000000e+00       4.581604714969e-16       3.610259948453e-16       3.654470116225e-18 
 1599       8.409320746480e-11       1.162672947108e-12      -9.886153695377e-13       0.000000000000e+00       4.570038675732e-16       3.593257820814e-16       4.004932416468e-18 
 1600       8.380140107230e-11       1.167005567151e-12      -9.206804073568e-13       0.000000000000e+00       4.558508331226e-16       3.576114949042e-16       4.353121190192e-18 
 1601       8.350603669366e-11       1.171641262692e-12      -8.535011202807e-13       0.000000000000e+00       4.547013550961e-16       3.558837126249e-16       4.699022638940e-18 
 1602       8.320718313735e-11       1.176576490293e-12      -7.870962475677e-13       0.000000000000e+00       4.535554202938e-16       3.541430176009e-16       5.042622935403e-18 
 1603       8.290490959704e-11       1.181807684648e-12      -7.214846098413e-13       0.000000000000e+00       4.524130153645e-16       3.523899952402e-16       5.383908223397e-18 
 1604       8.259928565223e-11       1.187331258545e-12      -6.566851092101e-13       0.000000000000e+00       4.512741268058e-16       3.506252340066e-16       5.722864617848e-18 
 1605       8.229038126883e-11       1.193143602830e-12      -5.927167293884e-13       0.000000000000e+00       4.501387409633e-16       3.488493254247e-16       6.059478204761e-18 
 1606       8.197826679980e-11       1.199241086373e-12      -5.295985358160e-13       0.000000000000e+00       4.490068440306e-16       3.470628640841e-16       6.393735041203e-18 
 1607       8.166301298577e-11       1.205620056027e-12      -4.673496757785e-13       0.000000000000e+00       4.478784220493e-16       3.452664476448e-16       6.725621155281e-18 
 1608       8.134469095566e-11       1.212276836599e-12      -4.059893785271e-13       0.000000000000e+00       4.467534609079e-16       3.434606768416e-16       7.055122546119e-18 
 1609       8.102337222730e-11       1.219207730805e-12      -3.455369553992e-13       0.000000000000e+00       4.456319463423e-16       3.416461554893e-16       7.382225183835e-18 
 1610       8.069912870805e-11       1.226409019240e-12      -2.860117999382e-13       0.000000000000e+00       4.445138639351e-16       3.398234904872e-16       7.706915009520e-18 
 1611       8.037203269542e-11       1.233876960342e-12      -2.274333880136e-13       0.000000000000e+00       4.433991991155e-16       3.379932918241e-16       8.029177935215e-18 
 1612       8.004215687768e-11       1.241607790350e-12      -1.698212779414e-13       0.000000000000e+00       4.422879371587e-16       3.361561725832e-16       8.348999843892e-18 
 1613       7.970957433448e-11       1.249597723274e-12      -1.131951106040e-13       0.000000000000e+00       4.411800631860e-16       3.343127489466e-16       8.666366589427e-18 
 1614       7.937435853752e-11       1.257842950855e-12      -5.757460957029e-14       0.000000000000e+00       4.400755621644e-16       3.324636402002e-16       8.981263996582e-18 
 1615       7.903658335108e-11       1.266339642531e-12      -2.979581216032e-15       0.000000000000e+00       4.389744189060e-16       3.306094687390e-16       9.293677860982e-18 
 1616       7.869632303271e-11       1.275083945398e-12       5.057008515630e-14       0.000000000000e+00       4.378766180683e-16       3.287508600712e-16       9.603593949091e-18 
 1617       7.835365223384e-11       1.284071984176e-12       1.030544171972e-13       0.000000000000e+00       4.367821441531e-16       3.268884428236e-16       9.910997998192e-18 
 1618       7.800864600035e-11       1.293299861174e-12       1.544533593903e-13       0.000000000000e+00       4.356909815072e-16       3.250228487461e-16       1.021587571637e-17 
 1619       7.766138006271e-11       1.302763424983e-12       2.047496505614e-13       0.000000000000e+00       4.346031155532e-16       3.231546789582e-16       1.051821330710e-17 
 1620       7.731193170765e-11       1.312457574365e-12       2.539374850871e-13       0.000000000000e+00       4.335185364978e-16       3.212844023460e-16       1.081799904837e-17 
 1621       7.696037891558e-11       1.322376948003e-12       3.020139297116e-13       0.000000000000e+00       4.324372356568e-16       3.194124562567e-16       1.111522172777e-17 
 1622       7.660680007247e-11       1.332516155151e-12       3.489760530316e-13       0.000000000000e+00       4.313592042257e-16       3.175392801770e-16       1.140987011921e-17 
 1623       7.625127397048e-11       1.342869775589e-12       3.948209255078e-13       0.000000000000e+00       4.302844332800e-16       3.156653157362e-16       1.170193298289e-17 
 1624       7.589387980862e-11       1.353432359571e-12       4.395456194767e-13       0.000000000000e+00       4.292129137745e-16       3.137910067099e-16       1.199139906530e-17 
 1625       7.553469719335e-11       1.364198427783e-12       4.831472091617e-13       0.000000000000e+00       4.281446365432e-16       3.119167990225e-16       1.227825709924e-17 
 1626       7.517380613925e-11       1.375162471293e-12       5.256227706848e-13       0.000000000000e+00       4.270795922991e-16       3.100431407513e-16       1.256249580383e-17 
 1627       7.481128706962e-11       1.386318951509e-12       5.669693820784e-13       0.000000000000e+00       4.260177716339e-16       3.081704821293e-16       1.284410388446e-17 
 1628       7.444722081713e-11       1.397662300123e-12       6.071841232965e-13       0.000000000000e+00       4.249591650180e-16       3.062992755484e-16       1.312307003287e-17 
 1629       7.408168862444e-11       1.409186919076e-12       6.462640762264e-13       0.000000000000e+00       4.239037627998e-16       3.044299755632e-16       1.339938292707e-17 
 1630       7.371477214486e-11       1.420887180500e-12       6.842063247000e-13       0.000000000000e+00       4.228515552059e-16       3.025630388936e-16       1.367303123141e-17 
 1631       7.334655344295e-11       1.432757426679e-12       7.210079545059e-13       0.000000000000e+00       4.218025323407e-16       3.006989244288e-16       1.394400359655e-17 
 1632       7.297711499518e-11       1.444791969999e-12       7.566660534003e-13       0.000000000000e+00       4.207566841862e-16       2.988380932297e-16       1.421228865944e-17 
 1633       7.260653969056e-11       1.456985092901e-12       7.911777111188e-13       0.000000000000e+00       4.197140006017e-16       2.969810085329e-16       1.447787504337e-17 
 1634       7.223491083123e-11       1.469331047834e-12       8.245400193880e-13       0.000000000000e+00       4.186744713236e-16       2.951281357540e-16       1.474075135796e-17 
 1635       7.186231213317e-11       1.481824057211e-12       8.567500719370e-13       0.000000000000e+00       4.176380859651e-16       2.932799424900e-16       1.500090619913e-17 
 1636       7.148882772677e-11       1.494458313357e-12       8.878049645088e-13       0.000000000000e+00       4.166048340162e-16       2.914368985238e-16       1.525832814913e-17 
 1637       7.111454215750e-11       1.507227978467e-12       9.177017948720e-13       0.000000000000e+00       4.155747048432e-16       2.895994758264e-16       1.551300577654e-17 
 1638       7.073954038650e-11       1.520127184558e-12       9.464376628323e-13       0.000000000000e+00       4.145476876887e-16       2.877681485609e-16       1.576492763626e-17 
 1639       7.036390779126e-11       1.533150033419e-12       9.740096702439e-13       0.000000000000e+00       4.135237716710e-16       2.859433930853e-16       1.601408226952e-17 
 1640       6.998773016625e-11       1.546290596570e-12       1.000414921021e-12       0.000000000000e+00       4.125029457842e-16       2.841256879562e-16       1.626045820388e-17 
 1641       6.961109372350e-11       1.559542915208e-12       1.025650521151e-12       0.000000000000e+00       4.114851988980e-16       2.823155139318e-16       1.650404395326e-17 
 1642       6.923408509331e-11       1.572901000167e-12       1.049713578701e-12       0.000000000000e+00       4.104705197572e-16       2.805133539749e-16       1.674482801786e-17 
 1643       6.885679132482e-11       1.586358831866e-12       1.072601203837e-12       0.000000000000e+00       4.094588969816e-16       2.787196932571e-16       1.698279888428e-17 
 1644       6.847929988668e-11       1.599910360266e-12       1.094310508828e-12       0.000000000000e+00       4.084503190659e-16       2.769350191609e-16       1.721794502540e-17 
 1645       6.810169866765e-11       1.613549504820e-12       1.114838608063e-12       0.000000000000e+00       4.074447743791e-16       2.751598212840e-16       1.745025490049e-17 
 1646       6.772407597727e-11       1.627270154428e-12       1.134182618060e-12       0.000000000000e+00       4.064422511646e-16       2.733945914417e-16       1.767971695514e-17 
 1647       6.734652054648e-11       1.641066167391e-12       1.152339657476e-12       0.000000000000e+00       4.054427375400e-16       2.716398236711e-16       1.790631962127e-17 
 1648       6.696912152824e-11       1.654931371361e-12       1.169306847122e-12       0.000000000000e+00       4.044462214966e-16       2.698960142334e-16       1.813005131718e-17 
 1649       6.659196849818e-11       1.668859563297e-12       1.185081309974e-12       0.000000000000e+00       4.034526908992e-16       2.681636616179e-16       1.835090044749e-17 
 1650       6.621515145522e-11       1.682844509416e-12       1.199660171182e-12       0.000000000000e+00       4.024621334861e-16       2.664432665451e-16       1.856885540320e-17 
 1651       6.583876082222e-11       1.696879945151e-12       1.213040558082e-12       0.000000000000e+00       4.014745368688e-16       2.647353319697e-16       1.878390456162e-17 
 1652       6.546288744658e-11       1.710959575096e-12       1.225219600212e-12       0.000000000000e+00       4.004898885314e-16       2.630403630841e-16       1.899603628647e-17 
 1653       6.508762260092e-11       1.725077072966e-12       1.236194429316e-12       0.000000000000e+00       3.995081758310e-16       2.613588673218e-16       1.920523892777e-17 
 1654       6.471305798369e-11       1.739226081548e-12       1.245962179362e-12       0.000000000000e+00       3.985293859968e-16       2.596913543604e-16       1.941150082194e-17 
 1655       6.433928571977e-11       1.753400212653e-12       1.254519986552e-12       0.000000000000e+00       3.975535061305e-16       2.580383361251e-16       1.961481029174e-17 
 1656       6.396639836118e-11       1.767593047072e-12       1.261864989330e-12       0.000000000000e+00       3.965805232055e-16       2.564003267917e-16       1.981515564630e-17 
 1657       6.359448888762e-11       1.781798134525e-12       1.267994328399e-12       0.000000000000e+00       3.956104240671e-16       2.547778427901e-16       2.001252518110e-17 
 1658       6.322364440625e-11       1.796009283638e-12       1.272907360852e-12       0.000000000000e+00       3.946431964460e-16       2.531712280400e-16       2.020690917847e-17 
 1659       6.285392718859e-11       1.810221434755e-12       1.276612323932e-12       0.000000000000e+00       3.936788320103e-16       2.515801279642e-16       2.039830592818e-17 
 1660       6.248539346749e-11       1.824429794735e-12       1.279119730097e-12       0.000000000000e+00       3.927173233400e-16       2.500040108400e-16       2.058671575997e-17 
 1661       6.211809972327e-11       1.838629547590e-12       1.280440158343e-12       0.000000000000e+00       3.917586629155e-16       2.484423421419e-16       2.077213904798e-17 
 1662       6.175210268408e-11       1.852815854462e-12       1.280584254312e-12       0.000000000000e+00       3.908028431170e-16       2.468945845368e-16       2.095457621084e-17 
 1663       6.138745932624e-11       1.866983853578e-12       1.279562730402e-12       0.000000000000e+00       3.898498562247e-16       2.453601978797e-16       2.113402771180e-17 
 1664       6.102422687459e-11       1.881128660223e-12       1.277386365870e-12       0.000000000000e+00       3.888996944182e-16       2.438386392093e-16       2.131049405874e-17 
 1665       6.066246280289e-11       1.895245366700e-12       1.274066006945e-12       0.000000000000e+00       3.879523497768e-16       2.423293627439e-16       2.148397580433e-17 
 1666       6.030222483413e-11       1.909329042304e-12       1.269612566935e-12       0.000000000000e+00       3.870078142790e-16       2.408318198770e-16       2.165447354610e-17 
 1667       5.994357094091e-11       1.923374733278e-12       1.264037026333e-12       0.000000000000e+00       3.860660798022e-16       2.393454591726e-16       2.182198792651e-17 
 1668       5.958655934582e-11       1.937377462786e-12       1.257350432928e-12       0.000000000000e+00       3.851271381228e-16       2.378697263613e-16       2.198651963307e-17 
 1669       5.923124852176e-11       1.951332230877e-12       1.249563901910e-12       0.000000000000e+00       3.841909809158e-16       2.364040643356e-16       2.214806939839e-17 
 1670       5.887769719232e-11       1.965234014448e-12       1.240688615982e-12       0.000000000000e+00       3.832575997549e-16       2.349479131459e-16       2.230663800030e-17 
 1671       5.852596433212e-11       1.979077767215e-12       1.230735825465e-12       0.000000000000e+00       3.823269861119e-16       2.335007099957e-16       2.246222626194e-17 
 1672       5.817610916720e-11       1.992858419672e-12       1.219716848406e-12       0.000000000000e+00       3.813991313567e-16       2.320618892377e-16       2.261483505183e-17 
 1673       5.782819117535e-11       2.006570879065e-12       1.207643070689e-12       0.000000000000e+00       3.804740267573e-16       2.306308823691e-16       2.276446528397e-17 
 1674       5.748227008649e-11       2.020210029351e-12       1.194525946142e-12       0.000000000000e+00       3.795516634793e-16       2.292071180277e-16       2.291111791794e-17 
 1675       5.713840588299e-11       2.033770731167e-12       1.180376996642e-12       0.000000000000e+00       3.786320325858e-16       2.277900219868e-16       2.305479395895e-17 
 1676       5.679665880009e-11       2.047247821794e-12       1.165207812228e-12       0.000000000000e+00       3.777151250374e-16       2.263790171517e-16       2.319549445799e-17 
 1677       5.645708932618e-11       2.060636115125e-12       1.149030051206e-12       0.000000000000e+00       3.768009316917e-16       2.249735235548e-16       2.333322051186e-17 
 1678       5.611975820325e-11       2.073930401631e-12       1.131855440258e-12       0.000000000000e+00       3.758894433035e-16       2.235729583514e-16       2.346797326330e-17 
 1679       5.578472642717e-11       2.087125448323e-12       1.113695774549e-12       0.000000000000e+00       3.749806505242e-16       2.221767358153e-16       2.359975390106e-17 
 1680       5.545205524807e-11       2.100215998722e-12       1.094562917838e-12       0.000000000000e+00       3.740745439018e-16       2.207842673346e-16       2.372856365999e-17 
 1681       5.512180617073e-11       2.113196772823e-12       1.074468802583e-12       0.000000000000e+00       3.731711138807e-16       2.193949614072e-16       2.385440382113e-17 
 1682       5.479404095490e-11       2.126062467061e-12       1.053425430051e-12       0.000000000000e+00       3.722703508017e-16       2.180082236365e-16       2.397727571183e-17 
 1683       5.446882161568e-11       2.138807754277e-12       1.031444870426e-12       0.000000000000e+00       3.713722449013e-16       2.166234567272e-16       2.409718070576e-17 
 1684       5.414621042385e-11       2.151427283682e-12       1.008539262916e-12       0.000000000000e+00       3.704767863122e-16       2.152400604805e-16       2.421412022311e-17 
 1685       5.382626990629e-11       2.163915680826e-12       9.847208158624e-13       0.000000000000e+00       3.695839650625e-16       2.138574317904e-16       2.432809573056e-17 
 1686       5.350906284626e-11       2.176267547563e-12       9.600018068469e-13       0.000000000000e+00       3.686937710758e-16       2.124749646387e-16       2.443910874148e-17 
 1687       5.319465228382e-11       2.188477462015e-12       9.343945828008e-13       0.000000000000e+00       3.678061941709e-16       2.110920500912e-16       2.454716081593e-17 
 1688       5.288310151613e-11       2.200539978538e-12       9.079115601126e-13       0.000000000000e+00       3.669212240618e-16       2.097080762929e-16       2.465225356082e-17 
 1689       5.257447409789e-11       2.212449627691e-12       8.805652247360e-13       0.000000000000e+00       3.660388503574e-16       2.083224284640e-16       2.475438862994e-17 
 1690       5.226883384162e-11       2.224200916197e-12       8.523681322984e-13       0.000000000000e+00       3.651590625612e-16       2.069344888954e-16       2.485356772409e-17 
 1691       5.196624481805e-11       2.235788326913e-12       8.233329082088e-13       0.000000000000e+00       3.642818500712e-16       2.055436369442e-16       2.494979259115e-17 
 1692       5.166677135648e-11       2.247206318794e-12       7.934722477658e-13       0.000000000000e+00       3.634072021798e-16       2.041492490297e-16       2.504306502617e-17 
 1693       5.137047804515e-11       2.258449326859e-12       7.627989162659e-13       0.000000000000e+00       3.625351080735e-16       2.027506986288e-16       2.513338687147e-17 
 1694       5.107742973157e-11       2.269511762155e-12       7.313257491118e-13       0.000000000000e+00       3.616655568325e-16       2.013473562716e-16       2.522076001673e-17 
 1695       5.078769152288e-11       2.280388011728e-12       6.990656519202e-13       0.000000000000e+00       3.607985374312e-16       1.999385895373e-16       2.530518639906e-17 
 1696       5.050132878624e-11       2.291072438581e-12       6.660316006302e-13       0.000000000000e+00       3.599340387372e-16       1.985237630496e-16       2.538666800311e-17 
 1697       5.021839824015e-11       2.301559993057e-12       6.322372758806e-13       0.000000000000e+00       3.590720503471e-16       1.971024149112e-16       2.546520825980e-17 
 1698       4.993892114373e-11       2.311848052792e-12       5.976989719075e-13       0.000000000000e+00       3.582125651011e-16       1.956747876785e-16       2.554081625569e-17 
 1699       4.966290987698e-11       2.321934598551e-12       5.624337043204e-13       0.000000000000e+00       3.573555765893e-16       1.942413019566e-16       2.561350256007e-17 
 1700       4.939037682885e-11       2.331817604258e-12       5.264585774608e-13       0.000000000000e+00       3.565010783187e-16       1.928023803781e-16       2.568327782978e-17 
 1701       4.912133439717e-11       2.341495036978e-12       4.897907845374e-13       0.000000000000e+00       3.556490637123e-16       1.913584476073e-16       2.575015280934e-17 
 1702       4.885579498868e-11       2.350964856915e-12       4.524476077599e-13       0.000000000000e+00       3.547995261093e-16       1.899099303422e-16       2.581413833109e-17 
 1703       4.859377101901e-11       2.360225017400e-12       4.144464184738e-13       0.000000000000e+00       3.539524587652e-16       1.884572573179e-16       2.587524531534e-17 
 1704       4.833527491263e-11       2.369273464884e-12       3.758046772953e-13       0.000000000000e+00       3.531078548509e-16       1.870008593097e-16       2.593348477052e-17 
 1705       4.808031910290e-11       2.378108138929e-12       3.365399342452e-13       0.000000000000e+00       3.522657074533e-16       1.855411691361e-16       2.598886779335e-17 
 1706       4.782891603201e-11       2.386726972196e-12       2.966698288841e-13       0.000000000000e+00       3.514260095749e-16       1.840786216615e-16       2.604140556894e-17 
 1707       4.758107815098e-11       2.395127890442e-12       2.562120904463e-13       0.000000000000e+00       3.505887541334e-16       1.826136537993e-16       2.609110937097e-17 
 1708       4.733681791964e-11       2.403308812507e-12       2.151845379751e-13       0.000000000000e+00       3.497539339619e-16       1.811467045153e-16       2.613799056185e-17 
 1709       4.709614780665e-11       2.411267650307e-12       1.736050804564e-13       0.000000000000e+00       3.489215418083e-16       1.796782148300e-16       2.618206059282e-17 
 1710       4.685908028944e-11       2.419002308825e-12       1.314917169542e-13       0.000000000000e+00       3.480915703359e-16       1.782086278223e-16       2.622333100415e-17 
 1711       4.662562785423e-11       2.426510686102e-12       8.886253674436e-14       0.000000000000e+00       3.472640121223e-16       1.767383886320e-16       2.626181342525e-17 
 1712       4.639580299601e-11       2.433790673227e-12       4.573571944979e-14       0.000000000000e+00       3.464388596600e-16       1.752679444630e-16       2.629751957483e-17 
 1713       4.616961821853e-11       2.440840154332e-12       2.129535174483e-15       0.000000000000e+00       3.456161053559e-16       1.737977445863e-16       2.633046126106e-17 
 1714       4.594708603426e-11       2.447657006580e-12      -4.193765536165e-14       0.000000000000e+00       3.447957415311e-16       1.723282403429e-16       2.636065038170e-17 
 1715       4.572821896442e-11       2.454239100157e-12      -8.644740068836e-14       0.000000000000e+00       3.439777604210e-16       1.708598851469e-16       2.638809892424e-17 
 1716       4.551302953894e-11       2.460584298263e-12      -1.313811584504e-13       0.000000000000e+00       3.431621541749e-16       1.693931344886e-16       2.641281896608e-17 
 1717       4.530153029647e-11       2.466690457106e-12      -1.767202952732e-13       0.000000000000e+00       3.423489148559e-16       1.679284459370e-16       2.643482267466e-17 
 1718       4.509373378432e-11       2.472555425889e-12      -2.224460866281e-13       0.000000000000e+00       3.415380344410e-16       1.664662791436e-16       2.645412230759e-17 
 1719       4.488965255849e-11       2.478177046803e-12      -2.685397166978e-13       0.000000000000e+00       3.407295048205e-16       1.650070958446e-16       2.647073021281e-17 
 1720       4.468929918367e-11       2.483553155020e-12      -3.149822782420e-13       0.000000000000e+00       3.399233177981e-16       1.635513598646e-16       2.648465882877e-17 
 1721       4.449268623317e-11       2.488681578683e-12      -3.617547724627e-13       0.000000000000e+00       3.391194650910e-16       1.620995371188e-16       2.649592068452e-17 
 1722       4.429982628897e-11       2.493560138897e-12      -4.088381088699e-13       0.000000000000e+00       3.383179383290e-16       1.606520956168e-16       2.650452839989e-17 
 1723       4.411073194165e-11       2.498186649718e-12      -4.562131051467e-13       0.000000000000e+00       3.375187290551e-16       1.592095054652e-16       2.651049468564e-17 
 1724       4.392541579041e-11       2.502558918151e-12      -5.038604870149e-13       0.000000000000e+00       3.367218287251e-16       1.577722388706e-16       2.651383234361e-17 
 1725       4.374389044308e-11       2.506674744134e-12      -5.517608881006e-13       0.000000000000e+00       3.359272287073e-16       1.563407701426e-16       2.651455426684e-17 
 1726       4.356616851605e-11       2.510531920532e-12      -5.998948497995e-13       0.000000000000e+00       3.351349202824e-16       1.549155756969e-16       2.651267343974e-17 
 1727       4.339226263429e-11       2.514128233132e-12      -6.482428211423e-13       0.000000000000e+00       3.343448946434e-16       1.534971340581e-16       2.650820293824e-17 
 1728       4.322218543135e-11       2.517461460626e-12      -6.967851586604e-13       0.000000000000e+00       3.335571428955e-16       1.520859258632e-16       2.650115592992e-17 
 1729       4.305594954932e-11       2.520529374610e-12      -7.455021262511e-13       0.000000000000e+00       3.327716560559e-16       1.506824338637e-16       2.649154567417e-17 
 1730       4.289356763883e-11       2.523329739572e-12      -7.943738950433e-13       0.000000000000e+00       3.319884250536e-16       1.492871429297e-16       2.647938552236e-17 
 1731       4.273505235903e-11       2.525860312885e-12      -8.433805432627e-13       0.000000000000e+00       3.312074407292e-16       1.479005400519e-16       2.646468891792e-17 
 1732       4.258041637759e-11       2.528118844793e-12      -8.925020560974e-13       0.000000000000e+00       3.304286938348e-16       1.465231143451e-16       2.644746939656e-17 
 1733       4.242967237069e-11       2.530103078410e-12      -9.417183255634e-13       0.000000000000e+00       3.296521750339e-16       1.451553570514e-16       2.642774058637e-17 
 1734       4.228283302297e-11       2.531810749706e-12      -9.910091503699e-13       0.000000000000e+00       3.288778749014e-16       1.437977615427e-16       2.640551620802e-17 
 1735       4.213991102758e-11       2.533239587500e-12      -1.040354235785e-12       0.000000000000e+00       3.281057839228e-16       1.424508233239e-16       2.638081007483e-17 
 1736       4.200091210385e-11       2.534387914775e-12      -1.089734179589e-12       0.000000000000e+00       3.273358932147e-16       1.411149552255e-16       2.635363660634e-17 
 1737       4.186581398615e-11       2.535256458189e-12      -1.139133439296e-12       0.000000000000e+00       3.265681966891e-16       1.397902321935e-16       2.632401237327e-17 
 1738       4.173458725794e-11       2.535846553797e-12      -1.188537389673e-12       0.000000000000e+00       3.258026889068e-16       1.384766443545e-16       2.629195456584e-17 
 1739       4.160720231766e-11       2.536159547131e-12      -1.237931338829e-12       0.000000000000e+00       3.250393643588e-16       1.371741816301e-16       2.625748048179e-17 
 1740       4.148362937843e-11       2.536196793208e-12      -1.287300528117e-12       0.000000000000e+00       3.242782174666e-16       1.358828337371e-16       2.622060752652e-17 
 1741       4.136383846777e-11       2.535959656553e-12      -1.336630132040e-12       0.000000000000e+00       3.235192425815e-16       1.346025901867e-16       2.618135321329e-17 
 1742       4.124779942729e-11       2.535449511208e-12      -1.385905258158e-12       0.000000000000e+00       3.227624339849e-16       1.333334402843e-16       2.613973516335e-17 
 1743       4.113548191245e-11       2.534667740751e-12      -1.435110946988e-12       0.000000000000e+00       3.220077858882e-16       1.320753731291e-16       2.609577110614e-17 
 1744       4.102685539219e-11       2.533615738310e-12      -1.484232171912e-12       0.000000000000e+00       3.212552924323e-16       1.308283776137e-16       2.604947887943e-17 
 1745       4.092188914872e-11       2.532294906576e-12      -1.533253839080e-12       0.000000000000e+00       3.205049476878e-16       1.295924424238e-16       2.600087642952e-17 
 1746       4.082055227718e-11       2.530706657823e-12      -1.582160787318e-12       0.000000000000e+00       3.197567456549e-16       1.283675560376e-16       2.594998181139e-17 
 1747       4.072281368534e-11       2.528852413919e-12      -1.630937788027e-12       0.000000000000e+00       3.190106802629e-16       1.271537067257e-16       2.589681318886e-17 
 1748       4.062864209338e-11       2.526733606342e-12      -1.679569545093e-12       0.000000000000e+00       3.182667453706e-16       1.259508825507e-16       2.584138883476e-17 
 1749       4.053800603351e-11       2.524351676197e-12      -1.728040694789e-12       0.000000000000e+00       3.175249347657e-16       1.247590713664e-16       2.578372713112e-17 
 1750       4.045087384973e-11       2.521708074232e-12      -1.776335805680e-12       0.000000000000e+00       3.167852421650e-16       1.235782608182e-16       2.572384656933e-17 
 1751       4.036721369754e-11       2.518804260846e-12      -1.824439378529e-12       0.000000000000e+00       3.160476612140e-16       1.224084383419e-16       2.566176575026e-17 
 1752       4.028699354363e-11       2.515641706115e-12      -1.872335846199e-12       0.000000000000e+00       3.153121854872e-16       1.212495911639e-16       2.559750338452e-17 
 1753       4.021018116561e-11       2.512221889798e-12      -1.920009573562e-12       0.000000000000e+00       3.145788084873e-16       1.201017063005e-16       2.553107829254e-17 
 1754       4.013674415170e-11       2.508546301358e-12      -1.967444857398e-12       0.000000000000e+00       3.138475236458e-16       1.189647705577e-16       2.546250940478e-17 
 1755       4.006664990044e-11       2.504616439975e-12      -2.014625926305e-12       0.000000000000e+00       3.131183243223e-16       1.178387705307e-16       2.539181576191e-17 
 1756       3.999986562042e-11       2.500433814559e-12      -2.061536940601e-12       0.000000000000e+00       3.123912038048e-16       1.167236926038e-16       2.531901651493e-17 
 1757       3.993635832998e-11       2.495999943771e-12      -2.108161992229e-12       0.000000000000e+00       3.116661553094e-16       1.156195229495e-16       2.524413092541e-17 
 1758       3.987609485689e-11       2.491316356032e-12      -2.154485104662e-12       0.000000000000e+00       3.109431719799e-16       1.145262475287e-16       2.516717836557e-17 
 1759       3.981904183812e-11       2.486384589543e-12      -2.200490232807e-12       0.000000000000e+00       3.102222468882e-16       1.134438520898e-16       2.508817831851e-17 
 1760       3.976516571949e-11       2.481206192295e-12      -2.246161262911e-12       0.000000000000e+00       3.095033730339e-16       1.123723221689e-16       2.500715037839e-17 
 1761       3.971443275541e-11       2.475782722092e-12      -2.291482012465e-12       0.000000000000e+00       3.087865433440e-16       1.113116430887e-16       2.492411425052e-17 
 1762       3.966680900859e-11       2.470115746557e-12      -2.336436230109e-12       0.000000000000e+00       3.080717506731e-16       1.102617999589e-16       2.483908975162e-17 
 1763       3.962226034974e-11       2.464206843154e-12      -2.381007595536e-12       0.000000000000e+00       3.073589878030e-16       1.092227776753e-16       2.475209680991e-17 
 1764       3.958075245727e-11       2.458057599201e-12      -2.425179719395e-12       0.000000000000e+00       3.066482474429e-16       1.081945609195e-16       2.466315546534e-17 
 1765       3.954225081703e-11       2.451669611885e-12      -2.468936143202e-12       0.000000000000e+00       3.059395222289e-16       1.071771341587e-16       2.457228586972e-17 
 1766       3.950672072200e-11       2.445044488278e-12      -2.512260339237e-12       0.000000000000e+00       3.052328047241e-16       1.061704816451e-16       2.447950828690e-17 
 1767       3.947412727198e-11       2.438183845349e-12      -2.555135710454e-12       0.000000000000e+00       3.045280874185e-16       1.051745874157e-16       2.438484309294e-17 
 1768       3.944443537334e-11       2.431089309984e-12      -2.597545590383e-12       0.000000000000e+00       3.038253627286e-16       1.041894352920e-16       2.428831077626e-17 
 1769       3.941760973871e-11       2.423762519000e-12      -2.639473243036e-12       0.000000000000e+00       3.031246229978e-16       1.032150088792e-16       2.418993193784e-17 
 1770       3.939361488667e-11       2.416205119156e-12      -2.680901862810e-12       0.000000000000e+00       3.024258604956e-16       1.022512915663e-16       2.408972729137e-17 
 1771       3.937241514150e-11       2.408418767173e-12      -2.721814574396e-12       0.000000000000e+00       3.017290674180e-16       1.012982665255e-16       2.398771766340e-17 
 1772       3.935397463285e-11       2.400405129750e-12      -2.762194432678e-12       0.000000000000e+00       3.010342358871e-16       1.003559167118e-16       2.388392399354e-17 
 1773       3.933825729549e-11       2.392165883572e-12      -2.802024422640e-12       0.000000000000e+00       3.003413579512e-16       9.942422486283e-17       2.377836733463e-17 
 1774       3.932522686896e-11       2.383702715334e-12      -2.841287459273e-12       0.000000000000e+00       2.996504255843e-16       9.850317349807e-17       2.367106885285e-17 
 1775       3.931484469867e-11       2.375017626170e-12      -2.879968286473e-12       0.000000000000e+00       2.989614312553e-16       9.759275590377e-17       2.356204980097e-17 
 1776       3.930706311976e-11       2.366113847675e-12      -2.918059191051e-12       0.000000000000e+00       2.982743696384e-16       9.669300918604e-17       2.345133143719e-17 
 1777       3.930183201806e-11       2.356994933467e-12      -2.955554335639e-12       0.000000000000e+00       2.975892359163e-16       9.580398148931e-17       2.333893510595e-17 
 1778       3.929910102349e-11       2.347664455480e-12      -2.992447863947e-12       0.000000000000e+00       2.969060252126e-16       9.492572103623e-17       2.322488226498e-17 
 1779       3.929881950966e-11       2.338126003989e-12      -3.028733900741e-12       0.000000000000e+00       2.962247325916e-16       9.405827612776e-17       2.310919448554e-17 
 1780       3.930093659351e-11       2.328383187638e-12      -3.064406551819e-12       0.000000000000e+00       2.955453530583e-16       9.320169514313e-17       2.299189345251e-17 
 1781       3.930540113491e-11       2.318439633467e-12      -3.099459903986e-12       0.000000000000e+00       2.948678815582e-16       9.235602653994e-17       2.287300096460e-17 
 1782       3.931216173632e-11       2.308298986937e-12      -3.133888025037e-12       0.000000000000e+00       2.941923129770e-16       9.152131885420e-17       2.275253893453e-17 
 1783       3.932116674238e-11       2.297964911961e-12      -3.167684963727e-12       0.000000000000e+00       2.935186421410e-16       9.069762070032e-17       2.263052938915e-17 
 1784       3.933236423958e-11       2.287441090926e-12      -3.200844749752e-12       0.000000000000e+00       2.928468638166e-16       8.988498077122e-17       2.250699446965e-17 
 1785       3.934570205584e-11       2.276731224722e-12      -3.233361393726e-12       0.000000000000e+00       2.921769727103e-16       8.908344783833e-17       2.238195643170e-17 
 1786       3.936112776015e-11       2.265839032769e-12      -3.265228887156e-12       0.000000000000e+00       2.915089634686e-16       8.829307075162e-17       2.225543764563e-17 
 1787       3.937858866223e-11       2.254768253043e-12      -3.296441202420e-12       0.000000000000e+00       2.908428306780e-16       8.751389843967e-17       2.212746059660e-17 
 1788       3.939803181209e-11       2.243522642103e-12      -3.326992292745e-12       0.000000000000e+00       2.901785688647e-16       8.674597990971e-17       2.199804788475e-17 
 1789       3.941940399972e-11       2.232105975119e-12      -3.356876092181e-12       0.000000000000e+00       2.895161724945e-16       8.598936424764e-17       2.186722222539e-17 
 1790       3.944265175468e-11       2.220522045897e-12      -3.386086515583e-12       0.000000000000e+00       2.888556359729e-16       8.524410061808e-17       2.173500644914e-17 
 1791       3.946772134573e-11       2.208774666907e-12      -3.414617458582e-12       0.000000000000e+00       2.881969536448e-16       8.451023826442e-17       2.160142350212e-17 
 1792       3.949455878047e-11       2.196867669308e-12      -3.442462797568e-12       0.000000000000e+00       2.875401197946e-16       8.378782650885e-17       2.146649644611e-17 
 1793       3.952310980494e-11       2.184804902978e-12      -3.469616389661e-12       0.000000000000e+00       2.868851286460e-16       8.307691475241e-17       2.133024845871e-17 
 1794       3.955331990327e-11       2.172590236538e-12      -3.496072072692e-12       0.000000000000e+00       2.862319743615e-16       8.237755247502e-17       2.119270283352e-17 
 1795       3.958513429731e-11       2.160227557380e-12      -3.521823665181e-12       0.000000000000e+00       2.855806510431e-16       8.168978923552e-17       2.105388298028e-17 
 1796       3.961849794622e-11       2.147720771693e-12      -3.546864966308e-12       0.000000000000e+00       2.849311527315e-16       8.101367467174e-17       2.091381242507e-17 
 1797       3.965335554613e-11       2.135073804491e-12      -3.571189755898e-12       0.000000000000e+00       2.842834734063e-16       8.034925850051e-17       2.077251481046e-17 
 1798       3.968965152976e-11       2.122290599638e-12      -3.594791794390e-12       0.000000000000e+00       2.836376069858e-16       7.969659051769e-17       2.063001389569e-17 
 1799       3.972733006602e-11       2.109375119877e-12      -3.617664822821e-12       0.000000000000e+00       2.829935473272e-16       7.905572059825e-17       2.048633355680e-17 
 1800       3.976633505967e-11       2.096331346857e-12      -3.639802562799e-12       0.000000000000e+00       2.823512882258e-16       7.842669869629e-17       2.034149778686e-17 
 1801       3.980661015093e-11       2.083163281154e-12      -3.661198716480e-12       0.000000000000e+00       2.817108234156e-16       7.780957484509e-17       2.019553069605e-17 
 1802       3.984809871511e-11       2.069874942308e-12      -3.681846966546e-12       0.000000000000e+00       2.810721465689e-16       7.720439915713e-17       2.004845651193e-17 
 1803       3.989074386222e-11       2.056470368839e-12      -3.701740976182e-12       0.000000000000e+00       2.804352512963e-16       7.661122182414e-17       1.990029957951e-17 
 1804       3.993448843663e-11       2.042953618282e-12      -3.720874389054e-12       0.000000000000e+00       2.798001311463e-16       7.603009311716e-17       1.975108436150e-17 
 1805       3.997927501665e-11       2.029328767210e-12      -3.739240829283e-12       0.000000000000e+00       2.791667796055e-16       7.546106338657e-17       1.960083543840e-17 
 1806       4.002504591419e-11       2.015599911261e-12      -3.756833901425e-12       0.000000000000e+00       2.785351900985e-16       7.490418306211e-17       1.944957750872e-17 
 1807       4.007174317439e-11       2.001771165165e-12      -3.773647190446e-12       0.000000000000e+00       2.779053559876e-16       7.435950265296e-17       1.929733538914e-17 
 1808       4.011930857520e-11       1.987846662771e-12      -3.789674261700e-12       0.000000000000e+00       2.772772705727e-16       7.382707274773e-17       1.914413401467e-17 
 1809       4.016768362707e-11       1.973830557076e-12      -3.804908660907e-12       0.000000000000e+00       2.766509270916e-16       7.330694401456e-17       1.898999843878e-17 
 1810       4.021680957252e-11       1.959727020247e-12      -3.819343914125e-12       0.000000000000e+00       2.760263187193e-16       7.279916720112e-17       1.883495383365e-17 
 1811       4.026662738579e-11       1.945540243651e-12      -3.832973527735e-12       0.000000000000e+00       2.754034385682e-16       7.230379313466e-17       1.867902549025e-17 
 1812       4.031707777248e-11       1.931274437882e-12      -3.845790988412e-12       0.000000000000e+00       2.747822796882e-16       7.182087272205e-17       1.852223881857e-17 
 1813       4.036810116914e-11       1.916933832787e-12      -3.857789763103e-12       0.000000000000e+00       2.741628350660e-16       7.135045694984e-17       1.836461934775e-17 
 1814       4.041964048266e-11       1.902522614125e-12      -3.868965097635e-12       0.000000000000e+00       2.735450981166e-16       7.089256166933e-17       1.820619241359e-17 
 1815       4.047164933323e-11       1.888044732943e-12      -3.879319428449e-12       0.000000000000e+00       2.729290641588e-16       7.044706164122e-17       1.804698221793e-17 
 1816       4.052408387712e-11       1.873504094715e-12      -3.888857014475e-12       0.000000000000e+00       2.723147289514e-16       7.001379563631e-17       1.788701276201e-17 
 1817       4.057690007270e-11       1.858904622597e-12      -3.897582142510e-12       0.000000000000e+00       2.717020882026e-16       6.959260157161e-17       1.772630815862e-17 
 1818       4.063005368017e-11       1.844250257448e-12      -3.905499127256e-12       0.000000000000e+00       2.710911375705e-16       6.918331650911e-17       1.756489263223e-17 
 1819       4.068350026130e-11       1.829544957857e-12      -3.912612311371e-12       0.000000000000e+00       2.704818726627e-16       6.878577665451e-17       1.740279051917e-17 
 1820       4.073719517915e-11       1.814792700167e-12      -3.918926065502e-12       0.000000000000e+00       2.698742890363e-16       6.839981735604e-17       1.724002626777e-17 
 1821       4.079109359777e-11       1.799997478500e-12      -3.924444788334e-12       0.000000000000e+00       2.692683821978e-16       6.802527310311e-17       1.707662443855e-17 
 1822       4.084515048197e-11       1.785163304777e-12      -3.929172906630e-12       0.000000000000e+00       2.686641476030e-16       6.766197752520e-17       1.691260970430e-17 
 1823       4.089932059700e-11       1.770294208751e-12      -3.933114875273e-12       0.000000000000e+00       2.680615806572e-16       6.730976339048e-17       1.674800685031e-17 
 1824       4.095355850831e-11       1.755394238024e-12      -3.936275177311e-12       0.000000000000e+00       2.674606767144e-16       6.696846260470e-17       1.658284077452e-17 
 1825       4.100781858125e-11       1.740467458073e-12      -3.938658323997e-12       0.000000000000e+00       2.668614310780e-16       6.663790620984e-17       1.641713648761e-17 
 1826       4.106205498083e-11       1.725517952279e-12      -3.940268854832e-12       0.000000000000e+00       2.662638390003e-16       6.631792438293e-17       1.625091911323e-17 
 1827       4.111622167140e-11       1.710549821944e-12      -3.941111337610e-12       0.000000000000e+00       2.656678956824e-16       6.600834643479e-17       1.608421388810e-17 
 1828       4.117027241642e-11       1.695567186322e-12      -3.941190368458e-12       0.000000000000e+00       2.650735962744e-16       6.570900080876e-17       1.591704616223e-17 
 1829       4.122416077814e-11       1.680574182642e-12      -3.940510571877e-12       0.000000000000e+00       2.644809358750e-16       6.541971507953e-17       1.574944139900e-17 
 1830       4.127784011739e-11       1.665574966128e-12      -3.939076600791e-12       0.000000000000e+00       2.638899095314e-16       6.514031595181e-17       1.558142517536e-17 
 1831       4.133126359321e-11       1.650573710031e-12      -3.936893136580e-12       0.000000000000e+00       2.633005122396e-16       6.487062925915e-17       1.541302318199e-17 
 1832       4.138438416269e-11       1.635574605646e-12      -3.933964889133e-12       0.000000000000e+00       2.627127389438e-16       6.461047996267e-17       1.524426122342e-17 
 1833       4.143715458060e-11       1.620581862343e-12      -3.930296596882e-12       0.000000000000e+00       2.621265845368e-16       6.435969214982e-17       1.507516521823e-17 
 1834       4.148952739916e-11       1.605599707585e-12      -3.925893026849e-12       0.000000000000e+00       2.615420438596e-16       6.411808903316e-17       1.490576119917e-17 
 1835       4.154145496776e-11       1.590632386960e-12      -3.920758974688e-12       0.000000000000e+00       2.609591117013e-16       6.388549294906e-17       1.473607531333e-17 
 1836       4.159288943269e-11       1.575684164199e-12      -3.914899264724e-12       0.000000000000e+00       2.603777827992e-16       6.366172535653e-17       1.456613382230e-17 
 1837       4.164378273686e-11       1.560759321202e-12      -3.908318750004e-12       0.000000000000e+00       2.597980518387e-16       6.344660683594e-17       1.439596310232e-17 
 1838       4.169408661951e-11       1.545862158065e-12      -3.901022312328e-12       0.000000000000e+00       2.592199134530e-16       6.323995708777e-17       1.422558964442e-17 
 1839       4.174375261596e-11       1.530996993103e-12      -3.893014862302e-12       0.000000000000e+00       2.586433622231e-16       6.304159493138e-17       1.405504005462e-17 
 1840       4.179273205733e-11       1.516168162873e-12      -3.884301339375e-12       0.000000000000e+00       2.580683926779e-16       6.285133830377e-17       1.388434105402e-17 
 1841       4.184097607026e-11       1.501380022201e-12      -3.874886711881e-12       0.000000000000e+00       2.574949992940e-16       6.266900425833e-17       1.371351947903e-17 
 1842       4.188843557663e-11       1.486636944206e-12      -3.864775977086e-12       0.000000000000e+00       2.569231764954e-16       6.249440896360e-17       1.354260228145e-17 
 1843       4.193506129331e-11       1.471943320321e-12      -3.853974161225e-12       0.000000000000e+00       2.563529186538e-16       6.232736770204e-17       1.337161652868e-17 
 1844       4.198080373185e-11       1.457303560323e-12      -3.842486319549e-12       0.000000000000e+00       2.557842200882e-16       6.216769486876e-17       1.320058940387e-17 
 1845       4.202561319822e-11       1.442722092353e-12      -3.830317536366e-12       0.000000000000e+00       2.552170750650e-16       6.201520397031e-17       1.302954820604e-17 
 1846       4.206943979256e-11       1.428203362943e-12      -3.817472925082e-12       0.000000000000e+00       2.546514777977e-16       6.186970762340e-17       1.285852035028e-17 
 1847       4.211223340888e-11       1.413751837041e-12      -3.803957628247e-12       0.000000000000e+00       2.540874224470e-16       6.173101755369e-17       1.268753336787e-17 
 1848       4.215394373479e-11       1.399371998032e-12      -3.789776817593e-12       0.000000000000e+00       2.535249031209e-16       6.159894459455e-17       1.251661490645e-17 
 1849       4.219452025120e-11       1.385068347766e-12      -3.774935694081e-12       0.000000000000e+00       2.529639138741e-16       6.147329868577e-17       1.234579273019e-17 
 1850       4.223391223212e-11       1.370845406580e-12      -3.759439487941e-12       0.000000000000e+00       2.524044487082e-16       6.135388887238e-17       1.217509471991e-17 
 1851       4.227206874429e-11       1.356707713326e-12      -3.743293458714e-12       0.000000000000e+00       2.518465015717e-16       6.124052330337e-17       1.200454887327e-17 
 1852       4.230893864700e-11       1.342659825390e-12      -3.726502895297e-12       0.000000000000e+00       2.512900663598e-16       6.113300923044e-17       1.183418330491e-17 
 1853       4.234447611958e-11       1.328705940246e-12      -3.709073991332e-12       0.000000000000e+00       2.507351373356e-16       6.103118297944e-17       1.166402427732e-17 
 1854       4.237865729256e-11       1.314848756786e-12      -3.691016478851e-12       0.000000000000e+00       2.501817103964e-16       6.093500012581e-17       1.149409027603e-17 
 1855       4.241146374731e-11       1.301090605042e-12      -3.672341015516e-12       0.000000000000e+00       2.496297818173e-16       6.084444602882e-17       1.132439788797e-17 
 1856       4.244287700012e-11       1.287433823860e-12      -3.653058311230e-12       0.000000000000e+00       2.490793478308e-16       6.075950592338e-17       1.115496376654e-17 
 1857       4.247287850202e-11       1.273880760909e-12      -3.633179128214e-12       0.000000000000e+00       2.485304046265e-16       6.068016491980e-17       1.098580463172e-17 
 1858       4.250144963879e-11       1.260433772694e-12      -3.612714281076e-12       0.000000000000e+00       2.479829483511e-16       6.060640800366e-17       1.081693727018e-17 
 1859       4.252857173079e-11       1.247095224566e-12      -3.591674636887e-12       0.000000000000e+00       2.474369751085e-16       6.053822003559e-17       1.064837853533e-17 
 1860       4.255422603297e-11       1.233867490733e-12      -3.570071115251e-12       0.000000000000e+00       2.468924809594e-16       6.047558575104e-17       1.048014534740e-17 
 1861       4.257839373470e-11       1.220752954272e-12      -3.547914688384e-12       0.000000000000e+00       2.463494619218e-16       6.041848976014e-17       1.031225469360e-17 
 1862       4.260105595977e-11       1.207754007140e-12      -3.525216381179e-12       0.000000000000e+00       2.458079139703e-16       6.036691654746e-17       1.014472362810e-17 
 1863       4.262219376624e-11       1.194873050188e-12      -3.501987271287e-12       0.000000000000e+00       2.452678330362e-16       6.032085047183e-17       9.977569272210e-18 
 1864       4.264178814640e-11       1.182112493166e-12      -3.478238489184e-12       0.000000000000e+00       2.447292150078e-16       6.028027576616e-17       9.810808814411e-18 
 1865       4.265982002667e-11       1.169474754741e-12      -3.453981218247e-12       0.000000000000e+00       2.441920557299e-16       6.024517653723e-17       9.644459510461e-18 
 1866       4.267627026754e-11       1.156962262501e-12      -3.429226694829e-12       0.000000000000e+00       2.436563510038e-16       6.021553676548e-17       9.478538683484e-18 
 1867       4.269111966347e-11       1.144577452976e-12      -3.403986208326e-12       0.000000000000e+00       2.431220965875e-16       6.019134030484e-17       9.313063724047e-18 
 1868       4.270434894280e-11       1.132322771639e-12      -3.378271101258e-12       0.000000000000e+00       2.425892881953e-16       6.017257088252e-17       9.148052090255e-18 
 1869       4.271593876769e-11       1.120200672925e-12      -3.352092769335e-12       0.000000000000e+00       2.420579214979e-16       6.015921209883e-17       8.983521307834e-18 
 1870       4.272586973404e-11       1.108213620238e-12      -3.325462661534e-12       0.000000000000e+00       2.415279921221e-16       6.015124742695e-17       8.819488970219e-18 
 1871       4.273412237138e-11       1.096364085964e-12      -3.298392280173e-12       0.000000000000e+00       2.409994956513e-16       6.014866021278e-17       8.655972738638e-18 
 1872       4.274067714282e-11       1.084654551480e-12      -3.270893180980e-12       0.000000000000e+00       2.404724276247e-16       6.015143367471e-17       8.492990342204e-18 
 1873       4.274551444496e-11       1.073087507170e-12      -3.242976973170e-12       0.000000000000e+00       2.399467835377e-16       6.015955090344e-17       8.330559577996e-18 
 1874       4.274861460779e-11       1.061665452431e-12      -3.214655319517e-12       0.000000000000e+00       2.394225588417e-16       6.017299486177e-17       8.168698311147e-18 
 1875       4.274995789463e-11       1.050390895688e-12      -3.185939936425e-12       0.000000000000e+00       2.388997489440e-16       6.019174838443e-17       8.007424474936e-18 
 1876       4.274952450206e-11       1.039266354402e-12      -3.156842594005e-12       0.000000000000e+00       2.383783492078e-16       6.021579417786e-17       7.846756070866e-18 
 1877       4.274729455979e-11       1.028294355086e-12      -3.127375116145e-12       0.000000000000e+00       2.378583549520e-16       6.024511482002e-17       7.686711168757e-18 
 1878       4.274324813063e-11       1.017477433311e-12      -3.097549380583e-12       0.000000000000e+00       2.373397614513e-16       6.027969276021e-17       7.527307906832e-18 
 1879       4.273736521039e-11       1.006818133719e-12      -3.067377318985e-12       0.000000000000e+00       2.368225639359e-16       6.031951031886e-17       7.368564491800e-18 
 1880       4.272962572778e-11       9.963190100384e-13      -3.036870917009e-12       0.000000000000e+00       2.363067575918e-16       6.036454968733e-17       7.210499198948e-18 
 1881       4.272000954435e-11       9.859826250881e-13      -3.006042214388e-12       0.000000000000e+00       2.357923375602e-16       6.041479292771e-17       7.053130372223e-18 
 1882       4.270849645443e-11       9.758115507941e-13      -2.974903304997e-12       0.000000000000e+00       2.352792989379e-16       6.047022197267e-17       6.896476424321e-18 
 1883       4.269506618498e-11       9.658083681990e-13      -2.943466336927e-12       0.000000000000e+00       2.347676367770e-16       6.053081862521e-17       6.740555836773e-18 
 1884       4.267969839559e-11       9.559756674729e-13      -2.911743512560e-12       0.000000000000e+00       2.342573460850e-16       6.059656455846e-17       6.585387160033e-18 
 1885       4.266237267833e-11       9.463160479256e-13      -2.879747088640e-12       0.000000000000e+00       2.337484218243e-16       6.066744131556e-17       6.430989013562e-18 
 1886       4.264306855773e-11       9.368321180169e-13      -2.847489376348e-12       0.000000000000e+00       2.332408589127e-16       6.074343030938e-17       6.277380085919e-18 
 1887       4.262176549064e-11       9.275264953688e-13      -2.814982741373e-12       0.000000000000e+00       2.327346522230e-16       6.082451282236e-17       6.124579134841e-18 
 1888       4.259844286619e-11       9.184018067758e-13      -2.782239603988e-12       0.000000000000e+00       2.322297965830e-16       6.091067000631e-17       5.972604987337e-18 
 1889       4.257308000569e-11       9.094606882171e-13      -2.749272439120e-12       0.000000000000e+00       2.317262867752e-16       6.100188288224e-17       5.821476539771e-18 
 1890       4.254565616254e-11       9.007057848671e-13      -2.716093776426e-12       0.000000000000e+00       2.312241175372e-16       6.109813234011e-17       5.671212757947e-18 
 1891       4.251615052221e-11       8.921397511072e-13      -2.682716200361e-12       0.000000000000e+00       2.307232835614e-16       6.119939913869e-17       5.521832677201e-18 
 1892       4.248454745854e-11       8.837647954558e-13      -2.649152057426e-12       0.000000000000e+00       2.302237798546e-16       6.130565074041e-17       5.373351135641e-18 
 1893       4.245085234772e-11       8.755813114894e-13      -2.615412575254e-12       0.000000000000e+00       2.297256028218e-16       6.141680170509e-17       5.225765937633e-18 
 1894       4.241507587653e-11       8.675892363537e-13      -2.581508736851e-12       0.000000000000e+00       2.292287491907e-16       6.153275298946e-17       5.079070591201e-18 
 1895       4.237722879702e-11       8.597885048799e-13      -2.547451572874e-12       0.000000000000e+00       2.287332156527e-16       6.165340508368e-17       4.933258565791e-18 
 1896       4.233732192668e-11       8.521790495800e-13      -2.513252161695e-12       0.000000000000e+00       2.282389988629e-16       6.177865801062e-17       4.788323292221e-18 
 1897       4.229536614845e-11       8.447608006433e-13      -2.478921629464e-12       0.000000000000e+00       2.277460954398e-16       6.190841132530e-17       4.644258162620e-18 
 1898       4.225137241088e-11       8.375336859322e-13      -2.444471150171e-12       0.000000000000e+00       2.272545019654e-16       6.204256411421e-17       4.501056530376e-18 
 1899       4.220535172819e-11       8.304976309782e-13      -2.409911945712e-12       0.000000000000e+00       2.267642149849e-16       6.218101499467e-17       4.358711710077e-18 
 1900       4.215731518038e-11       8.236525589782e-13      -2.375255285949e-12       0.000000000000e+00       2.262752310071e-16       6.232366211425e-17       4.217216977454e-18 
 1901       4.210727391332e-11       8.169983907901e-13      -2.340512488777e-12       0.000000000000e+00       2.257875465039e-16       6.247040315004e-17       4.076565569327e-18 
 1902       4.205523913883e-11       8.105350449290e-13      -2.305694920183e-12       0.000000000000e+00       2.253011579105e-16       6.262113530810e-17       3.936750683550e-18 
 1903       4.200122213480e-11       8.042624375633e-13      -2.270813994314e-12       0.000000000000e+00       2.248160616252e-16       6.277575532279e-17       3.797765478948e-18 
 1904       4.194523424527e-11       7.981804825106e-13      -2.235881173536e-12       0.000000000000e+00       2.243322540093e-16       6.293415945611e-17       3.659603075268e-18 
 1905       4.188728688053e-11       7.922890912338e-13      -2.200907968500e-12       0.000000000000e+00       2.238497313874e-16       6.309624349710e-17       3.522256553121e-18 
 1906       4.182739151722e-11       7.865881728371e-13      -2.165905938206e-12       0.000000000000e+00       2.233684900467e-16       6.326190276119e-17       3.385718953922e-18 
 1907       4.176555969841e-11       7.810776340618e-13      -2.130886690062e-12       0.000000000000e+00       2.228885262376e-16       6.343103208955e-17       3.249983279838e-18 
 1908       4.170180303370e-11       7.757573792828e-13      -2.095861879952e-12       0.000000000000e+00       2.224098361733e-16       6.360352584848e-17       3.115042493730e-18 
 1909       4.163613319932e-11       7.706273105041e-13      -2.060843212298e-12       0.000000000000e+00       2.219324160296e-16       6.377927792874e-17       2.980889519096e-18 
 1910       4.156856193822e-11       7.656873273551e-13      -2.025842440121e-12       0.000000000000e+00       2.214562619453e-16       6.395818174495e-17       2.847517240018e-18 
 1911       4.149910106017e-11       7.609373270866e-13      -1.990871365107e-12       0.000000000000e+00       2.209813700216e-16       6.414013023493e-17       2.714918501100e-18 
 1912       4.142776244186e-11       7.563772045666e-13      -1.955941837670e-12       0.000000000000e+00       2.205077363224e-16       6.432501585905e-17       2.583086107416e-18 
 1913       4.135455802697e-11       7.520068522768e-13      -1.921065757013e-12       0.000000000000e+00       2.200353568744e-16       6.451273059965e-17       2.452012824456e-18 
 1914       4.127949982629e-11       7.478261603079e-13      -1.886255071196e-12       0.000000000000e+00       2.195642276664e-16       6.470316596033e-17       2.321691378062e-18 
 1915       4.120259991781e-11       7.438350163563e-13      -1.851521777192e-12       0.000000000000e+00       2.190943446498e-16       6.489621296537e-17       2.192114454378e-18 
 1916       4.112387044681e-11       7.400333057198e-13      -1.816877920958e-12       0.000000000000e+00       2.186257037385e-16       6.509176215905e-17       2.063274699793e-18 
 1917       4.104332362593e-11       7.364209112936e-13      -1.782335597495e-12       0.000000000000e+00       2.181583008083e-16       6.528970360506e-17       1.935164720882e-18 
 1918       4.096097173534e-11       7.329977135663e-13      -1.747906950908e-12       0.000000000000e+00       2.176921316978e-16       6.548992688583e-17       1.807777084353e-18 
 1919       4.087682712273e-11       7.297635906161e-13      -1.713604174477e-12       0.000000000000e+00       2.172271922073e-16       6.569232110188e-17       1.681104316987e-18 
 1920       4.079090220351e-11       7.267184181065e-13      -1.679439510711e-12       0.000000000000e+00       2.167634780995e-16       6.589677487124e-17       1.555138905586e-18 
 1921       4.070320946082e-11       7.238620692829e-13      -1.645425251421e-12       0.000000000000e+00       2.163009850990e-16       6.610317632876e-17       1.429873296914e-18 
 1922       4.061376144567e-11       7.211944149678e-13      -1.611573737774e-12       0.000000000000e+00       2.158397088926e-16       6.631141312549e-17       1.305299897640e-18 
 1923       4.052257077703e-11       7.187153235574e-13      -1.577897360364e-12       0.000000000000e+00       2.153796451289e-16       6.652137242805e-17       1.181411074284e-18 
 1924       4.042965014191e-11       7.164246610175e-13      -1.544408559271e-12       0.000000000000e+00       2.149207894184e-16       6.673294091799e-17       1.058199153161e-18 
 1925       4.033501229548e-11       7.143222908795e-13      -1.511119824124e-12       0.000000000000e+00       2.144631373335e-16       6.694600479114e-17       9.356564203212e-19 
 1926       4.023867006112e-11       7.124080742363e-13      -1.478043694168e-12       0.000000000000e+00       2.140066844082e-16       6.716044975701e-17       8.137751214971e-19 
 1927       4.014063633057e-11       7.106818697384e-13      -1.445192758324e-12       0.000000000000e+00       2.135514261383e-16       6.737616103810e-17       6.925474620461e-19 
 1928       4.004092406398e-11       7.091435335900e-13      -1.412579655252e-12       0.000000000000e+00       2.130973579814e-16       6.759302336931e-17       5.719656068943e-19 
 1929       3.993954629004e-11       7.077929195449e-13      -1.380217073417e-12       0.000000000000e+00       2.126444753565e-16       6.781092099727e-17       4.520216804799e-19 
 1930       3.983651610604e-11       7.066298789026e-13      -1.348117751152e-12       0.000000000000e+00       2.121927736441e-16       6.802973767974e-17       3.327077666976e-19 
 1931       3.973184930782e-11       7.056539448595e-13      -1.316293349155e-12       0.000000000000e+00       2.117422484846e-16       6.824937715828e-17       2.140160096678e-19 
 1932       3.962557230105e-11       7.048633829564e-13      -1.284751058529e-12       0.000000000000e+00       2.112928966761e-16       6.846982474728e-17       9.593891699509e-20 
 1933       3.951771425012e-11       7.042561334258e-13      -1.253496967163e-12       0.000000000000e+00       2.108447152831e-16       6.869108621048e-17      -2.153094130364e-20 
 1934       3.940830445388e-11       7.038301261701e-13      -1.222537184986e-12       0.000000000000e+00       2.103977013389e-16       6.891316733004e-17      -1.384010334696e-19 
 1935       3.929737234585e-11       7.035832807465e-13      -1.191877843994e-12       0.000000000000e+00       2.099518518454e-16       6.913607390652e-17      -2.546788660551e-19 
 1936       3.918494749439e-11       7.035135063535e-13      -1.161525098280e-12       0.000000000000e+00       2.095071637733e-16       6.935981175893e-17      -3.703719839769e-19 
 1937       3.907105960290e-11       7.036187018163e-13      -1.131485124057e-12       0.000000000000e+00       2.090636340615e-16       6.958438672476e-17      -4.854879705689e-19 
 1938       3.895573850997e-11       7.038967555732e-13      -1.101764119689e-12       0.000000000000e+00       2.086212596178e-16       6.980980465997e-17      -6.000344476350e-19 
 1939       3.883901418958e-11       7.043455456609e-13      -1.072368305714e-12       0.000000000000e+00       2.081800373182e-16       7.003607143904e-17      -7.140190755030e-19 
 1940       3.872091675126e-11       7.049629397007e-13      -1.043303924876e-12       0.000000000000e+00       2.077399640072e-16       7.026319295499e-17      -8.274495530764e-19 
 1941       3.860147644030e-11       7.057467948842e-13      -1.014577242145e-12       0.000000000000e+00       2.073010364977e-16       7.049117511937e-17      -9.403336178887e-19 
 1942       3.848072363790e-11       7.066949579595e-13      -9.861945447507e-13       0.000000000000e+00       2.068632515708e-16       7.072002386235e-17      -1.052679046155e-18 
 1943       3.835868886136e-11       7.078052652165e-13      -9.581621422075e-13       0.000000000000e+00       2.064266059760e-16       7.094974513265e-17      -1.164493652827e-18 
 1944       3.823540276426e-11       7.090755424733e-13      -9.304863663397e-13       0.000000000000e+00       2.059910964308e-16       7.118034489765e-17      -1.275785291644e-18 
 1945       3.811089613664e-11       7.105036050616e-13      -9.031735713105e-13       0.000000000000e+00       2.055567196212e-16       7.141182914333e-17      -1.386561855187e-18 
 1946       3.798519990518e-11       7.120872578129e-13      -8.762301336480e-13       0.000000000000e+00       2.051234722009e-16       7.164420387438e-17      -1.496831274931e-18 
 1947       3.785834513339e-11       7.138242950445e-13      -8.496624522731e-13       0.000000000000e+00       2.046913507919e-16       7.187747511415e-17      -1.606601521299e-18 
 1948       3.773036302175e-11       7.157125005447e-13      -8.234769485256e-13       0.000000000000e+00       2.042603519841e-16       7.211164890469e-17      -1.715880603716e-18 
 1949       3.760128490793e-11       7.177496475593e-13      -7.976800661921e-13       0.000000000000e+00       2.038304723356e-16       7.234673130680e-17      -1.824676570658e-18 
 1950       3.747114226697e-11       7.199334987773e-13      -7.722782715325e-13       0.000000000000e+00       2.034017083720e-16       7.258272840002e-17      -1.932997509710e-18 
 1951       3.733996671142e-11       7.222618063167e-13      -7.472780533071e-13       0.000000000000e+00       2.029740565871e-16       7.281964628266e-17      -2.040851547615e-18 
 1952       3.720778999157e-11       7.247323117101e-13      -7.226859228039e-13       0.000000000000e+00       2.025475134423e-16       7.305749107184e-17      -2.148246850329e-18 
 1953       3.707464399557e-11       7.273427458912e-13      -6.985084138653e-13       0.000000000000e+00       2.021220753668e-16       7.329626890348e-17      -2.255191623075e-18 
 1954       3.694056074968e-11       7.300908291801e-13      -6.747520829154e-13       0.000000000000e+00       2.016977387576e-16       7.353598593234e-17      -2.361694110394e-18 
 1955       3.680557241840e-11       7.329742712695e-13      -6.514235089868e-13       0.000000000000e+00       2.012744999792e-16       7.377664833207e-17      -2.467762596198e-18 
 1956       3.666971130464e-11       7.359907712101e-13      -6.285292937479e-13       0.000000000000e+00       2.008523553638e-16       7.401826229515e-17      -2.573405403825e-18 
 1957       3.653300984997e-11       7.391380173972e-13      -6.060760615298e-13       0.000000000000e+00       2.004313012111e-16       7.426083403301e-17      -2.678630896090e-18 
 1958       3.639550063469e-11       7.424136875559e-13      -5.840704593532e-13       0.000000000000e+00       2.000113337884e-16       7.450436977599e-17      -2.783447475340e-18 
 1959       3.625721637812e-11       7.458154487273e-13      -5.625191569557e-13       0.000000000000e+00       1.995924493302e-16       7.474887577338e-17      -2.887863583504e-18 
 1960       3.611818993871e-11       7.493409572543e-13      -5.414288468188e-13       0.000000000000e+00       1.991746440387e-16       7.499435829342e-17      -2.991887702151e-18 
 1961       3.597845431424e-11       7.529878587672e-13      -5.208062441946e-13       0.000000000000e+00       1.987579140833e-16       7.524082362338e-17      -3.095528352538e-18 
 1962       3.583804264199e-11       7.567537881701e-13      -5.006580871334e-13       0.000000000000e+00       1.983422556007e-16       7.548827806951e-17      -3.198794095664e-18 
 1963       3.569698819895e-11       7.606363696264e-13      -4.809911365100e-13       0.000000000000e+00       1.979276646949e-16       7.573672795712e-17      -3.301693532326e-18 
 1964       3.555532440196e-11       7.646332165446e-13      -4.618121760516e-13       0.000000000000e+00       1.975141374369e-16       7.598617963055e-17      -3.404235303169e-18 
 1965       3.541308480790e-11       7.687419315644e-13      -4.431280123642e-13       0.000000000000e+00       1.971016698651e-16       7.623663945326e-17      -3.506428088742e-18 
 1966       3.527030311389e-11       7.729601065425e-13      -4.249454749597e-13       0.000000000000e+00       1.966902579849e-16       7.648811380776e-17      -3.608280609547e-18 
 1967       3.512701315745e-11       7.772853225381e-13      -4.072714162834e-13       0.000000000000e+00       1.962798977686e-16       7.674060909573e-17      -3.709801626094e-18 
 1968       3.498324891669e-11       7.817151497996e-13      -3.901127117404e-13       0.000000000000e+00       1.958705851559e-16       7.699413173797e-17      -3.810999938957e-18 
 1969       3.483904451048e-11       7.862471477494e-13      -3.734762597231e-13       0.000000000000e+00       1.954623160529e-16       7.724868817445e-17      -3.911884388820e-18 
 1970       3.469443347994e-11       7.908788123886e-13      -3.573676882624e-13       0.000000000000e+00       1.950550866357e-16       7.750427180912e-17      -4.012460809592e-18 
 1971       3.454944662679e-11       7.956074181085e-13      -3.417874644229e-13       0.000000000000e+00       1.946488942610e-16       7.776082373835e-17      -4.112722862865e-18 
 1972       3.440411415928e-11       8.004301746754e-13      -3.267347560564e-13       0.000000000000e+00       1.942437365616e-16       7.801827173075e-17      -4.212661135463e-18 
 1973       3.425846640962e-11       8.053442796900e-13      -3.122087225402e-13       0.000000000000e+00       1.938396111445e-16       7.827654325552e-17      -4.312266180164e-18 
 1974       3.411253383409e-11       8.103469185718e-13      -2.982085147643e-13       0.000000000000e+00       1.934365155909e-16       7.853556548209e-17      -4.411528515659e-18 
 1975       3.396634701327e-11       8.154352645435e-13      -2.847332751183e-13       0.000000000000e+00       1.930344474559e-16       7.879526527970e-17      -4.510438626512e-18 
 1976       3.381993665210e-11       8.206064786147e-13      -2.717821374788e-13       0.000000000000e+00       1.926334042688e-16       7.905556921705e-17      -4.608986963116e-18 
 1977       3.367333358013e-11       8.258577095667e-13      -2.593542271962e-13       0.000000000000e+00       1.922333835326e-16       7.931640356192e-17      -4.707163941654e-18 
 1978       3.352656875160e-11       8.311860939365e-13      -2.474486610819e-13       0.000000000000e+00       1.918343827245e-16       7.957769428074e-17      -4.804959944059e-18 
 1979       3.337967324565e-11       8.365887560010e-13      -2.360645473950e-13       0.000000000000e+00       1.914363992955e-16       7.983936703827e-17      -4.902365317969e-18 
 1980       3.323267826646e-11       8.420628077614e-13      -2.252009858302e-13       0.000000000000e+00       1.910394306702e-16       8.010134719719e-17      -4.999370376692e-18 
 1981       3.308561514340e-11       8.476053489271e-13      -2.148570675037e-13       0.000000000000e+00       1.906434742473e-16       8.036355981772e-17      -5.095965399157e-18 
 1982       3.293851533121e-11       8.532134669004e-13      -2.050318749414e-13       0.000000000000e+00       1.902485273992e-16       8.062592965722e-17      -5.192140629879e-18 
 1983       3.279141041011e-11       8.588842367604e-13      -1.957244820652e-13       0.000000000000e+00       1.898545874719e-16       8.088838116986e-17      -5.287886278917e-18 
 1984       3.264433208602e-11       8.646147212474e-13      -1.869339541803e-13       0.000000000000e+00       1.894616517852e-16       8.115083850617e-17      -5.383192521829e-18 
 1985       3.249731219067e-11       8.704019707470e-13      -1.786593479625e-13       0.000000000000e+00       1.890697176324e-16       8.141322551272e-17      -5.478049499636e-18 
 1986       3.235038268176e-11       8.762430232746e-13      -1.708997114449e-13       0.000000000000e+00       1.886787822806e-16       8.167546573171e-17      -5.572447318777e-18 
 1987       3.220357564316e-11       8.821349044591e-13      -1.636540840051e-13       0.000000000000e+00       1.882888429704e-16       8.193748240057e-17      -5.666376051070e-18 
 1988       3.205692328502e-11       8.880746275279e-13      -1.569214963523e-13       0.000000000000e+00       1.878998969156e-16       8.219919845162e-17      -5.759825733671e-18 
 1989       3.191045794393e-11       8.940591932905e-13      -1.507009705145e-13       0.000000000000e+00       1.875119413039e-16       8.246053651166e-17      -5.852786369029e-18 
 1990       3.176421208311e-11       9.000855901230e-13      -1.449915198251e-13       0.000000000000e+00       1.871249732962e-16       8.272141890160e-17      -5.945247924852e-18 
 1991       3.161821829254e-11       9.061507939524e-13      -1.397921489105e-13       0.000000000000e+00       1.867389900268e-16       8.298176763607e-17      -6.037200334059e-18 
 1992       3.147250928914e-11       9.122517682407e-13      -1.351018536770e-13       0.000000000000e+00       1.863539886035e-16       8.324150442304e-17      -6.128633494743e-18 
 1993       3.132711791688e-11       9.183854639691e-13      -1.309196212976e-13       0.000000000000e+00       1.859699661071e-16       8.350055066344e-17      -6.219537270128e-18 
 1994       3.118207714701e-11       9.245488196223e-13      -1.272444301994e-13       0.000000000000e+00       1.855869195920e-16       8.375882745080e-17      -6.309901488527e-18 
 1995       3.103742007814e-11       9.307387611731e-13      -1.240752500505e-13       0.000000000000e+00       1.852048460856e-16       8.401625557082e-17      -6.399715943306e-18 
 1996       3.089317993646e-11       9.369522020659e-13      -1.214110417471e-13       0.000000000000e+00       1.848237425887e-16       8.427275550104e-17      -6.488970392835e-18 
 1997       3.074939007586e-11       9.431860432014e-13      -1.192507574007e-13       0.000000000000e+00       1.844436060749e-16       8.452824741040e-17      -6.577654560453e-18 
 1998       3.060608397810e-11       9.494371729211e-13      -1.175933403248e-13       0.000000000000e+00       1.840644334911e-16       8.478265115894e-17      -6.665758134425e-18 
 1999       3.046329525295e-11       9.557024669907e-13      -1.164377250223e-13       0.000000000000e+00       1.836862217574e-16       8.503588629734e-17      -6.753270767900e-18 
 2000       3.032105763840e-11       9.619787885854e-13      -1.157828371725e-13       0.000000000000e+00       1.833089677667e-16       8.528787206657e-17      -6.840182078872e-18 
 2001       3.017940500074e-11       9.682629882731e-13      -1.156275936181e-13       0.000000000000e+00       1.829326683850e-16       8.553852739752e-17      -6.926481650135e-18 
 2002       3.003837133478e-11       9.745519039994e-13      -1.159709023522e-13       0.000000000000e+00       1.825573204510e-16       8.578777091060e-17      -7.012159029246e-18 
 2003       2.989799076398e-11       9.808423610716e-13      -1.168116625057e-13       0.000000000000e+00       1.821829207767e-16       8.603552091538e-17      -7.097203728482e-18 
 2004       2.975829754060e-11       9.871311721426e-13      -1.181487643338e-13       0.000000000000e+00       1.818094661466e-16       8.628169541016e-17      -7.181605224799e-18 
 2005       2.961932604588e-11       9.934151371959e-13      -1.199810892036e-13       0.000000000000e+00       1.814369533182e-16       8.652621208166e-17      -7.265352959791e-18 
 2006       2.948111079018e-11       9.996910435288e-13      -1.223075095810e-13       0.000000000000e+00       1.810653790216e-16       8.676898830457e-17      -7.348436339648e-18 
 2007       2.934368641316e-11       1.005955665738e-12      -1.251268890174e-13       0.000000000000e+00       1.806947399598e-16       8.700994114122e-17      -7.430844735117e-18 
 2008       2.920708768388e-11       1.012205765702e-12      -1.284380821375e-13       0.000000000000e+00       1.803250328085e-16       8.724898734117e-17      -7.512567481458e-18 
 2009       2.907134640170e-11       1.018438284289e-12      -1.322390906042e-13       0.000000000000e+00       1.799562544187e-16       8.748605688058e-17      -7.593591557196e-18 
 2010       2.893648207372e-11       1.024650918031e-12      -1.365245243195e-13       0.000000000000e+00       1.795884024272e-16       8.772113368897e-17      -7.673894601966e-18 
 2011       2.880251116967e-11       1.030841546618e-12      -1.412881217017e-13       0.000000000000e+00       1.792214746508e-16       8.795421521845e-17      -7.753451847716e-18 
 2012       2.866945021520e-11       1.037008041550e-12      -1.465235919890e-13       0.000000000000e+00       1.788554688834e-16       8.818529893087e-17      -7.832238435185e-18 
 2013       2.853731579189e-11       1.043148266125e-12      -1.522246152022e-13       0.000000000000e+00       1.784903828965e-16       8.841438229789e-17      -7.910229413801e-18 
 2014       2.840612453736e-11       1.049260075427e-12      -1.583848421061e-13       0.000000000000e+00       1.781262144388e-16       8.864146280099e-17      -7.987399741562e-18 
 2015       2.827589314529e-11       1.055341316323e-12      -1.649978941717e-13       0.000000000000e+00       1.777629612362e-16       8.886653793146e-17      -8.063724284931e-18 
 2016       2.814663836554e-11       1.061389827443e-12      -1.720573635383e-13       0.000000000000e+00       1.774006209920e-16       8.908960519048e-17      -8.139177818724e-18 
 2017       2.801837700414e-11       1.067403439179e-12      -1.795568129753e-13       0.000000000000e+00       1.770391913865e-16       8.931066208907e-17      -8.213735026000e-18 
 2018       2.789112592344e-11       1.073379973670e-12      -1.874897758442e-13       0.000000000000e+00       1.766786700774e-16       8.952970614818e-17      -8.287370497953e-18 
 2019       2.776490204212e-11       1.079317244791e-12      -1.958497560609e-13       0.000000000000e+00       1.763190546993e-16       8.974673489865e-17      -8.360058733797e-18 
 2020       2.763972233526e-11       1.085213058149e-12      -2.046302280570e-13       0.000000000000e+00       1.759603428640e-16       8.996174588129e-17      -8.431774140663e-18 
 2021       2.751560383443e-11       1.091065211065e-12      -2.138246367426e-13       0.000000000000e+00       1.756025321604e-16       9.017473664682e-17      -8.502491033482e-18 
 2022       2.739256362772e-11       1.096871492570e-12      -2.234263974677e-13       0.000000000000e+00       1.752456201545e-16       9.038570475600e-17      -8.572183634878e-18 
 2023       2.727061885984e-11       1.102629683393e-12      -2.334288959843e-13       0.000000000000e+00       1.748896043889e-16       9.059464777954e-17      -8.640826075060e-18 
 2024       2.714978673216e-11       1.108337555948e-12      -2.438254884086e-13       0.000000000000e+00       1.745344823837e-16       9.080156329821e-17      -8.708392391706e-18 
 2025       2.703008450280e-11       1.113992874331e-12      -2.546095011828e-13       0.000000000000e+00       1.741802516355e-16       9.100644890278e-17      -8.774856529860e-18 
 2026       2.691152948666e-11       1.119593394301e-12      -2.657742310370e-13       0.000000000000e+00       1.738269096180e-16       9.120930219413e-17      -8.840192341816e-18 
 2027       2.679413905551e-11       1.125136863278e-12      -2.773129449516e-13       0.000000000000e+00       1.734744537816e-16       9.141012078319e-17      -8.904373587011e-18 
 2028       2.667793063805e-11       1.130621020328e-12      -2.892188801186e-13       0.000000000000e+00       1.731228815536e-16       9.160890229100e-17      -8.967373931915e-18 
 2029       2.656292171998e-11       1.136043596154e-12      -3.014852439042e-13       0.000000000000e+00       1.727721903382e-16       9.180564434874e-17      -9.029166949917e-18 
 2030       2.644912984406e-11       1.141402313087e-12      -3.141052138106e-13       0.000000000000e+00       1.724223775161e-16       9.200034459773e-17      -9.089726121223e-18 
 2031       2.633657261016e-11       1.146694885075e-12      -3.270719374378e-13       0.000000000000e+00       1.720734404449e-16       9.219300068944e-17      -9.149024832735e-18 
 2032       2.622526767535e-11       1.151919017674e-12      -3.403785324458e-13       0.000000000000e+00       1.717253764587e-16       9.238361028555e-17      -9.207036377951e-18 
 2033       2.611523275397e-11       1.157072408036e-12      -3.540180865164e-13       0.000000000000e+00       1.713781828684e-16       9.257217105794e-17      -9.263733956849e-18 
 2034       2.600648561765e-11       1.162152744900e-12      -3.679836573153e-13       0.000000000000e+00       1.710318569614e-16       9.275868068871e-17      -9.319090675778e-18 
 2035       2.589904409543e-11       1.167157708582e-12      -3.822682724543e-13       0.000000000000e+00       1.706863960017e-16       9.294313687022e-17      -9.373079547348e-18 
 2036       2.579292607378e-11       1.172084970967e-12      -3.968649294527e-13       0.000000000000e+00       1.703417972299e-16       9.312553730510e-17      -9.425673490323e-18 
 2037       2.568814949669e-11       1.176932195495e-12      -4.117665956999e-13       0.000000000000e+00       1.699980578630e-16       9.330587970628e-17      -9.476845329505e-18 
 2038       2.558473236575e-11       1.181697037151e-12      -4.269662084170e-13       0.000000000000e+00       1.696551750944e-16       9.348416179697e-17      -9.526567795627e-18 
 2039       2.548269274016e-11       1.186377142461e-12      -4.424566746189e-13       0.000000000000e+00       1.693131460942e-16       9.366038131075e-17      -9.574813525245e-18 
 2040       2.538204873687e-11       1.190970149475e-12      -4.582308710764e-13       0.000000000000e+00       1.689719680085e-16       9.383453599153e-17      -9.621555060625e-18 
 2041       2.528281853056e-11       1.195473687759e-12      -4.742816442779e-13       0.000000000000e+00       1.686316379601e-16       9.400662359360e-17      -9.666764849633e-18 
 2042       2.518502035380e-11       1.199885378388e-12      -4.906018103915e-13       0.000000000000e+00       1.682921530480e-16       9.417664188166e-17      -9.710415245626e-18 
 2043       2.508867249702e-11       1.204202833931e-12      -5.071841552274e-13       0.000000000000e+00       1.679535103474e-16       9.434458863080e-17      -9.752478507340e-18 
 2044       2.499379330865e-11       1.208423658445e-12      -5.240214341991e-13       0.000000000000e+00       1.676157069098e-16       9.451046162657e-17      -9.792926798784e-18 
 2045       2.490040119514e-11       1.212545447462e-12      -5.411063722861e-13       0.000000000000e+00       1.672787397630e-16       9.467425866495e-17      -9.831732189125e-18 
 2046       2.480851462105e-11       1.216565787983e-12      -5.584316639953e-13       0.000000000000e+00       1.669426059109e-16       9.483597755244e-17      -9.868866652582e-18 
 2047       2.471815210911e-11       1.220482258462e-12      -5.759899733236e-13       0.000000000000e+00       1.666073023336e-16       9.499561610599e-17      -9.904302068311e-18 
 2048       2.462932865988e-11       1.224292738378e-12      -5.937738683622e-13       0.000000000000e+00       1.662728261631e-16       9.515317566635e-17      -9.938014982029e-18 
 2049       2.454204498278e-11       1.227996339376e-12      -6.117756246775e-13       0.000000000000e+00       1.659391752127e-16       9.530867166529e-17      -9.970000928290e-18 
 2050       2.445629818824e-11       1.231592480759e-12      -6.299874204494e-13       0.000000000000e+00       1.656063474516e-16       9.546212313390e-17      -1.000026021035e-17 
 2051       2.437208536106e-11       1.235080580515e-12      -6.484014016612e-13       0.000000000000e+00       1.652743408288e-16       9.561354919633e-17      -1.002879314776e-17 
 2052       2.428940356037e-11       1.238460055314e-12      -6.670096820591e-13       0.000000000000e+00       1.649431532736e-16       9.576296906994e-17      -1.005560007638e-17 
 2053       2.420824981959e-11       1.241730320507e-12      -6.858043431131e-13       0.000000000000e+00       1.646127826955e-16       9.591040206538e-17      -1.008068134844e-17 
 2054       2.412862114640e-11       1.244890790128e-12      -7.047774339764e-13       0.000000000000e+00       1.642832269838e-16       9.605586758673e-17      -1.010403733251e-17 
 2055       2.405051452269e-11       1.247940876887e-12      -7.239209714461e-13       0.000000000000e+00       1.639544840080e-16       9.619938513162e-17      -1.012566841358e-17 
 2056       2.397392690453e-11       1.250879992174e-12      -7.432269399229e-13       0.000000000000e+00       1.636265516174e-16       9.634097429135e-17      -1.014557499305e-17 
 2057       2.389885522215e-11       1.253707546057e-12      -7.626872913713e-13       0.000000000000e+00       1.632994276413e-16       9.648065475101e-17      -1.016375748878e-17 
 2058       2.382529637987e-11       1.256422947275e-12      -7.822939452799e-13       0.000000000000e+00       1.629731098892e-16       9.661844628961e-17      -1.018021633511e-17 
 2059       2.375324725608e-11       1.259025603247e-12      -8.020387886214e-13       0.000000000000e+00       1.626475961501e-16       9.675436878019e-17      -1.019495198285e-17 
 2060       2.368270470321e-11       1.261514920062e-12      -8.219136758127e-13       0.000000000000e+00       1.623228841930e-16       9.688844218995e-17      -1.020796489938e-17 
 2061       2.361366554767e-11       1.263890302481e-12      -8.419104286748e-13       0.000000000000e+00       1.619989717669e-16       9.702068658035e-17      -1.021925556860e-17 
 2062       2.354612658985e-11       1.266151153936e-12      -8.620208363934e-13       0.000000000000e+00       1.616758566003e-16       9.715112210727e-17      -1.022882449102e-17 
 2063       2.348008460403e-11       1.268296876529e-12      -8.822366554787e-13       0.000000000000e+00       1.613535364018e-16       9.727976902109e-17      -1.023667218372e-17 
 2064       2.341553633839e-11       1.270326871030e-12      -9.025496097255e-13       0.000000000000e+00       1.610320088595e-16       9.740664766685e-17      -1.024279918045e-17 
 2065       2.335247851496e-11       1.272240536877e-12      -9.229513901733e-13       0.000000000000e+00       1.607112716412e-16       9.753177848433e-17      -1.024720603158e-17 
 2066       2.329090782956e-11       1.274037272173e-12      -9.434336550666e-13       0.000000000000e+00       1.603913223946e-16       9.765518200821e-17      -1.024989330420e-17 
 2067       2.323082095179e-11       1.275716473686e-12      -9.639880298150e-13       0.000000000000e+00       1.600721587468e-16       9.777687886816e-17      -1.025086158208e-17 
 2068       2.317221452498e-11       1.277277536846e-12      -9.846061069529e-13       0.000000000000e+00       1.597537783048e-16       9.789688978899e-17      -1.025011146575e-17 
 2069       2.311508516616e-11       1.278719855747e-12      -1.005279446100e-12       0.000000000000e+00       1.594361786549e-16       9.801523559075e-17      -1.024764357249e-17 
 2070       2.305942946601e-11       1.280042823145e-12      -1.025999573922e-12       0.000000000000e+00       1.591193573631e-16       9.813193718885e-17      -1.024345853636e-17 
 2071       2.300524398884e-11       1.281245830452e-12      -1.046757984090e-12       0.000000000000e+00       1.588033119749e-16       9.824701559420e-17      -1.023755700825e-17 
 2072       2.295252527254e-11       1.282328267744e-12      -1.067546137238e-12       0.000000000000e+00       1.584880400155e-16       9.836049191332e-17      -1.022993965588e-17 
 2073       2.290126982854e-11       1.283289523749e-12      -1.088355460930e-12       0.000000000000e+00       1.581735389891e-16       9.847238734844e-17      -1.022060716385e-17 
 2074       2.285147414178e-11       1.284128985855e-12      -1.109177349613e-12       0.000000000000e+00       1.578598063799e-16       9.858272319768e-17      -1.020956023364e-17 
 2075       2.280313467068e-11       1.284846040104e-12      -1.130003164581e-12       0.000000000000e+00       1.575468396510e-16       9.869152085509e-17      -1.019679958364e-17 
 2076       2.275624784709e-11       1.285440071190e-12      -1.150824233933e-12       0.000000000000e+00       1.572346362453e-16       9.879880181086e-17      -1.018232594921e-17 
 2077       2.271081007625e-11       1.285910462463e-12      -1.171631852535e-12       0.000000000000e+00       1.569231935847e-16       9.890458765136e-17      -1.016614008266e-17 
 2078       2.266681773677e-11       1.286256595920e-12      -1.192417281979e-12       0.000000000000e+00       1.566125090708e-16       9.900890005932e-17      -1.014824275329e-17 
 2079       2.262426718057e-11       1.286477852213e-12      -1.213171750544e-12       0.000000000000e+00       1.563025800841e-16       9.911176081391e-17      -1.012863474746e-17 
 2080       2.258315473287e-11       1.286573610639e-12      -1.233886453154e-12       0.000000000000e+00       1.559934039845e-16       9.921319179090e-17      -1.010731686854e-17 
 2081       2.254347669212e-11       1.286543249144e-12      -1.254552551341e-12       0.000000000000e+00       1.556849781113e-16       9.931321496275e-17      -1.008428993699e-17 
 2082       2.250522932999e-11       1.286386144322e-12      -1.275161173203e-12       0.000000000000e+00       1.553772997828e-16       9.941185239873e-17      -1.005955479038e-17 
 2083       2.246840889133e-11       1.286101671409e-12      -1.295703413366e-12       0.000000000000e+00       1.550703662965e-16       9.950912626508e-17      -1.003311228338e-17 
 2084       2.243301159410e-11       1.285689204289e-12      -1.316170332941e-12       0.000000000000e+00       1.547641749291e-16       9.960505882509e-17      -1.000496328783e-17 
 2085       2.239903362939e-11       1.285148115487e-12      -1.336552959487e-12       0.000000000000e+00       1.544587229363e-16       9.969967243923e-17      -9.975108692765e-18 
 2086       2.236647116133e-11       1.284477776168e-12      -1.356842286970e-12       0.000000000000e+00       1.541540075530e-16       9.979298956530e-17      -9.943549404398e-18 
 2087       2.233531803678e-11       1.283677822016e-12      -1.377029873132e-12       0.000000000000e+00       1.538500261681e-16       9.988499865364e-17      -9.910295250456e-18 
 2088       2.230555889687e-11       1.282748952898e-12      -1.397109636247e-12       0.000000000000e+00       1.535467768514e-16       9.997555157125e-17      -9.875391761276e-18 
 2089       2.227717601704e-11       1.281692138804e-12      -1.417076070890e-12       0.000000000000e+00       1.532442578300e-16       1.000644654585e-16      -9.838893576583e-18 
 2090       2.225015159291e-11       1.280508354484e-12      -1.436923651644e-12       0.000000000000e+00       1.529424673144e-16       1.001515567678e-16      -9.800855558554e-18 
 2091       2.222446774013e-11       1.279198579460e-12      -1.456646833079e-12       0.000000000000e+00       1.526414034979e-16       1.002366412629e-16      -9.761332792080e-18 
 2092       2.220010649429e-11       1.277763798024e-12      -1.476240049730e-12       0.000000000000e+00       1.523410645568e-16       1.003195340179e-16      -9.720380585042e-18 
 2093       2.217704981084e-11       1.276204999253e-12      -1.495697716074e-12       0.000000000000e+00       1.520414486502e-16       1.004000494166e-16      -9.678054468582e-18 
 2094       2.215527956497e-11       1.274523177006e-12      -1.515014226502e-12       0.000000000000e+00       1.517425539201e-16       1.004780011517e-16      -9.634410197372e-18 
 2095       2.213477755152e-11       1.272719329937e-12      -1.534183955301e-12       0.000000000000e+00       1.514443784916e-16       1.005532022236e-16      -9.589503749889e-18 
 2096       2.211552548486e-11       1.270794461500e-12      -1.553201256625e-12       0.000000000000e+00       1.511469204723e-16       1.006254649401e-16      -9.543391328682e-18 
 2097       2.209750499883e-11       1.268749579952e-12      -1.572060464478e-12       0.000000000000e+00       1.508501779528e-16       1.006946009153e-16      -9.496129360647e-18 
 2098       2.208069764660e-11       1.266585698361e-12      -1.590755892687e-12       0.000000000000e+00       1.505541490065e-16       1.007604210690e-16      -9.447774497295e-18 
 2099       2.206508490056e-11       1.264303834611e-12      -1.609281834875e-12       0.000000000000e+00       1.502588316895e-16       1.008227356254e-16      -9.398383615026e-18 
 2100       2.205064815230e-11       1.261905011413e-12      -1.627632564447e-12       0.000000000000e+00       1.499642240406e-16       1.008813541129e-16      -9.348013815399e-18 
 2101       2.203736871239e-11       1.259390256304e-12      -1.645802334557e-12       0.000000000000e+00       1.496703240815e-16       1.009360853627e-16      -9.296722425402e-18 
 2102       2.202522781039e-11       1.256760601658e-12      -1.663785378089e-12       0.000000000000e+00       1.493771298163e-16       1.009867375085e-16      -9.244566997726e-18 
 2103       2.201420659468e-11       1.254017084688e-12      -1.681575907634e-12       0.000000000000e+00       1.490846392319e-16       1.010331179855e-16      -9.191605311036e-18 
 2104       2.200428613239e-11       1.251160747458e-12      -1.699168115467e-12       0.000000000000e+00       1.487928502980e-16       1.010750335292e-16      -9.137895370237e-18 
 2105       2.199544740927e-11       1.248192636884e-12      -1.716556173518e-12       0.000000000000e+00       1.485017609667e-16       1.011122901752e-16      -9.083495406754e-18 
 2106       2.198767132965e-11       1.245113804741e-12      -1.733734233357e-12       0.000000000000e+00       1.482113691726e-16       1.011446932580e-16      -9.028463878796e-18 
 2107       2.198093871627e-11       1.241925307673e-12      -1.750696426165e-12       0.000000000000e+00       1.479216728332e-16       1.011720474102e-16      -8.972859471631e-18 
 2108       2.197523031022e-11       1.238628207192e-12      -1.767436862711e-12       0.000000000000e+00       1.476326698481e-16       1.011941565621e-16      -8.916741097854e-18 
 2109       2.197052677083e-11       1.235223569692e-12      -1.783949633330e-12       0.000000000000e+00       1.473443580998e-16       1.012108239400e-16      -8.860167897664e-18 
 2110       2.196680867557e-11       1.231712466449e-12      -1.800228807899e-12       0.000000000000e+00       1.470567354531e-16       1.012218520664e-16      -8.803199239129e-18 
 2111       2.196405651994e-11       1.228095973629e-12      -1.816268435815e-12       0.000000000000e+00       1.467697997552e-16       1.012270427584e-16      -8.745894718460e-18 
 2112       2.196225071738e-11       1.224375172296e-12      -1.832062545967e-12       0.000000000000e+00       1.464835488359e-16       1.012261971273e-16      -8.688314160284e-18 
 2113       2.196137159919e-11       1.220551148417e-12      -1.847605146720e-12       0.000000000000e+00       1.461979805072e-16       1.012191155777e-16      -8.630517617911e-18 
 2114       2.196139941439e-11       1.216624992865e-12      -1.862890225883e-12       0.000000000000e+00       1.459130925636e-16       1.012055978067e-16      -8.572565373610e-18 
 2115       2.196231432962e-11       1.212597801431e-12      -1.877911750692e-12       0.000000000000e+00       1.456288827821e-16       1.011854428028e-16      -8.514517938877e-18 
 2116       2.196409642910e-11       1.208470674826e-12      -1.892663667786e-12       0.000000000000e+00       1.453453489217e-16       1.011584488456e-16      -8.456436054706e-18 
 2117       2.196672571445e-11       1.204244718686e-12      -1.907139903179e-12       0.000000000000e+00       1.450624887239e-16       1.011244135044e-16      -8.398380691863e-18 
 2118       2.197018210463e-11       1.199921043582e-12      -1.921334362241e-12       0.000000000000e+00       1.447802999126e-16       1.010831336381e-16      -8.340413051155e-18 
 2119       2.197444543586e-11       1.195500765025e-12      -1.935240929673e-12       0.000000000000e+00       1.444987801937e-16       1.010344053935e-16      -8.282594563703e-18 
 2120       2.197949546146e-11       1.190985003470e-12      -1.948853469484e-12       0.000000000000e+00       1.442179272554e-16       1.009780242051e-16      -8.224986891212e-18 
 2121       2.198531185183e-11       1.186374884323e-12      -1.962165824967e-12       0.000000000000e+00       1.439377387683e-16       1.009137847944e-16      -8.167651926240e-18 
 2122       2.199187419426e-11       1.181671537950e-12      -1.975171818676e-12       0.000000000000e+00       1.436582123848e-16       1.008414811684e-16      -8.110651792475e-18 
 2123       2.199916199289e-11       1.176876099679e-12      -1.987865252401e-12       0.000000000000e+00       1.433793457399e-16       1.007609066195e-16      -8.054048845002e-18 
 2124       2.200715466861e-11       1.171989709807e-12      -2.000239907148e-12       0.000000000000e+00       1.431011364504e-16       1.006718537241e-16      -7.997905670574e-18 
 2125       2.201583155892e-11       1.167013513608e-12      -2.012289543112e-12       0.000000000000e+00       1.428235821153e-16       1.005741143422e-16      -7.942285087886e-18 
 2126       2.202517177657e-11       1.161948770835e-12      -2.024008783756e-12       0.000000000000e+00       1.425466804941e-16       1.004675671489e-16      -7.887233573506e-18 
 2127       2.203515378451e-11       1.156797185034e-12      -2.035395774736e-12       0.000000000000e+00       1.422704300436e-16       1.003524408886e-16      -7.832731414391e-18 
 2128       2.204575581780e-11       1.151560576509e-12      -2.046449543234e-12       0.000000000000e+00       1.419948293847e-16       1.002290529320e-16      -7.778742212693e-18 
 2129       2.205695602452e-11       1.146240773040e-12      -2.057169115526e-12       0.000000000000e+00       1.417198771243e-16       1.000977219092e-16      -7.725229428764e-18 
 2130       2.206873246571e-11       1.140839609894e-12      -2.067553516974e-12       0.000000000000e+00       1.414455718554e-16       9.995876771166e-17      -7.672156380987e-18 
 2131       2.208106311522e-11       1.135358929833e-12      -2.077601772035e-12       0.000000000000e+00       1.411719121569e-16       9.981251149355e-17      -7.619486245610e-18 
 2132       2.209392585962e-11       1.129800583120e-12      -2.087312904254e-12       0.000000000000e+00       1.408988965938e-16       9.965927567321e-17      -7.567182056576e-18 
 2133       2.210729849812e-11       1.124166427532e-12      -2.096685936266e-12       0.000000000000e+00       1.406265237168e-16       9.949938393475e-17      -7.515206705354e-18 
 2134       2.212115874243e-11       1.118458328369e-12      -2.105719889799e-12       0.000000000000e+00       1.403547920629e-16       9.933316122947e-17      -7.463522940772e-18 
 2135       2.213548421668e-11       1.112678158460e-12      -2.114413785670e-12       0.000000000000e+00       1.400837001548e-16       9.916093377742e-17      -7.412093368845e-18 
 2136       2.215025245729e-11       1.106827798174e-12      -2.122766643787e-12       0.000000000000e+00       1.398132465010e-16       9.898302906889e-17      -7.360880452612e-18 
 2137       2.216544091290e-11       1.100909135429e-12      -2.130777483148e-12       0.000000000000e+00       1.395434295961e-16       9.879977586591e-17      -7.309846511962e-18 
 2138       2.218102694426e-11       1.094924065702e-12      -2.138445321843e-12       0.000000000000e+00       1.392742479204e-16       9.861150420375e-17      -7.258953723467e-18 
 2139       2.219698782407e-11       1.088874492033e-12      -2.145769177052e-12       0.000000000000e+00       1.390056999400e-16       9.841854539245e-17      -7.208164120217e-18 
 2140       2.221330073697e-11       1.082762325042e-12      -2.152748065047e-12       0.000000000000e+00       1.387377841070e-16       9.822123201828e-17      -7.157439591646e-18 
 2141       2.222994277937e-11       1.076589482931e-12      -2.159381001188e-12       0.000000000000e+00       1.384704988590e-16       9.801989794530e-17      -7.106741883367e-18 
 2142       2.224689095935e-11       1.070357891497e-12      -2.165666999929e-12       0.000000000000e+00       1.382038426196e-16       9.781487831682e-17      -7.056032597001e-18 
 2143       2.226412219657e-11       1.064069484140e-12      -2.171605074812e-12       0.000000000000e+00       1.379378137982e-16       9.760650955693e-17      -7.005273190013e-18 
 2144       2.228161332219e-11       1.057726201871e-12      -2.177194238473e-12       0.000000000000e+00       1.376724107895e-16       9.739512937200e-17      -6.954424975536e-18 
 2145       2.229934107870e-11       1.051329993321e-12      -2.182433502636e-12       0.000000000000e+00       1.374076319745e-16       9.718107675216e-17      -6.903449122209e-18 
 2146       2.231728211989e-11       1.044882814754e-12      -2.187321878117e-12       0.000000000000e+00       1.371434757195e-16       9.696469197285e-17      -6.852306654006e-18 
 2147       2.233541301070e-11       1.038386630070e-12      -2.191858374824e-12       0.000000000000e+00       1.368799403765e-16       9.674631659630e-17      -6.800958450068e-18 
 2148       2.235371022712e-11       1.031843410817e-12      -2.196042001754e-12       0.000000000000e+00       1.366170242832e-16       9.652629347302e-17      -6.749365244531e-18 
 2149       2.237215015610e-11       1.025255136202e-12      -2.199871766998e-12       0.000000000000e+00       1.363547257629e-16       9.630496674334e-17      -6.697487626364e-18 
 2150       2.239070909544e-11       1.018623793095e-12      -2.203346677734e-12       0.000000000000e+00       1.360930431247e-16       9.608268183888e-17      -6.645286039195e-18 
 2151       2.240936325369e-11       1.011951376044e-12      -2.206465740234e-12       0.000000000000e+00       1.358319746629e-16       9.585978548409e-17      -6.592720781143e-18 
 2152       2.242808875002e-11       1.005239887279e-12      -2.209227959860e-12       0.000000000000e+00       1.355715186576e-16       9.563662569771e-17      -6.539752004653e-18 
 2153       2.244686161415e-11       9.984913367222e-13      -2.211632341066e-12       0.000000000000e+00       1.353116733745e-16       9.541355179432e-17      -6.486339716324e-18 
 2154       2.246565778625e-11       9.917077420004e-13      -2.213677887397e-12       0.000000000000e+00       1.350524370647e-16       9.519091438583e-17      -6.432443776741e-18 
 2155       2.248445311679e-11       9.848911284494e-13      -2.215363601487e-12       0.000000000000e+00       1.347938079647e-16       9.496906538296e-17      -6.378023900307e-18 
 2156       2.250322336649e-11       9.780435291255e-13      -2.216688485065e-12       0.000000000000e+00       1.345357842968e-16       9.474835799679e-17      -6.323039655075e-18 
 2157       2.252194420615e-11       9.711669848141e-13      -2.217651538947e-12       0.000000000000e+00       1.342783642684e-16       9.452914674021e-17      -6.267450462577e-18 
 2158       2.254059121664e-11       9.642635440385e-13      -2.218251763044e-12       0.000000000000e+00       1.340215460726e-16       9.431178742949e-17      -6.211215597660e-18 
 2159       2.255913988869e-11       9.573352630692e-13      -2.218488156356e-12       0.000000000000e+00       1.337653278878e-16       9.409663718573e-17      -6.154294188312e-18 
 2160       2.257756562288e-11       9.503842059326e-13      -2.218359716975e-12       0.000000000000e+00       1.335097078778e-16       9.388405443638e-17      -6.096645215497e-18 
 2161       2.259584372947e-11       9.434124444203e-13      -2.217865442085e-12       0.000000000000e+00       1.332546841917e-16       9.367439891676e-17      -6.038227512986e-18 
 2162       2.261394942832e-11       9.364220580980e-13      -2.217004327960e-12       0.000000000000e+00       1.330002549642e-16       9.346803167156e-17      -5.978999767187e-18 
 2163       2.263185784879e-11       9.294151343143e-13      -2.215775369966e-12       0.000000000000e+00       1.327464183150e-16       9.326531505632e-17      -5.918920516977e-18 
 2164       2.264954402964e-11       9.223937682103e-13      -2.214177562561e-12       0.000000000000e+00       1.324931723494e-16       9.306661273898e-17      -5.857948153534e-18 
 2165       2.266698461503e-11       9.153599917695e-13      -2.212210606752e-12       0.000000000000e+00       1.322405152734e-16       9.287219875245e-17      -5.796056105077e-18 
 2166       2.268416295545e-11       9.083155604282e-13      -2.209877037698e-12       0.000000000000e+00       1.319884457406e-16       9.268198397728e-17      -5.733278503639e-18 
 2167       2.270106404106e-11       9.012621650403e-13      -2.207180111495e-12       0.000000000000e+00       1.317369625080e-16       9.249578781262e-17      -5.669664826738e-18 
 2168       2.271767280870e-11       8.942015027123e-13      -2.204123099039e-12       0.000000000000e+00       1.314860643201e-16       9.231342895629e-17      -5.605264740728e-18 
 2169       2.273397414175e-11       8.871352768103e-13      -2.200709286047e-12       0.000000000000e+00       1.312357499095e-16       9.213472540405e-17      -5.540128101014e-18 
 2170       2.274995287014e-11       8.800651969672e-13      -2.196941973075e-12       0.000000000000e+00       1.309860179962e-16       9.195949444869e-17      -5.474304952274e-18 
 2171       2.276559377025e-11       8.729929790900e-13      -2.192824475534e-12       0.000000000000e+00       1.307368672882e-16       9.178755267929e-17      -5.407845528683e-18 
 2172       2.278088156484e-11       8.659203453669e-13      -2.188360123710e-12       0.000000000000e+00       1.304882964812e-16       9.161871598032e-17      -5.340800254126e-18 
 2173       2.279580092302e-11       8.588490242745e-13      -2.183552262780e-12       0.000000000000e+00       1.302403042584e-16       9.145279953088e-17      -5.273219742423e-18 
 2174       2.281033646018e-11       8.517807505851e-13      -2.178404252835e-12       0.000000000000e+00       1.299928892909e-16       9.128961780385e-17      -5.205154797547e-18 
 2175       2.282447273793e-11       8.447172653737e-13      -2.172919468891e-12       0.000000000000e+00       1.297460502374e-16       9.112898456505e-17      -5.136656413845e-18 
 2176       2.283819426401e-11       8.376603160255e-13      -2.167101300912e-12       0.000000000000e+00       1.294997857442e-16       9.097071287245e-17      -5.067775776257e-18 
 2177       2.285148549227e-11       8.306116562427e-13      -2.160953153829e-12       0.000000000000e+00       1.292540944455e-16       9.081461507535e-17      -4.998564260538e-18 
 2178       2.286433082259e-11       8.235730460522e-13      -2.154478447555e-12       0.000000000000e+00       1.290089749626e-16       9.066050281351e-17      -4.929073433474e-18 
 2179       2.287671460083e-11       8.165462518124e-13      -2.147680617002e-12       0.000000000000e+00       1.287644259049e-16       9.050818701638e-17      -4.859355053107e-18 
 2180       2.288862111875e-11       8.095330462204e-13      -2.140563112105e-12       0.000000000000e+00       1.285204458692e-16       9.035747790227e-17      -4.789461068950e-18 
 2181       2.290003461396e-11       8.025352083194e-13      -2.133129397834e-12       0.000000000000e+00       1.282770334398e-16       9.020818497748e-17      -4.719443622212e-18 
 2182       2.291093926987e-11       7.955545235061e-13      -2.125382954216e-12       0.000000000000e+00       1.280341871886e-16       9.006011703554e-17      -4.649355046013e-18 
 2183       2.292131921561e-11       7.885927835372e-13      -2.117327276351e-12       0.000000000000e+00       1.277919056751e-16       8.991308215636e-17      -4.579247865610e-18 
 2184       2.293115852598e-11       7.816517865373e-13      -2.108965874433e-12       0.000000000000e+00       1.275501874461e-16       8.976688770538e-17      -4.509174798610e-18 
 2185       2.294044122138e-11       7.747333370057e-13      -2.100302273762e-12       0.000000000000e+00       1.273090310361e-16       8.962134033281e-17      -4.439188755195e-18 
 2186       2.294915126779e-11       7.678392458238e-13      -2.091340014770e-12       0.000000000000e+00       1.270684349671e-16       8.947624597275e-17      -4.369342838341e-18 
 2187       2.295727257662e-11       7.609713302622e-13      -2.082082653033e-12       0.000000000000e+00       1.268283977484e-16       8.933140984239e-17      -4.299690344037e-18 
 2188       2.296478900476e-11       7.541314139879e-13      -2.072533759294e-12       0.000000000000e+00       1.265889178768e-16       8.918663644121e-17      -4.230284761505e-18 
 2189       2.297168435443e-11       7.473213270716e-13      -2.062696919475e-12       0.000000000000e+00       1.263499938365e-16       8.904172955011e-17      -4.161179773422e-18 
 2190       2.297794237317e-11       7.405429059946e-13      -2.052575734702e-12       0.000000000000e+00       1.261116240992e-16       8.889649223061e-17      -4.092429256137e-18 
 2191       2.298354675375e-11       7.337979936565e-13      -2.042173821318e-12       0.000000000000e+00       1.258738071239e-16       8.875072682406e-17      -4.024087279893e-18 
 2192       2.298848113413e-11       7.270884393820e-13      -2.031494810903e-12       0.000000000000e+00       1.256365413571e-16       8.860423495077e-17      -3.956208109048e-18 
 2193       2.299272909740e-11       7.204160989281e-13      -2.020542350294e-12       0.000000000000e+00       1.253998252324e-16       8.845681750919e-17      -3.888846202291e-18 
 2194       2.299627417170e-11       7.137828344917e-13      -2.009320101599e-12       0.000000000000e+00       1.251636571709e-16       8.830827467513e-17      -3.822056212866e-18 
 2195       2.299909983017e-11       7.071905147163e-13      -1.997831742218e-12       0.000000000000e+00       1.249280355811e-16       8.815840590090e-17      -3.755892988791e-18 
 2196       2.300118949088e-11       7.006410146995e-13      -1.986080964861e-12       0.000000000000e+00       1.246929588586e-16       8.800700991448e-17      -3.690411573076e-18 
 2197       2.300252651681e-11       6.941362160001e-13      -1.974071477565e-12       0.000000000000e+00       1.244584253865e-16       8.785388471875e-17      -3.625667203946e-18 
 2198       2.300309421572e-11       6.876780066452e-13      -1.961807003713e-12       0.000000000000e+00       1.242244335349e-16       8.769882759060e-17      -3.561715315060e-18 
 2199       2.300287584016e-11       6.812682811377e-13      -1.949291282053e-12       0.000000000000e+00       1.239909816614e-16       8.754163508017e-17      -3.498611535728e-18 
 2200       2.300185458734e-11       6.749089404634e-13      -1.936528066712e-12       0.000000000000e+00       1.237580681106e-16       8.738210300996e-17      -3.436411691137e-18 
 2201       2.300001359914e-11       6.686018920977e-13      -1.923521127222e-12       0.000000000000e+00       1.235256912146e-16       8.722002647409e-17      -3.375171802563e-18 
 2202       2.299733596201e-11       6.623490500137e-13      -1.910274248528e-12       0.000000000000e+00       1.232938492924e-16       8.705519983741e-17      -3.314948087601e-18 
 2203       2.299380470688e-11       6.561523346886e-13      -1.896791231014e-12       0.000000000000e+00       1.230625406503e-16       8.688741673469e-17      -3.255796960376e-18 
 2204       2.298940525301e-11       6.500134851725e-13      -1.883076132697e-12       0.000000000000e+00       1.228317636550e-16       8.671651418867e-17      -3.197759323973e-18 
 2205       2.298413275709e-11       6.439334939144e-13      -1.869133997533e-12       0.000000000000e+00       1.226015169534e-16       8.654250528604e-17      -3.140813333244e-18 
 2206       2.297798481280e-11       6.379131681963e-13      -1.854970131983e-12       0.000000000000e+00       1.223717992542e-16       8.636544738106e-17      -3.084921318681e-18 
 2207       2.297095901140e-11       6.319533177342e-13      -1.840589863302e-12       0.000000000000e+00       1.221426092547e-16       8.618539805702e-17      -3.030045465550e-18 
 2208       2.296305294173e-11       6.260547546799e-13      -1.825998539559e-12       0.000000000000e+00       1.219139456410e-16       8.600241512645e-17      -2.976147813729e-18 
 2209       2.295426419020e-11       6.202182936244e-13      -1.811201529662e-12       0.000000000000e+00       1.216858070879e-16       8.581655663146e-17      -2.923190257537e-18 
 2210       2.294459034080e-11       6.144447515998e-13      -1.796204223384e-12       0.000000000000e+00       1.214581922587e-16       8.562788084397e-17      -2.871134545566e-18 
 2211       2.293402897510e-11       6.087349480821e-13      -1.781012031388e-12       0.000000000000e+00       1.212310998054e-16       8.543644626596e-17      -2.819942280514e-18 
 2212       2.292257767224e-11       6.030897049939e-13      -1.765630385245e-12       0.000000000000e+00       1.210045283688e-16       8.524231162977e-17      -2.769574919016e-18 
 2213       2.291023400896e-11       5.975098467067e-13      -1.750064737466e-12       0.000000000000e+00       1.207784765780e-16       8.504553589836e-17      -2.719993771477e-18 
 2214       2.289699555953e-11       5.919962000438e-13      -1.734320561520e-12       0.000000000000e+00       1.205529430509e-16       8.484617826555e-17      -2.671160001905e-18 
 2215       2.288285989584e-11       5.865495942825e-13      -1.718403351861e-12       0.000000000000e+00       1.203279263940e-16       8.464429815633e-17      -2.623034627741e-18 
 2216       2.286782458733e-11       5.811708611567e-13      -1.702318623952e-12       0.000000000000e+00       1.201034252021e-16       8.443995522709e-17      -2.575578519693e-18 
 2217       2.285188720103e-11       5.758608348596e-13      -1.686071914289e-12       0.000000000000e+00       1.198794380588e-16       8.423320936590e-17      -2.528752401568e-18 
 2218       2.283504530153e-11       5.706203520465e-13      -1.669668780424e-12       0.000000000000e+00       1.196559635361e-16       8.402412069279e-17      -2.482516850103e-18 
 2219       2.281729645100e-11       5.654502518368e-13      -1.653114800989e-12       0.000000000000e+00       1.194330001946e-16       8.381274956000e-17      -2.436832294797e-18 
 2220       2.279863820919e-11       5.603513758168e-13      -1.636415575724e-12       0.000000000000e+00       1.192105465834e-16       8.359915655224e-17      -2.391659017744e-18 
 2221       2.277906813341e-11       5.553245680425e-13      -1.619576725496e-12       0.000000000000e+00       1.189886012399e-16       8.338340248699e-17      -2.346957153467e-18 
 2222       2.275858377855e-11       5.503706750419e-13      -1.602603892325e-12       0.000000000000e+00       1.187671626901e-16       8.316554841473e-17      -2.302686688746e-18 
 2223       2.273718269708e-11       5.454905458176e-13      -1.585502739409e-12       0.000000000000e+00       1.185462294485e-16       8.294565561923e-17      -2.258807462454e-18 
 2224       2.271486243902e-11       5.406850318492e-13      -1.568278951147e-12       0.000000000000e+00       1.183258000180e-16       8.272378561780e-17      -2.215279165386e-18 
 2225       2.269162055198e-11       5.359549870964e-13      -1.550938233165e-12       0.000000000000e+00       1.181058728897e-16       8.250000016159e-17      -2.172061340093e-18 
 2226       2.266745458114e-11       5.313012680009e-13      -1.533486312337e-12       0.000000000000e+00       1.178864465434e-16       8.227436123580e-17      -2.129113380714e-18 
 2227       2.264236206924e-11       5.267247334893e-13      -1.515928936812e-12       0.000000000000e+00       1.176675194471e-16       8.204693106000e-17      -2.086394532808e-18 
 2228       2.261634055660e-11       5.222262449757e-13      -1.498271876035e-12       0.000000000000e+00       1.174490900573e-16       8.181777208839e-17      -2.043863893185e-18 
 2229       2.258938758110e-11       5.178066663641e-13      -1.480520920775e-12       0.000000000000e+00       1.172311568188e-16       8.158694701003e-17      -2.001480409741e-18 
 2230       2.256150067821e-11       5.134668640511e-13      -1.462681883147e-12       0.000000000000e+00       1.170137181646e-16       8.135451874914e-17      -1.959202881287e-18 
 2231       2.253267738094e-11       5.092077069283e-13      -1.444760596635e-12       0.000000000000e+00       1.167967725161e-16       8.112055046536e-17      -1.916989957383e-18 
 2232       2.250291521989e-11       5.050300663850e-13      -1.426762916119e-12       0.000000000000e+00       1.165803182832e-16       8.088510555402e-17      -1.874800138169e-18 
 2233       2.247221172322e-11       5.009348163106e-13      -1.408694717895e-12       0.000000000000e+00       1.163643538639e-16       8.064824764639e-17      -1.832591774198e-18 
 2234       2.244056441665e-11       4.969228330975e-13      -1.390561899704e-12       0.000000000000e+00       1.161488776443e-16       8.041004060997e-17      -1.790323066267e-18 
 2235       2.240797082349e-11       4.929949956432e-13      -1.372370380752e-12       0.000000000000e+00       1.159338879992e-16       8.017054854874e-17      -1.747952065252e-18 
 2236       2.237442846460e-11       4.891521853531e-13      -1.354126101737e-12       0.000000000000e+00       1.157193832912e-16       7.992983580343e-17      -1.705436671937e-18 
 2237       2.233993485841e-11       4.853952861432e-13      -1.335835024871e-12       0.000000000000e+00       1.155053618714e-16       7.968796695180e-17      -1.662734636847e-18 
 2238       2.230448752090e-11       4.817251844424e-13      -1.317503133906e-12       0.000000000000e+00       1.152918220791e-16       7.944500680890e-17      -1.619803560081e-18 
 2239       2.226808396565e-11       4.781427691952e-13      -1.299136434156e-12       0.000000000000e+00       1.150787622416e-16       7.920102042730e-17      -1.576600891143e-18 
 2240       2.223072170379e-11       4.746489318640e-13      -1.280740952522e-12       0.000000000000e+00       1.148661806745e-16       7.895607309744e-17      -1.533083928776e-18 
 2241       2.219239824399e-11       4.712445664322e-13      -1.262322737519e-12       0.000000000000e+00       1.146540756816e-16       7.871023034781e-17      -1.489209820790e-18 
 2242       2.215311109253e-11       4.679305694062e-13      -1.243887859293e-12       0.000000000000e+00       1.144424455548e-16       7.846355794527e-17      -1.444935563901e-18 
 2243       2.211285969059e-11       4.647076404081e-13      -1.225442154519e-12       0.000000000000e+00       1.142312886874e-16       7.821611448753e-17      -1.400224539438e-18 
 2244       2.207165124032e-11       4.615756825244e-13      -1.206990459191e-12       0.000000000000e+00       1.140206039148e-16       7.796792912730e-17      -1.355066167448e-18 
 2245       2.202949491681e-11       4.585343980487e-13      -1.188537370869e-12       0.000000000000e+00       1.138103901760e-16       7.771902370326e-17      -1.309456380542e-18 
 2246       2.198639993424e-11       4.555834875337e-13      -1.170087503377e-12       0.000000000000e+00       1.136006464006e-16       7.746942013478e-17      -1.263391099644e-18 
 2247       2.194237554594e-11       4.527226497896e-13      -1.151645486819e-12       0.000000000000e+00       1.133913715087e-16       7.721914042193e-17      -1.216866233985e-18 
 2248       2.189743104440e-11       4.499515818814e-13      -1.133215967602e-12       0.000000000000e+00       1.131825644107e-16       7.696820664563e-17      -1.169877681086e-18 
 2249       2.185157576135e-11       4.472699791274e-13      -1.114803608446e-12       0.000000000000e+00       1.129742240077e-16       7.671664096771e-17      -1.122421326748e-18 
 2250       2.180481906778e-11       4.446775350961e-13      -1.096413088410e-12       0.000000000000e+00       1.127663491910e-16       7.646446563104e-17      -1.074493045041e-18 
 2251       2.175717037401e-11       4.421739416047e-13      -1.078049102905e-12       0.000000000000e+00       1.125589388426e-16       7.621170295954e-17      -1.026088698290e-18 
 2252       2.170863912969e-11       4.397588887167e-13      -1.059716363714e-12       0.000000000000e+00       1.123519918347e-16       7.595837535836e-17      -9.772041370637e-19 
 2253       2.165923482393e-11       4.374320647397e-13      -1.041419599010e-12       0.000000000000e+00       1.121455070302e-16       7.570450531393e-17      -9.278352001630e-19 
 2254       2.160896698524e-11       4.351931562230e-13      -1.023163553374e-12       0.000000000000e+00       1.119394832822e-16       7.545011539403e-17      -8.779777146084e-19 
 2255       2.155784518167e-11       4.330418479559e-13      -1.004952987812e-12       0.000000000000e+00       1.117339194342e-16       7.519522824793e-17      -8.276274956280e-19 
 2256       2.150587902079e-11       4.309778229649e-13      -9.867926797736e-13       0.000000000000e+00       1.115288143200e-16       7.493986660642e-17      -7.767803466455e-19 
 2257       2.145307814977e-11       4.290007625120e-13      -9.686874231708e-13       0.000000000000e+00       1.113241667641e-16       7.468405328196e-17      -7.254320592683e-19 
 2258       2.139945225542e-11       4.271103460922e-13      -9.506420283954e-13       0.000000000000e+00       1.111199755810e-16       7.442781116874e-17      -6.735784132755e-19 
 2259       2.134501106422e-11       4.253062514315e-13      -9.326613223368e-13       0.000000000000e+00       1.109162395757e-16       7.417116324276e-17      -6.212151766056e-19 
 2260       2.128976434241e-11       4.235881544845e-13      -9.147501484004e-13       0.000000000000e+00       1.107129575434e-16       7.391413256195e-17      -5.683381053446e-19 
 2261       2.123372189596e-11       4.219557294325e-13      -8.969133665255e-13       0.000000000000e+00       1.105101282698e-16       7.365674226622e-17      -5.149429437140e-19 
 2262       2.117689357068e-11       4.204086486809e-13      -8.791558532033e-13       0.000000000000e+00       1.103077505308e-16       7.339901557760e-17      -4.610254240589e-19 
 2263       2.111928925227e-11       4.189465828575e-13      -8.614825014950e-13       0.000000000000e+00       1.101058230926e-16       7.314097580029e-17      -4.065812668356e-19 
 2264       2.106091886630e-11       4.175692008098e-13      -8.438982210497e-13       0.000000000000e+00       1.099043447115e-16       7.288264632078e-17      -3.516061805999e-19 
 2265       2.100179237833e-11       4.162761696032e-13      -8.264079381227e-13       0.000000000000e+00       1.097033141345e-16       7.262405060791e-17      -2.960958619949e-19 
 2266       2.094191979389e-11       4.150671545185e-13      -8.090165955932e-13       0.000000000000e+00       1.095027300983e-16       7.236521221298e-17      -2.400459957390e-19 
 2267       2.088131115860e-11       4.139418190500e-13      -7.917291529824e-13       0.000000000000e+00       1.093025913302e-16       7.210615476984e-17      -1.834522546138e-19 
 2268       2.081997655814e-11       4.128998249031e-13      -7.745505864717e-13       0.000000000000e+00       1.091028965477e-16       7.184690199497e-17      -1.263102994522e-19 
 2269       2.075792611835e-11       4.119408319920e-13      -7.574858889207e-13       0.000000000000e+00       1.089036444583e-16       7.158747768759e-17      -6.861577912643e-20 
 2270       2.069517000524e-11       4.110644984381e-13      -7.405400698850e-13       0.000000000000e+00       1.087048337599e-16       7.132790572971e-17      -1.036433053562e-20 
 2271       2.063171842508e-11       4.102704805668e-13      -7.237181556346e-13       0.000000000000e+00       1.085064631405e-16       7.106821008628e-17       4.844842140581e-20 
 2272       2.056758162438e-11       4.095584329063e-13      -7.070251891713e-13       0.000000000000e+00       1.083085312781e-16       7.080841480523e-17       1.078268637804e-19 
 2273       2.050276989000e-11       4.089280081848e-13      -6.904662302476e-13       0.000000000000e+00       1.081110368413e-16       7.054854401757e-17       1.677753956796e-19 
 2274       2.043729354917e-11       4.083788573285e-13      -6.740463553840e-13       0.000000000000e+00       1.079139784883e-16       7.028862193752e-17       2.282984282158e-19 
 2275       2.037116296952e-11       4.079106294595e-13      -6.577706578873e-13       0.000000000000e+00       1.077173548679e-16       7.002867286252e-17       2.894003845345e-19 
 2276       2.030438855915e-11       4.075229718933e-13      -6.416442478687e-13       0.000000000000e+00       1.075211646186e-16       6.976872117342e-17       3.510856998263e-19 
 2277       2.023698076667e-11       4.072155301370e-13      -6.256722522618e-13       0.000000000000e+00       1.073254063694e-16       6.950879133449e-17       4.133588213387e-19 
 2278       2.016895008123e-11       4.069879478868e-13      -6.098598148403e-13       0.000000000000e+00       1.071300787390e-16       6.924890789354e-17       4.762242083884e-19 
 2279       2.010030703259e-11       4.068398670258e-13      -5.942120962366e-13       0.000000000000e+00       1.069351803365e-16       6.898909548202e-17       5.396863323733e-19 
 2280       2.003106219115e-11       4.067709276221e-13      -5.787342739594e-13       0.000000000000e+00       1.067407097609e-16       6.872937881510e-17       6.037496767844e-19 
 2281       1.996122616800e-11       4.067807679263e-13      -5.634315424118e-13       0.000000000000e+00       1.065466656013e-16       6.846978269174e-17       6.684187372181e-19 
 2282       1.989081025470e-11       4.068689054632e-13      -5.483085602765e-13       0.000000000000e+00       1.063530465620e-16       6.821032748269e-17       7.336871460358e-19 
 2283       1.981982834696e-11       4.070343794773e-13      -5.333677887595e-13       0.000000000000e+00       1.061598518396e-16       6.795101556248e-17       7.995049700680e-19 
 2284       1.974829503339e-11       4.072761061888e-13      -5.186111427212e-13       0.000000000000e+00       1.059670807484e-16       6.769184479053e-17       8.658112031307e-19 
 2285       1.967622495697e-11       4.075929974867e-13      -5.040405423465e-13       0.000000000000e+00       1.057747325951e-16       6.743281301539e-17       9.325446220884e-19 
 2286       1.960363281506e-11       4.079839609243e-13      -4.896579131502e-13       0.000000000000e+00       1.055828066794e-16       6.717391807470e-17       9.996437866155e-19 
 2287       1.953053335950e-11       4.084478997137e-13      -4.754651859822e-13       0.000000000000e+00       1.053913022933e-16       6.691515779521e-17       1.067047038958e-18 
 2288       1.945694139668e-11       4.089837127213e-13      -4.614642970329e-13       0.000000000000e+00       1.052002187215e-16       6.665652999271e-17       1.134692503696e-18 
 2289       1.938287178757e-11       4.095902944623e-13      -4.476571878385e-13       0.000000000000e+00       1.050095552414e-16       6.639803247209e-17       1.202518087502e-18 
 2290       1.930833944778e-11       4.102665350965e-13      -4.340458052860e-13       0.000000000000e+00       1.048193111228e-16       6.613966302727e-17       1.270461478907e-18 
 2291       1.923335934764e-11       4.110113204229e-13      -4.206321016191e-13       0.000000000000e+00       1.046294856283e-16       6.588141944121e-17       1.338460148060e-18 
 2292       1.915794651226e-11       4.118235318748e-13      -4.074180344430e-13       0.000000000000e+00       1.044400780128e-16       6.562329948590e-17       1.406451346487e-18 
 2293       1.908211602159e-11       4.127020465150e-13      -3.944055667298e-13       0.000000000000e+00       1.042510875240e-16       6.536530092231e-17       1.474372106856e-18 
 2294       1.900588301046e-11       4.136457370307e-13      -3.815966668238e-13       0.000000000000e+00       1.040625134019e-16       6.510742150045e-17       1.542159242739e-18 
 2295       1.892926266865e-11       4.146534717288e-13      -3.689933084471e-13       0.000000000000e+00       1.038743548793e-16       6.484965895927e-17       1.609749348369e-18 
 2296       1.885227024097e-11       4.157241145308e-13      -3.565974707043e-13       0.000000000000e+00       1.036866111814e-16       6.459201102670e-17       1.677078798407e-18 
 2297       1.877492102731e-11       4.168565249678e-13      -3.444111380885e-13       0.000000000000e+00       1.034992815257e-16       6.433447541964e-17       1.744083747700e-18 
 2298       1.869723038268e-11       4.180495581757e-13      -3.324363004859e-13       0.000000000000e+00       1.033123651226e-16       6.407704984391e-17       1.810700131043e-18 
 2299       1.861921371729e-11       4.193020648904e-13      -3.206749531816e-13       0.000000000000e+00       1.031258611747e-16       6.381973199426e-17       1.876863662941e-18 
 2300       1.854088649662e-11       4.206128914424e-13      -3.091290968648e-13       0.000000000000e+00       1.029397688772e-16       6.356251955436e-17       1.942509837373e-18 
 2301       1.846226424146e-11       4.219808797523e-13      -2.978007376339e-13       0.000000000000e+00       1.027540874178e-16       6.330541019678e-17       2.007573927547e-18 
 2302       1.838336252798e-11       4.234048673258e-13      -2.866918870021e-13       0.000000000000e+00       1.025688159764e-16       6.304840158297e-17       2.071990985670e-18 
 2303       1.830419698778e-11       4.248836872487e-13      -2.758045619023e-13       0.000000000000e+00       1.023839537258e-16       6.279149136325e-17       2.135695842703e-18 
 2304       1.822478330798e-11       4.264161681817e-13      -2.651407846929e-13       0.000000000000e+00       1.021994998309e-16       6.253467717681e-17       2.198623108125e-18 
 2305       1.814513723123e-11       4.280011343560e-13      -2.547025831625e-13       0.000000000000e+00       1.020154534490e-16       6.227795665167e-17       2.260707169693e-18 
 2306       1.806527455584e-11       4.296374055681e-13      -2.444919905359e-13       0.000000000000e+00       1.018318137301e-16       6.202132740469e-17       2.321882193208e-18 
 2307       1.798521113576e-11       4.313237971745e-13      -2.345110454787e-13       0.000000000000e+00       1.016485798164e-16       6.176478704155e-17       2.382082122271e-18 
 2308       1.790496288071e-11       4.330591200876e-13      -2.247617921031e-13       0.000000000000e+00       1.014657508426e-16       6.150833315673e-17       2.441240678047e-18 
 2309       1.782454575621e-11       4.348421807699e-13      -2.152462799730e-13       0.000000000000e+00       1.012833259356e-16       6.125196333350e-17       2.499291359028e-18 
 2310       1.774397578362e-11       4.366717812297e-13      -2.059665641093e-13       0.000000000000e+00       1.011013042150e-16       6.099567514391e-17       2.556167440791e-18 
 2311       1.766326904025e-11       4.385467190157e-13      -1.969247049952e-13       0.000000000000e+00       1.009196847924e-16       6.073946614877e-17       2.611801975764e-18 
 2312       1.758244165939e-11       4.404657872126e-13      -1.881227685816e-13       0.000000000000e+00       1.007384667721e-16       6.048333389763e-17       2.666127792981e-18 
 2313       1.750150983036e-11       4.424277744356e-13      -1.795628262922e-13       0.000000000000e+00       1.005576492505e-16       6.022727592881e-17       2.719077497853e-18 
 2314       1.742048979858e-11       4.444314648257e-13      -1.712469550289e-13       0.000000000000e+00       1.003772313165e-16       5.997128976931e-17       2.770583471919e-18 
 2315       1.733939786567e-11       4.464756380448e-13      -1.631772371774e-13       0.000000000000e+00       1.001972120511e-16       5.971537293486e-17       2.820577872617e-18 
 2316       1.725825038945e-11       4.485590692711e-13      -1.553557606118e-13       0.000000000000e+00       1.000175905280e-16       5.945952292990e-17       2.868992633038e-18 
 2317       1.717706378401e-11       4.506805291932e-13      -1.477846187005e-13       0.000000000000e+00       9.983836581277e-17       5.920373724751e-17       2.915759461693e-18 
 2318       1.709585451983e-11       4.528387840062e-13      -1.404659103114e-13       0.000000000000e+00       9.965953696358e-17       5.894801336948e-17       2.960809842270e-18 
 2319       1.701463912376e-11       4.550325954064e-13      -1.334017398170e-13       0.000000000000e+00       9.948110303076e-17       5.869234876624e-17       3.004075033401e-18 
 2320       1.693343417914e-11       4.572607205859e-13      -1.265942170998e-13       0.000000000000e+00       9.930306305696e-17       5.843674089685e-17       3.045486068416e-18 
 2321       1.685225560915e-11       4.595219141540e-13      -1.200449146887e-13       0.000000000000e+00       9.912541607795e-17       5.818119176212e-17       3.084992609527e-18 
 2322       1.677111652189e-11       4.618149339211e-13      -1.137532354147e-13       0.000000000000e+00       9.894816112526e-17       5.792572159538e-17       3.122619640795e-18 
 2323       1.669002935184e-11       4.641385351412e-13      -1.077180344693e-13       0.000000000000e+00       9.877129722357e-17       5.767035525802e-17       3.158411132298e-18 
 2324       1.660900657534e-11       4.664914685844e-13      -1.019381613309e-13       0.000000000000e+00       9.859482338981e-17       5.741511769433e-17       3.192411218377e-18 
 2325       1.652806071066e-11       4.688724805325e-13      -9.641245975893e-14       0.000000000000e+00       9.841873863316e-17       5.716003393156e-17       3.224664197812e-18 
 2326       1.644720431801e-11       4.712803127738e-13      -9.113976778620e-14       0.000000000000e+00       9.824304195502e-17       5.690512908005e-17       3.255214534006e-18 
 2327       1.636644999959e-11       4.737137025982e-13      -8.611891771265e-14       0.000000000000e+00       9.806773234900e-17       5.665042833329e-17       3.284106855164e-18 
 2328       1.628581039966e-11       4.761713827926e-13      -8.134873609840e-14       0.000000000000e+00       9.789280880095e-17       5.639595696800e-17       3.311385954477e-18 
 2329       1.620529820457e-11       4.786520816354e-13      -7.682804375697e-14       0.000000000000e+00       9.771827028891e-17       5.614174034423e-17       3.337096790303e-18 
 2330       1.612492614279e-11       4.811545228926e-13      -7.255565574846e-14       0.000000000000e+00       9.754411578309e-17       5.588780390546e-17       3.361284486347e-18 
 2331       1.604470698499e-11       4.836774258117e-13      -6.853038137281e-14       0.000000000000e+00       9.737034424592e-17       5.563417317866e-17       3.383994331842e-18 
 2332       1.596465354403e-11       4.862195051178e-13      -6.475102416297e-14       0.000000000000e+00       9.719695463196e-17       5.538087377440e-17       3.405271781732e-18 
 2333       1.588477867508e-11       4.887794710083e-13      -6.121638187815e-14       0.000000000000e+00       9.702394588795e-17       5.512793138692e-17       3.425162456853e-18 
 2334       1.580509527558e-11       4.913560291479e-13      -5.792524649701e-14       0.000000000000e+00       9.685131695279e-17       5.487537179425e-17       3.443712144114e-18 
 2335       1.572561628535e-11       4.939478806639e-13      -5.487640421085e-14       0.000000000000e+00       9.667906675749e-17       5.462322085825e-17       3.460966796678e-18 
 2336       1.564635468661e-11       4.965537221413e-13      -5.206863541686e-14       0.000000000000e+00       9.650719422521e-17       5.437150452474e-17       3.476972534143e-18 
 2337       1.556732350401e-11       4.991722456180e-13      -4.950071471131e-14       0.000000000000e+00       9.633569827123e-17       5.412024882357e-17       3.491775642727e-18 
 2338       1.548853580472e-11       5.018021385794e-13      -4.717141088277e-14       0.000000000000e+00       9.616457780294e-17       5.386947986870e-17       3.505422575443e-18 
 2339       1.541000469841e-11       5.044420839543e-13      -4.507948690529e-14       0.000000000000e+00       9.599383171980e-17       5.361922385830e-17       3.517959952286e-18 
 2340       1.533174333735e-11       5.070907601094e-13      -4.322369993167e-14       0.000000000000e+00       9.582345891339e-17       5.336950707484e-17       3.529434560410e-18 
 2341       1.525376491642e-11       5.097468408445e-13      -4.160280128661e-14       0.000000000000e+00       9.565345826736e-17       5.312035588518e-17       3.539893354314e-18 
 2342       1.517608267320e-11       5.124089953879e-13      -4.021553645996e-14       0.000000000000e+00       9.548382865742e-17       5.287179674062e-17       3.549383456019e-18 
 2343       1.509870988794e-11       5.150758883912e-13      -3.906064509991e-14       0.000000000000e+00       9.531456895134e-17       5.262385617704e-17       3.557952155252e-18 
 2344       1.502165988367e-11       5.177461799247e-13      -3.813686100623e-14       0.000000000000e+00       9.514567800894e-17       5.237656081497e-17       3.565646909627e-18 
 2345       1.494494602622e-11       5.204185254721e-13      -3.744291212343e-14       0.000000000000e+00       9.497715468207e-17       5.212993735967e-17       3.572515344824e-18 
 2346       1.486858172428e-11       5.230915759260e-13      -3.697752053401e-14       0.000000000000e+00       9.480899781462e-17       5.188401260120e-17       3.578605254774e-18 
 2347       1.479258042940e-11       5.257639775829e-13      -3.673940245168e-14       0.000000000000e+00       9.464120624248e-17       5.163881341456e-17       3.583964601838e-18 
 2348       1.471695563608e-11       5.284343721380e-13      -3.672726821453e-14       0.000000000000e+00       9.447377879356e-17       5.139436675972e-17       3.588641516990e-18 
 2349       1.464172088182e-11       5.311013966809e-13      -3.693982227827e-14       0.000000000000e+00       9.430671428775e-17       5.115069968176e-17       3.592684299995e-18 
 2350       1.456688974712e-11       5.337636836902e-13      -3.737576320945e-14       0.000000000000e+00       9.414001153693e-17       5.090783931092e-17       3.596141419595e-18 
 2351       1.449247585555e-11       5.364198610288e-13      -3.803378367862e-14       0.000000000000e+00       9.397366934497e-17       5.066581286268e-17       3.599061513686e-18 
 2352       1.441849287382e-11       5.390685519390e-13      -3.891257045360e-14       0.000000000000e+00       9.380768650770e-17       5.042464763790e-17       3.601493389503e-18 
 2353       1.434495451176e-11       5.417083750377e-13      -4.001080439266e-14       0.000000000000e+00       9.364206181287e-17       5.018437102287e-17       3.603486023800e-18 
 2354       1.427187452243e-11       5.443379443114e-13      -4.132716043775e-14       0.000000000000e+00       9.347679404023e-17       4.994501048938e-17       3.605088563028e-18 
 2355       1.419926670213e-11       5.469558691112e-13      -4.286030760769e-14       0.000000000000e+00       9.331188196142e-17       4.970659359485e-17       3.606350323523e-18 
 2356       1.412714489045e-11       5.495607541481e-13      -4.460890899136e-14       0.000000000000e+00       9.314732434002e-17       4.946914798240e-17       3.607320791682e-18 
 2357       1.405552297032e-11       5.521511994881e-13      -4.657162174100e-14       0.000000000000e+00       9.298311993153e-17       4.923270138093e-17       3.608049624146e-18 
 2358       1.398441486806e-11       5.547258005472e-13      -4.874709706529e-14       0.000000000000e+00       9.281926748335e-17       4.899728160522e-17       3.608586647982e-18 
 2359       1.391383455340e-11       5.572831480865e-13      -5.113398022270e-14       0.000000000000e+00       9.265576573475e-17       4.876291655600e-17       3.608981860864e-18 
 2360       1.384379454370e-11       5.598219288731e-13      -5.373061432099e-14       0.000000000000e+00       9.249261350132e-17       4.852962665133e-17       3.609280508822e-18 
 2361       1.377430140634e-11       5.623412283540e-13      -5.653414972167e-14       0.000000000000e+00       9.232980992866e-17       4.829740206912e-17       3.609508285750e-18 
 2362       1.370536022849e-11       5.648402298500e-13      -5.954142909685e-14       0.000000000000e+00       9.216735424024e-17       4.806622536360e-17       3.609686042442e-18 
 2363       1.363697611049e-11       5.673181140582e-13      -6.274928310803e-14       0.000000000000e+00       9.200524565308e-17       4.783607902113e-17       3.609834700757e-18 
 2364       1.356915416579e-11       5.697740590488e-13      -6.615453039289e-14       0.000000000000e+00       9.184348337776e-17       4.760694546016e-17       3.609975253695e-18 
 2365       1.350189952103e-11       5.722072402627e-13      -6.975397755212e-14       0.000000000000e+00       9.168206661843e-17       4.737880703110e-17       3.610128765474e-18 
 2366       1.343521731600e-11       5.746168305088e-13      -7.354441913629e-14       0.000000000000e+00       9.152099457277e-17       4.715164601632e-17       3.610316371606e-18 
 2367       1.336911270369e-11       5.770019999610e-13      -7.752263763263e-14       0.000000000000e+00       9.136026643201e-17       4.692544462999e-17       3.610559278968e-18 
 2368       1.330359085028e-11       5.793619161556e-13      -8.168540345191e-14       0.000000000000e+00       9.119988138089e-17       4.670018501809e-17       3.610878765882e-18 
 2369       1.323865693516e-11       5.816957439890e-13      -8.602947491521e-14       0.000000000000e+00       9.103983859770e-17       4.647584925827e-17       3.611296182189e-18 
 2370       1.317431615094e-11       5.840026457142e-13      -9.055159824084e-14       0.000000000000e+00       9.088013725422e-17       4.625241935980e-17       3.611832949322e-18 
 2371       1.311057370347e-11       5.862817809387e-13      -9.524850753109e-14       0.000000000000e+00       9.072077651573e-17       4.602987726350e-17       3.612510560387e-18 
 2372       1.304743481183e-11       5.885323066215e-13      -1.001169247591e-13       0.000000000000e+00       9.056175554101e-17       4.580820484164e-17       3.613350580229e-18 
 2373       1.298490470839e-11       5.907533770703e-13      -1.051535597557e-13       0.000000000000e+00       9.040307348234e-17       4.558738389790e-17       3.614374645518e-18 
 2374       1.292298863876e-11       5.929441439391e-13      -1.103551101962e-13       0.000000000000e+00       9.024472948546e-17       4.536739616728e-17       3.615604464818e-18 
 2375       1.286169186184e-11       5.951037562253e-13      -1.157182615874e-13       0.000000000000e+00       9.008672268959e-17       4.514822331600e-17       3.617061818661e-18 
 2376       1.280101964984e-11       5.972313602668e-13      -1.212396872539e-13       0.000000000000e+00       8.992905222740e-17       4.492984694147e-17       3.618768559627e-18 
 2377       1.274097728826e-11       5.993260997395e-13      -1.269160483257e-13       0.000000000000e+00       8.977171722503e-17       4.471224857217e-17       3.620746612419e-18 
 2378       1.268157007593e-11       6.013871156546e-13      -1.327439937245e-13       0.000000000000e+00       8.961471680204e-17       4.449540966762e-17       3.623017973934e-18 
 2379       1.262280332502e-11       6.034135463558e-13      -1.387201601506e-13       0.000000000000e+00       8.945805007146e-17       4.427931161826e-17       3.625604713341e-18 
 2380       1.256468236102e-11       6.054045275163e-13      -1.448411720698e-13       0.000000000000e+00       8.930171613971e-17       4.406393574541e-17       3.628528972158e-18 
 2381       1.250721252281e-11       6.073591921366e-13      -1.511036417004e-13       0.000000000000e+00       8.914571410665e-17       4.384926330116e-17       3.631812964325e-18 
 2382       1.245039916262e-11       6.092766705416e-13      -1.575041689997e-13       0.000000000000e+00       8.899004306554e-17       4.363527546835e-17       3.635478976280e-18 
 2383       1.239424764605e-11       6.111560903776e-13      -1.640393416510e-13       0.000000000000e+00       8.883470210306e-17       4.342195336041e-17       3.639549367034e-18 
 2384       1.233876335213e-11       6.129965766098e-13      -1.707057350505e-13       0.000000000000e+00       8.867969029926e-17       4.320927802139e-17       3.644046568246e-18 
 2385       1.228395167327e-11       6.147972515197e-13      -1.774999122941e-13       0.000000000000e+00       8.852500672760e-17       4.299723042579e-17       3.648993084301e-18 
 2386       1.222981801530e-11       6.165572347020e-13      -1.844184241640e-13       0.000000000000e+00       8.837065045488e-17       4.278579147854e-17       3.654411492381e-18 
 2387       1.217636779750e-11       6.182756430623e-13      -1.914578091159e-13       0.000000000000e+00       8.821662054131e-17       4.257494201490e-17       3.660324442546e-18 
 2388       1.212360645256e-11       6.199515908141e-13      -1.986145932655e-13       0.000000000000e+00       8.806291604044e-17       4.236466280040e-17       3.666754657802e-18 
 2389       1.207153942666e-11       6.215841894763e-13      -2.058852903758e-13       0.000000000000e+00       8.790953599915e-17       4.215493453077e-17       3.673724934184e-18 
 2390       1.202017217944e-11       6.231725478700e-13      -2.132664018432e-13       0.000000000000e+00       8.775647945771e-17       4.194573783182e-17       3.681258140826e-18 
 2391       1.196951018401e-11       6.247157721166e-13      -2.207544166850e-13       0.000000000000e+00       8.760374544969e-17       4.173705325944e-17       3.689377220037e-18 
 2392       1.191955892698e-11       6.262129656340e-13      -2.283458115260e-13       0.000000000000e+00       8.745133300198e-17       4.152886129945e-17       3.698105187379e-18 
 2393       1.187032390846e-11       6.276632291351e-13      -2.360370505852e-13       0.000000000000e+00       8.729924113482e-17       4.132114236757e-17       3.707465131741e-18 
 2394       1.182181064210e-11       6.290656606239e-13      -2.438245856628e-13       0.000000000000e+00       8.714746886173e-17       4.111387680934e-17       3.717480215413e-18 
 2395       1.177402465504e-11       6.304193553937e-13      -2.517048561270e-13       0.000000000000e+00       8.699601518954e-17       4.090704490002e-17       3.728173674164e-18 
 2396       1.172697148800e-11       6.317234060238e-13      -2.596742889007e-13       0.000000000000e+00       8.684487911838e-17       4.070062684454e-17       3.739568817313e-18 
 2397       1.168065669524e-11       6.329769023770e-13      -2.677292984487e-13       0.000000000000e+00       8.669405964164e-17       4.049460277742e-17       3.751689027810e-18 
 2398       1.163508584459e-11       6.341789315969e-13      -2.758662867639e-13       0.000000000000e+00       8.654355574602e-17       4.028895276268e-17       3.764557762306e-18 
 2399       1.159026305703e-11       6.353287150224e-13      -2.840816856996e-13       0.000000000000e+00       8.639336651159e-17       4.008366466708e-17       3.778183652306e-18 
 2400       1.154618661576e-11       6.364260198499e-13      -2.923720842729e-13       0.000000000000e+00       8.624349141289e-17       3.987875783234e-17       3.792515708091e-18 
 2401       1.150285333036e-11       6.374707499784e-13      -3.007341021114e-13       0.000000000000e+00       8.609393001966e-17       3.967425954723e-17       3.807487841543e-18 
 2402       1.146025999475e-11       6.384628093199e-13      -3.091643471674e-13       0.000000000000e+00       8.594468189690e-17       3.947019718749e-17       3.823033740013e-18 
 2403       1.141840338721e-11       6.394021018003e-13      -3.176594157049e-13       0.000000000000e+00       8.579574660486e-17       3.926659821593e-17       3.839086866083e-18 
 2404       1.137728027031e-11       6.402885313586e-13      -3.262158922878e-13       0.000000000000e+00       8.564712369900e-17       3.906349018251e-17       3.855580457332e-18 
 2405       1.133688739095e-11       6.411220019479e-13      -3.348303497672e-13       0.000000000000e+00       8.549881273003e-17       3.886090072440e-17       3.872447526101e-18 
 2406       1.129722148028e-11       6.419024175350e-13      -3.434993492697e-13       0.000000000000e+00       8.535081324388e-17       3.865885756614e-17       3.889620859258e-18 
 2407       1.125827925375e-11       6.426296821009e-13      -3.522194401844e-13       0.000000000000e+00       8.520312478169e-17       3.845738851964e-17       3.907033017962e-18 
 2408       1.122005741101e-11       6.433036996403e-13      -3.609871601512e-13       0.000000000000e+00       8.505574687980e-17       3.825652148436e-17       3.924616337427e-18 
 2409       1.118255263597e-11       6.439243741626e-13      -3.697990350482e-13       0.000000000000e+00       8.490867906978e-17       3.805628444731e-17       3.942302926691e-18 
 2410       1.114576159674e-11       6.444916096913e-13      -3.786515789795e-13       0.000000000000e+00       8.476192087836e-17       3.785670548322e-17       3.960024668375e-18 
 2411       1.110968094563e-11       6.450053102645e-13      -3.875412942629e-13       0.000000000000e+00       8.461547182750e-17       3.765781275456e-17       3.977713218452e-18 
 2412       1.107430731909e-11       6.454653799350e-13      -3.964646714177e-13       0.000000000000e+00       8.446933143432e-17       3.745963451168e-17       3.995300006010e-18 
 2413       1.103963733776e-11       6.458717227703e-13      -4.054181891523e-13       0.000000000000e+00       8.432349921112e-17       3.726219909288e-17       4.012716233019e-18 
 2414       1.100566760641e-11       6.462242428529e-13      -4.143983143519e-13       0.000000000000e+00       8.417797466537e-17       3.706553492448e-17       4.029892874091e-18 
 2415       1.097239471391e-11       6.465228442802e-13      -4.234015020665e-13       0.000000000000e+00       8.403275729972e-17       3.686967052093e-17       4.046760676250e-18 
 2416       1.093981523325e-11       6.467674311647e-13      -4.324241954980e-13       0.000000000000e+00       8.388784661195e-17       3.667463448493e-17       4.063250158695e-18 
 2417       1.090792572150e-11       6.469579076345e-13      -4.414628259887e-13       0.000000000000e+00       8.374324209503e-17       3.648045550742e-17       4.079291612565e-18 
 2418       1.087672271977e-11       6.470941778329e-13      -4.505138130084e-13       0.000000000000e+00       8.359894323703e-17       3.628716236780e-17       4.094815100700e-18 
 2419       1.084620275325e-11       6.471761459188e-13      -4.595735641424e-13       0.000000000000e+00       8.345494952121e-17       3.609478393391e-17       4.109750457413e-18 
 2420       1.081636233115e-11       6.472037160668e-13      -4.686384750790e-13       0.000000000000e+00       8.331126042592e-17       3.590334916217e-17       4.124027288250e-18 
 2421       1.078719794666e-11       6.471767924672e-13      -4.777049295976e-13       0.000000000000e+00       8.316787542466e-17       3.571288709767e-17       4.137574969754e-18 
 2422       1.075870607700e-11       6.470952793265e-13      -4.867692995561e-13       0.000000000000e+00       8.302479398605e-17       3.552342687423e-17       4.150322649235e-18 
 2423       1.073088318334e-11       6.469590808670e-13      -4.958279448785e-13       0.000000000000e+00       8.288201557381e-17       3.533499771453e-17       4.162199244528e-18 
 2424       1.070372571082e-11       6.467681013274e-13      -5.048772135430e-13       0.000000000000e+00       8.273953964678e-17       3.514762893015e-17       4.173133443764e-18 
 2425       1.067723008851e-11       6.465222449627e-13      -5.139134415696e-13       0.000000000000e+00       8.259736565889e-17       3.496134992171e-17       4.183053705131e-18 
 2426       1.065139272940e-11       6.462214160443e-13      -5.229329530074e-13       0.000000000000e+00       8.245549305919e-17       3.477619017893e-17       4.191888256639e-18 
 2427       1.062621003038e-11       6.458655188602e-13      -5.319320599230e-13       0.000000000000e+00       8.231392129178e-17       3.459217928070e-17       4.199565095887e-18 
 2428       1.060167837223e-11       6.454544577153e-13      -5.409070623876e-13       0.000000000000e+00       8.217264979588e-17       3.440934689521e-17       4.206011989827e-18 
 2429       1.057779411959e-11       6.449881369311e-13      -5.498542484651e-13       0.000000000000e+00       8.203167800575e-17       3.422772278004e-17       4.211156474527e-18 
 2430       1.055455362094e-11       6.444664608463e-13      -5.587698941997e-13       0.000000000000e+00       8.189100535076e-17       3.404733678218e-17       4.214925854938e-18 
 2431       1.053195320860e-11       6.438893338165e-13      -5.676502636037e-13       0.000000000000e+00       8.175063125531e-17       3.386821883821e-17       4.217247204658e-18 
 2432       1.050998919870e-11       6.432566602149e-13      -5.764916086448e-13       0.000000000000e+00       8.161055513886e-17       3.369039897434e-17       4.218047365696e-18 
 2433       1.048865789116e-11       6.425683444317e-13      -5.852901692344e-13       0.000000000000e+00       8.147077641595e-17       3.351390730649e-17       4.217252948239e-18 
 2434       1.046795556967e-11       6.418242908748e-13      -5.940421732150e-13       0.000000000000e+00       8.133129449612e-17       3.333877404040e-17       4.214790330415e-18 
 2435       1.044787850169e-11       6.410244039699e-13      -6.027438363480e-13       0.000000000000e+00       8.119210878398e-17       3.316502947173e-17       4.210585658056e-18 
 2436       1.042842293839e-11       6.401685881600e-13      -6.113913623011e-13       0.000000000000e+00       8.105321867915e-17       3.299270398612e-17       4.204564844470e-18 
 2437       1.040958511470e-11       6.392567479065e-13      -6.199809426368e-13       0.000000000000e+00       8.091462357630e-17       3.282182805928e-17       4.196653570196e-18 
 2438       1.039136047902e-11       6.382888932935e-13      -6.285090566223e-13       0.000000000000e+00       8.077632284089e-17       3.265242551996e-17       4.186800769973e-18 
 2439       1.037374137755e-11       6.372654575356e-13      -6.369733726550e-13       0.000000000000e+00       8.063831573634e-17       3.248449329429e-17       4.175049248229e-18 
 2440       1.035671935603e-11       6.361869813778e-13      -6.453718522267e-13       0.000000000000e+00       8.050060149645e-17       3.231802153996e-17       4.161465487218e-18 
 2441       1.034028592867e-11       6.350540076653e-13      -6.537024505857e-13       0.000000000000e+00       8.036317934953e-17       3.215300037226e-17       4.146116198576e-18 
 2442       1.032443257813e-11       6.338670813464e-13      -6.619631167310e-13       0.000000000000e+00       8.022604851841e-17       3.198941986403e-17       4.129068323559e-18 
 2443       1.030915075543e-11       6.326267494745e-13      -6.701517934053e-13       0.000000000000e+00       8.008920822042e-17       3.182727004562e-17       4.110389033282e-18 
 2444       1.029443187998e-11       6.313335612103e-13      -6.782664170895e-13       0.000000000000e+00       7.995265766739e-17       3.166654090485e-17       4.090145728955e-18 
 2445       1.028026733949e-11       6.299880678240e-13      -6.863049179963e-13       0.000000000000e+00       7.981639606567e-17       3.150722238695e-17       4.068406042127e-18 
 2446       1.026664848998e-11       6.285908226979e-13      -6.942652200634e-13       0.000000000000e+00       7.968042261605e-17       3.134930439451e-17       4.045237834921e-18 
 2447       1.025356665573e-11       6.271423813284e-13      -7.021452409481e-13       0.000000000000e+00       7.954473651386e-17       3.119277678746e-17       4.020709200274e-18 
 2448       1.024101312926e-11       6.256433013283e-13      -7.099428920206e-13       0.000000000000e+00       7.940933694885e-17       3.103762938299e-17       3.994888462173e-18 
 2449       1.022897917125e-11       6.240941424290e-13      -7.176560783577e-13       0.000000000000e+00       7.927422310526e-17       3.088385195551e-17       3.967844175902e-18 
 2450       1.021745601057e-11       6.224954664830e-13      -7.252826987368e-13       0.000000000000e+00       7.913939416180e-17       3.073143423664e-17       3.939645128270e-18 
 2451       1.020643484420e-11       6.208478374658e-13      -7.328206456296e-13       0.000000000000e+00       7.900484929162e-17       3.058036591509e-17       3.910360337857e-18 
 2452       1.019590683721e-11       6.191518214786e-13      -7.402678051958e-13       0.000000000000e+00       7.887058766232e-17       3.043063663669e-17       3.880059055251e-18 
 2453       1.018586312275e-11       6.174079867500e-13      -7.476220572768e-13       0.000000000000e+00       7.873660843594e-17       3.028223600430e-17       3.848810763288e-18 
 2454       1.017629480196e-11       6.156169036390e-13      -7.548812753898e-13       0.000000000000e+00       7.860291076895e-17       3.013515357775e-17       3.816685177286e-18 
 2455       1.016719294401e-11       6.137791446365e-13      -7.620433267212e-13       0.000000000000e+00       7.846949381225e-17       2.998937887385e-17       3.783752245291e-18 
 2456       1.015854858601e-11       6.118952843679e-13      -7.691060721203e-13       0.000000000000e+00       7.833635671116e-17       2.984490136627e-17       3.750082148309e-18 
 2457       1.015035273297e-11       6.099658995958e-13      -7.760673660936e-13       0.000000000000e+00       7.820349860540e-17       2.970171048557e-17       3.715745300549e-18 
 2458       1.014259635784e-11       6.079915692212e-13      -7.829250567980e-13       0.000000000000e+00       7.807091862911e-17       2.955979561908e-17       3.680812349661e-18 
 2459       1.013527040138e-11       6.059728742869e-13      -7.896769860350e-13       0.000000000000e+00       7.793861591083e-17       2.941914611089e-17       3.645354176976e-18 
 2460       1.012836577221e-11       6.039103979791e-13      -7.963209892439e-13       0.000000000000e+00       7.780658957348e-17       2.927975126181e-17       3.609441897739e-18 
 2461       1.012187334671e-11       6.018047256297e-13      -8.028548954963e-13       0.000000000000e+00       7.767483873436e-17       2.914160032932e-17       3.573146861356e-18 
 2462       1.011578396904e-11       5.996564447187e-13      -8.092765274892e-13       0.000000000000e+00       7.754336250517e-17       2.900468252748e-17       3.536540651627e-18 
 2463       1.011008845106e-11       5.974661448766e-13      -8.155837015393e-13       0.000000000000e+00       7.741215999197e-17       2.886898702696e-17       3.499695086988e-18 
 2464       1.010477757233e-11       5.952344178864e-13      -8.217742275763e-13       0.000000000000e+00       7.728123029518e-17       2.873450295491e-17       3.462682220747e-18 
 2465       1.009984208008e-11       5.929618576859e-13      -8.278459091369e-13       0.000000000000e+00       7.715057250957e-17       2.860121939499e-17       3.425574341326e-18 
 2466       1.009527268913e-11       5.906490603701e-13      -8.337965433588e-13       0.000000000000e+00       7.702018572429e-17       2.846912538726e-17       3.388443972495e-18 
 2467       1.009106008192e-11       5.882966241933e-13      -8.396239209739e-13       0.000000000000e+00       7.689006902280e-17       2.833820992816e-17       3.351363873618e-18 
 2468       1.008719490841e-11       5.859051495717e-13      -8.453258263025e-13       0.000000000000e+00       7.676022148292e-17       2.820846197048e-17       3.314407039885e-18 
 2469       1.008366778611e-11       5.834752390850e-13      -8.509000372470e-13       0.000000000000e+00       7.663064217678e-17       2.807987042329e-17       3.277646702555e-18 
 2470       1.008046929999e-11       5.810074974794e-13      -8.563443252855e-13       0.000000000000e+00       7.650133017086e-17       2.795242415188e-17       3.241156329191e-18 
 2471       1.007759000251e-11       5.785025316693e-13      -8.616564554657e-13       0.000000000000e+00       7.637228452594e-17       2.782611197774e-17       3.205009623903e-18 
 2472       1.007502041352e-11       5.759609507401e-13      -8.668341863987e-13       0.000000000000e+00       7.624350429709e-17       2.770092267851e-17       3.169280527586e-18 
 2473       1.007275102026e-11       5.733833659498e-13      -8.718752702526e-13       0.000000000000e+00       7.611498853373e-17       2.757684498793e-17       3.134043218155e-18 
 2474       1.007077227733e-11       5.707703907318e-13      -8.767774527465e-13       0.000000000000e+00       7.598673627953e-17       2.745386759577e-17       3.099372110788e-18 
 2475       1.006907460664e-11       5.681226406969e-13      -8.815384731439e-13       0.000000000000e+00       7.585874657248e-17       2.733197914783e-17       3.065341858164e-18 
 2476       1.006764839739e-11       5.654407336358e-13      -8.861560642471e-13       0.000000000000e+00       7.573101844482e-17       2.721116824583e-17       3.032027350699e-18 
 2477       1.006648413947e-11       5.627253224307e-13      -8.906283258815e-13       0.000000000000e+00       7.560355100044e-17       2.709143033223e-17       2.999488898531e-18 
 2478       1.006557282454e-11       5.599771939989e-13      -8.949548477771e-13       0.000000000000e+00       7.547634364731e-17       2.697278838907e-17       2.967727681260e-18 
 2479       1.006490554727e-11       5.571971709388e-13      -8.991355933128e-13       0.000000000000e+00       7.534939586636e-17       2.685527236136e-17       2.936730035332e-18 
 2480       1.006447337205e-11       5.543860786764e-13      -9.031705266287e-13       0.000000000000e+00       7.522270713430e-17       2.673891228348e-17       2.906482248325e-18 
 2481       1.006426733298e-11       5.515447454677e-13      -9.070596126274e-13       0.000000000000e+00       7.509627692357e-17       2.662373827928e-17       2.876970558908e-18 
 2482       1.006427843385e-11       5.486740024021e-13      -9.108028169747e-13       0.000000000000e+00       7.497010470237e-17       2.650978056216e-17       2.848181156781e-18 
 2483       1.006449764809e-11       5.457746834052e-13      -9.144001061011e-13       0.000000000000e+00       7.484418993463e-17       2.639706943512e-17       2.820100182628e-18 
 2484       1.006491591875e-11       5.428476252414e-13      -9.178514472027e-13       0.000000000000e+00       7.471853208002e-17       2.628563529092e-17       2.792713728067e-18 
 2485       1.006552415845e-11       5.398936675173e-13      -9.211568082420e-13       0.000000000000e+00       7.459313059393e-17       2.617550861210e-17       2.766007835599e-18 
 2486       1.006631324938e-11       5.369136526842e-13      -9.243161579495e-13       0.000000000000e+00       7.446798492747e-17       2.606671997112e-17       2.739968498552e-18 
 2487       1.006727404325e-11       5.339084260412e-13      -9.273294658242e-13       0.000000000000e+00       7.434309452749e-17       2.595930003041e-17       2.714581661038e-18 
 2488       1.006839736125e-11       5.308788357380e-13      -9.301967021352e-13       0.000000000000e+00       7.421845883653e-17       2.585327954246e-17       2.689833217896e-18 
 2489       1.006967399404e-11       5.278257327779e-13      -9.329178379223e-13       0.000000000000e+00       7.409407729285e-17       2.574868934994e-17       2.665709014645e-18 
 2490       1.007109470172e-11       5.247499710207e-13      -9.354928449973e-13       0.000000000000e+00       7.396994933041e-17       2.564556038576e-17       2.642194847430e-18 
 2491       1.007265021376e-11       5.216524071855e-13      -9.379216959450e-13       0.000000000000e+00       7.384607437885e-17       2.554392367316e-17       2.619276462973e-18 
 2492       1.007433122902e-11       5.185339008536e-13      -9.402043641246e-13       0.000000000000e+00       7.372245186353e-17       2.544381032579e-17       2.596939558523e-18 
 2493       1.007612841569e-11       5.153953144718e-13      -9.423408236701e-13       0.000000000000e+00       7.359908120548e-17       2.534525154782e-17       2.575169781801e-18 
 2494       1.007803241128e-11       5.122375133546e-13      -9.443310494919e-13       0.000000000000e+00       7.347596182140e-17       2.524827863403e-17       2.553952730954e-18 
 2495       1.008003382253e-11       5.090613656878e-13      -9.461750172777e-13       0.000000000000e+00       7.335309312369e-17       2.515292296986e-17       2.533273954501e-18 
 2496       1.008212322548e-11       5.058677425308e-13      -9.478727034935e-13       0.000000000000e+00       7.323047452040e-17       2.505921603152e-17       2.513118951283e-18 
 2497       1.008429116535e-11       5.026575178201e-13      -9.494240853850e-13       0.000000000000e+00       7.310810541525e-17       2.496718938611e-17       2.493473170414e-18 
 2498       1.008652815654e-11       4.994315683716e-13      -9.508291409780e-13       0.000000000000e+00       7.298598520762e-17       2.487687469163e-17       2.474322011225e-18 
 2499       1.008882468261e-11       4.961907738841e-13      -9.520878490802e-13       0.000000000000e+00       7.286411329254e-17       2.478830369715e-17       2.455650823219e-18 
 2500       1.009117119624e-11       4.929360169417e-13      -9.532001892817e-13       0.000000000000e+00       7.274248906071e-17       2.470150824284e-17       2.437444906016e-18 
 2501       1.009355811920e-11       4.896681830170e-13      -9.541661419566e-13       0.000000000000e+00       7.262111189844e-17       2.461652026010e-17       2.419689509305e-18 
 2502       1.009597584229e-11       4.863881604740e-13      -9.549856882635e-13       0.000000000000e+00       7.249998118770e-17       2.453337177160e-17       2.402369832790e-18 
 2503       1.009841472538e-11       4.830968405709e-13      -9.556588101470e-13       0.000000000000e+00       7.237909630608e-17       2.445209489141e-17       2.385471026142e-18 
 2504       1.010086509731e-11       4.797951174628e-13      -9.561854903385e-13       0.000000000000e+00       7.225845662680e-17       2.437272182507e-17       2.368978188945e-18 
 2505       1.010331725588e-11       4.764838882051e-13      -9.565657123574e-13       0.000000000000e+00       7.213806151872e-17       2.429528486967e-17       2.352876370651e-18 
 2506       1.010576146783e-11       4.731640527561e-13      -9.567994605123e-13       0.000000000000e+00       7.201791034629e-17       2.421981641395e-17       2.337150570520e-18 
 2507       1.010818796881e-11       4.698365139800e-13      -9.568867199016e-13       0.000000000000e+00       7.189800246958e-17       2.414634893838e-17       2.321785737578e-18 
 2508       1.011058696333e-11       4.665021776495e-13      -9.568274764152e-13       0.000000000000e+00       7.177833724427e-17       2.407491501527e-17       2.306766770561e-18 
 2509       1.011294862475e-11       4.631619524492e-13      -9.566217167350e-13       0.000000000000e+00       7.165891402164e-17       2.400554730881e-17       2.292078517864e-18 
 2510       1.011526309522e-11       4.598167499783e-13      -9.562694283364e-13       0.000000000000e+00       7.153973214856e-17       2.393827857521e-17       2.277705777494e-18 
 2511       1.011752048568e-11       4.564674847532e-13      -9.557705994889e-13       0.000000000000e+00       7.142079096750e-17       2.387314166274e-17       2.263633297015e-18 
 2512       1.011971087584e-11       4.531150742109e-13      -9.551252192579e-13       0.000000000000e+00       7.130208981650e-17       2.381016951187e-17       2.249845773499e-18 
 2513       1.012182431408e-11       4.497604387116e-13      -9.543332775048e-13       0.000000000000e+00       7.118362802919e-17       2.374939515530e-17       2.236327853474e-18 
 2514       1.012385081749e-11       4.464045015417e-13      -9.533947648890e-13       0.000000000000e+00       7.106540493477e-17       2.369085171809e-17       2.223064132877e-18 
 2515       1.012578037183e-11       4.430481889168e-13      -9.523096728681e-13       0.000000000000e+00       7.094741985800e-17       2.363457241773e-17       2.210039156995e-18 
 2516       1.012760373574e-11       4.396923884688e-13      -9.510782597519e-13       0.000000000000e+00       7.082967218092e-17       2.358057956826e-17       2.197234061737e-18 
 2517       1.012931485873e-11       4.363378244395e-13      -9.497018505506e-13       0.000000000000e+00       7.071216152832e-17       2.352885152253e-17       2.184616476158e-18 
 2518       1.013090847724e-11       4.329851817666e-13      -9.481820417831e-13       0.000000000000e+00       7.059488758330e-17       2.347935553769e-17       2.172150561063e-18 
 2519       1.013237931161e-11       4.296351475353e-13      -9.465204358543e-13       0.000000000000e+00       7.047785002573e-17       2.343205875362e-17       2.159800362244e-18 
 2520       1.013372206605e-11       4.262884109807e-13      -9.447186410606e-13       0.000000000000e+00       7.036104853215e-17       2.338692819279e-17       2.147529810362e-18 
 2521       1.013493142862e-11       4.229456634895e-13      -9.427782715965e-13       0.000000000000e+00       7.024448277586e-17       2.334393076015e-17       2.135302720836e-18 
 2522       1.013600207125e-11       4.196075986024e-13      -9.407009475605e-13       0.000000000000e+00       7.012815242686e-17       2.330303324297e-17       2.123082793727e-18 
 2523       1.013692864970e-11       4.162749120163e-13      -9.384882949610e-13       0.000000000000e+00       7.001205715183e-17       2.326420231078e-17       2.110833613623e-18 
 2524       1.013770580353e-11       4.129483015862e-13      -9.361419457230e-13       0.000000000000e+00       6.989619661421e-17       2.322740451521e-17       2.098518649525e-18 
 2525       1.013832815613e-11       4.096284673272e-13      -9.336635376934e-13       0.000000000000e+00       6.978057047409e-17       2.319260628985e-17       2.086101254732e-18 
 2526       1.013879031463e-11       4.063161114171e-13      -9.310547146480e-13       0.000000000000e+00       6.966517838828e-17       2.315977395018e-17       2.073544666727e-18 
 2527       1.013908686997e-11       4.030119381979e-13      -9.283171262967e-13       0.000000000000e+00       6.955002001029e-17       2.312887369344e-17       2.060812007064e-18 
 2528       1.013921239683e-11       3.997166541787e-13      -9.254524282904e-13       0.000000000000e+00       6.943509499030e-17       2.309987159845e-17       2.047866281248e-18 
 2529       1.013916145362e-11       3.964309680369e-13      -9.224622822265e-13       0.000000000000e+00       6.932040297518e-17       2.307273362557e-17       2.034670378628e-18 
 2530       1.013892858248e-11       3.931555906210e-13      -9.193483556556e-13       0.000000000000e+00       6.920594360849e-17       2.304742561653e-17       2.021187072277e-18 
 2531       1.013850830924e-11       3.898912349526e-13      -9.161123220870e-13       0.000000000000e+00       6.909171653045e-17       2.302391329431e-17       2.007379018879e-18 
 2532       1.013789514346e-11       3.866386162281e-13      -9.127558609951e-13       0.000000000000e+00       6.897772137795e-17       2.300216226305e-17       1.993208758614e-18 
 2533       1.013708357832e-11       3.833984518215e-13      -9.092806578258e-13       0.000000000000e+00       6.886395778458e-17       2.298213800790e-17       1.978638715046e-18 
 2534       1.013606809070e-11       3.801714612859e-13      -9.056884040020e-13       0.000000000000e+00       6.875042538055e-17       2.296380589491e-17       1.963631195004e-18 
 2535       1.013484314110e-11       3.769583663560e-13      -9.019807969301e-13       0.000000000000e+00       6.863712379275e-17       2.294713117091e-17       1.948148388472e-18 
 2536       1.013340317366e-11       3.737598909500e-13      -8.981595400060e-13       0.000000000000e+00       6.852405264472e-17       2.293207896337e-17       1.932152368472e-18 
 2537       1.013174261613e-11       3.705767611719e-13      -8.942263426214e-13       0.000000000000e+00       6.841121155666e-17       2.291861428033e-17       1.915605090948e-18 
 2538       1.012985587985e-11       3.674097053134e-13      -8.901829201696e-13       0.000000000000e+00       6.829860014542e-17       2.290670201020e-17       1.898468394657e-18 
 2539       1.012773735974e-11       3.642594538564e-13      -8.860309940517e-13       0.000000000000e+00       6.818621802446e-17       2.289630692174e-17       1.880704001047e-18 
 2540       1.012538143427e-11       3.611267394745e-13      -8.817722916829e-13       0.000000000000e+00       6.807406480391e-17       2.288739366383e-17       1.862273514149e-18 
 2541       1.012278246550e-11       3.580122970358e-13      -8.774085464984e-13       0.000000000000e+00       6.796214009052e-17       2.287992676543e-17       1.843138420458e-18 
 2542       1.011993479897e-11       3.549168636046e-13      -8.729414979596e-13       0.000000000000e+00       6.785044348768e-17       2.287387063544e-17       1.823260088820e-18 
 2543       1.011683276378e-11       3.518411784434e-13      -8.683728915601e-13       0.000000000000e+00       6.773897459540e-17       2.286918956254e-17       1.802599770319e-18 
 2544       1.011347067250e-11       3.487859830157e-13      -8.637044788319e-13       0.000000000000e+00       6.762773301030e-17       2.286584771514e-17       1.781118598161e-18 
 2545       1.010984282120e-11       3.457520209872e-13      -8.589380173517e-13       0.000000000000e+00       6.751671832564e-17       2.286380914118e-17       1.758777587559e-18 
 2546       1.010594348942e-11       3.427400382286e-13      -8.540752707466e-13       0.000000000000e+00       6.740593013127e-17       2.286303776807e-17       1.735537635617e-18 
 2547       1.010176694015e-11       3.397507828174e-13      -8.491180087006e-13       0.000000000000e+00       6.729536801367e-17       2.286349740255e-17       1.711359521222e-18 
 2548       1.009730741980e-11       3.367850050403e-13      -8.440680069602e-13       0.000000000000e+00       6.718503155591e-17       2.286515173055e-17       1.686203904921e-18 
 2549       1.009255915824e-11       3.338434573949e-13      -8.389270473412e-13       0.000000000000e+00       6.707492033766e-17       2.286796431711e-17       1.660031328812e-18 
 2550       1.008751636871e-11       3.309268945921e-13      -8.336969177343e-13       0.000000000000e+00       6.696503393519e-17       2.287189860620e-17       1.632802216427e-18 
 2551       1.008217324786e-11       3.280360735583e-13      -8.283794121112e-13       0.000000000000e+00       6.685537192138e-17       2.287691792068e-17       1.604476872619e-18 
 2552       1.007652397570e-11       3.251717534372e-13      -8.229763305312e-13       0.000000000000e+00       6.674593386566e-17       2.288298546209e-17       1.575015483447e-18 
 2553       1.007056271562e-11       3.223346955922e-13      -8.174894791466e-13       0.000000000000e+00       6.663671933408e-17       2.289006431060e-17       1.544378116061e-18 
 2554       1.006428361433e-11       3.195256636084e-13      -8.119206702095e-13       0.000000000000e+00       6.652772788925e-17       2.289811742484e-17       1.512524718586e-18 
 2555       1.005768177788e-11       3.167453398651e-13      -8.062717822185e-13       0.000000000000e+00       6.641895905494e-17       2.290710860157e-17       1.479433458280e-18 
 2556       1.005075620573e-11       3.139940747266e-13      -8.005449407248e-13       0.000000000000e+00       6.631041220964e-17       2.291700536074e-17       1.445155851057e-18 
 2557       1.004350687343e-11       3.112721359180e-13      -7.947423385751e-13       0.000000000000e+00       6.620208669235e-17       2.292777607672e-17       1.409761947688e-18 
 2558       1.003593375820e-11       3.085797918255e-13      -7.888661758710e-13       0.000000000000e+00       6.609398183800e-17       2.293938901992e-17       1.373322024451e-18 
 2559       1.002803683888e-11       3.059173114961e-13      -7.829186599769e-13       0.000000000000e+00       6.598609697740e-17       2.295181235670e-17       1.335906583353e-18 
 2560       1.001981609597e-11       3.032849646388e-13      -7.769020055268e-13       0.000000000000e+00       6.587843143723e-17       2.296501414928e-17       1.297586352350e-18 
 2561       1.001127151161e-11       3.006830216252e-13      -7.708184344317e-13       0.000000000000e+00       6.577098454007e-17       2.297896235561e-17       1.258432285571e-18 
 2562       1.000240306957e-11       2.981117534898e-13      -7.646701758866e-13       0.000000000000e+00       6.566375560439e-17       2.299362482928e-17       1.218515563541e-18 
 2563       9.993210755316e-12       2.955714319306e-13      -7.584594663783e-13       0.000000000000e+00       6.555674394450e-17       2.300896931942e-17       1.177907593404e-18 
 2564       9.983694555927e-12       2.930623293100e-13      -7.521885496916e-13       0.000000000000e+00       6.544994887059e-17       2.302496347060e-17       1.136680009140e-18 
 2565       9.973854460156e-12       2.905847186550e-13      -7.458596769177e-13       0.000000000000e+00       6.534336968874e-17       2.304157482271e-17       1.094904671797e-18 
 2566       9.963690458408e-12       2.881388736581e-13      -7.394751064604e-13       0.000000000000e+00       6.523700570085e-17       2.305877081088e-17       1.052653669705e-18 
 2567       9.953202542752e-12       2.857250686775e-13      -7.330371040438e-13       0.000000000000e+00       6.513085620469e-17       2.307651876535e-17       1.009999318700e-18 
 2568       9.942390706915e-12       2.833435787383e-13      -7.265479427197e-13       0.000000000000e+00       6.502492049388e-17       2.309478591139e-17       9.670141623524e-19 
 2569       9.931254946290e-12       2.809946795325e-13      -7.200099028742e-13       0.000000000000e+00       6.491919785788e-17       2.311353936917e-17       9.237709721811e-19 
 2570       9.919795257936e-12       2.786786474197e-13      -7.134252722355e-13       0.000000000000e+00       6.481368758200e-17       2.313274615371e-17       8.803427478814e-19 
 2571       9.908011640581e-12       2.763957594280e-13      -7.067963458809e-13       0.000000000000e+00       6.470838894735e-17       2.315237317471e-17       8.368027175456e-19 
 2572       9.895904094621e-12       2.741462932543e-13      -7.001254262439e-13       0.000000000000e+00       6.460330123092e-17       2.317238723649e-17       7.932243378854e-19 
 2573       9.883472622129e-12       2.719305272649e-13      -6.934148231214e-13       0.000000000000e+00       6.449842370549e-17       2.319275503787e-17       7.496812944546e-19 
 2574       9.870717226850e-12       2.697487404962e-13      -6.866668536814e-13       0.000000000000e+00       6.439375563965e-17       2.321344317207e-17       7.062475018718e-19 
 2575       9.857637914205e-12       2.676012126552e-13      -6.798838424694e-13       0.000000000000e+00       6.428929629785e-17       2.323441812662e-17       6.629971040419e-19 
 2576       9.844234691298e-12       2.654882241201e-13      -6.730681214163e-13       0.000000000000e+00       6.418504494030e-17       2.325564628324e-17       6.200044743797e-19 
 2577       9.830507566910e-12       2.634100559410e-13      -6.662220298454e-13       0.000000000000e+00       6.408100082305e-17       2.327709391772e-17       5.773442160315e-19 
 2578       9.816456551509e-12       2.613669898402e-13      -6.593479144795e-13       0.000000000000e+00       6.397716319793e-17       2.329872719987e-17       5.350911620976e-19 
 2579       9.802081657247e-12       2.593593082131e-13      -6.524481294481e-13       0.000000000000e+00       6.387353131258e-17       2.332051219338e-17       4.933203758552e-19 
 2580       9.787382897963e-12       2.573872941287e-13      -6.455250362949e-13       0.000000000000e+00       6.377010441041e-17       2.334241485570e-17       4.521071509804e-19 
 2581       9.772360289188e-12       2.554512313299e-13      -6.385810039847e-13       0.000000000000e+00       6.366688173065e-17       2.336440103798e-17       4.115270117708e-19 
 2582       9.757013848142e-12       2.535514042347e-13      -6.316184089107e-13       0.000000000000e+00       6.356386250827e-17       2.338643648493e-17       3.716557133677e-19 
 2583       9.741343593744e-12       2.516880979361e-13      -6.246396349019e-13       0.000000000000e+00       6.346104597405e-17       2.340848683475e-17       3.325692419790e-19 
 2584       9.725349546604e-12       2.498615982031e-13      -6.176470732300e-13       0.000000000000e+00       6.335843135452e-17       2.343051761901e-17       2.943438151011e-19 
 2585       9.709031729033e-12       2.480721914811e-13      -6.106431226168e-13       0.000000000000e+00       6.325601787199e-17       2.345249426251e-17       2.570558817417e-19 
 2586       9.692390165044e-12       2.463201648928e-13      -6.036301892415e-13       0.000000000000e+00       6.315380474452e-17       2.347438208326e-17       2.207821226419e-19 
 2587       9.675424880351e-12       2.446058062382e-13      -5.966106867477e-13       0.000000000000e+00       6.305179118594e-17       2.349614629231e-17       1.855994504989e-19 
 2588       9.658135902373e-12       2.429294039958e-13      -5.895870362507e-13       0.000000000000e+00       6.294997640582e-17       2.351775199365e-17       1.515850101885e-19 
 2589       9.640523260237e-12       2.412912473229e-13      -5.825616663448e-13       0.000000000000e+00       6.284835960949e-17       2.353916418414e-17       1.188161789871e-19 
 2590       9.622586984779e-12       2.396916260562e-13      -5.755370131104e-13       0.000000000000e+00       6.274693999799e-17       2.356034775339e-17       8.737056679460e-20 
 2591       9.604327108545e-12       2.381308307121e-13      -5.685155201214e-13       0.000000000000e+00       6.264571676815e-17       2.358126748366e-17       5.732601635641e-20 
 2592       9.585743665796e-12       2.366091524881e-13      -5.614996384519e-13       0.000000000000e+00       6.254468911250e-17       2.360188804974e-17       2.876060348621e-20 
 2593       9.566836692509e-12       2.351268832623e-13      -5.544918266841e-13       0.000000000000e+00       6.244385621929e-17       2.362217401886e-17       1.752637288225e-21 
 2594       9.547606905619e-12       2.336842348763e-13      -5.474944170254e-13       0.000000000000e+00       6.234321737838e-17       2.364210311800e-17      -2.364130703225e-20 
 2595       9.528057744938e-12       2.322810964805e-13      -5.405092128197e-13       0.000000000000e+00       6.224277229945e-17       2.366170611775e-17      -4.745242567888e-20 
 2596       9.508193342765e-12       2.309172758197e-13      -5.335378887786e-13       0.000000000000e+00       6.214252079557e-17       2.368102717338e-17      -6.973402110168e-20 
 2597       9.488017845713e-12       2.295925798266e-13      -5.265821246695e-13       0.000000000000e+00       6.204246267748e-17       2.370011057800e-17      -9.053956860894e-20 
 2598       9.467535414716e-12       2.283068146209e-13      -5.196436053202e-13       0.000000000000e+00       6.194259775357e-17       2.371900076276e-17      -1.099227165364e-19 
 2599       9.446750225050e-12       2.270597855085e-13      -5.127240206240e-13       0.000000000000e+00       6.184292582992e-17       2.373774229689e-17      -1.279372864164e-19 
 2600       9.425666466339e-12       2.258512969803e-13      -5.058250655445e-13       0.000000000000e+00       6.174344671024e-17       2.375637988790e-17      -1.446372731471e-19 
 2601       9.404288342580e-12       2.246811527120e-13      -4.989484401204e-13       0.000000000000e+00       6.164416019592e-17       2.377495838171e-17      -1.600768451617e-19 
 2602       9.382620072147e-12       2.235491555627e-13      -4.920958494700e-13       0.000000000000e+00       6.154506608600e-17       2.379352276275e-17      -1.743103445975e-19 
 2603       9.360665887811e-12       2.224551075742e-13      -4.852690037967e-13       0.000000000000e+00       6.144616417718e-17       2.381211815411e-17      -1.873922874652e-19 
 2604       9.338430036754e-12       2.213988099703e-13      -4.784696183933e-13       0.000000000000e+00       6.134745426380e-17       2.383078981769e-17      -1.993773638181e-19 
 2605       9.315916780580e-12       2.203800631555e-13      -4.716994136469e-13       0.000000000000e+00       6.124893613786e-17       2.384958315429e-17      -2.103204379210e-19 
 2606       9.293130395333e-12       2.193986667150e-13      -4.649601150440e-13       0.000000000000e+00       6.115060958897e-17       2.386854370379e-17      -2.202765484199e-19 
 2607       9.270075171510e-12       2.184544194127e-13      -4.582534531748e-13       0.000000000000e+00       6.105247440442e-17       2.388771714528e-17      -2.293009085107e-19 
 2608       9.246755414074e-12       2.175471191915e-13      -4.515811637387e-13       0.000000000000e+00       6.095453036913e-17       2.390714929714e-17      -2.374489061087e-19 
 2609       9.223175442468e-12       2.166765631715e-13      -4.449449875487e-13       0.000000000000e+00       6.085677726563e-17       2.392688611724e-17      -2.447761040175e-19 
 2610       9.199339590634e-12       2.158425476498e-13      -4.383466705361e-13       0.000000000000e+00       6.075921487411e-17       2.394697370302e-17      -2.513382400986e-19 
 2611       9.175252207020e-12       2.150448680993e-13      -4.317879637557e-13       0.000000000000e+00       6.066184297238e-17       2.396745829168e-17      -2.571912274399e-19 
 2612       9.150917654600e-12       2.142833191679e-13      -4.252706233906e-13       0.000000000000e+00       6.056466133586e-17       2.398838626025e-17      -2.623911545258e-19 
 2613       9.126340310885e-12       2.135576946778e-13      -4.187964107567e-13       0.000000000000e+00       6.046766973763e-17       2.400980412577e-17      -2.669942854056e-19 
 2614       9.101524567940e-12       2.128677876245e-13      -4.123670923077e-13       0.000000000000e+00       6.037086794836e-17       2.403175854541e-17      -2.710570598630e-19 
 2615       9.076474832397e-12       2.122133901758e-13      -4.059844396400e-13       0.000000000000e+00       6.027425573634e-17       2.405429631657e-17      -2.746360935853e-19 
 2616       9.051195525465e-12       2.115942936713e-13      -3.996502294976e-13       0.000000000000e+00       6.017783286748e-17       2.407746437709e-17      -2.777881783325e-19 
 2617       9.025691082954e-12       2.110102886215e-13      -3.933662437765e-13       0.000000000000e+00       6.008159910531e-17       2.410130980531e-17      -2.805702821065e-19 
 2618       8.999965955280e-12       2.104611647066e-13      -3.871342695301e-13       0.000000000000e+00       5.998555421096e-17       2.412587982022e-17      -2.830395493206e-19 
 2619       8.974024607482e-12       2.099467107758e-13      -3.809560989736e-13       0.000000000000e+00       5.988969794316e-17       2.415122178164e-17      -2.852533009679e-19 
 2620       8.947871519241e-12       2.094667148469e-13      -3.748335294890e-13       0.000000000000e+00       5.979403005825e-17       2.417738319028e-17      -2.872690347914e-19 
 2621       8.921511184885e-12       2.090209641046e-13      -3.687683636301e-13       0.000000000000e+00       5.969855031017e-17       2.420441168792e-17      -2.891444254524e-19 
 2622       8.894948113413e-12       2.086092449003e-13      -3.627624091267e-13       0.000000000000e+00       5.960325845045e-17       2.423235505755e-17      -2.909373247004e-19 
 2623       8.868186828503e-12       2.082313427512e-13      -3.568174788903e-13       0.000000000000e+00       5.950815422823e-17       2.426126122348e-17      -2.927057615417e-19 
 2624       8.841231868528e-12       2.078870423390e-13      -3.509353910183e-13       0.000000000000e+00       5.941323739022e-17       2.429117825146e-17      -2.945079424088e-19 
 2625       8.814087786571e-12       2.075761275097e-13      -3.451179687988e-13       0.000000000000e+00       5.931850768074e-17       2.432215434886e-17      -2.964022513296e-19 
 2626       8.786759150437e-12       2.072983812719e-13      -3.393670407161e-13       0.000000000000e+00       5.922396484166e-17       2.435423786476e-17      -2.984472500968e-19 
 2627       8.759250542670e-12       2.070535857970e-13      -3.336844404546e-13       0.000000000000e+00       5.912960861248e-17       2.438747729010e-17      -3.007016784365e-19 
 2628       8.731566560567e-12       2.068415224173e-13      -3.280720069044e-13       0.000000000000e+00       5.903543873024e-17       2.442192125783e-17      -3.032244541779e-19 
 2629       8.703711816190e-12       2.066619716260e-13      -3.225315841657e-13       0.000000000000e+00       5.894145492958e-17       2.445761854301e-17      -3.060746734224e-19 
 2630       8.675690936381e-12       2.065147130756e-13      -3.170650215537e-13       0.000000000000e+00       5.884765694270e-17       2.449461806297e-17      -3.093116107127e-19 
 2631       8.647508562778e-12       2.063995255778e-13      -3.116741736036e-13       0.000000000000e+00       5.875404449937e-17       2.453296887741e-17      -3.129947192018e-19 
 2632       8.619169351829e-12       2.063161871021e-13      -3.063609000752e-13       0.000000000000e+00       5.866061732694e-17       2.457272018860e-17      -3.171836308226e-19 
 2633       8.590678103359e-12       2.062644323847e-13      -3.011268358465e-13       0.000000000000e+00       5.856737512239e-17       2.461390611547e-17      -3.219274303966e-19 
 2634       8.562040147030e-12       2.062438255001e-13      -2.959726991862e-13       0.000000000000e+00       5.847431746845e-17       2.465649992347e-17      -3.272324124441e-19 
 2635       8.533260958062e-12       2.062538865791e-13      -2.908989796436e-13       0.000000000000e+00       5.838144391700e-17       2.470045954046e-17      -3.330941453861e-19 
 2636       8.504346028886e-12       2.062941341331e-13      -2.859061678117e-13       0.000000000000e+00       5.828875401698e-17       2.474574275939e-17      -3.395081813024e-19 
 2637       8.475300869166e-12       2.063640850528e-13      -2.809947553275e-13       0.000000000000e+00       5.819624731438e-17       2.479230723825e-17      -3.464700559152e-19 
 2638       8.446131005806e-12       2.064632546066e-13      -2.761652348733e-13       0.000000000000e+00       5.810392335221e-17       2.484011049984e-17      -3.539752885728e-19 
 2639       8.416841982978e-12       2.065911564386e-13      -2.714181001775e-13       0.000000000000e+00       5.801178167053e-17       2.488910993172e-17      -3.620193822331e-19 
 2640       8.387439362129e-12       2.067473025675e-13      -2.667538460152e-13       0.000000000000e+00       5.791982180643e-17       2.493926278604e-17      -3.705978234471e-19 
 2641       8.357928722003e-12       2.069312033849e-13      -2.621729682091e-13       0.000000000000e+00       5.782804329403e-17       2.499052617942e-17      -3.797060823427e-19 
 2642       8.328315658655e-12       2.071423676532e-13      -2.576759636307e-13       0.000000000000e+00       5.773644566447e-17       2.504285709280e-17      -3.893396126082e-19 
 2643       8.298605785468e-12       2.073803025049e-13      -2.532633302007e-13       0.000000000000e+00       5.764502844591e-17       2.509621237136e-17      -3.994938514758e-19 
 2644       8.268804733171e-12       2.076445134403e-13      -2.489355668901e-13       0.000000000000e+00       5.755379116355e-17       2.515054872434e-17      -4.101642197053e-19 
 2645       8.238918149852e-12       2.079345043262e-13      -2.446931737209e-13       0.000000000000e+00       5.746273333957e-17       2.520582272492e-17      -4.213461215679e-19 
 2646       8.208951700979e-12       2.082497773944e-13      -2.405366517670e-13       0.000000000000e+00       5.737185449319e-17       2.526199081011e-17      -4.330349448291e-19 
 2647       8.178911069414e-12       2.085898332397e-13      -2.364665031552e-13       0.000000000000e+00       5.728115414064e-17       2.531900928062e-17      -4.452260607333e-19 
 2648       8.148801955427e-12       2.089541708189e-13      -2.324832310657e-13       0.000000000000e+00       5.719063179513e-17       2.537683430068e-17      -4.579148239863e-19 
 2649       8.118630076717e-12       2.093422874487e-13      -2.285873397334e-13       0.000000000000e+00       5.710028696689e-17       2.543542189798e-17      -4.710965727400e-19 
 2650       8.088401168427e-12       2.097536788045e-13      -2.247793344482e-13       0.000000000000e+00       5.701011916314e-17       2.549472796349e-17      -4.847666285749e-19 
 2651       8.058120983160e-12       2.101878389185e-13      -2.210597215564e-13       0.000000000000e+00       5.692012788812e-17       2.555470825137e-17      -4.989202964847e-19 
 2652       8.027795290994e-12       2.106442601783e-13      -2.174290084612e-13       0.000000000000e+00       5.683031264302e-17       2.561531837878e-17      -5.135528648591e-19 
 2653       7.997429879502e-12       2.111224333252e-13      -2.138877036235e-13       0.000000000000e+00       5.674067292604e-17       2.567651382582e-17      -5.286596054678e-19 
 2654       7.967030553765e-12       2.116218474528e-13      -2.104363165631e-13       0.000000000000e+00       5.665120823238e-17       2.573824993534e-17      -5.442357734442e-19 
 2655       7.936603136391e-12       2.121419900052e-13      -2.070753578591e-13       0.000000000000e+00       5.656191805419e-17       2.580048191285e-17      -5.602766072684e-19 
 2656       7.906153467529e-12       2.126823467756e-13      -2.038053391512e-13       0.000000000000e+00       5.647280188062e-17       2.586316482639e-17      -5.767773287517e-19 
 2657       7.875687404890e-12       2.132424019044e-13      -2.006267731400e-13       0.000000000000e+00       5.638385919778e-17       2.592625360636e-17      -5.937331430192e-19 
 2658       7.845210823757e-12       2.138216378780e-13      -1.975401735885e-13       0.000000000000e+00       5.629508948877e-17       2.598970304542e-17      -6.111392384942e-19 
 2659       7.814729617006e-12       2.144195355271e-13      -1.945460553224e-13       0.000000000000e+00       5.620649223363e-17       2.605346779838e-17      -6.289907868815e-19 
 2660       7.784249695123e-12       2.150355740248e-13      -1.916449342311e-13       0.000000000000e+00       5.611806690939e-17       2.611750238200e-17      -6.472829431507e-19 
 2661       7.753776986218e-12       2.156692308855e-13      -1.888373272688e-13       0.000000000000e+00       5.602981299002e-17       2.618176117496e-17      -6.660108455202e-19 
 2662       7.723317436041e-12       2.163199819630e-13      -1.861237524549e-13       0.000000000000e+00       5.594172994646e-17       2.624619841763e-17      -6.851696154407e-19 
 2663       7.692877008001e-12       2.169873014490e-13      -1.835047288752e-13       0.000000000000e+00       5.585381724661e-17       2.631076821201e-17      -7.047543575788e-19 
 2664       7.662461683182e-12       2.176706618715e-13      -1.809807766826e-13       0.000000000000e+00       5.576607435530e-17       2.637542452157e-17      -7.247601598004e-19 
 2665       7.632077460358e-12       2.183695340931e-13      -1.785524170981e-13       0.000000000000e+00       5.567850073432e-17       2.644012117111e-17      -7.451820931544e-19 
 2666       7.601730356010e-12       2.190833873097e-13      -1.762201724113e-13       0.000000000000e+00       5.559109584240e-17       2.650481184667e-17      -7.660152118565e-19 
 2667       7.571426404344e-12       2.198116890486e-13      -1.739845659817e-13       0.000000000000e+00       5.550385913522e-17       2.656945009534e-17      -7.872545532726e-19 
 2668       7.541171657304e-12       2.205539051673e-13      -1.718461222389e-13       0.000000000000e+00       5.541679006539e-17       2.663398932521e-17      -8.088951379022e-19 
 2669       7.510972184593e-12       2.213094998514e-13      -1.698053666844e-13       0.000000000000e+00       5.532988808243e-17       2.669838280515e-17      -8.309319693625e-19 
 2670       7.480834073687e-12       2.220779356133e-13      -1.678628258915e-13       0.000000000000e+00       5.524315263284e-17       2.676258366474e-17      -8.533600343714e-19 
 2671       7.450763429850e-12       2.228586732908e-13      -1.660190275066e-13       0.000000000000e+00       5.515658315999e-17       2.682654489414e-17      -8.761743027317e-19 
 2672       7.420766011692e-12       2.236511792495e-13      -1.642742959559e-13       0.000000000000e+00       5.507017913796e-17       2.689022181885e-17      -8.993637886875e-19 
 2673       7.390846135610e-12       2.244549470377e-13      -1.626281383399e-13       0.000000000000e+00       5.498394017284e-17       2.695357953916e-17      -9.228936994679e-19 
 2674       7.361007765376e-12       2.252694758475e-13      -1.610798551747e-13       0.000000000000e+00       5.489786590195e-17       2.701658553126e-17      -9.467231888738e-19 
 2675       7.331254876059e-12       2.260942633190e-13      -1.596287443782e-13       0.000000000000e+00       5.481195596013e-17       2.707920717588e-17      -9.708112869038e-19 
 2676       7.301591454040e-12       2.269288055397e-13      -1.582741012674e-13       0.000000000000e+00       5.472620997972e-17       2.714141175824e-17      -9.951168996376e-19 
 2677       7.272021497020e-12       2.277725970423e-13      -1.570152185556e-13       0.000000000000e+00       5.464062759058e-17       2.720316646792e-17      -1.019598809120e-18 
 2678       7.242549014032e-12       2.286251308036e-13      -1.558513863500e-13       0.000000000000e+00       5.455520842010e-17       2.726443839881e-17      -1.044215673243e-18 
 2679       7.213178025448e-12       2.294858982431e-13      -1.547818921494e-13       0.000000000000e+00       5.446995209315e-17       2.732519454900e-17      -1.068926025635e-18 
 2680       7.183912562993e-12       2.303543892212e-13      -1.538060208411e-13       0.000000000000e+00       5.438485823212e-17       2.738540182072e-17      -1.093688275537e-18 
 2681       7.154756669755e-12       2.312300920382e-13      -1.529230546984e-13       0.000000000000e+00       5.429992645690e-17       2.744502702019e-17      -1.118460707692e-18 
 2682       7.125714400192e-12       2.321124934322e-13      -1.521322733785e-13       0.000000000000e+00       5.421515638489e-17       2.750403685760e-17      -1.143201482227e-18 
 2683       7.096789820147e-12       2.330010785784e-13      -1.514329539193e-13       0.000000000000e+00       5.413054763096e-17       2.756239794699e-17      -1.167868634536e-18 
 2684       7.067987006853e-12       2.338953310869e-13      -1.508243707371e-13       0.000000000000e+00       5.404609980751e-17       2.762007680615e-17      -1.192420075167e-18 
 2685       7.039310048951e-12       2.347947330019e-13      -1.503057956241e-13       0.000000000000e+00       5.396181252439e-17       2.767703985655e-17      -1.216813589700e-18 
 2686       7.010763046492e-12       2.356987647996e-13      -1.498764977457e-13       0.000000000000e+00       5.387768538898e-17       2.773325342326e-17      -1.241006838638e-18 
 2687       6.982350110952e-12       2.366069053872e-13      -1.495357436377e-13       0.000000000000e+00       5.379371800611e-17       2.778868373483e-17      -1.264957357284e-18 
 2688       6.954075365242e-12       2.375186321012e-13      -1.492827972041e-13       0.000000000000e+00       5.370990997811e-17       2.784329692323e-17      -1.288622555630e-18 
 2689       6.925942943718e-12       2.384334207062e-13      -1.491169197144e-13       0.000000000000e+00       5.362626090479e-17       2.789705902374e-17      -1.311959718239e-18 
 2690       6.897956992191e-12       2.393507453930e-13      -1.490373698008e-13       0.000000000000e+00       5.354277038344e-17       2.794993597488e-17      -1.334926004126e-18 
 2691       6.870121667937e-12       2.402700787774e-13      -1.490434034559e-13       0.000000000000e+00       5.345943800880e-17       2.800189361832e-17      -1.357478446648e-18 
 2692       6.842441139709e-12       2.411908918989e-13      -1.491342740298e-13       0.000000000000e+00       5.337626337312e-17       2.805289769877e-17      -1.379573953381e-18 
 2693       6.814919587745e-12       2.421126542188e-13      -1.493092322278e-13       0.000000000000e+00       5.329324606608e-17       2.810291386392e-17      -1.401169306009e-18 
 2694       6.787561203781e-12       2.430348336192e-13      -1.495675261077e-13       0.000000000000e+00       5.321038567485e-17       2.815190766433e-17      -1.422221160205e-18 
 2695       6.760370191059e-12       2.439568964012e-13      -1.499084010772e-13       0.000000000000e+00       5.312768178405e-17       2.819984455334e-17      -1.442686045516e-18 
 2696       6.733350764339e-12       2.448783072835e-13      -1.503310998913e-13       0.000000000000e+00       5.304513397576e-17       2.824668988702e-17      -1.462520365248e-18 
 2697       6.706507149908e-12       2.457985294010e-13      -1.508348626498e-13       0.000000000000e+00       5.296274182954e-17       2.829240892402e-17      -1.481680396344e-18 
 2698       6.679843585592e-12       2.467170243034e-13      -1.514189267947e-13       0.000000000000e+00       5.288050492236e-17       2.833696682553e-17      -1.500122289278e-18 
 2699       6.653364320765e-12       2.476332519535e-13      -1.520825271073e-13       0.000000000000e+00       5.279842282868e-17       2.838032865517e-17      -1.517802067927e-18 
 2700       6.627073616359e-12       2.485466707261e-13      -1.528248957061e-13       0.000000000000e+00       5.271649512040e-17       2.842245937892e-17      -1.534675629466e-18 
 2701       6.600975744877e-12       2.494567374061e-13      -1.536452620440e-13       0.000000000000e+00       5.263472136684e-17       2.846332386498e-17      -1.550698744243e-18 
 2702       6.575074990400e-12       2.503629071873e-13      -1.545428529057e-13       0.000000000000e+00       5.255310113480e-17       2.850288688377e-17      -1.565827055667e-18 
 2703       6.549375648599e-12       2.512646336709e-13      -1.555168924049e-13       0.000000000000e+00       5.247163398850e-17       2.854111310776e-17      -1.580016080093e-18 
 2704       6.523882026746e-12       2.521613688641e-13      -1.565666019822e-13       0.000000000000e+00       5.239031948958e-17       2.857796711141e-17      -1.593221206702e-18 
 2705       6.498598443723e-12       2.530525631784e-13      -1.576912004021e-13       0.000000000000e+00       5.230915719715e-17       2.861341337110e-17      -1.605397697388e-18 
 2706       6.473529230033e-12       2.539376654283e-13      -1.588899037506e-13       0.000000000000e+00       5.222814666773e-17       2.864741626500e-17      -1.616500686640e-18 
 2707       6.448678727811e-12       2.548161228300e-13      -1.601619254325e-13       0.000000000000e+00       5.214728745527e-17       2.867994007304e-17      -1.626485181427e-18 
 2708       6.424051290833e-12       2.556873809996e-13      -1.615064761690e-13       0.000000000000e+00       5.206657911114e-17       2.871094897676e-17      -1.635306061081e-18 
 2709       6.399651284526e-12       2.565508839517e-13      -1.629227639948e-13       0.000000000000e+00       5.198602118415e-17       2.874040705925e-17      -1.642918077181e-18 
 2710       6.375483085982e-12       2.574060740981e-13      -1.644099942559e-13       0.000000000000e+00       5.190561322051e-17       2.876827830509e-17      -1.649275853437e-18 
 2711       6.351550492440e-12       2.582524366656e-13      -1.659672794487e-13       0.000000000000e+00       5.182535481768e-17       2.879453459655e-17      -1.654349820690e-18 
 2712       6.327854943241e-12       2.590896332136e-13      -1.675933682114e-13       0.000000000000e+00       5.174524578603e-17       2.881917974976e-17      -1.658174116191e-18 
 2713       6.304397288290e-12       2.599173688349e-13      -1.692869148634e-13       0.000000000000e+00       5.166528598808e-17       2.884222560827e-17      -1.660798942837e-18 
 2714       6.281178378708e-12       2.607353478009e-13      -1.710465694267e-13       0.000000000000e+00       5.158547528466e-17       2.886368405847e-17      -1.662274657697e-18 
 2715       6.258199066838e-12       2.615432735611e-13      -1.728709776215e-13       0.000000000000e+00       5.150581353500e-17       2.888356702966e-17      -1.662651772155e-18 
 2716       6.235460206236e-12       2.623408487423e-13      -1.747587808624e-13       0.000000000000e+00       5.142630059666e-17       2.890188649411e-17      -1.661980952054e-18 
 2717       6.212962651680e-12       2.631277751475e-13      -1.767086162540e-13       0.000000000000e+00       5.134693632558e-17       2.891865446707e-17      -1.660313017842e-18 
 2718       6.190707259169e-12       2.639037537559e-13      -1.787191165874e-13       0.000000000000e+00       5.126772057602e-17       2.893388300684e-17      -1.657698944714e-18 
 2719       6.168694885920e-12       2.646684847213e-13      -1.807889103353e-13       0.000000000000e+00       5.118865320063e-17       2.894758421479e-17      -1.654189862755e-18 
 2720       6.146926390372e-12       2.654216673722e-13      -1.829166216489e-13       0.000000000000e+00       5.110973405040e-17       2.895977023542e-17      -1.649837057086e-18 
 2721       6.125402632187e-12       2.661630002105e-13      -1.851008703531e-13       0.000000000000e+00       5.103096297464e-17       2.897045325638e-17      -1.644691968008e-18 
 2722       6.104124472248e-12       2.668921809107e-13      -1.873402719428e-13       0.000000000000e+00       5.095233982105e-17       2.897964550854e-17      -1.638806191144e-18 
 2723       6.083092772662e-12       2.676089063196e-13      -1.896334375788e-13       0.000000000000e+00       5.087386443564e-17       2.898735926599e-17      -1.632231477584e-18 
 2724       6.062308396762e-12       2.683128724553e-13      -1.919789740836e-13       0.000000000000e+00       5.079553666279e-17       2.899360684615e-17      -1.625019734029e-18 
 2725       6.041772209102e-12       2.690037745064e-13      -1.943754839375e-13       0.000000000000e+00       5.071735634519e-17       2.899840060973e-17      -1.617223022934e-18 
 2726       6.021485075464e-12       2.696813068315e-13      -1.968215652746e-13       0.000000000000e+00       5.063932332390e-17       2.900175296084e-17      -1.608893562655e-18 
 2727       6.001447862856e-12       2.703451629581e-13      -1.993158118784e-13       0.000000000000e+00       5.056143743829e-17       2.900367634699e-17      -1.600083727588e-18 
 2728       5.981661439513e-12       2.709950355821e-13      -2.018568131780e-13       0.000000000000e+00       5.048369852607e-17       2.900418325916e-17      -1.590846048315e-18 
 2729       5.962126674895e-12       2.716306165673e-13      -2.044431542443e-13       0.000000000000e+00       5.040610642331e-17       2.900328623181e-17      -1.581233211750e-18 
 2730       5.942844439694e-12       2.722515969439e-13      -2.070734157851e-13       0.000000000000e+00       5.032866096437e-17       2.900099784295e-17      -1.571298061282e-18 
 2731       5.923815605829e-12       2.728576669086e-13      -2.097461741422e-13       0.000000000000e+00       5.025136198197e-17       2.899733071418e-17      -1.561093596916e-18 
 2732       5.905041046449e-12       2.734485158235e-13      -2.124600012862e-13       0.000000000000e+00       5.017420930713e-17       2.899229751070e-17      -1.550672975420e-18 
 2733       5.886521635933e-12       2.740238322151e-13      -2.152134648134e-13       0.000000000000e+00       5.009720276921e-17       2.898591094141e-17      -1.540089510467e-18 
 2734       5.868258249892e-12       2.745833037740e-13      -2.180051279410e-13       0.000000000000e+00       5.002034219591e-17       2.897818375890e-17      -1.529396672782e-18 
 2735       5.850251765168e-12       2.751266173539e-13      -2.208335495035e-13       0.000000000000e+00       4.994362741321e-17       2.896912875950e-17      -1.518648090281e-18 
 2736       5.832503059835e-12       2.756534589711e-13      -2.236972839484e-13       0.000000000000e+00       4.986705824545e-17       2.895875878334e-17      -1.507897548219e-18 
 2737       5.815013013202e-12       2.761635138033e-13      -2.265948813323e-13       0.000000000000e+00       4.979063451525e-17       2.894708671440e-17      -1.497198989334e-18 
 2738       5.797782505810e-12       2.766564661894e-13      -2.295248873169e-13       0.000000000000e+00       4.971435604357e-17       2.893412548051e-17      -1.486606513987e-18 
 2739       5.780812419436e-12       2.771319996283e-13      -2.324858431645e-13       0.000000000000e+00       4.963822264968e-17       2.891988805343e-17      -1.476174380308e-18 
 2740       5.764103637091e-12       2.775897967786e-13      -2.354762857345e-13       0.000000000000e+00       4.956223415115e-17       2.890438744889e-17      -1.465957004344e-18 
 2741       5.747657043024e-12       2.780295394575e-13      -2.384947474791e-13       0.000000000000e+00       4.948639036386e-17       2.888763672659e-17      -1.456008960195e-18 
 2742       5.731473522719e-12       2.784509086402e-13      -2.415397564392e-13       0.000000000000e+00       4.941069110201e-17       2.886964899032e-17      -1.446384980164e-18 
 2743       5.715553962898e-12       2.788535844590e-13      -2.446098362402e-13       0.000000000000e+00       4.933513617810e-17       2.885043738791e-17      -1.437139954898e-18 
 2744       5.699899251520e-12       2.792372462030e-13      -2.477035060884e-13       0.000000000000e+00       4.925972540291e-17       2.883001511134e-17      -1.428328933535e-18 
 2745       5.684510277786e-12       2.796015723168e-13      -2.508192807666e-13       0.000000000000e+00       4.918445858556e-17       2.880839539676e-17      -1.420007123843e-18 
 2746       5.669387932132e-12       2.799462404001e-13      -2.539556706299e-13       0.000000000000e+00       4.910933553345e-17       2.878559152453e-17      -1.412229892369e-18 
 2747       5.654533106239e-12       2.802709272071e-13      -2.571111816021e-13       0.000000000000e+00       4.903435605226e-17       2.876161681925e-17      -1.405052764578e-18 
 2748       5.639946693025e-12       2.805753086451e-13      -2.602843151712e-13       0.000000000000e+00       4.895951994599e-17       2.873648464983e-17      -1.398531425001e-18 
 2749       5.625629586652e-12       2.808590597745e-13      -2.634735683857e-13       0.000000000000e+00       4.888482701693e-17       2.871020842952e-17      -1.392721717378e-18 
 2750       5.611582178026e-12       2.811219095530e-13      -2.666774760703e-13       0.000000000000e+00       4.881027702190e-17       2.868280808410e-17      -1.387664759594e-18 
 2751       5.597802838373e-12       2.813638053889e-13      -2.698947377280e-13       0.000000000000e+00       4.873586954081e-17       2.865432949410e-17      -1.383342201596e-18 
 2752       5.584289427590e-12       2.815847494627e-13      -2.731240913058e-13       0.000000000000e+00       4.866160410741e-17       2.862482515621e-17      -1.379720729497e-18 
 2753       5.571039798001e-12       2.817847440616e-13      -2.763642710327e-13       0.000000000000e+00       4.858748025296e-17       2.859434772467e-17      -1.376766929049e-18 
 2754       5.558051794351e-12       2.819637915795e-13      -2.796140074162e-13       0.000000000000e+00       4.851349750623e-17       2.856295001141e-17      -1.374447285548e-18 
 2755       5.545323253797e-12       2.821218945169e-13      -2.828720272391e-13       0.000000000000e+00       4.843965539354e-17       2.853068498620e-17      -1.372728183748e-18 
 2756       5.532852005901e-12       2.822590554816e-13      -2.861370535560e-13       0.000000000000e+00       4.836595343870e-17       2.849760577678e-17      -1.371575907762e-18 
 2757       5.520635872626e-12       2.823752771884e-13      -2.894078056897e-13       0.000000000000e+00       4.829239116302e-17       2.846376566903e-17      -1.370956640976e-18 
 2758       5.508672668324e-12       2.824705624593e-13      -2.926829992283e-13       0.000000000000e+00       4.821896808533e-17       2.842921810710e-17      -1.370836465951e-18 
 2759       5.496960199730e-12       2.825449142237e-13      -2.959613460212e-13       0.000000000000e+00       4.814568372197e-17       2.839401669354e-17      -1.371181364336e-18 
 2760       5.485496265957e-12       2.825983355184e-13      -2.992415541764e-13       0.000000000000e+00       4.807253758678e-17       2.835821518947e-17      -1.371957216772e-18 
 2761       5.474278658486e-12       2.826308294880e-13      -3.025223280566e-13       0.000000000000e+00       4.799952919109e-17       2.832186751471e-17      -1.373129802802e-18 
 2762       5.463305161161e-12       2.826423993848e-13      -3.058023682757e-13       0.000000000000e+00       4.792665804372e-17       2.828502774793e-17      -1.374664800777e-18 
 2763       5.452573550180e-12       2.826330485688e-13      -3.090803716961e-13       0.000000000000e+00       4.785392365102e-17       2.824775012679e-17      -1.376527787768e-18 
 2764       5.442081594087e-12       2.826027805081e-13      -3.123550314247e-13       0.000000000000e+00       4.778132551678e-17       2.821008904810e-17      -1.378684239465e-18 
 2765       5.431827053769e-12       2.825515987790e-13      -3.156250368095e-13       0.000000000000e+00       4.770886314233e-17       2.817209906792e-17      -1.381099530096e-18 
 2766       5.421807682441e-12       2.824795070660e-13      -3.188890734368e-13       0.000000000000e+00       4.763653602645e-17       2.813383490178e-17      -1.383738932325e-18 
 2767       5.412021225648e-12       2.823865091621e-13      -3.221458231270e-13       0.000000000000e+00       4.756434366541e-17       2.809535142474e-17      -1.386567617167e-18 
 2768       5.402465421249e-12       2.822726089684e-13      -3.253939639319e-13       0.000000000000e+00       4.749228555298e-17       2.805670367160e-17      -1.389550653892e-18 
 2769       5.393137999417e-12       2.821378104952e-13      -3.286321701310e-13       0.000000000000e+00       4.742036118038e-17       2.801794683702e-17      -1.392653009931e-18 
 2770       5.384036682627e-12       2.819821178612e-13      -3.318591122280e-13       0.000000000000e+00       4.734857003633e-17       2.797913627564e-17      -1.395839550791e-18 
 2771       5.375159185650e-12       2.818055352940e-13      -3.350734569478e-13       0.000000000000e+00       4.727691160701e-17       2.794032750227e-17      -1.399075039954e-18 
 2772       5.366503215546e-12       2.816080671304e-13      -3.382738672326e-13       0.000000000000e+00       4.720538537606e-17       2.790157619203e-17      -1.402324138791e-18 
 2773       5.358066471657e-12       2.813897178162e-13      -3.414590022390e-13       0.000000000000e+00       4.713399082461e-17       2.786293818043e-17      -1.405551406468e-18 
 2774       5.349846645598e-12       2.811504919065e-13      -3.446275173342e-13       0.000000000000e+00       4.706272743124e-17       2.782446946361e-17      -1.408721299852e-18 
 2775       5.341841421252e-12       2.808903940658e-13      -3.477780640929e-13       0.000000000000e+00       4.699159467200e-17       2.778622619840e-17      -1.411798173422e-18 
 2776       5.334048474761e-12       2.806094290682e-13      -3.509092902939e-13       0.000000000000e+00       4.692059202039e-17       2.774826470253e-17      -1.414746279173e-18 
 2777       5.326465474521e-12       2.803076017974e-13      -3.540198399164e-13       0.000000000000e+00       4.684971894737e-17       2.771064145473e-17      -1.417529766529e-18 
 2778       5.319090081170e-12       2.799849172468e-13      -3.571083531371e-13       0.000000000000e+00       4.677897492137e-17       2.767341309490e-17      -1.420112682246e-18 
 2779       5.311919947587e-12       2.796413805198e-13      -3.601734663264e-13       0.000000000000e+00       4.670835940823e-17       2.763663642424e-17      -1.422458970320e-18 
 2780       5.304952718878e-12       2.792769968298e-13      -3.632138120450e-13       0.000000000000e+00       4.663787187129e-17       2.760036840539e-17      -1.424532471898e-18 
 2781       5.298186032376e-12       2.788917715005e-13      -3.662280190410e-13       0.000000000000e+00       4.656751177130e-17       2.756466616260e-17      -1.426296925185e-18 
 2782       5.291617517628e-12       2.784857099656e-13      -3.692147122459e-13       0.000000000000e+00       4.649727856647e-17       2.752958698185e-17      -1.427715965349e-18 
 2783       5.285244796388e-12       2.780588177695e-13      -3.721725127716e-13       0.000000000000e+00       4.642717171244e-17       2.749518831101e-17      -1.428753124431e-18 
 2784       5.279065482613e-12       2.776111005670e-13      -3.751000379070e-13       0.000000000000e+00       4.635719066230e-17       2.746152775998e-17      -1.429371831254e-18 
 2785       5.273077182454e-12       2.771425641235e-13      -3.779959011142e-13       0.000000000000e+00       4.628733486656e-17       2.742866310081e-17      -1.429535411327e-18 
 2786       5.267277494248e-12       2.766532143155e-13      -3.808587120258e-13       0.000000000000e+00       4.621760377318e-17       2.739665226790e-17      -1.429207086757e-18 
 2787       5.261664008512e-12       2.761430571300e-13      -3.836870764409e-13       0.000000000000e+00       4.614799682754e-17       2.736555335808e-17      -1.428349976154e-18 
 2788       5.256234307935e-12       2.756120986654e-13      -3.864795963219e-13       0.000000000000e+00       4.607851347244e-17       2.733542463080e-17      -1.426927094539e-18 
 2789       5.250985776386e-12       2.750603837595e-13      -3.892350011520e-13       0.000000000000e+00       4.600915323925e-17       2.730631073649e-17      -1.424910162383e-18 
 2790       5.245915024857e-12       2.744881120961e-13      -3.919525427668e-13       0.000000000000e+00       4.593991602181e-17       2.727820132232e-17      -1.422306083437e-18 
 2791       5.241018462495e-12       2.738955227085e-13      -3.946316025891e-13       0.000000000000e+00       4.587080180397e-17       2.725107220935e-17      -1.419130605753e-18 
 2792       5.236292487294e-12       2.732828554073e-13      -3.972715604551e-13       0.000000000000e+00       4.580181056854e-17       2.722489914452e-17      -1.415399525224e-18 
 2793       5.231733486094e-12       2.726503507809e-13      -3.998717946129e-13       0.000000000000e+00       4.573294229733e-17       2.719965780057e-17      -1.411128685629e-18 
 2794       5.227337834564e-12       2.719982501964e-13      -4.024316817216e-13       0.000000000000e+00       4.566419697114e-17       2.717532377597e-17      -1.406333978679e-18 
 2795       5.223101897194e-12       2.713267958003e-13      -4.049505968492e-13       0.000000000000e+00       4.559557456972e-17       2.715187259484e-17      -1.401031344056e-18 
 2796       5.219022027285e-12       2.706362305191e-13      -4.074279134720e-13       0.000000000000e+00       4.552707507186e-17       2.712927970692e-17      -1.395236769459e-18 
 2797       5.215094566940e-12       2.699267980603e-13      -4.098630034726e-13       0.000000000000e+00       4.545869845528e-17       2.710752048747e-17      -1.388966290647e-18 
 2798       5.211315847051e-12       2.691987429127e-13      -4.122552371390e-13       0.000000000000e+00       4.539044469669e-17       2.708657023720e-17      -1.382235991485e-18 
 2799       5.207682187290e-12       2.684523103477e-13      -4.146039831630e-13       0.000000000000e+00       4.532231377181e-17       2.706640418222e-17      -1.375062003984e-18 
 2800       5.204189896100e-12       2.676877464192e-13      -4.169086086388e-13       0.000000000000e+00       4.525430565529e-17       2.704699747396e-17      -1.367460508347e-18 
 2801       5.200835270682e-12       2.669052979654e-13      -4.191684790620e-13       0.000000000000e+00       4.518642032078e-17       2.702832518913e-17      -1.359447733013e-18 
 2802       5.197614596987e-12       2.661052126085e-13      -4.213829583276e-13       0.000000000000e+00       4.511865774092e-17       2.701036232961e-17      -1.351039954698e-18 
 2803       5.194524149706e-12       2.652877387560e-13      -4.235514087292e-13       0.000000000000e+00       4.505101788729e-17       2.699308382239e-17      -1.342253498440e-18 
 2804       5.191560192258e-12       2.644531256013e-13      -4.256731909576e-13       0.000000000000e+00       4.498350073046e-17       2.697646451954e-17      -1.333104737646e-18 
 2805       5.188718976782e-12       2.636016231244e-13      -4.277476640989e-13       0.000000000000e+00       4.491610623998e-17       2.696047919809e-17      -1.323610094129e-18 
 2806       5.185996744122e-12       2.627334820926e-13      -4.297741856338e-13       0.000000000000e+00       4.484883438434e-17       2.694510256002e-17      -1.313786038158e-18 
 2807       5.183389723824e-12       2.618489540612e-13      -4.317521114358e-13       0.000000000000e+00       4.478168513103e-17       2.693030923212e-17      -1.303649088497e-18 
 2808       5.180894134121e-12       2.609482913745e-13      -4.336807957701e-13       0.000000000000e+00       4.471465844648e-17       2.691607376600e-17      -1.293215812452e-18 
 2809       5.178506181921e-12       2.600317471660e-13      -4.355595912921e-13       0.000000000000e+00       4.464775429611e-17       2.690237063797e-17      -1.282502825913e-18 
 2810       5.176222062802e-12       2.590995753595e-13      -4.373878490459e-13       0.000000000000e+00       4.458097264428e-17       2.688917424897e-17      -1.271526793396e-18 
 2811       5.174037961000e-12       2.581520306700e-13      -4.391649184633e-13       0.000000000000e+00       4.451431345433e-17       2.687645892454e-17      -1.260304428091e-18 
 2812       5.171950049395e-12       2.571893686038e-13      -4.408901473621e-13       0.000000000000e+00       4.444777668857e-17       2.686419891472e-17      -1.248852491901e-18 
 2813       5.169954489507e-12       2.562118454598e-13      -4.425628819450e-13       0.000000000000e+00       4.438136230824e-17       2.685236839400e-17      -1.237187795489e-18 
 2814       5.168047431478e-12       2.552197183299e-13      -4.441824667979e-13       0.000000000000e+00       4.431507027356e-17       2.684094146124e-17      -1.225327198321e-18 
 2815       5.166225014071e-12       2.542132451000e-13      -4.457482448890e-13       0.000000000000e+00       4.424890054371e-17       2.682989213961e-17      -1.213287608708e-18 
 2816       5.164483364653e-12       2.531926844504e-13      -4.472595575669e-13       0.000000000000e+00       4.418285307682e-17       2.681919437652e-17      -1.201085983849e-18 
 2817       5.162818599185e-12       2.521582958566e-13      -4.487157445597e-13       0.000000000000e+00       4.411692782998e-17       2.680882204355e-17      -1.188739329881e-18 
 2818       5.161226822216e-12       2.511103395904e-13      -4.501161439734e-13       0.000000000000e+00       4.405112475922e-17       2.679874893639e-17      -1.176264701913e-18 
 2819       5.159704126869e-12       2.500490767201e-13      -4.514600922907e-13       0.000000000000e+00       4.398544381955e-17       2.678894877474e-17      -1.163679204078e-18 
 2820       5.158246594833e-12       2.489747691114e-13      -4.527469243692e-13       0.000000000000e+00       4.391988496490e-17       2.677939520230e-17      -1.150999989572e-18 
 2821       5.156850296350e-12       2.478876794285e-13      -4.539759734408e-13       0.000000000000e+00       4.385444814818e-17       2.677006178666e-17      -1.138244260699e-18 
 2822       5.155511290209e-12       2.467880711340e-13      -4.551465711095e-13       0.000000000000e+00       4.378913332122e-17       2.676092201923e-17      -1.125429268914e-18 
 2823       5.154225623730e-12       2.456762084906e-13      -4.562580473507e-13       0.000000000000e+00       4.372394043483e-17       2.675194931521e-17      -1.112572314868e-18 
 2824       5.152989332759e-12       2.445523565610e-13      -4.573097305095e-13       0.000000000000e+00       4.365886943874e-17       2.674311701346e-17      -1.099690748450e-18 
 2825       5.151798441657e-12       2.434167812090e-13      -4.583009472993e-13       0.000000000000e+00       4.359392028163e-17       2.673439837651e-17      -1.086801968834e-18 
 2826       5.150648963286e-12       2.422697491005e-13      -4.592310228007e-13       0.000000000000e+00       4.352909291114e-17       2.672576659042e-17      -1.073923424516e-18 
 2827       5.149536899002e-12       2.411115277036e-13      -4.600992804598e-13       0.000000000000e+00       4.346438727384e-17       2.671719476475e-17      -1.061072613365e-18 
 2828       5.148458380177e-12       2.399423942111e-13      -4.609051858600e-13       0.000000000000e+00       4.339980325556e-17       2.670865308305e-17      -1.048264736201e-18 
 2829       5.147410093583e-12       2.387626623566e-13      -4.616487788516e-13       0.000000000000e+00       4.333534050208e-17       2.670010023838e-17      -1.035505644180e-18 
 2830       5.146388858187e-12       2.375726557386e-13      -4.623302436571e-13       0.000000000000e+00       4.327099859747e-17       2.669149195327e-17      -1.022798854972e-18 
 2831       5.145391483818e-12       2.363726989127e-13      -4.629497653026e-13       0.000000000000e+00       4.320677712377e-17       2.668278382507e-17      -1.010147895919e-18 
 2832       5.144414771150e-12       2.351631173924e-13      -4.635075296185e-13       0.000000000000e+00       4.314267566091e-17       2.667393132580e-17      -9.975563040365e-19 
 2833       5.143455511701e-12       2.339442376497e-13      -4.640037232403e-13       0.000000000000e+00       4.307869378675e-17       2.666488980207e-17      -9.850276260261e-19 
 2834       5.142510487821e-12       2.327163871164e-13      -4.644385336093e-13       0.000000000000e+00       4.301483107707e-17       2.665561447496e-17      -9.725654182832e-19 
 2835       5.141576472686e-12       2.314798941847e-13      -4.648121489737e-13       0.000000000000e+00       4.295108710557e-17       2.664606043988e-17      -9.601732469052e-19 
 2836       5.140650230287e-12       2.302350882081e-13      -4.651247583890e-13       0.000000000000e+00       4.288746144385e-17       2.663618266652e-17      -9.478546877001e-19 
 2837       5.139728515427e-12       2.289822995021e-13      -4.653765517190e-13       0.000000000000e+00       4.282395366143e-17       2.662593599867e-17      -9.356133261947e-19 
 2838       5.138808073705e-12       2.277218593456e-13      -4.655677196366e-13       0.000000000000e+00       4.276056332572e-17       2.661527515418e-17      -9.234527576434e-19 
 2839       5.137885641518e-12       2.264540999809e-13      -4.656984536246e-13       0.000000000000e+00       4.269729000207e-17       2.660415472478e-17      -9.113765870364e-19 
 2840       5.136957946043e-12       2.251793546153e-13      -4.657689459764e-13       0.000000000000e+00       4.263413325371e-17       2.659252917602e-17      -8.993884291082e-19 
 2841       5.136021705235e-12       2.238979574216e-13      -4.657793897970e-13       0.000000000000e+00       4.257109264178e-17       2.658035284713e-17      -8.874919083461e-19 
 2842       5.135073627818e-12       2.226102435391e-13      -4.657299790033e-13       0.000000000000e+00       4.250816772531e-17       2.656757995095e-17      -8.756906589986e-19 
 2843       5.134110413275e-12       2.213165490743e-13      -4.656209083256e-13       0.000000000000e+00       4.244535806124e-17       2.655416457376e-17      -8.639883250839e-19 
 2844       5.133128751841e-12       2.200172111019e-13      -4.654523733078e-13       0.000000000000e+00       4.238266320440e-17       2.654006067520e-17      -8.523885603982e-19 
 2845       5.132125324495e-12       2.187125676656e-13      -4.652245703086e-13       0.000000000000e+00       4.232008270752e-17       2.652522208819e-17      -8.408950285243e-19 
 2846       5.131096802952e-12       2.174029577790e-13      -4.649376965019e-13       0.000000000000e+00       4.225761612121e-17       2.650960251876e-17      -8.295114028402e-19 
 2847       5.130039849655e-12       2.160887214264e-13      -4.645919498780e-13       0.000000000000e+00       4.219526299397e-17       2.649315554598e-17      -8.182413665272e-19 
 2848       5.128951117765e-12       2.147701995636e-13      -4.641875292441e-13       0.000000000000e+00       4.213302287221e-17       2.647583462184e-17      -8.070886125783e-19 
 2849       5.127827251154e-12       2.134477341190e-13      -4.637246342253e-13       0.000000000000e+00       4.207089530019e-17       2.645759307112e-17      -7.960568438074e-19 
 2850       5.126664884401e-12       2.121216679941e-13      -4.632034652650e-13       0.000000000000e+00       4.200887982008e-17       2.643838409132e-17      -7.851497728566e-19 
 2851       5.125460642775e-12       2.107923450647e-13      -4.626242236263e-13       0.000000000000e+00       4.194697597192e-17       2.641816075252e-17      -7.743711222056e-19 
 2852       5.124211142236e-12       2.094601101815e-13      -4.619871113924e-13       0.000000000000e+00       4.188518329362e-17       2.639687599727e-17      -7.637246241797e-19 
 2853       5.122912989421e-12       2.081253091711e-13      -4.612923314674e-13       0.000000000000e+00       4.182350132098e-17       2.637448264048e-17      -7.532140209585e-19 
 2854       5.121562781637e-12       2.067882888369e-13      -4.605400875772e-13       0.000000000000e+00       4.176192958767e-17       2.635093336932e-17      -7.428430645839e-19 
 2855       5.120157106856e-12       2.054493969598e-13      -4.597305842702e-13       0.000000000000e+00       4.170046762524e-17       2.632618074312e-17      -7.326155169691e-19 
 2856       5.118692543703e-12       2.041089822991e-13      -4.588640269182e-13       0.000000000000e+00       4.163911496308e-17       2.630017719321e-17      -7.225351499066e-19 
 2857       5.117165661450e-12       2.027673945933e-13      -4.579406217171e-13       0.000000000000e+00       4.157787112848e-17       2.627287502287e-17      -7.126057450771e-19 
 2858       5.115573020005e-12       2.014249845613e-13      -4.569605756877e-13       0.000000000000e+00       4.151673564658e-17       2.624422640718e-17      -7.028310940574e-19 
 2859       5.113911169909e-12       2.000821039029e-13      -4.559240966767e-13       0.000000000000e+00       4.145570804039e-17       2.621418339292e-17      -6.932149983294e-19 
 2860       5.112176652324e-12       1.987391052997e-13      -4.548313933572e-13       0.000000000000e+00       4.139478783078e-17       2.618269789848e-17      -6.837612692880e-19 
 2861       5.110365999026e-12       1.973963424159e-13      -4.536826752295e-13       0.000000000000e+00       4.133397453648e-17       2.614972171369e-17      -6.744737282500e-19 
 2862       5.108475732397e-12       1.960541698995e-13      -4.524781526222e-13       0.000000000000e+00       4.127326767406e-17       2.611520649980e-17      -6.653562064624e-19 
 2863       5.106502365415e-12       1.947129433829e-13      -4.512180366926e-13       0.000000000000e+00       4.121266675797e-17       2.607910378928e-17      -6.564125451109e-19 
 2864       5.104442401650e-12       1.933730194837e-13      -4.499025394279e-13       0.000000000000e+00       4.115217130049e-17       2.604136498576e-17      -6.476465953280e-19 
 2865       5.102292335252e-12       1.920347558056e-13      -4.485318736457e-13       0.000000000000e+00       4.109178081177e-17       2.600194136391e-17      -6.390622182020e-19 
 2866       5.100048650945e-12       1.906985109395e-13      -4.471062529948e-13       0.000000000000e+00       4.103149479980e-17       2.596078406934e-17      -6.306632847850e-19 
 2867       5.097708189938e-12       1.893646248347e-13      -4.456259826366e-13       0.000000000000e+00       4.097131284819e-17       2.591786370807e-17      -6.224508223468e-19 
 2868       5.095269249727e-12       1.880333598035e-13      -4.440917317936e-13       0.000000000000e+00       4.091123484989e-17       2.587322922470e-17      -6.144144371922e-19 
 2869       5.092730489899e-12       1.867049592172e-13      -4.425042625944e-13       0.000000000000e+00       4.085126077469e-17       2.582694932478e-17      -6.065408480449e-19 
 2870       5.090090566712e-12       1.853796671082e-13      -4.408643395224e-13       0.000000000000e+00       4.079139059150e-17       2.577909291275e-17      -5.988167357900e-19 
 2871       5.087348133097e-12       1.840577281713e-13      -4.391727294175e-13       0.000000000000e+00       4.073162426838e-17       2.572972909208e-17      -5.912287434404e-19 
 2872       5.084501838655e-12       1.827393877636e-13      -4.374302014783e-13       0.000000000000e+00       4.067196177253e-17       2.567892716544e-17      -5.837634761040e-19 
 2873       5.081550329654e-12       1.814248919052e-13      -4.356375272642e-13       0.000000000000e+00       4.061240307030e-17       2.562675663490e-17      -5.764075009501e-19 
 2874       5.078492249022e-12       1.801144872800e-13      -4.337954806977e-13       0.000000000000e+00       4.055294812715e-17       2.557328720206e-17      -5.691473471768e-19 
 2875       5.075326236351e-12       1.788084212362e-13      -4.319048380664e-13       0.000000000000e+00       4.049359690772e-17       2.551858876830e-17      -5.619695059769e-19 
 2876       5.072050927891e-12       1.775069417867e-13      -4.299663780249e-13       0.000000000000e+00       4.043434937575e-17       2.546273143487e-17      -5.548604305056e-19 
 2877       5.068664956544e-12       1.762102976098e-13      -4.279808815972e-13       0.000000000000e+00       4.037520549413e-17       2.540578550314e-17      -5.478065358469e-19 
 2878       5.065166951868e-12       1.749187380499e-13      -4.259491321788e-13       0.000000000000e+00       4.031616522489e-17       2.534782147471e-17      -5.407941989801e-19 
 2879       5.061555540069e-12       1.736325131175e-13      -4.238719155388e-13       0.000000000000e+00       4.025722852919e-17       2.528891005165e-17      -5.338097587473e-19 
 2880       5.057829343999e-12       1.723518734908e-13      -4.217500198216e-13       0.000000000000e+00       4.019839536733e-17       2.522912213661e-17      -5.268395158196e-19 
 2881       5.053986983156e-12       1.710770705151e-13      -4.195842355498e-13       0.000000000000e+00       4.013966569872e-17       2.516852883306e-17      -5.198697326642e-19 
 2882       5.050027073678e-12       1.698083562044e-13      -4.173753556258e-13       0.000000000000e+00       4.008103948192e-17       2.510720144540e-17      -5.128866335110e-19 
 2883       5.045948228342e-12       1.685459832410e-13      -4.151241753338e-13       0.000000000000e+00       4.002251667462e-17       2.504521147920e-17      -5.058764043198e-19 
 2884       5.041749056559e-12       1.672902049771e-13      -4.128314923422e-13       0.000000000000e+00       3.996409723363e-17       2.498263064132e-17      -4.988251927465e-19 
 2885       5.037428164377e-12       1.660412754344e-13      -4.104981067060e-13       0.000000000000e+00       3.990578111489e-17       2.491953084011e-17      -4.917191081104e-19 
 2886       5.032984154469e-12       1.647994493055e-13      -4.081248208679e-13       0.000000000000e+00       3.984756827348e-17       2.485598418560e-17      -4.845442213607e-19 
 2887       5.028415626139e-12       1.635649819537e-13      -4.057124396618e-13       0.000000000000e+00       3.978945866358e-17       2.479206298965e-17      -4.772865650437e-19 
 2888       5.023721175314e-12       1.623381294143e-13      -4.032617703136e-13       0.000000000000e+00       3.973145223851e-17       2.472783976613e-17      -4.699321332689e-19 
 2889       5.018899394544e-12       1.611191483945e-13      -4.007736224442e-13       0.000000000000e+00       3.967354895073e-17       2.466338723111e-17      -4.624668816766e-19 
 2890       5.013948872997e-12       1.599082962746e-13      -3.982488080714e-13       0.000000000000e+00       3.961574875179e-17       2.459877830303e-17      -4.548767274041e-19 
 2891       5.008868196458e-12       1.587058311081e-13      -3.956881416116e-13       0.000000000000e+00       3.955805159238e-17       2.453408610284e-17      -4.471475490529e-19 
 2892       5.003655947324e-12       1.575120116223e-13      -3.930924398827e-13       0.000000000000e+00       3.950045742231e-17       2.446938395424e-17      -4.392651866551e-19 
 2893       4.998310704604e-12       1.563270972194e-13      -3.904625221054e-13       0.000000000000e+00       3.944296619050e-17       2.440474538380e-17      -4.312154416407e-19 
 2894       4.992831043916e-12       1.551513479763e-13      -3.877992099059e-13       0.000000000000e+00       3.938557784501e-17       2.434024412118e-17      -4.229840768039e-19 
 2895       4.987215537479e-12       1.539850246457e-13      -3.851033273178e-13       0.000000000000e+00       3.932829233300e-17       2.427595409926e-17      -4.145568162702e-19 
 2896       4.981462754120e-12       1.528283886565e-13      -3.823757007841e-13       0.000000000000e+00       3.927110960074e-17       2.421194945433e-17      -4.059193454631e-19 
 2897       4.975571259260e-12       1.516817021144e-13      -3.796171591596e-13       0.000000000000e+00       3.921402959364e-17       2.414830452631e-17      -3.970573110711e-19 
 2898       4.969539614922e-12       1.505452278025e-13      -3.768285337127e-13       0.000000000000e+00       3.915705225621e-17       2.408509385885e-17      -3.879563210141e-19 
 2899       4.963366379718e-12       1.494192291816e-13      -3.740106581278e-13       0.000000000000e+00       3.910017753206e-17       2.402239219955e-17      -3.786019444105e-19 
 2900       4.957050108856e-12       1.483039703913e-13      -3.711643685072e-13       0.000000000000e+00       3.904340536393e-17       2.396027450015e-17      -3.689797115440e-19 
 2901       4.950589354128e-12       1.471997162501e-13      -3.682905033735e-13       0.000000000000e+00       3.898673569368e-17       2.389881591667e-17      -3.590751138303e-19 
 2902       4.943982663914e-12       1.461067322562e-13      -3.653899036712e-13       0.000000000000e+00       3.893016846226e-17       2.383809180958e-17      -3.488736037839e-19 
 2903       4.937228583178e-12       1.450252845878e-13      -3.624634127694e-13       0.000000000000e+00       3.887370360974e-17       2.377817774403e-17      -3.383605949850e-19 
 2904       4.930325653462e-12       1.439556401043e-13      -3.595118764636e-13       0.000000000000e+00       3.881734107530e-17       2.371914948997e-17      -3.275214620461e-19 
 2905       4.923272412886e-12       1.428980663460e-13      -3.565361429779e-13       0.000000000000e+00       3.876108079721e-17       2.366108302234e-17      -3.163415405790e-19 
 2906       4.916067745308e-12       1.418527999996e-13      -3.535370666282e-13       0.000000000000e+00       3.870492267538e-17       2.360402787709e-17      -3.048119442717e-19 
 2907       4.908711929735e-12       1.408199521165e-13      -3.505155188294e-13       0.000000000000e+00       3.864886645865e-17       2.354792707219e-17      -2.929470482135e-19 
 2908       4.901205596195e-12       1.397996024178e-13      -3.474723771479e-13       0.000000000000e+00       3.859291185690e-17       2.349269678334e-17      -2.807670936179e-19 
 2909       4.893549377059e-12       1.387918307867e-13      -3.444085216475e-13       0.000000000000e+00       3.853705857850e-17       2.343825295133e-17      -2.682923787651e-19 
 2910       4.885743907037e-12       1.377967172687e-13      -3.413248348923e-13       0.000000000000e+00       3.848130633029e-17       2.338451128183e-17      -2.555432590510e-19 
 2911       4.877789823187e-12       1.368143420713e-13      -3.382222019477e-13       0.000000000000e+00       3.842565481762e-17       2.333138724514e-17      -2.425401470370e-19 
 2912       4.869687764911e-12       1.358447855649e-13      -3.351015103837e-13       0.000000000000e+00       3.837010374428e-17       2.327879607604e-17      -2.293035124996e-19 
 2913       4.861438373962e-12       1.348881282822e-13      -3.319636502763e-13       0.000000000000e+00       3.831465281256e-17       2.322665277358e-17      -2.158538824791e-19 
 2914       4.853042294445e-12       1.339444509187e-13      -3.288095142100e-13       0.000000000000e+00       3.825930172322e-17       2.317487210083e-17      -2.022118413297e-19 
 2915       4.844500172817e-12       1.330138343329e-13      -3.256399972799e-13       0.000000000000e+00       3.820405017549e-17       2.312336858475e-17      -1.883980307689e-19 
 2916       4.835812657892e-12       1.320963595459e-13      -3.224559970938e-13       0.000000000000e+00       3.814889786709e-17       2.307205651592e-17      -1.744331499264e-19 
 2917       4.826980400840e-12       1.311921077424e-13      -3.192584137746e-13       0.000000000000e+00       3.809384449419e-17       2.302084994836e-17      -1.603379553942e-19 
 2918       4.818004055194e-12       1.303011602697e-13      -3.160481499622e-13       0.000000000000e+00       3.803888975144e-17       2.296966269936e-17      -1.461332612755e-19 
 2919       4.808884276847e-12       1.294235986389e-13      -3.128261108157e-13       0.000000000000e+00       3.798403333195e-17       2.291840834923e-17      -1.318399392345e-19 
 2920       4.799621724056e-12       1.285595045244e-13      -3.095932040157e-13       0.000000000000e+00       3.792927492731e-17       2.286700024111e-17      -1.174789185455e-19 
 2921       4.790217057447e-12       1.277089597642e-13      -3.063503397666e-13       0.000000000000e+00       3.787461422755e-17       2.281535148079e-17      -1.030711861427e-19 
 2922       4.780670940013e-12       1.268720463598e-13      -3.030984307983e-13       0.000000000000e+00       3.782005092119e-17       2.276337493646e-17      -8.863778666949e-20 
 2923       4.770984037119e-12       1.260488464767e-13      -2.998383923689e-13       0.000000000000e+00       3.776558469520e-17       2.271098323856e-17      -7.419982252760e-20 
 2924       4.761157016502e-12       1.252394424445e-13      -2.965711422663e-13       0.000000000000e+00       3.771121523501e-17       2.265808877955e-17      -5.977845392695e-20 
 2925       4.751190548275e-12       1.244439167564e-13      -2.932976008109e-13       0.000000000000e+00       3.765694222451e-17       2.260460371370e-17      -4.539489893486e-20 
 2926       4.741085304928e-12       1.236623520703e-13      -2.900186908576e-13       0.000000000000e+00       3.760276534604e-17       2.255043995689e-17      -3.107043352555e-20 
 2927       4.730841961333e-12       1.228948312081e-13      -2.867353377979e-13       0.000000000000e+00       3.754868428040e-17       2.249550918644e-17      -1.682639162951e-20 
 2928       4.720461194740e-12       1.221414371561e-13      -2.834484695619e-13       0.000000000000e+00       3.749469870685e-17       2.243972284085e-17      -2.684165183012e-21 
 2929       4.709943684787e-12       1.214022530653e-13      -2.801590166209e-13       0.000000000000e+00       3.744080830309e-17       2.238299211964e-17       1.133479582251e-20 
 2930       4.699290113495e-12       1.206773622513e-13      -2.768679119891e-13       0.000000000000e+00       3.738701274528e-17       2.232522798312e-17       2.520898329102e-20 
 2931       4.688501165274e-12       1.199668481946e-13      -2.735760912263e-13       0.000000000000e+00       3.733331170803e-17       2.226634115223e-17       3.891683097244e-20 
 2932       4.677577526928e-12       1.192707945404e-13      -2.702844924394e-13       0.000000000000e+00       3.727970486439e-17       2.220624210828e-17       5.243671441320e-20 
 2933       4.666519887649e-12       1.185892850992e-13      -2.669940562853e-13       0.000000000000e+00       3.722619188586e-17       2.214484109277e-17       6.574695090684e-20 
 2934       4.655328939027e-12       1.179224038464e-13      -2.637057259724e-13       0.000000000000e+00       3.717277244239e-17       2.208204810722e-17       7.882579944456e-20 
 2935       4.644005375048e-12       1.172702349229e-13      -2.604204472633e-13       0.000000000000e+00       3.711944620235e-17       2.201777291290e-17       9.165146066579e-20 
 2936       4.632549892098e-12       1.166328626350e-13      -2.571391684765e-13       0.000000000000e+00       3.706621283259e-17       2.195192503070e-17       1.042020768088e-19 
 2937       4.620963188963e-12       1.160103714543e-13      -2.538628404890e-13       0.000000000000e+00       3.701307199836e-17       2.188441374086e-17       1.164557316611e-19 
 2938       4.609245966835e-12       1.154028460183e-13      -2.505924167382e-13       0.000000000000e+00       3.696002336337e-17       2.181514808282e-17       1.283904505102e-19 
 2939       4.597398929309e-12       1.148103711302e-13      -2.473288532243e-13       0.000000000000e+00       3.690706658977e-17       2.174403685498e-17       1.399842000942e-19 
 2940       4.585422782391e-12       1.142330317590e-13      -2.440731085120e-13       0.000000000000e+00       3.685420133814e-17       2.167098861453e-17       1.512148885521e-19 
 2941       4.573318234496e-12       1.136709130398e-13      -2.408261437332e-13       0.000000000000e+00       3.680142726747e-17       2.159591167719e-17       1.620603653747e-19 
 2942       4.561085996450e-12       1.131241002740e-13      -2.375889225890e-13       0.000000000000e+00       3.674874403523e-17       2.151871411709e-17       1.724984213549e-19 
 2943       4.548726781495e-12       1.125926789288e-13      -2.343624113516e-13       0.000000000000e+00       3.669615129727e-17       2.143930376650e-17       1.825067885384e-19 
 2944       4.536241305290e-12       1.120767346384e-13      -2.311475788668e-13       0.000000000000e+00       3.664364870791e-17       2.135758821564e-17       1.920631401742e-19 
 2945       4.523630576102e-12       1.115763175307e-13      -2.279453400603e-13       0.000000000000e+00       3.659123596031e-17       2.127351930930e-17       2.011511803041e-19 
 2946       4.510896766963e-12       1.110913350181e-13      -2.247563861443e-13       0.000000000000e+00       3.653891290797e-17       2.118722687874e-17       2.097789457149e-19 
 2947       4.498042347850e-12       1.106216584741e-13      -2.215813535709e-13       0.000000000000e+00       3.648667944390e-17       2.109888567448e-17       2.179605949076e-19 
 2948       4.485069795908e-12       1.101671588569e-13      -2.184208804524e-13       0.000000000000e+00       3.643453546014e-17       2.100867093024e-17       2.257103267610e-19 
 2949       4.471981595443e-12       1.097277067092e-13      -2.152756065627e-13       0.000000000000e+00       3.638248084786e-17       2.091675836346e-17       2.330423805660e-19 
 2950       4.458780237937e-12       1.093031721579e-13      -2.121461733386e-13       0.000000000000e+00       3.633051549726e-17       2.082332417562e-17       2.399710360602e-19 
 2951       4.445468222052e-12       1.088934249133e-13      -2.090332238815e-13       0.000000000000e+00       3.627863929766e-17       2.072854505271e-17       2.465106134633e-19 
 2952       4.432048053635e-12       1.084983342691e-13      -2.059374029586e-13       0.000000000000e+00       3.622685213745e-17       2.063259816561e-17       2.526754735115e-19 
 2953       4.418522245724e-12       1.081177691018e-13      -2.028593570041e-13       0.000000000000e+00       3.617515390407e-17       2.053566117051e-17       2.584800174924e-19 
 2954       4.404893318557e-12       1.077515978707e-13      -1.997997341210e-13       0.000000000000e+00       3.612354448407e-17       2.043791220933e-17       2.639386872797e-19 
 2955       4.391163799572e-12       1.073996886169e-13      -1.967591840821e-13       0.000000000000e+00       3.607202376306e-17       2.033952991015e-17       2.690659653681e-19 
 2956       4.377336223423e-12       1.070619089636e-13      -1.937383583315e-13       0.000000000000e+00       3.602059162573e-17       2.024069338756e-17       2.738763749081e-19 
 2957       4.363413131977e-12       1.067381261154e-13      -1.907379099863e-13       0.000000000000e+00       3.596924795584e-17       2.014158224315e-17       2.783844797408e-19 
 2958       4.349397074324e-12       1.064282068578e-13      -1.877584938374e-13       0.000000000000e+00       3.591799263622e-17       2.004237656587e-17       2.826048844324e-19 
 2959       4.335290606784e-12       1.061320175571e-13      -1.848007663515e-13       0.000000000000e+00       3.586682554877e-17       1.994325693244e-17       2.865522343097e-19 
 2960       4.321096292912e-12       1.058494241599e-13      -1.818653856719e-13       0.000000000000e+00       3.581574657447e-17       1.984440440781e-17       2.902412154939e-19 
 2961       4.306816703504e-12       1.055802921927e-13      -1.789530116205e-13       0.000000000000e+00       3.576475559336e-17       1.974600054553e-17       2.936865549365e-19 
 2962       4.292454416603e-12       1.053244867616e-13      -1.760643056985e-13       0.000000000000e+00       3.571385248455e-17       1.964822738816e-17       2.969030204531e-19 
 2963       4.278012017507e-12       1.050818725520e-13      -1.731999310885e-13       0.000000000000e+00       3.566303712623e-17       1.955126746772e-17       2.999054207587e-19 
 2964       4.263492098774e-12       1.048523138280e-13      -1.703605526554e-13       0.000000000000e+00       3.561230939564e-17       1.945530380606e-17       3.027086055028e-19 
 2965       4.248897260227e-12       1.046356744322e-13      -1.675468369478e-13       0.000000000000e+00       3.556166916908e-17       1.936051991531e-17       3.053274653032e-19 
 2966       4.234230108961e-12       1.044318177853e-13      -1.647594521998e-13       0.000000000000e+00       3.551111632195e-17       1.926709979825e-17       3.077769317820e-19 
 2967       4.219493259352e-12       1.042406068857e-13      -1.619990683320e-13       0.000000000000e+00       3.546065072867e-17       1.917522794877e-17       3.100719775994e-19 
 2968       4.204689333057e-12       1.040619043092e-13      -1.592663569527e-13       0.000000000000e+00       3.541027226275e-17       1.908508935222e-17       3.122276164892e-19 
 2969       4.189820959028e-12       1.038955722085e-13      -1.565619913601e-13       0.000000000000e+00       3.535998079674e-17       1.899686948592e-17       3.142589032931e-19 
 2970       4.174890773511e-12       1.037414723129e-13      -1.538866465427e-13       0.000000000000e+00       3.530977620228e-17       1.891075431945e-17       3.161809339958e-19 
 2971       4.159901420056e-12       1.035994659280e-13      -1.512409991814e-13       0.000000000000e+00       3.525965835005e-17       1.882693031516e-17       3.180088457595e-19 
 2972       4.144855549524e-12       1.034694139353e-13      -1.486257276506e-13       0.000000000000e+00       3.520962710978e-17       1.874558442854e-17       3.197578169593e-19 
 2973       4.129755820090e-12       1.033511767917e-13      -1.460415120196e-13       0.000000000000e+00       3.515968235028e-17       1.866690410864e-17       3.214430672171e-19 
 2974       4.114604897251e-12       1.032446145291e-13      -1.434890340541e-13       0.000000000000e+00       3.510982393940e-17       1.859107729847e-17       3.230798574372e-19 
 2975       4.099405453832e-12       1.031495867546e-13      -1.409689772173e-13       0.000000000000e+00       3.506005174406e-17       1.851829243545e-17       3.246834898407e-19 
 2976       4.084160169995e-12       1.030659526491e-13      -1.384820266716e-13       0.000000000000e+00       3.501036563021e-17       1.844873845176e-17       3.262693080003e-19 
 2977       4.068871733238e-12       1.029935709678e-13      -1.360288692801e-13       0.000000000000e+00       3.496076546287e-17       1.838260477482e-17       3.278526968752e-19 
 2978       4.053542838408e-12       1.029323000397e-13      -1.336101936073e-13       0.000000000000e+00       3.491125110612e-17       1.832008132765e-17       3.294490828459e-19 
 2979       4.038176187706e-12       1.028819977667e-13      -1.312266899213e-13       0.000000000000e+00       3.486182242308e-17       1.826135852932e-17       3.310739337489e-19 
 2980       4.022774490689e-12       1.028425216239e-13      -1.288790501948e-13       0.000000000000e+00       3.481247927592e-17       1.820662729532e-17       3.327427589115e-19 
 2981       4.007340464282e-12       1.028137286588e-13      -1.265679681064e-13       0.000000000000e+00       3.476322152587e-17       1.815607903803e-17       3.344711091867e-19 
 2982       3.991876832780e-12       1.027954754909e-13      -1.242941390422e-13       0.000000000000e+00       3.471404903319e-17       1.810990566707e-17       3.362745769881e-19 
 2983       3.976386327857e-12       1.027876183118e-13      -1.220582600971e-13       0.000000000000e+00       3.466496165720e-17       1.806829958975e-17       3.381687963242e-19 
 2984       3.960870795927e-12       1.027900663734e-13      -1.198608301499e-13       0.000000000000e+00       3.461595939989e-17       1.803139428966e-17       3.401644276779e-19 
 2985       3.945328515448e-12       1.028029427427e-13      -1.177015490145e-13       0.000000000000e+00       3.456704283761e-17       1.799908574297e-17       3.422520856823e-19 
 2986       3.929756866464e-12       1.028264243354e-13      -1.155799153424e-13       0.000000000000e+00       3.451821269146e-17       1.797121012638e-17       3.444173375338e-19 
 2987       3.914153222046e-12       1.028606884989e-13      -1.134954262796e-13       0.000000000000e+00       3.446946968393e-17       1.794760315895e-17       3.466457113959e-19 
 2988       3.898514948286e-12       1.029059130128e-13      -1.114475774655e-13       0.000000000000e+00       3.442081453885e-17       1.792810010173e-17       3.489226963663e-19 
 2989       3.882839404291e-12       1.029622760891e-13      -1.094358630314e-13       0.000000000000e+00       3.437224798142e-17       1.791253575734e-17       3.512337424443e-19 
 2990       3.867123942178e-12       1.030299563726e-13      -1.074597755995e-13       0.000000000000e+00       3.432377073818e-17       1.790074446962e-17       3.535642604981e-19 
 2991       3.851365907066e-12       1.031091329410e-13      -1.055188062811e-13       0.000000000000e+00       3.427538353707e-17       1.789256012320e-17       3.558996222317e-19 
 2992       3.835562637072e-12       1.031999853057e-13      -1.036124446757e-13       0.000000000000e+00       3.422708710734e-17       1.788781614313e-17       3.582251601525e-19 
 2993       3.819711463305e-12       1.033026934119e-13      -1.017401788696e-13       0.000000000000e+00       3.417888217965e-17       1.788634549451e-17       3.605261675380e-19 
 2994       3.803809709860e-12       1.034174376389e-13      -9.990149543450e-14       0.000000000000e+00       3.413076948598e-17       1.788798068208e-17       3.627878984039e-19 
 2995       3.787854693812e-12       1.035443988005e-13      -9.809587942629e-14       0.000000000000e+00       3.408274975971e-17       1.789255374984e-17       3.649955674704e-19 
 2996       3.771843725209e-12       1.036837581454e-13      -9.632281438370e-14       0.000000000000e+00       3.403482373556e-17       1.789989628063e-17       3.671343501301e-19 
 2997       3.755774107070e-12       1.038356973575e-13      -9.458178232701e-14       0.000000000000e+00       3.398699214963e-17       1.790983939581e-17       3.691893824148e-19 
 2998       3.739643135374e-12       1.040003985563e-13      -9.287226375670e-14       0.000000000000e+00       3.393925573939e-17       1.792221375481e-17       3.711457609629e-19 
 2999       3.723448099058e-12       1.041780442972e-13      -9.119373765222e-14       0.000000000000e+00       3.389161524367e-17       1.793684955477e-17       3.729885429869e-19 
 3000       3.707186280009e-12       1.043688175719e-13      -8.954568147061e-14       0.000000000000e+00       3.384407140265e-17       1.795357653014e-17       3.747027462400e-19 
