# dimensionless total [l(l+1)/2pi] C_l's
# for l=2 to 3000, i.e. number of multipoles equal to 2999
#
# -> if you prefer output in CAMB/HealPix/LensPix units/order, set 'format' to 'camb' in input file
# -> if you don't want to see such a header, set 'headers' to 'no' in input file
# -> for CMB lensing (phi), these are C_l^phi-phi for the lensing potential.
#    Remember the conversion factors:
#    C_l^dd (deflection) = l(l+1) C_l^phi-phi
#    C_l^gg (shear/convergence) = 1/4 (l(l+1))^2 C_l^phi-phi
#
# 1:l     2:TT                     3:EE                     4:TE                     5:BB                     6:phiphi                 7:TPhi                   8:Ephi               
    2       1.342958668949e-10       4.099666545505e-15       3.511797414323e-13       0.000000000000e+00       7.966468673225e-09       4.245354990710e-10      -1.822554654537e-12 
    3       1.275625208970e-10       5.498944095970e-15       3.988523780855e-13       0.000000000000e+00       4.825268050744e-09       2.988339402800e-10      -1.417432654789e-12 
    4       1.210846010562e-10       5.009361122366e-15       3.777635011374e-13       0.000000000000e+00       3.316405962452e-09       2.247338913392e-10      -9.646847580324e-13 
    5       1.162445298105e-10       3.532836426844e-15       3.259805051373e-13       0.000000000000e+00       2.451567433337e-09       1.762902157283e-10      -5.713719467161e-13 
    6       1.129680173745e-10       2.069866079134e-15       2.658747031246e-13       0.000000000000e+00       1.898390306448e-09       1.424527289663e-10      -2.688529239066e-13 
    7       1.109269695847e-10       1.124464019697e-15       2.107502359638e-13       0.000000000000e+00       1.519281324529e-09       1.177338141571e-10      -6.293619561608e-14 
    8       1.098290903159e-10       6.911851345750e-16       1.668024127157e-13       0.000000000000e+00       1.246206712062e-09       9.903833830220e-11       5.529884337980e-14 
    9       1.094463422727e-10       5.399328302569e-16       1.359382858937e-13       0.000000000000e+00       1.041969820707e-09       8.452490346148e-11       1.031846564234e-13 
   10       1.095625302982e-10       4.696572546342e-16       1.174572257282e-13       0.000000000000e+00       8.847367312648e-10       7.307647034620e-11       1.019363389456e-13 
   11       1.101457303340e-10       4.006764499979e-16       1.091960410747e-13       0.000000000000e+00       7.553446658050e-10       6.471556174104e-11       7.300077372098e-14 
   12       1.110458029898e-10       3.388531564437e-16       1.083662354720e-13       0.000000000000e+00       6.569802984104e-10       5.698470894100e-11       3.414364840464e-14 
   13       1.121605989972e-10       3.066594697652e-16       1.123059089806e-13       0.000000000000e+00       5.764785812092e-10       5.069318667276e-11      -1.182827787576e-15 
   14       1.134723972382e-10       3.068610982161e-16       1.188966700372e-13       0.000000000000e+00       5.097073164639e-10       4.519213136091e-11      -2.596666397953e-14 
   15       1.150063301389e-10       3.264010059582e-16       1.266219718461e-13       0.000000000000e+00       4.536783834885e-10       4.059375452573e-11      -3.759525191415e-14 
   16       1.166385670117e-10       3.545103629536e-16       1.345342808874e-13       0.000000000000e+00       4.061850260341e-10       3.672720566146e-11      -3.761243765661e-14 
   17       1.184095317582e-10       3.916028627374e-16       1.423108224130e-13       0.000000000000e+00       3.655657454543e-10       3.338126980141e-11      -2.982090944449e-14 
   18       1.202649265667e-10       4.451116728885e-16       1.499881711353e-13       0.000000000000e+00       3.304193129600e-10       3.040981929616e-11      -1.886690095670e-14 
   19       1.222171595322e-10       5.187848664887e-16       1.577863601214e-13       0.000000000000e+00       3.001471730566e-10       2.780077595632e-11      -8.183260015608e-15 
   20       1.242605227237e-10       6.138671351604e-16       1.659670132474e-13       0.000000000000e+00       2.735659805545e-10       2.551873656360e-11      -9.917143123245e-16 
   21       1.263905070449e-10       7.286528683050e-16       1.746316935252e-13       0.000000000000e+00       2.502371078012e-10       2.352450658667e-11       1.844195562948e-15 
   22       1.285744888291e-10       8.601694584248e-16       1.837726149039e-13       0.000000000000e+00       2.295797692021e-10       2.174381340716e-11       6.203586589744e-16 
   23       1.308237518219e-10       1.008782491581e-15       1.932089284893e-13       0.000000000000e+00       2.113030290700e-10       2.014805097060e-11      -3.387198676472e-15 
   24       1.331403397082e-10       1.175623003347e-15       2.026318785309e-13       0.000000000000e+00       1.949752149039e-10       1.870614399937e-11      -8.291698842977e-15 
   25       1.355137780482e-10       1.360447229961e-15       2.116617634258e-13       0.000000000000e+00       1.803642263812e-10       1.741593414586e-11      -1.258142697250e-14 
   26       1.379179945653e-10       1.562662869507e-15       2.198940972161e-13       0.000000000000e+00       1.671737082190e-10       1.627036340058e-11      -1.492124977880e-14 
   27       1.403637205633e-10       1.783296648281e-15       2.271872668822e-13       0.000000000000e+00       1.553284134332e-10       1.525371036023e-11      -1.521689006736e-14 
   28       1.428591425601e-10       2.024029738605e-15       2.334902046886e-13       0.000000000000e+00       1.446778289119e-10       1.433049600557e-11      -1.389379479730e-14 
   29       1.453989989664e-10       2.286648697495e-15       2.387727918769e-13       0.000000000000e+00       1.349547537989e-10       1.345628864205e-11      -1.155361376131e-14 
   30       1.479882877981e-10       2.572523482781e-15       2.430359756410e-13       0.000000000000e+00       1.261008823934e-10       1.263580122058e-11      -8.815602955880e-15 
   31       1.506243233721e-10       2.882932300946e-15       2.463091874694e-13       0.000000000000e+00       1.180463713074e-10       1.188613327627e-11      -6.440039521690e-15 
   32       1.532950927862e-10       3.219118879202e-15       2.486367620641e-13       0.000000000000e+00       1.106587923361e-10       1.121790040627e-11      -5.169609916082e-15 
   33       1.560015142615e-10       3.582023336842e-15       2.500317211742e-13       0.000000000000e+00       1.038946893118e-10       1.062271412613e-11      -4.979803261824e-15 
   34       1.587410128354e-10       3.972443785248e-15       2.505067724361e-13       0.000000000000e+00       9.769091608740e-11       1.007977047529e-11      -5.548048826743e-15 
   35       1.615059877291e-10       4.391140711113e-15       2.500611047255e-13       0.000000000000e+00       9.195132560414e-11       9.565520414580e-12      -6.493138803226e-15 
   36       1.643026979964e-10       4.838980851669e-15       2.485908517758e-13       0.000000000000e+00       8.665895619776e-11       9.078901736862e-12      -7.559749722010e-15 
   37       1.671374598418e-10       5.316835335204e-15       2.459460890569e-13       0.000000000000e+00       8.179541455761e-11       8.624116159911e-12      -8.488420622815e-15 
   38       1.700107734245e-10       5.825537431527e-15       2.419522848423e-13       0.000000000000e+00       7.730702862392e-11       8.203705043416e-12      -8.961832639359e-15 
   39       1.729190826931e-10       6.365854836948e-15       2.364469378680e-13       0.000000000000e+00       7.312372906967e-11       7.818261832202e-12      -8.708870800593e-15 
   40       1.758624364148e-10       6.938403049642e-15       2.294088365321e-13       0.000000000000e+00       6.923131372036e-11       7.465910729630e-12      -7.868735216874e-15 
   41       1.788382970917e-10       7.543697025932e-15       2.208699038100e-13       0.000000000000e+00       6.561840404557e-11       7.142334108340e-12      -6.744627832256e-15 
   42       1.818388340921e-10       8.182168054820e-15       2.108817282915e-13       0.000000000000e+00       6.225492030007e-11       6.840661897335e-12      -5.710978973204e-15 
   43       1.848550606792e-10       8.854243422843e-15       1.994971113904e-13       0.000000000000e+00       5.910289039314e-11       6.553511693358e-12      -5.121337242215e-15 
   44       1.878919709725e-10       9.560627276874e-15       1.867050779515e-13       0.000000000000e+00       5.615660609546e-11       6.280337946877e-12      -4.987166163318e-15 
   45       1.909572800121e-10       1.030209866563e-14       1.724775622602e-13       0.000000000000e+00       5.341235348265e-11       6.022040788559e-12      -5.206403368170e-15 
   46       1.940569971142e-10       1.107943456780e-14       1.567871849502e-13       0.000000000000e+00       5.085637430056e-11       5.778872917238e-12      -5.649704279527e-15 
   47       1.971952197899e-10       1.189341011776e-14       1.396071742900e-13       0.000000000000e+00       4.846408760593e-11       5.550383525865e-12      -6.158785043112e-15 
   48       2.003739359303e-10       1.274470544463e-14       1.209085247526e-13       0.000000000000e+00       4.620749352029e-11       5.335682682679e-12      -6.582043268339e-15 
   49       2.035928452830e-10       1.363359460899e-14       1.006507092450e-13       0.000000000000e+00       4.408166858163e-11       5.134453441204e-12      -6.897160323080e-15 
   50       2.068491335804e-10       1.456016936904e-14       7.878821353122e-14       0.000000000000e+00       4.208440179916e-11       4.946128690158e-12      -7.120212095485e-15 
   51       2.101372592800e-10       1.552442048444e-14       5.527285610249e-14       0.000000000000e+00       4.020831260542e-11       4.769556861059e-12      -7.271647433619e-15 
   52       2.134487479040e-10       1.652623317739e-14       3.005356850911e-14       0.000000000000e+00       3.844048995165e-11       4.602962203937e-12      -7.376533006348e-15 
   53       2.167752446496e-10       1.756550225677e-14       3.082245112608e-15       0.000000000000e+00       3.676644287885e-11       4.444437774882e-12      -7.460765636241e-15 
   54       2.201190671664e-10       1.864252269307e-14      -2.566643604240e-14       0.000000000000e+00       3.518397561771e-11       4.293664665951e-12      -7.538002209559e-15 
   55       2.234850079140e-10       1.975769156639e-14      -5.621012015497e-14       0.000000000000e+00       3.369225136635e-11       4.150565629191e-12      -7.619795643520e-15 
   56       2.268772459237e-10       2.091139766209e-14      -8.856436492850e-14       0.000000000000e+00       3.228761704030e-11       4.014794064295e-12      -7.719407308635e-15 
   57       2.302992777535e-10       2.210402194923e-14      -1.227426057560e-13       0.000000000000e+00       3.096342314258e-11       3.885716630238e-12      -7.851882810849e-15 
   58       2.337538484429e-10       2.333593805898e-14      -1.587561209056e-13       0.000000000000e+00       2.970984363372e-11       3.762395856915e-12      -8.034127773689e-15 
   59       2.372429051829e-10       2.460742745967e-14      -1.966113160388e-13       0.000000000000e+00       2.851652452788e-11       3.643874375843e-12      -8.278682515114e-15 
   60       2.407676025762e-10       2.591840089191e-14      -2.363009204359e-13       0.000000000000e+00       2.738165705334e-11       3.530144184004e-12      -8.573185739458e-15 
   61       2.443281765731e-10       2.726861297296e-14      -2.778106811090e-13       0.000000000000e+00       2.630469694056e-11       3.421372140498e-12      -8.896267161850e-15 
   62       2.479238549837e-10       2.865773944825e-14      -3.211217405866e-13       0.000000000000e+00       2.528363843882e-11       3.317611121009e-12      -9.223294285125e-15 
   63       2.515527892027e-10       3.008537477808e-14      -3.662105112294e-13       0.000000000000e+00       2.431493007521e-11       3.218792853821e-12      -9.526234585171e-15 
   64       2.552119859346e-10       3.155102972449e-14      -4.130485495453e-13       0.000000000000e+00       2.339339041376e-11       3.124720755824e-12      -9.773517696292e-15 
   65       2.588984519873e-10       3.305414649924e-14      -4.616095518202e-13       0.000000000000e+00       2.251360318397e-11       3.035134670739e-12      -9.937510202237e-15 
   66       2.626130638065e-10       3.459415335728e-14      -5.118923453182e-13       0.000000000000e+00       2.167463530096e-11       2.949937110786e-12      -1.001908951075e-14 
   67       2.663573978154e-10       3.617041728555e-14      -5.639025559332e-13       0.000000000000e+00       2.087617040428e-11       2.869002264364e-12      -1.002804332119e-14 
   68       2.701325559563e-10       3.778222557586e-14      -6.176459886617e-13       0.000000000000e+00       2.011707559746e-11       2.792103265294e-12      -9.975989965278e-15 
   69       2.739391313482e-10       3.942878390287e-14      -6.731287011155e-13       0.000000000000e+00       1.939535858808e-11       2.718907040073e-12      -9.876453532474e-15 
   70       2.777771739433e-10       4.110921440215e-14      -7.303570770345e-13       0.000000000000e+00       1.870812482774e-11       2.648969155139e-12      -9.744938995340e-15 
   71       2.816461561839e-10       4.282255374811e-14      -7.893378997998e-13       0.000000000000e+00       1.805153465213e-11       2.581728664131e-12      -9.599007334917e-15 
   72       2.855454677257e-10       4.456782672774e-14      -8.500728565040e-13       0.000000000000e+00       1.742177092600e-11       2.516648233215e-12      -9.454719680040e-15 
   73       2.894760858608e-10       4.634428758248e-14      -9.125406654839e-13       0.000000000000e+00       1.681825225462e-11       2.453677106574e-12      -9.315012588709e-15 
   74       2.934391651622e-10       4.815122173425e-14      -9.767116350455e-13       0.000000000000e+00       1.624096196507e-11       2.392868109065e-12      -9.179216776880e-15 
   75       2.974355149420e-10       4.998787419941e-14      -1.042552876207e-12       0.000000000000e+00       1.568947279784e-11       2.334238437427e-12      -9.046482754194e-15 
   76       3.014655769884e-10       5.185344939044e-14      -1.110028249056e-12       0.000000000000e+00       1.516292711769e-11       2.277767824389e-12      -8.915773050123e-15 
   77       3.055294033012e-10       5.374711091758e-14      -1.179098309106e-12       0.000000000000e+00       1.466001712463e-11       2.223396702785e-12      -8.785854440122e-15 
   78       3.096266338282e-10       5.566798139048e-14      -1.249720253652e-12       0.000000000000e+00       1.417896506479e-11       2.171024369662e-12      -8.655290171775e-15 
   79       3.137564742012e-10       5.761514221984e-14      -1.321847868128e-12       0.000000000000e+00       1.371750344135e-11       2.120507150394e-12      -8.522432190945e-15 
   80       3.179181043155e-10       5.958760072303e-14      -1.395435080606e-12       0.000000000000e+00       1.327342695596e-11       2.071698566173e-12      -8.386006601629e-15 
   81       3.221120347638e-10       6.158418529830e-14      -1.470447454192e-12       0.000000000000e+00       1.284640225706e-11       2.024581908946e-12      -8.247004239965e-15 
   82       3.263389464284e-10       6.360363159853e-14      -1.546852601891e-12       0.000000000000e+00       1.243643782959e-11       1.979157446588e-12      -8.107105774676e-15 
   83       3.305992664964e-10       6.564461281899e-14      -1.624616768698e-12       0.000000000000e+00       1.204333112010e-11       1.935401422753e-12      -7.968120797715e-15 
   84       3.348931541738e-10       6.770573889344e-14      -1.703704844777e-12       0.000000000000e+00       1.166665933529e-11       1.893264998824e-12      -7.831991036224e-15 
   85       3.392204864006e-10       6.978555569033e-14      -1.784080378634e-12       0.000000000000e+00       1.130577024055e-11       1.852673195866e-12      -7.700793564491e-15 
   86       3.435808435656e-10       7.188254420896e-14      -1.865705590292e-12       0.000000000000e+00       1.095977295846e-11       1.813523836579e-12      -7.576744015910e-15 
   87       3.479734952206e-10       7.399511977567e-14      -1.948541384463e-12       0.000000000000e+00       1.062752876728e-11       1.775686487247e-12      -7.462199794936e-15 
   88       3.523973857958e-10       7.612163123997e-14      -2.032547363723e-12       0.000000000000e+00       1.030764189953e-11       1.739001399692e-12      -7.359663289046e-15 
   89       3.568515116357e-10       7.826041416347e-14      -2.117681241326e-12       0.000000000000e+00       9.998785684480e-12       1.703319008233e-12      -7.271162041438e-15 
   90       3.613361510293e-10       8.040996170076e-14      -2.203896945368e-12       0.000000000000e+00       9.700759665327e-12       1.668627827453e-12      -7.196270838161e-15 
   91       3.658518017103e-10       8.256877916786e-14      -2.291146240112e-12       0.000000000000e+00       9.413582127887e-12       1.634944761404e-12      -7.133783825225e-15 
   92       3.703987984063e-10       8.473533244079e-14      -2.379379304002e-12       0.000000000000e+00       9.137165399396e-12       1.602275890444e-12      -7.082303890834e-15 
   93       3.749773044169e-10       8.690804796054e-14      -2.468544733841e-12       0.000000000000e+00       8.871311670912e-12       1.570616020745e-12      -7.040236543418e-15 
   94       3.795873031901e-10       8.908531273821e-14      -2.558589548970e-12       0.000000000000e+00       8.615708819715e-12       1.539948233817e-12      -7.005783789670e-15 
   95       3.842285898999e-10       9.126547435998e-14      -2.649459195447e-12       0.000000000000e+00       8.369926231703e-12       1.510243436026e-12      -6.976938012585e-15 
   96       3.889007630236e-10       9.344684099219e-14      -2.741097550229e-12       0.000000000000e+00       8.133410623788e-12       1.481459908108e-12      -6.951475849494e-15 
   97       3.936032159187e-10       9.562768138639e-14      -2.833446925352e-12       0.000000000000e+00       7.905481866297e-12       1.453542854686e-12      -6.926952070103e-15 
   98       3.983351284004e-10       9.780622488439e-14      -2.926448072109e-12       0.000000000000e+00       7.685328805368e-12       1.426423953792e-12      -6.900693454527e-15 
   99       4.030956947261e-10       9.998068939984e-14      -3.020040836428e-12       0.000000000000e+00       7.472191753282e-12       1.400037914374e-12      -6.870350957511e-15 
  100       4.078848626028e-10       1.021493698744e-13      -3.114166221883e-12       0.000000000000e+00       7.265948483219e-12       1.374375798546e-12      -6.835658673072e-15 
  101       4.127026836938e-10       1.043105624183e-13      -3.208764628015e-12       0.000000000000e+00       7.066603861016e-12       1.349438450250e-12      -6.796913798323e-15 
  102       4.175490810624e-10       1.064625377912e-13      -3.303775237124e-12       0.000000000000e+00       6.874108691271e-12       1.325219919826e-12      -6.754441211084e-15 
  103       4.224238436147e-10       1.086035417469e-13      -3.399136026345e-12       0.000000000000e+00       6.688357802390e-12       1.301707219682e-12      -6.708594115036e-15 
  104       4.273266205421e-10       1.107317953766e-13      -3.494783779716e-12       0.000000000000e+00       6.509188131622e-12       1.278880079974e-12      -6.659754684851e-15 
  105       4.322569157646e-10       1.128454954539e-13      -3.590654100256e-12       0.000000000000e+00       6.336376810098e-12       1.256710704278e-12      -6.608334711344e-15 
  106       4.372140823730e-10       1.149428147785e-13      -3.686681422038e-12       0.000000000000e+00       6.169639247872e-12       1.235163525267e-12      -6.554776246608e-15 
  107       4.421973170720e-10       1.170219025205e-13      -3.782799022258e-12       0.000000000000e+00       6.008627218959e-12       1.214194960385e-12      -6.499552249160e-15 
  108       4.472056546228e-10       1.190808845645e-13      -3.878939033312e-12       0.000000000000e+00       5.852926946377e-12       1.193753167520e-12      -6.443167229080e-15 
  109       4.522379622859e-10       1.211178638538e-13      -3.975032454868e-12       0.000000000000e+00       5.702057187181e-12       1.173777800685e-12      -6.386157893155e-15 
  110       4.572931573967e-10       1.231309669099e-13      -4.071009974804e-12       0.000000000000e+00       5.555575789758e-12       1.154214378225e-12      -6.329004590370e-15 
  111       4.623709036636e-10       1.251184894189e-13      -4.166804525525e-12       0.000000000000e+00       5.413418973401e-12       1.135060001575e-12      -6.271851383611e-15 
  112       4.674709939955e-10       1.270787700078e-13      -4.262349078916e-12       0.000000000000e+00       5.275602087440e-12       1.116323057492e-12      -6.214751193892e-15 
  113       4.725931320088e-10       1.290101465235e-13      -4.357575886515e-12       0.000000000000e+00       5.142114181244e-12       1.098009028998e-12      -6.157751568700e-15 
  114       4.777369286632e-10       1.309109568306e-13      -4.452416499535e-12       0.000000000000e+00       5.012917155322e-12       1.080120394657e-12      -6.100894450483e-15 
  115       4.829018988975e-10       1.327795396098e-13      -4.546801788888e-12       0.000000000000e+00       4.887944912429e-12       1.062656527867e-12      -6.044215945135e-15 
  116       4.880874582653e-10       1.346142351553e-13      -4.640661965207e-12       0.000000000000e+00       4.767102508676e-12       1.045613596149e-12      -5.987746090484e-15 
  117       4.932929195703e-10       1.364133861732e-13      -4.733926598869e-12       0.000000000000e+00       4.650265304631e-12       1.028984460430e-12      -5.931508624779e-15 
  118       4.985174895026e-10       1.381753385793e-13      -4.826524640017e-12       0.000000000000e+00       4.537278116425e-12       1.012758574333e-12      -5.875520755176e-15 
  119       5.037602652741e-10       1.398984422972e-13      -4.918384438586e-12       0.000000000000e+00       4.427954366863e-12       9.969218834650e-13      -5.819792926226e-15 
  120       5.090202312540e-10       1.415810520560e-13      -5.009433764318e-12       0.000000000000e+00       4.322075236520e-12       9.814567247001e-13      -5.764328588361e-15 
  121       5.142962556051e-10       1.432215281886e-13      -5.099599826795e-12       0.000000000000e+00       4.219388814857e-12       9.663417254710e-13      -5.709123966380e-15 
  122       5.195870869188e-10       1.448182374292e-13      -5.188809295454e-12       0.000000000000e+00       4.119609251318e-12       9.515517030543e-13      -5.654167827936e-15 
  123       5.248915127569e-10       1.463696002267e-13      -5.276989045990e-12       0.000000000000e+00       4.022477446499e-12       9.370635467139e-13      -5.599442555248e-15 
  124       5.302088630634e-10       1.478742371362e-13      -5.364068454002e-12       0.000000000000e+00       3.927952828624e-12       9.228748438123e-13      -5.544927992764e-15 
  125       5.355385585145e-10       1.493308408273e-13      -5.449977403808e-12       0.000000000000e+00       3.836042111493e-12       9.089872136651e-13      -5.490597607279e-15 
  126       5.408799517242e-10       1.507381322274e-13      -5.534645611137e-12       0.000000000000e+00       3.746739366805e-12       8.954004632544e-13      -5.436417005315e-15 
  127       5.462323251536e-10       1.520948616857e-13      -5.618002648874e-12       0.000000000000e+00       3.660025659453e-12       8.821125335888e-13      -5.382343711869e-15 
  128       5.515948890209e-10       1.533998101371e-13      -5.699977972789e-12       0.000000000000e+00       3.575868682815e-12       8.691194460623e-13      -5.328326949145e-15 
  129       5.569667792104e-10       1.546517902663e-13      -5.780500947282e-12       0.000000000000e+00       3.494222394045e-12       8.564152488135e-13      -5.274307415303e-15 
  130       5.623470551825e-10       1.558496476716e-13      -5.859500871118e-12       0.000000000000e+00       3.415026649366e-12       8.439919630853e-13      -5.220217063192e-15 
  131       5.677346978830e-10       1.569922620289e-13      -5.936907003162e-12       0.000000000000e+00       3.338206839362e-12       8.318395295837e-13      -5.165978879095e-15 
  132       5.731286076529e-10       1.580785482555e-13      -6.012648588122e-12       0.000000000000e+00       3.263673524267e-12       8.199457548373e-13      -5.111506661467e-15 
  133       5.785276021376e-10       1.591074576744e-13      -6.086654882282e-12       0.000000000000e+00       3.191322069261e-12       8.082962575566e-13      -5.056704799677e-15 
  134       5.839304141966e-10       1.600779791776e-13      -6.158855179244e-12       0.000000000000e+00       3.121032279757e-12       7.968744149931e-13      -5.001468052746e-15 
  135       5.893356898134e-10       1.609891403908e-13      -6.229178835662e-12       0.000000000000e+00       3.052668036698e-12       7.856613092988e-13      -4.945681328090e-15 
  136       5.947419860044e-10       1.618400088367e-13      -6.297555296980e-12       0.000000000000e+00       2.986076931843e-12       7.746356738851e-13      -4.889219460258e-15 
  137       6.001479075885e-10       1.626297323864e-13      -6.363914923294e-12       0.000000000000e+00       2.921122069161e-12       7.637789143946e-13      -4.831983608885e-15 
  138       6.055525378930e-10       1.633576628728e-13      -6.428191508883e-12       0.000000000000e+00       2.857781955037e-12       7.530908715525e-13      -4.774015171750e-15 
  139       6.109550488603e-10       1.640232475350e-13      -6.490320073412e-12       0.000000000000e+00       2.796060301240e-12       7.425755953300e-13      -4.715393294706e-15 
  140       6.163545649900e-10       1.646259922788e-13      -6.550236115729e-12       0.000000000000e+00       2.735954627228e-12       7.322363954548e-13      -4.656199321189e-15 
  141       6.217501621293e-10       1.651654630905e-13      -6.607875644685e-12       0.000000000000e+00       2.677456099605e-12       7.220758199799e-13      -4.596516803389e-15 
  142       6.271408662642e-10       1.656412874499e-13      -6.663175209948e-12       0.000000000000e+00       2.620549371577e-12       7.120956338522e-13      -4.536431513420e-15 
  143       6.325256523106e-10       1.660531557436e-13      -6.716071932823e-12       0.000000000000e+00       2.565212422406e-12       7.022967974812e-13      -4.476031454486e-15 
  144       6.379034429046e-10       1.664008226782e-13      -6.766503537063e-12       0.000000000000e+00       2.511416396872e-12       6.926794453082e-13      -4.415406872056e-15 
  145       6.432731071941e-10       1.666841086939e-13      -6.814408379690e-12       0.000000000000e+00       2.459125444723e-12       6.832428643747e-13      -4.354650265026e-15 
  146       6.486334596292e-10       1.669029013778e-13      -6.859725481807e-12       0.000000000000e+00       2.408296560132e-12       6.739854728916e-13      -4.293856396898e-15 
  147       6.539832587537e-10       1.670571568767e-13      -6.902394559419e-12       0.000000000000e+00       2.358879421158e-12       6.649047988076e-13      -4.233122306941e-15 
  148       6.593212059952e-10       1.671469013109e-13      -6.942356054244e-12       0.000000000000e+00       2.310816229195e-12       6.559974583782e-13      -4.172547321365e-15 
  149       6.646459444568e-10       1.671722321875e-13      -6.979551164534e-12       0.000000000000e+00       2.264041548436e-12       6.472591347346e-13      -4.112233064488e-15 
  150       6.699560577075e-10       1.671333198132e-13      -7.013921875888e-12       0.000000000000e+00       2.218482145320e-12       6.386845564522e-13      -4.052283469908e-15 
  151       6.752500685735e-10       1.670304087083e-13      -7.045410992069e-12       0.000000000000e+00       2.174056827998e-12       6.302674761198e-13      -3.992804791670e-15 
  152       6.805264379289e-10       1.668638190195e-13      -7.073962165822e-12       0.000000000000e+00       2.130676285780e-12       6.220006489081e-13      -3.933905615438e-15 
  153       6.857836776862e-10       1.666339623554e-13      -7.099520470064e-12       0.000000000000e+00       2.088261271755e-12       6.138773476884e-13      -3.875674141423e-15 
  154       6.910207041294e-10       1.663413879748e-13      -7.122034106345e-12       0.000000000000e+00       2.046799389958e-12       6.058961119364e-13      -3.818107634020e-15 
  155       6.962365152664e-10       1.659867436058e-13      -7.141452914663e-12       0.000000000000e+00       2.006293304307e-12       5.980564013713e-13      -3.761176406197e-15 
  156       7.014300789582e-10       1.655707628834e-13      -7.157727880642e-12       0.000000000000e+00       1.966742803214e-12       5.903570855799e-13      -3.704845854734e-15 
  157       7.066003322918e-10       1.650942668369e-13      -7.170811169106e-12       0.000000000000e+00       1.928144732461e-12       5.827964304117e-13      -3.649076355637e-15 
  158       7.117461809524e-10       1.645581653760e-13      -7.180656157642e-12       0.000000000000e+00       1.890492928076e-12       5.753720843723e-13      -3.593823159558e-15 
  159       7.168664985960e-10       1.639634587780e-13      -7.187217470170e-12       0.000000000000e+00       1.853778149209e-12       5.680810650187e-13      -3.539036287205e-15 
  160       7.219601262219e-10       1.633112391743e-13      -7.190451010515e-12       0.000000000000e+00       1.817988011013e-12       5.609197453530e-13      -3.484660424764e-15 
  161       7.270258715455e-10       1.626026920373e-13      -7.190313995970e-12       0.000000000000e+00       1.783106917517e-12       5.538838402170e-13      -3.430634819311e-15 
  162       7.320625083706e-10       1.618390976671e-13      -7.186764990866e-12       0.000000000000e+00       1.749115994503e-12       5.469683926867e-13      -3.376893174226e-15 
  163       7.370687759618e-10       1.610218326782e-13      -7.179763940144e-12       0.000000000000e+00       1.715993022383e-12       5.401677604666e-13      -3.323363544616e-15 
  164       7.420433784173e-10       1.601523714863e-13      -7.169272202917e-12       0.000000000000e+00       1.683712369081e-12       5.334756022839e-13      -3.269968232721e-15 
  165       7.469849840413e-10       1.592322877950e-13      -7.155252586043e-12       0.000000000000e+00       1.652244922900e-12       5.268848642830e-13      -3.216623683338e-15 
  166       7.518922247168e-10       1.582632560828e-13      -7.137669377692e-12       0.000000000000e+00       1.621558025407e-12       5.203877664200e-13      -3.163240379232e-15 
  167       7.567636952775e-10       1.572470530895e-13      -7.116488380914e-12       0.000000000000e+00       1.591615404308e-12       5.139757888567e-13      -3.109722736555e-15 
  168       7.615979528809e-10       1.561855593030e-13      -7.091676947210e-12       0.000000000000e+00       1.562377106322e-12       5.076396583553e-13      -3.055969000258e-15 
  169       7.663935163808e-10       1.550807604465e-13      -7.063204010093e-12       0.000000000000e+00       1.533799430060e-12       5.013693346727e-13      -3.001871139509e-15 
  170       7.711488656994e-10       1.539347489645e-13      -7.031040118667e-12       0.000000000000e+00       1.505834858903e-12       4.951539969549e-13      -2.947314743110e-15 
  171       7.758625404042e-10       1.527496841975e-13      -6.995157450538e-12       0.000000000000e+00       1.478441528132e-12       4.889846354759e-13      -2.892209855853e-15 
  172       7.805334459737e-10       1.515276660647e-13      -6.955529781510e-12       0.000000000000e+00       1.451612652660e-12       4.828620978413e-13      -2.836586591827e-15 
  173       7.851605719845e-10       1.502708536482e-13      -6.912132577677e-12       0.000000000000e+00       1.425349435817e-12       4.767896907381e-13      -2.780507330160e-15 
  174       7.897428949857e-10       1.489815068668e-13      -6.864943049081e-12       0.000000000000e+00       1.399651727952e-12       4.707706320264e-13      -2.724036513188e-15 
  175       7.942793782756e-10       1.476619877931e-13      -6.813940183189e-12       0.000000000000e+00       1.374517998205e-12       4.648080477630e-13      -2.667240668108e-15 
  176       7.987689716792e-10       1.463147619727e-13      -6.759104778384e-12       0.000000000000e+00       1.349945306288e-12       4.589049692262e-13      -2.610188428628e-15 
  177       8.032106113255e-10       1.449423997418e-13      -6.700419477445e-12       0.000000000000e+00       1.325929274259e-12       4.530643299393e-13      -2.552950556624e-15 
  178       8.076032194249e-10       1.435475775456e-13      -6.637868801032e-12       0.000000000000e+00       1.302464058296e-12       4.472889626949e-13      -2.495599963792e-15 
  179       8.119457040461e-10       1.421330792565e-13      -6.571439181170e-12       0.000000000000e+00       1.279542320477e-12       4.415815965792e-13      -2.438211733305e-15 
  180       8.162369588939e-10       1.407017974920e-13      -6.501118994735e-12       0.000000000000e+00       1.257155200556e-12       4.359448539957e-13      -2.380863141462e-15 
  181       8.204758630859e-10       1.392567349337e-13      -6.426898596935e-12       0.000000000000e+00       1.235292287737e-12       4.303812476895e-13      -2.323633679346e-15 
  182       8.246612809304e-10       1.378010056444e-13      -6.348770354796e-12       0.000000000000e+00       1.213941592452e-12       4.248931777715e-13      -2.266605074475e-15 
  183       8.287920617030e-10       1.363378363872e-13      -6.266728680646e-12       0.000000000000e+00       1.193089518137e-12       4.194829287423e-13      -2.209861312459e-15 
  184       8.328670394245e-10       1.348705679431e-13      -6.180770065600e-12       0.000000000000e+00       1.172720833007e-12       4.141526665163e-13      -2.153488658649e-15 
  185       8.368850326379e-10       1.334026564298e-13      -6.090893113040e-12       0.000000000000e+00       1.152818641834e-12       4.089044354459e-13      -2.097575679796e-15 
  186       8.408448441856e-10       1.319376746192e-13      -5.997098572104e-12       0.000000000000e+00       1.133364357724e-12       4.037401553455e-13      -2.042213265700e-15 
  187       8.447452609868e-10       1.304793132561e-13      -5.899389371169e-12       0.000000000000e+00       1.114337673889e-12       3.986616185156e-13      -1.987494650867e-15 
  188       8.485850538149e-10       1.290313823763e-13      -5.797770651331e-12       0.000000000000e+00       1.095716535430e-12       3.936704867670e-13      -1.933515436162e-15 
  189       8.523629770745e-10       1.275978126245e-13      -5.692249799897e-12       0.000000000000e+00       1.077477111107e-12       3.887682884447e-13      -1.880373610464e-15 
  190       8.560777685788e-10       1.261826565729e-13      -5.582836483860e-12       0.000000000000e+00       1.059593765117e-12       3.839564154523e-13      -1.828169572316e-15 
  191       8.597282260374e-10       1.247899604762e-13      -5.469541567178e-12       0.000000000000e+00       1.042044050250e-12       3.792358554824e-13      -1.776985780943e-15 
  192       8.633134433904e-10       1.234233660461e-13      -5.352373702111e-12       0.000000000000e+00       1.024824164424e-12       3.746063724802e-13      -1.726823959539e-15 
  193       8.668325918133e-10       1.220864812754e-13      -5.231342546068e-12       0.000000000000e+00       1.007934601850e-12       3.700672588389e-13      -1.677663212579e-15 
  194       8.702848446287e-10       1.207830082032e-13      -5.106459884457e-12       0.000000000000e+00       9.913752242023e-13       3.656175908485e-13      -1.629479928174e-15 
  195       8.736693773345e-10       1.195167438088e-13      -4.977739660516e-12       0.000000000000e+00       9.751452488257e-13       3.612562248535e-13      -1.582247733070e-15 
  196       8.769853676326e-10       1.182915809063e-13      -4.845198005148e-12       0.000000000000e+00       9.592432369429e-13       3.569817934105e-13      -1.535937447639e-15 
  197       8.802319954569e-10       1.171115090387e-13      -4.708853266747e-12       0.000000000000e+00       9.436670818623e-13       3.527927014455e-13      -1.490517040881e-15 
  198       8.834084430016e-10       1.159806153719e-13      -4.568726041033e-12       0.000000000000e+00       9.284139971852e-13       3.486871224123e-13      -1.445951585417e-15 
  199       8.865138947494e-10       1.149030855893e-13      -4.424839200884e-12       0.000000000000e+00       9.134805050133e-13       3.446629944491e-13      -1.402203212484e-15 
  200       8.895475375002e-10       1.138832047861e-13      -4.277217926167e-12       0.000000000000e+00       8.988624241564e-13       3.407180165370e-13      -1.359231066932e-15 
  201       8.925085603990e-10       1.129253583629e-13      -4.125889733566e-12       0.000000000000e+00       8.845548583395e-13       3.368496446571e-13      -1.316991262220e-15 
  202       8.953961549642e-10       1.120340329207e-13      -3.970884506421e-12       0.000000000000e+00       8.705521844109e-13       3.330550879483e-13      -1.275436835414e-15 
  203       8.982095151163e-10       1.112138171546e-13      -3.812234524553e-12       0.000000000000e+00       8.568480405491e-13       3.293313048649e-13      -1.234517702178e-15 
  204       9.009478372057e-10       1.104694027483e-13      -3.649974494097e-12       0.000000000000e+00       8.434353144706e-13       3.256749993343e-13      -1.194180611773e-15 
  205       9.036103200412e-10       1.098055852682e-13      -3.484141577337e-12       0.000000000000e+00       8.303061316375e-13       3.220826169145e-13      -1.154369102055e-15 
  206       9.061961649184e-10       1.092272650577e-13      -3.314775422534e-12       0.000000000000e+00       8.174518434647e-13       3.185503409516e-13      -1.115023454467e-15 
  207       9.087045756481e-10       1.087394481314e-13      -3.141918193757e-12       0.000000000000e+00       8.048630155274e-13       3.150740887378e-13      -1.076080649037e-15 
  208       9.111347585839e-10       1.083472470696e-13      -2.965614600718e-12       0.000000000000e+00       7.925294157690e-13       3.116495076688e-13      -1.037474319372e-15 
  209       9.134859226515e-10       1.080558819119e-13      -2.785911928601e-12       0.000000000000e+00       7.804400027080e-13       3.082719714012e-13      -9.991347076575e-16 
  210       9.157572793761e-10       1.078706810520e-13      -2.602860067896e-12       0.000000000000e+00       7.685829136460e-13       3.049365760106e-13      -9.609886196510e-16 
  211       9.179480429115e-10       1.077970821319e-13      -2.416511544226e-12       0.000000000000e+00       7.569454528750e-13       3.016381361489e-13      -9.229593796777e-16 
  212       9.200574300675e-10       1.078406329358e-13      -2.226921548183e-12       0.000000000000e+00       7.455140798848e-13       2.983711812017e-13      -8.849667856274e-16 
  213       9.220847137617e-10       1.080067443905e-13      -2.034145174727e-12       0.000000000000e+00       7.342770133793e-13       2.951310471113e-13      -8.469437859387e-16 
  214       9.240293873281e-10       1.082999291563e-13      -1.838228872106e-12       0.000000000000e+00       7.232322634024e-13       2.919172418309e-13      -8.088878566736e-16 
  215       9.258910113637e-10       1.087245133228e-13      -1.639218472865e-12       0.000000000000e+00       7.123801190809e-13       2.887302998175e-13      -7.708130085529e-16 
  216       9.276691614708e-10       1.092848799218e-13      -1.437161954729e-12       0.000000000000e+00       7.017205766883e-13       2.855707058413e-13      -7.327333758121e-16 
  217       9.293634284264e-10       1.099854691688e-13      -1.232109463088e-12       0.000000000000e+00       6.912533347389e-13       2.824388940279e-13      -6.946632152209e-16 
  218       9.309734183505e-10       1.108307787049e-13      -1.024113333482e-12       0.000000000000e+00       6.809777890817e-13       2.793352468996e-13      -6.566169051009e-16 
  219       9.324987528758e-10       1.118253638383e-13      -8.132281140842e-13       0.000000000000e+00       6.708930279945e-13       2.762600944185e-13      -6.186089443448e-16 
  220       9.339390693157e-10       1.129738377858e-13      -5.995105881926e-13       0.000000000000e+00       6.609978272774e-13       2.732137130279e-13      -5.806539514344e-16 
  221       9.352940208342e-10       1.142808719147e-13      -3.830197967095e-13       0.000000000000e+00       6.512906453470e-13       2.701963246944e-13      -5.427666634597e-16 
  222       9.365632766142e-10       1.157511959842e-13      -1.638170606294e-13       0.000000000000e+00       6.417696183303e-13       2.672080959505e-13      -5.049619351370e-16 
  223       9.377465220266e-10       1.173895983870e-13       5.803399647576e-14       0.000000000000e+00       6.324325551587e-13       2.642491369362e-13      -4.672547378276e-16 
  224       9.388434587992e-10       1.192009263911e-13       2.824674259714e-13       0.000000000000e+00       6.232769326615e-13       2.613195004413e-13      -4.296601585563e-16 
  225       9.398538051860e-10       1.211900863813e-13       5.094149316746e-13       0.000000000000e+00       6.142998906606e-13       2.584191809473e-13      -3.921933990302e-16 
  226       9.407772961355e-10       1.233620441009e-13       7.388058473689e-13       0.000000000000e+00       6.054982270634e-13       2.555481136699e-13      -3.548697746569e-16 
  227       9.416136834601e-10       1.257218248932e-13       9.705671143190e-13       0.000000000000e+00       5.968683929577e-13       2.527061736005e-13      -3.177047135633e-16 
  228       9.423627360049e-10       1.282745139433e-13       1.204623258785e-12       0.000000000000e+00       5.884064877049e-13       2.498931745488e-13      -2.807137556139e-16 
  229       9.430242398168e-10       1.310252565196e-13       1.440896369537e-12       0.000000000000e+00       5.801082540344e-13       2.471088681846e-13      -2.439125514296e-16 
  230       9.435979983131e-10       1.339792582154e-13       1.679306075369e-12       0.000000000000e+00       5.719690731372e-13       2.443529430801e-13      -2.073168614063e-16 
  231       9.440838324506e-10       1.371417851906e-13       1.919769522617e-12       0.000000000000e+00       5.639839597600e-13       2.416250237515e-13      -1.709425547330e-16 
  232       9.444815808946e-10       1.405181644132e-13       2.162201352667e-12       0.000000000000e+00       5.561475572989e-13       2.389246697020e-13      -1.348056084108e-16 
  233       9.447911001880e-10       1.441137839013e-13       2.406513679476e-12       0.000000000000e+00       5.484541328937e-13       2.362513744628e-13      -9.892210627126e-17 
  234       9.450122649197e-10       1.479340929641e-13       2.652616067084e-12       0.000000000000e+00       5.408975725215e-13       2.336045646360e-13      -6.330823799502e-17 
  235       9.451449678942e-10       1.519846024441e-13       2.900415507127e-12       0.000000000000e+00       5.334713760905e-13       2.309835989363e-13      -2.798029813027e-17 
  236       9.451891202998e-10       1.562708849584e-13       3.149816396354e-12       0.000000000000e+00       5.261686525345e-13       2.283877672333e-13       7.045314888675e-18 
  237       9.451446518784e-10       1.607985751405e-13       3.400720514140e-12       0.000000000000e+00       5.189821149062e-13       2.258162895934e-13       4.175209972279e-17 
  238       9.450115309355e-10       1.655730082726e-13       3.653032058587e-12       0.000000000000e+00       5.119054632453e-13       2.232685210046e-13       7.612561380268e-17 
  239       9.447898253682e-10       1.705981113910e-13       3.906673139868e-12       0.000000000000e+00       5.049376362896e-13       2.207445812935e-13       1.101601016452e-16 
  240       9.444796456629e-10       1.758774454686e-13       4.161569181912e-12       0.000000000000e+00       4.980788078323e-13       2.182447615134e-13       1.438522700067e-16 
  241       9.440811255947e-10       1.814145604636e-13       4.417643936494e-12       0.000000000000e+00       4.913290201474e-13       2.157693211723e-13       1.771991688163e-16 
  242       9.435944224389e-10       1.872129947982e-13       4.674819471419e-12       0.000000000000e+00       4.846881820113e-13       2.133184877089e-13       2.101981967155e-16 
  243       9.430197171815e-10       1.932762748376e-13       4.933016158710e-12       0.000000000000e+00       4.781560667242e-13       2.108924559693e-13       2.428471065978e-16 
  244       9.423572147302e-10       1.996079143681e-13       5.192152662791e-12       0.000000000000e+00       4.717323101321e-13       2.084913876821e-13       2.751440111487e-16 
  245       9.416071441250e-10       2.062114140767e-13       5.452145928677e-12       0.000000000000e+00       4.654164086480e-13       2.061154109349e-13       3.070873883851e-16 
  246       9.407697587490e-10       2.130902610293e-13       5.712911170158e-12       0.000000000000e+00       4.592077172738e-13       2.037646196504e-13       3.386760871952e-16 
  247       9.398453365394e-10       2.202479281496e-13       5.974361857988e-12       0.000000000000e+00       4.531054476217e-13       2.014390730619e-13       3.699093328782e-16 
  248       9.388341801980e-10       2.276878736981e-13       6.236409708068e-12       0.000000000000e+00       4.471086659361e-13       1.991387951900e-13       4.007867326839e-16 
  249       9.377366174022e-10       2.354135407503e-13       6.498964669633e-12       0.000000000000e+00       4.412162911147e-13       1.968637743179e-13       4.313082813526e-16 
  250       9.365530010160e-10       2.434283566762e-13       6.761934913440e-12       0.000000000000e+00       4.354270927308e-13       1.946139624678e-13       4.614743666547e-16 
  251       9.352837093002e-10       2.517357326184e-13       7.025226819955e-12       0.000000000000e+00       4.297396890541e-13       1.923892748768e-13       4.912857749303e-16 
  252       9.339291461236e-10       2.603390629712e-13       7.288744967535e-12       0.000000000000e+00       4.241525450732e-13       1.901895894731e-13       5.207436966293e-16 
  253       9.324897411740e-10       2.692417248594e-13       7.552392120618e-12       0.000000000000e+00       4.186639705165e-13       1.880147463516e-13       5.498497318506e-16 
  254       9.309659501684e-10       2.784470776168e-13       7.816069217909e-12       0.000000000000e+00       4.132721178740e-13       1.858645472503e-13       5.786058958823e-16 
  255       9.293582550643e-10       2.879584622653e-13       8.079675360566e-12       0.000000000000e+00       4.079749804190e-13       1.837387550258e-13       6.070146247409e-16 
  256       9.276671642705e-10       2.977792009934e-13       8.343107800384e-12       0.000000000000e+00       4.027703902299e-13       1.816370931301e-13       6.350787807118e-16 
  257       9.258932128573e-10       3.079125966350e-13       8.606261927986e-12       0.000000000000e+00       3.976560162113e-13       1.795592450857e-13       6.628016578879e-16 
  258       9.240369627680e-10       3.183619321484e-13       8.869031261004e-12       0.000000000000e+00       3.926293621160e-13       1.775048539623e-13       6.901869877105e-16 
  259       9.220990030294e-10       3.291304700945e-13       9.131307432269e-12       0.000000000000e+00       3.876877645665e-13       1.754735218524e-13       7.172389445081e-16 
  260       9.200799499626e-10       3.402214521164e-13       9.392980177997e-12       0.000000000000e+00       3.828283910767e-13       1.734648093474e-13       7.439621510366e-16 
  261       9.179804473937e-10       3.516380984173e-13       9.653937325973e-12       0.000000000000e+00       3.780482380732e-13       1.714782350138e-13       7.703616840189e-16 
  262       9.158011668648e-10       3.633836072400e-13       9.914064783741e-12       0.000000000000e+00       3.733441289173e-13       1.695132748687e-13       7.964430796845e-16 
  263       9.135428078448e-10       3.754611543449e-13       1.017324652679e-11       0.000000000000e+00       3.687127119264e-13       1.675693618566e-13       8.222123393095e-16 
  264       9.112060979397e-10       3.878738924897e-13       1.043136458672e-11       0.000000000000e+00       3.641504583956e-13       1.656458853245e-13       8.476759347560e-16 
  265       9.087917931043e-10       4.006249509072e-13       1.068829903949e-11       0.000000000000e+00       3.596536606193e-13       1.637421904986e-13       8.728408140119e-16 
  266       9.063006530491e-10       4.137170654491e-13       1.094393507713e-11       0.000000000000e+00       3.552191253607e-13       1.618577222028e-13       8.977126857133e-16 
  267       9.037333655508e-10       4.271514478420e-13       1.119818467293e-11       0.000000000000e+00       3.508463000472e-13       1.599924657401e-13       9.222907581119e-16 
  268       9.010906184421e-10       4.409288540147e-13       1.145096606981e-11       0.000000000000e+00       3.465352581832e-13       1.581465289329e-13       9.465727251990e-16 
  269       8.983731242129e-10       4.550499467659e-13       1.170219680271e-11       0.000000000000e+00       3.422860134983e-13       1.563199997562e-13       9.705564646199e-16 
  270       8.955816201789e-10       4.695152946189e-13       1.195179369883e-11       0.000000000000e+00       3.380985191440e-13       1.545129460581e-13       9.942400403059e-16 
  271       8.927168686507e-10       4.843253706766e-13       1.219967287772e-11       0.000000000000e+00       3.339726668901e-13       1.527254152788e-13       1.017621705106e-15 
  272       8.897796571027e-10       4.994805514758e-13       1.244574975145e-11       0.000000000000e+00       3.299082863216e-13       1.509574341705e-13       1.040699903420e-15 
  273       8.867707983420e-10       5.149811158421e-13       1.268993902481e-11       0.000000000000e+00       3.259051440351e-13       1.492090085176e-13       1.063473273827e-15 
  274       8.836911306768e-10       5.308272437447e-13       1.293215469539e-11       0.000000000000e+00       3.219629428356e-13       1.474801228555e-13       1.085940651722e-15 
  275       8.805415180863e-10       5.470190151510e-13       1.317231005379e-11       0.000000000000e+00       3.180813209333e-13       1.457707401913e-13       1.108101071945e-15 
  276       8.773228503885e-10       5.635564088816e-13       1.341031768377e-11       0.000000000000e+00       3.142598511400e-13       1.440808017228e-13       1.129953771411e-15 
  277       8.740360434099e-10       5.804393014645e-13       1.364608946237e-11       0.000000000000e+00       3.104980400657e-13       1.424102265586e-13       1.151498191745e-15 
  278       8.706820391538e-10       5.976674659905e-13       1.387953656011e-11       0.000000000000e+00       3.067953273156e-13       1.407589114375e-13       1.172733981915e-15 
  279       8.672618059697e-10       6.152405709673e-13       1.411056944110e-11       0.000000000000e+00       3.031510846865e-13       1.391267304487e-13       1.193661000859e-15 
  280       8.637763387218e-10       6.331581791746e-13       1.433909786324e-11       0.000000000000e+00       2.995646153632e-13       1.375135347510e-13       1.214279320121e-15 
  281       8.602266589581e-10       6.514197465188e-13       1.456503087835e-11       0.000000000000e+00       2.960351531158e-13       1.359191522928e-13       1.234589226480e-15 
  282       8.566138150791e-10       6.700246208875e-13       1.478827683230e-11       0.000000000000e+00       2.925618614958e-13       1.343433875318e-13       1.254591224585e-15 
  283       8.529388825070e-10       6.889720410045e-13       1.500874336523e-11       0.000000000000e+00       2.891438330329e-13       1.327860211545e-13       1.274286039585e-15 
  284       8.492029638543e-10       7.082611352843e-13       1.522633741166e-11       0.000000000000e+00       2.857800884318e-13       1.312468097964e-13       1.293674619759e-15 
  285       8.454071890926e-10       7.278909206870e-13       1.544096520062e-11       0.000000000000e+00       2.824695757685e-13       1.297254857611e-13       1.312758139151e-15 
  286       8.415527157220e-10       7.478603015731e-13       1.565253225589e-11       0.000000000000e+00       2.792111696875e-13       1.282217567404e-13       1.331538000202e-15 
  287       8.376407289395e-10       7.681680685577e-13       1.586094339606e-11       0.000000000000e+00       2.760036705977e-13       1.267353055341e-13       1.350015836380e-15 
  288       8.336724418081e-10       7.888128973660e-13       1.606610273475e-11       0.000000000000e+00       2.728458038700e-13       1.252657897694e-13       1.368193514810e-15 
  289       8.296490954255e-10       8.097933476874e-13       1.626791368072e-11       0.000000000000e+00       2.697362190328e-13       1.238128416208e-13       1.386073138911e-15 
  290       8.255719590932e-10       8.311078620306e-13       1.646627893808e-11       0.000000000000e+00       2.666734889699e-13       1.223760675297e-13       1.403657051024e-15 
  291       8.214423304854e-10       8.527547645781e-13       1.666110050638e-11       0.000000000000e+00       2.636561091160e-13       1.209550479245e-13       1.420947835045e-15 
  292       8.172615358178e-10       8.747322600410e-13       1.685227968083e-11       0.000000000000e+00       2.606824966541e-13       1.195493369396e-13       1.437948319058e-15 
  293       8.130309300164e-10       8.970384325138e-13       1.703971705238e-11       0.000000000000e+00       2.577509897119e-13       1.181584621359e-13       1.454661577963e-15 
  294       8.087518968864e-10       9.196712443290e-13       1.722331250796e-11       0.000000000000e+00       2.548598465585e-13       1.167819242200e-13       1.471090936113e-15 
  295       8.044258492814e-10       9.426285349121e-13       1.740296523056e-11       0.000000000000e+00       2.520072448009e-13       1.154191967639e-13       1.487239969943e-15 
  296       8.000542292719e-10       9.659080196357e-13       1.757857369944e-11       0.000000000000e+00       2.491912805809e-13       1.140697259253e-13       1.503112510601e-15 
  297       7.956384347219e-10       9.895071363025e-13       1.775004339089e-11       0.000000000000e+00       2.464103219675e-13       1.127330470235e-13       1.518711910114e-15 
  298       7.911795947166e-10       1.013422578672e-12       1.791731029517e-11       0.000000000000e+00       2.436640898238e-13       1.114091411264e-13       1.534038794940e-15 
  299       7.866787835249e-10       1.037650737977e-12       1.808031854544e-11       0.000000000000e+00       2.409526280231e-13       1.100980952865e-13       1.549093208121e-15 
  300       7.821370932747e-10       1.062187851900e-12       1.823901283090e-11       0.000000000000e+00       2.382759536763e-13       1.087999871284e-13       1.563875337521e-15 
  301       7.775556340227e-10       1.087030003225e-12       1.839333840736e-11       0.000000000000e+00       2.356340568084e-13       1.075148847268e-13       1.578385517452e-15 
  302       7.729355338225e-10       1.112173118481e-12       1.854324110787e-11       0.000000000000e+00       2.330269000356e-13       1.062428464847e-13       1.592624230315e-15 
  303       7.682779387946e-10       1.137612966596e-12       1.868866735328e-11       0.000000000000e+00       2.304544182421e-13       1.049839210114e-13       1.606592108226e-15 
  304       7.635840131950e-10       1.163345157539e-12       1.882956416287e-11       0.000000000000e+00       2.279165182573e-13       1.037381470010e-13       1.620289934656e-15 
  305       7.588549394845e-10       1.189365140971e-12       1.896587916492e-11       0.000000000000e+00       2.254130785320e-13       1.025055531101e-13       1.633718646058e-15 
  306       7.540919183977e-10       1.215668204896e-12       1.909756060733e-11       0.000000000000e+00       2.229439488160e-13       1.012861578362e-13       1.646879333507e-15 
  307       7.492961690122e-10       1.242249474303e-12       1.922455736819e-11       0.000000000000e+00       2.205089498346e-13       1.000799693961e-13       1.659773244326e-15 
  308       7.444689288176e-10       1.269103909820e-12       1.934681896640e-11       0.000000000000e+00       2.181078729655e-13       9.888698560351e-14       1.672401783727e-15 
  309       7.396114537847e-10       1.296226306356e-12       1.946429557224e-11       0.000000000000e+00       2.157404799158e-13       9.770719374763e-14       1.684766516438e-15 
  310       7.347250184348e-10       1.323611291756e-12       1.957693801799e-11       0.000000000000e+00       2.134065023989e-13       9.654057047116e-14       1.696869168339e-15 
  311       7.298109159084e-10       1.351253325445e-12       1.968469780850e-11       0.000000000000e+00       2.111056418111e-13       9.538708164846e-14       1.708711628095e-15 
  312       7.248704580345e-10       1.379146697076e-12       1.978752713183e-11       0.000000000000e+00       2.088375689088e-13       9.424668226372e-14       1.720295948791e-15 
  313       7.199049753997e-10       1.407285525179e-12       1.988537886979e-11       0.000000000000e+00       2.066019234854e-13       9.311931628910e-14       1.731624349563e-15 
  314       7.149158174175e-10       1.435663755811e-12       1.997820660857e-11       0.000000000000e+00       2.043983140478e-13       9.200491656290e-14       1.742699217230e-15 
  315       7.099043523971e-10       1.464275161199e-12       2.006596464933e-11       0.000000000000e+00       2.022263174937e-13       9.090340466773e-14       1.753523107932e-15 
  316       7.048719676126e-10       1.493113338395e-12       2.014860801879e-11       0.000000000000e+00       2.000854787882e-13       8.981469080861e-14       1.764098748760e-15 
  317       6.998200693724e-10       1.522171707918e-12       2.022609247985e-11       0.000000000000e+00       1.979753106410e-13       8.873867369119e-14       1.774429039390e-15 
  318       6.947500830877e-10       1.551443512406e-12       2.029837454213e-11       0.000000000000e+00       1.958952931829e-13       8.767524039989e-14       1.784517053716e-15 
  319       6.896634533422e-10       1.580921815262e-12       2.036541147264e-11       0.000000000000e+00       1.938448736429e-13       8.662426627602e-14       1.794366041483e-15 
  320       6.845616439610e-10       1.610599499304e-12       2.042716130630e-11       0.000000000000e+00       1.918234660251e-13       8.558561479597e-14       1.803979429923e-15 
  321       6.794461380796e-10       1.640469265411e-12       2.048358285661e-11       0.000000000000e+00       1.898304507854e-13       8.455913744937e-14       1.813360825385e-15 
  322       6.743184382132e-10       1.670523631173e-12       2.053463572617e-11       0.000000000000e+00       1.878651745087e-13       8.354467361721e-14       1.822514014969e-15 
  323       6.691800663255e-10       1.700754929539e-12       2.058028031735e-11       0.000000000000e+00       1.859269495854e-13       8.254205045005e-14       1.831442968161e-15 
  324       6.640325638981e-10       1.731155307462e-12       2.062047784282e-11       0.000000000000e+00       1.840150538886e-13       8.155108274611e-14       1.840151838466e-15 
  325       6.588774919998e-10       1.761716724552e-12       2.065519033620e-11       0.000000000000e+00       1.821287304507e-13       8.057157282949e-14       1.848644965040e-15 
  326       6.537164313550e-10       1.792430951720e-12       2.068438066261e-11       0.000000000000e+00       1.802671871408e-13       7.960331042830e-14       1.856926874321e-15 
  327       6.485509824134e-10       1.823289569831e-12       2.070801252932e-11       0.000000000000e+00       1.784295963407e-13       7.864607255277e-14       1.865002281670e-15 
  328       6.433827654192e-10       1.854283968345e-12       2.072605049627e-11       0.000000000000e+00       1.766150946227e-13       7.769962337351e-14       1.872876092997e-15 
  329       6.382134204796e-10       1.885405343972e-12       2.073845998675e-11       0.000000000000e+00       1.748227824260e-13       7.676371409955e-14       1.880553406398e-15 
  330       6.330446076345e-10       1.916644699316e-12       2.074520729792e-11       0.000000000000e+00       1.730517237335e-13       7.583808285659e-14       1.888039513784e-15 
  331       6.278780069252e-10       1.947992841524e-12       2.074625961147e-11       0.000000000000e+00       1.713009457490e-13       7.492245456510e-14       1.895339902523e-15 
  332       6.227152088500e-10       1.979440781321e-12       2.074158981403e-11       0.000000000000e+00       1.695696183601e-13       7.401659301523e-14       1.902459107995e-15 
  333       6.175573803086e-10       2.010980952104e-12       2.073119116921e-11       0.000000000000e+00       1.678576018378e-13       7.312045985066e-14       1.909397212655e-15 
  334       6.124055842154e-10       2.042606041399e-12       2.071506330657e-11       0.000000000000e+00       1.661649224057e-13       7.223406228422e-14       1.916153197393e-15 
  335       6.072608877482e-10       2.074308594365e-12       2.069320748525e-11       0.000000000000e+00       1.644915944819e-13       7.135740146195e-14       1.922726077207e-15 
  336       6.021243622986e-10       2.106081012875e-12       2.066562660983e-11       0.000000000000e+00       1.628376205513e-13       7.049047239797e-14       1.929114901590e-15 
  337       5.969970834222e-10       2.137915554600e-12       2.063232524610e-11       0.000000000000e+00       1.612029910374e-13       6.963326390926e-14       1.935318754917e-15 
  338       5.918801307886e-10       2.169804332086e-12       2.059330963690e-11       0.000000000000e+00       1.595876841747e-13       6.878575855047e-14       1.941336756827e-15 
  339       5.867745881317e-10       2.201739311846e-12       2.054858771792e-11       0.000000000000e+00       1.579916658801e-13       6.794793254877e-14       1.947168062615e-15 
  340       5.816815431994e-10       2.233712313436e-12       2.049816913354e-11       0.000000000000e+00       1.564148896254e-13       6.711975573858e-14       1.952811863613e-15 
  341       5.766020877044e-10       2.265715008538e-12       2.044206525264e-11       0.000000000000e+00       1.548572963095e-13       6.630119149649e-14       1.958267387577e-15 
  342       5.715373172737e-10       2.297738920047e-12       2.038028918440e-11       0.000000000000e+00       1.533188141297e-13       6.549219667596e-14       1.963533899078e-15 
  343       5.664883313993e-10       2.329775421150e-12       2.031285579412e-11       0.000000000000e+00       1.517993584544e-13       6.469272154224e-14       1.968610699879e-15 
  344       5.614562333876e-10       2.361815734410e-12       2.023978171906e-11       0.000000000000e+00       1.502988316949e-13       6.390270970708e-14       1.973497129332e-15 
  345       5.564421303104e-10       2.393850930846e-12       2.016108538423e-11       0.000000000000e+00       1.488171231773e-13       6.312209806361e-14       1.978192564753e-15 
  346       5.514471329544e-10       2.425871929023e-12       2.007678701821e-11       0.000000000000e+00       1.473541090149e-13       6.235081672114e-14       1.982696421817e-15 
  347       5.464723557714e-10       2.457869494125e-12       1.998690866899e-11       0.000000000000e+00       1.459096519796e-13       6.158878893994e-14       1.987008154940e-15 
  348       5.415189168289e-10       2.489834237047e-12       1.989147421977e-11       0.000000000000e+00       1.444836013745e-13       6.083593106608e-14       1.991127257665e-15 
  349       5.365879377596e-10       2.521756613469e-12       1.979050940475e-11       0.000000000000e+00       1.430757929058e-13       6.009215246625e-14       1.995053263050e-15 
  350       5.316805437119e-10       2.553626922947e-12       1.968404182501e-11       0.000000000000e+00       1.416860485546e-13       5.935735546254e-14       1.998785744051e-15 
  351       5.267978633000e-10       2.585435307989e-12       1.957210096425e-11       0.000000000000e+00       1.403141764492e-13       5.863143526727e-14       2.002324313912e-15 
  352       5.219410285540e-10       2.617171753142e-12       1.945471820467e-11       0.000000000000e+00       1.389599707368e-13       5.791427991780e-14       2.005668626548e-15 
  353       5.171111748699e-10       2.648826084073e-12       1.933192684276e-11       0.000000000000e+00       1.376232114559e-13       5.720577021133e-14       2.008818376932e-15 
  354       5.123094409599e-10       2.680387966651e-12       1.920376210511e-11       0.000000000000e+00       1.363036644081e-13       5.650577963975e-14       2.011773301482e-15 
  355       5.075369688027e-10       2.711846906032e-12       1.907026116425e-11       0.000000000000e+00       1.350010810303e-13       5.581417432440e-14       2.014533178446e-15 
  356       5.027949035930e-10       2.743192245740e-12       1.893146315444e-11       0.000000000000e+00       1.337151982663e-13       5.513081295090e-14       2.017097828290e-15 
  357       4.980843936923e-10       2.774413166749e-12       1.878740918749e-11       0.000000000000e+00       1.324457384393e-13       5.445554670399e-14       2.019467114080e-15 
  358       4.934065905788e-10       2.805498686569e-12       1.863814236860e-11       0.000000000000e+00       1.311924091240e-13       5.378821920229e-14       2.021640941871e-15 
  359       4.887626487975e-10       2.836437658325e-12       1.848370781216e-11       0.000000000000e+00       1.299549030179e-13       5.312866643317e-14       2.023619261096e-15 
  360       4.841537259101e-10       2.867218769841e-12       1.832415265756e-11       0.000000000000e+00       1.287328978142e-13       5.247671668750e-14       2.025402064946e-15 
  361       4.795809824457e-10       2.897830542723e-12       1.815952608501e-11       0.000000000000e+00       1.275260560733e-13       5.183219049451e-14       2.026989390758e-15 
  362       4.750455818503e-10       2.928261331444e-12       1.798987933138e-11       0.000000000000e+00       1.263340250949e-13       5.119490055658e-14       2.028381320406e-15 
  363       4.705486904374e-10       2.958499322422e-12       1.781526570598e-11       0.000000000000e+00       1.251564367902e-13       5.056465168405e-14       2.029577980679e-15 
  364       4.660914773381e-10       2.988532533105e-12       1.763574060640e-11       0.000000000000e+00       1.239929075536e-13       4.994124073005e-14       2.030579543674e-15 
  365       4.616751144507e-10       3.018348811055e-12       1.745136153431e-11       0.000000000000e+00       1.228430381353e-13       4.932445652528e-14       2.031386227179e-15 
  366       4.573007763917e-10       3.047935833030e-12       1.726218811130e-11       0.000000000000e+00       1.217064135126e-13       4.871407981285e-14       2.031998295058e-15 
  367       4.529696404449e-10       3.077281104065e-12       1.706828209468e-11       0.000000000000e+00       1.205826027625e-13       4.810988318308e-14       2.032416057640e-15 
  368       4.486828865127e-10       3.106371956557e-12       1.686970739329e-11       0.000000000000e+00       1.194711589335e-13       4.751163100831e-14       2.032639872103e-15 
  369       4.444416970651e-10       3.135195549345e-12       1.666653008335e-11       0.000000000000e+00       1.183716189176e-13       4.691907937770e-14       2.032670142862e-15 
  370       4.402472570907e-10       3.163738866798e-12       1.645881842422e-11       0.000000000000e+00       1.172835033223e-13       4.633197603210e-14       2.032507321952e-15 
  371       4.361006592419e-10       3.191989761137e-12       1.624664038309e-11       0.000000000000e+00       1.162064026475e-13       4.575010914403e-14       2.032151975191e-15 
  372       4.320026152834e-10       3.219940126261e-12       1.603005606978e-11       0.000000000000e+00       1.151402397935e-13       4.517345589495e-14       2.031604982723e-15 
  373       4.279537332634e-10       3.247582846223e-12       1.580912503716e-11       0.000000000000e+00       1.140850175661e-13       4.460203957974e-14       2.030867347072e-15 
  374       4.239546111678e-10       3.274910763180e-12       1.558390875915e-11       0.000000000000e+00       1.130407332461e-13       4.403588126325e-14       2.029940128519e-15 
  375       4.200058367876e-10       3.301916677381e-12       1.535447064446e-11       0.000000000000e+00       1.120073785363e-13       4.347499975753e-14       2.028824445543e-15 
  376       4.161079875868e-10       3.328593347160e-12       1.512087605015e-11       0.000000000000e+00       1.109849395081e-13       4.291941159920e-14       2.027521475268e-15 
  377       4.122616305702e-10       3.354933488919e-12       1.488319229539e-11       0.000000000000e+00       1.099733965494e-13       4.236913102662e-14       2.026032453902e-15 
  378       4.084673221509e-10       3.380929777124e-12       1.464148867499e-11       0.000000000000e+00       1.089727243108e-13       4.182416995728e-14       2.024358677183e-15 
  379       4.047256080179e-10       3.406574844293e-12       1.439583647314e-11       0.000000000000e+00       1.079828916534e-13       4.128453796502e-14       2.022501500821e-15 
  380       4.010370230043e-10       3.431861280985e-12       1.414630897704e-11       0.000000000000e+00       1.070038615952e-13       4.075024225730e-14       2.020462340944e-15 
  381       3.974020909545e-10       3.456781635791e-12       1.389298149050e-11       0.000000000000e+00       1.060355912589e-13       4.022128765254e-14       2.018242674536e-15 
  382       3.938213245919e-10       3.481328415322e-12       1.363593134767e-11       0.000000000000e+00       1.050780318182e-13       3.969767655735e-14       2.015844039886e-15 
  383       3.902952253871e-10       3.505494084201e-12       1.337523792663e-11       0.000000000000e+00       1.041311284454e-13       3.917940894385e-14       2.013268037027e-15 
  384       3.868242834251e-10       3.529271065051e-12       1.311098266307e-11       0.000000000000e+00       1.031948202584e-13       3.866648232690e-14       2.010516328182e-15 
  385       3.834089772732e-10       3.552651738487e-12       1.284324906393e-11       0.000000000000e+00       1.022690402675e-13       3.815889174146e-14       2.007590638206e-15 
  386       3.800497738486e-10       3.575628443103e-12       1.257212272104e-11       0.000000000000e+00       1.013537153228e-13       3.765662971978e-14       2.004492755031e-15 
  387       3.767471282862e-10       3.598193475463e-12       1.229769132480e-11       0.000000000000e+00       1.004487660609e-13       3.715968626875e-14       2.001224530104e-15 
  388       3.735014838064e-10       3.620339090092e-12       1.202004467782e-11       0.000000000000e+00       9.955410685239e-14       3.666804884718e-14       1.997787878839e-15 
  389       3.703132715825e-10       3.642057499465e-12       1.173927470853e-11       0.000000000000e+00       9.866964574859e-14       3.618170234303e-14       1.994184781052e-15 
  390       3.671829106087e-10       3.663340873996e-12       1.145547548490e-11       0.000000000000e+00       9.779528442874e-14       3.570062905074e-14       1.990417281410e-15 
  391       3.641108075676e-10       3.684181342029e-12       1.116874322802e-11       0.000000000000e+00       9.693091814707e-14       3.522480864849e-14       1.986487489869e-15 
  392       3.610973566980e-10       3.704570989828e-12       1.087917632583e-11       0.000000000000e+00       9.607643567985e-14       3.475421817550e-14       1.982397582124e-15 
  393       3.581429396625e-10       3.724501861563e-12       1.058687534668e-11       0.000000000000e+00       9.523171927244e-14       3.428883200929e-14       1.978149800046e-15 
  394       3.552479254153e-10       3.743965959306e-12       1.029194305305e-11       0.000000000000e+00       9.439664458640e-14       3.382862184297e-14       1.973746452128e-15 
  395       3.524126700700e-10       3.762955243017e-12       9.994484415170e-12       0.000000000000e+00       9.357108064654e-14       3.337355666253e-14       1.969189913931e-15 
  396       3.496375167671e-10       3.781461630535e-12       9.694606624682e-12       0.000000000000e+00       9.275488978795e-14       3.292360272411e-14       1.964482628521e-15 
  397       3.469227955416e-10       3.799476997565e-12       9.392419108280e-12       0.000000000000e+00       9.194792760313e-14       3.247872353131e-14       1.959627106916e-15 
  398       3.442688231911e-10       3.816993177674e-12       9.088033541365e-12       0.000000000000e+00       9.115004288900e-14       3.203887981241e-14       1.954625928533e-15 
  399       3.416759031431e-10       3.834001962273e-12       8.781563861700e-12       0.000000000000e+00       9.036107759401e-14       3.160402949772e-14       1.949481741622e-15 
  400       3.391443253231e-10       3.850495100613e-12       8.473126283053e-12       0.000000000000e+00       8.958086676518e-14       3.117412769683e-14       1.944197263718e-15 
  401       3.366743660218e-10       3.866464299773e-12       8.162839308853e-12       0.000000000000e+00       8.880923849519e-14       3.074912667589e-14       1.938775282080e-15 
  402       3.342662877632e-10       3.881901224648e-12       7.850823745837e-12       0.000000000000e+00       8.804601386941e-14       3.032897583491e-14       1.933218654135e-15 
  403       3.319203391722e-10       3.896797497941e-12       7.537202717702e-12       0.000000000000e+00       8.729100691301e-14       2.991362168500e-14       1.927530307922e-15 
  404       3.296367548422e-10       3.911144700152e-12       7.222101678757e-12       0.000000000000e+00       8.654402453801e-14       2.950300782571e-14       1.921713242533e-15 
  405       3.274157552029e-10       3.924934369568e-12       6.905648427570e-12       0.000000000000e+00       8.580486649032e-14       2.909707492227e-14       1.915770528561e-15 
  406       3.252575463880e-10       3.938158002252e-12       6.587973120621e-12       0.000000000000e+00       8.507332529686e-14       2.869576068289e-14       1.909705308539e-15 
  407       3.231623201028e-10       3.950807052034e-12       6.269208285949e-12       0.000000000000e+00       8.434918621259e-14       2.829899983604e-14       1.903520797383e-15 
  408       3.211302534920e-10       3.962872930500e-12       5.949488836810e-12       0.000000000000e+00       8.363222716757e-14       2.790672410771e-14       1.897220282839e-15 
  409       3.191615090074e-10       3.974347006983e-12       5.628952085318e-12       0.000000000000e+00       8.292221871408e-14       2.751886219874e-14       1.890807125923e-15 
  410       3.172562080442e-10       3.985221759942e-12       5.307727612100e-12       0.000000000000e+00       8.221896388500e-14       2.713535268307e-14       1.884284289844e-15 
  411       3.154143510908e-10       3.995494276062e-12       4.985906452073e-12       0.000000000000e+00       8.152241943265e-14       2.675618325236e-14       1.877652907478e-15 
  412       3.136358944909e-10       4.005162875070e-12       4.663570844092e-12       0.000000000000e+00       8.083257878007e-14       2.638135281674e-14       1.870913664027e-15 
  413       3.119207762689e-10       4.014225970339e-12       4.340804282771e-12       0.000000000000e+00       8.014943247312e-14       2.601085869588e-14       1.864067264062e-15 
  414       3.102689159790e-10       4.022682069706e-12       4.017691524911e-12       0.000000000000e+00       7.947296815592e-14       2.564469660546e-14       1.857114431637e-15 
  415       3.086802145541e-10       4.030529776276e-12       3.694318595928e-12       0.000000000000e+00       7.880317054637e-14       2.528286064368e-14       1.850055910389e-15 
  416       3.071545541551e-10       4.037767789233e-12       3.370772796278e-12       0.000000000000e+00       7.814002141164e-14       2.492534327769e-14       1.842892463652e-15 
  417       3.056917980193e-10       4.044394904653e-12       3.047142707883e-12       0.000000000000e+00       7.748349954365e-14       2.457213533015e-14       1.835624874560e-15 
  418       3.042917903103e-10       4.050410016309e-12       2.723518200560e-12       0.000000000000e+00       7.683358073456e-14       2.422322596565e-14       1.828253946156e-15 
  419       3.029543559661e-10       4.055812116482e-12       2.399990438446e-12       0.000000000000e+00       7.619023775225e-14       2.387860267721e-14       1.820780501501e-15 
  420       3.016793005489e-10       4.060600296774e-12       2.076651886425e-12       0.000000000000e+00       7.555344031583e-14       2.353825127279e-14       1.813205383780e-15 
  421       3.004664100936e-10       4.064773748913e-12       1.753596316554e-12       0.000000000000e+00       7.492315507111e-14       2.320215586172e-14       1.805529456407e-15 
  422       2.993154509571e-10       4.068331765567e-12       1.430918814493e-12       0.000000000000e+00       7.429934556609e-14       2.287029884125e-14       1.797753603139e-15 
  423       2.982261696672e-10       4.071273741150e-12       1.108715785925e-12       0.000000000000e+00       7.368197222648e-14       2.254266088297e-14       1.789878728177e-15 
  424       2.971982927715e-10       4.073599172635e-12       7.870849629898e-13       0.000000000000e+00       7.307099233114e-14       2.221922091933e-14       1.781905756277e-15 
  425       2.962315266868e-10       4.075307660362e-12       4.661254107065e-13       0.000000000000e+00       7.246635998760e-14       2.189995613013e-14       1.773835632858e-15 
  426       2.953255575478e-10       4.076398908846e-12       1.459375334012e-13       0.000000000000e+00       7.186802610755e-14       2.158484192897e-14       1.765669324106e-15 
  427       2.944800510562e-10       4.076872727593e-12      -1.733769188664e-13       0.000000000000e+00       7.127593838230e-14       2.127385194974e-14       1.757407817084e-15 
  428       2.936946523296e-10       4.076729031901e-12      -4.917148438761e-13       0.000000000000e+00       7.069004125832e-14       2.096695803316e-14       1.749052119842e-15 
  429       2.929689857507e-10       4.075967843677e-12      -8.089717808209e-13       0.000000000000e+00       7.011027591268e-14       2.066413021316e-14       1.740603261517e-15 
  430       2.923026548165e-10       4.074589292244e-12      -1.125041903880e-12       0.000000000000e+00       6.953658022855e-14       2.036533670347e-14       1.732062292450e-15 
  431       2.916952419869e-10       4.072593615149e-12      -1.439818015793e-12       0.000000000000e+00       6.896888877071e-14       2.007054388403e-14       1.723430284284e-15 
  432       2.911463085337e-10       4.069981158976e-12      -1.753191541431e-12       0.000000000000e+00       6.840713276103e-14       1.977971628750e-14       1.714708330081e-15 
  433       2.906553943901e-10       4.066752380154e-12      -2.065052521373e-12       0.000000000000e+00       6.785124005394e-14       1.949281658574e-14       1.705897544422e-15 
  434       2.902220179995e-10       4.062907845767e-12      -2.375289605477e-12       0.000000000000e+00       6.730113511195e-14       1.920980557630e-14       1.696999063517e-15 
  435       2.898456761641e-10       4.058448234362e-12      -2.683790046455e-12       0.000000000000e+00       6.675673898111e-14       1.893064216890e-14       1.688014045313e-15 
  436       2.895258438948e-10       4.053374336764e-12      -2.990439693444e-12       0.000000000000e+00       6.621796926651e-14       1.865528337190e-14       1.678943669602e-15 
  437       2.892619742592e-10       4.047687056880e-12      -3.295122985583e-12       0.000000000000e+00       6.568474010779e-14       1.838368427879e-14       1.669789138128e-15 
  438       2.890534982314e-10       4.041387412510e-12      -3.597722945580e-12       0.000000000000e+00       6.515696215458e-14       1.811579805471e-14       1.660551674693e-15 
  439       2.888998245407e-10       4.034476536161e-12      -3.898121173294e-12       0.000000000000e+00       6.463454254205e-14       1.785157592286e-14       1.651232525267e-15 
  440       2.888003395206e-10       4.026955675849e-12      -4.196197839302e-12       0.000000000000e+00       6.411738486633e-14       1.759096715105e-14       1.641832958093e-15 
  441       2.887544069580e-10       4.018826195918e-12      -4.491831678474e-12       0.000000000000e+00       6.360538916008e-14       1.733391903815e-14       1.632354263796e-15 
  442       2.887613679419e-10       4.010089577842e-12      -4.784899983545e-12       0.000000000000e+00       6.309845186789e-14       1.708037690057e-14       1.622797755491e-15 
  443       2.888205407130e-10       4.000747421037e-12      -5.075278598694e-12       0.000000000000e+00       6.259646582186e-14       1.683028405878e-14       1.613164768890e-15 
  444       2.889312205119e-10       3.990801443674e-12      -5.362841913108e-12       0.000000000000e+00       6.209932021700e-14       1.658358182373e-14       1.603456662408e-15 
  445       2.890926794288e-10       3.980253483486e-12      -5.647462854564e-12       0.000000000000e+00       6.160690058680e-14       1.634020948341e-14       1.593674817272e-15 
  446       2.893041662522e-10       3.969105498575e-12      -5.929012882999e-12       0.000000000000e+00       6.111908877865e-14       1.610010428926e-14       1.583820637630e-15 
  447       2.895649063181e-10       3.957359568228e-12      -6.207361984081e-12       0.000000000000e+00       6.063576292938e-14       1.586320144272e-14       1.573895550654e-15 
  448       2.898741013590e-10       3.945017893721e-12      -6.482378662786e-12       0.000000000000e+00       6.015679744073e-14       1.562943408164e-14       1.563901006654e-15 
  449       2.902309838744e-10       3.932083366077e-12      -6.753943274513e-12       0.000000000000e+00       5.968208421171e-14       1.539874405249e-14       1.553838495469e-15 
  450       2.906349824893e-10       3.918561287909e-12      -7.021988506564e-12       0.000000000000e+00       5.921159714232e-14       1.517111463807e-14       1.543709596041e-15 
  451       2.910855616516e-10       3.904457708903e-12      -7.286460194397e-12       0.000000000000e+00       5.874532966960e-14       1.494653886257e-14       1.533515928657e-15 
  452       2.915821674754e-10       3.889778865055e-12      -7.547304103999e-12       0.000000000000e+00       5.828327368757e-14       1.472500879456e-14       1.523259138927e-15 
  453       2.921242276229e-10       3.874531179820e-12      -7.804465933381e-12       0.000000000000e+00       5.782541953536e-14       1.450651553988e-14       1.512940897896e-15 
  454       2.927111511854e-10       3.858721265255e-12      -8.057891314072e-12       0.000000000000e+00       5.737175598531e-14       1.429104923453e-14       1.502562902163e-15 
  455       2.933423285651e-10       3.842355923168e-12      -8.307525812617e-12       0.000000000000e+00       5.692227023110e-14       1.407859903756e-14       1.492126873999e-15 
  456       2.940171313560e-10       3.825442146263e-12      -8.553314932066e-12       0.000000000000e+00       5.647694787587e-14       1.386915312397e-14       1.481634561463e-15 
  457       2.947349122257e-10       3.807987119286e-12      -8.795204113476e-12       0.000000000000e+00       5.603577292030e-14       1.366269867756e-14       1.471087738518e-15 
  458       2.954950047968e-10       3.789998220173e-12      -9.033138737397e-12       0.000000000000e+00       5.559872775074e-14       1.345922188389e-14       1.460488205151e-15 
  459       2.962967235278e-10       3.771483021196e-12      -9.267064125374e-12       0.000000000000e+00       5.516579312736e-14       1.325870792308e-14       1.449837787489e-15 
  460       2.971393635952e-10       3.752449290109e-12      -9.496925541440e-12       0.000000000000e+00       5.473694817220e-14       1.306114096277e-14       1.439138337915e-15 
  461       2.980222007746e-10       3.732904991294e-12      -9.722668193607e-12       0.000000000000e+00       5.431217035732e-14       1.286650415099e-14       1.428391735187e-15 
  462       2.989444913218e-10       3.712858286909e-12      -9.944237235364e-12       0.000000000000e+00       5.389143549293e-14       1.267477960903e-14       1.417599884554e-15 
  463       2.999054718546e-10       3.692317538034e-12      -1.016157776717e-11       0.000000000000e+00       5.347471771545e-14       1.248594842434e-14       1.406764717874e-15 
  464       3.009043592342e-10       3.671291305816e-12      -1.037463483796e-11       0.000000000000e+00       5.306198947567e-14       1.229999064343e-14       1.395888193730e-15 
  465       3.019403504463e-10       3.649788352618e-12      -1.058335344661e-11       0.000000000000e+00       5.265322152687e-14       1.211688526475e-14       1.384972297548e-15 
  466       3.030126224829e-10       3.627817643161e-12      -1.078767854346e-11       0.000000000000e+00       5.224838291289e-14       1.193661023157e-14       1.374019041714e-15 
  467       3.041203322231e-10       3.605388345676e-12      -1.098755503181e-11       0.000000000000e+00       5.184744095627e-14       1.175914242488e-14       1.363030465692e-15 
  468       3.052626163154e-10       3.582509833049e-12      -1.118292776940e-11       0.000000000000e+00       5.145036124637e-14       1.158445765629e-14       1.352008636140e-15 
  469       3.064385910581e-10       3.559191683963e-12      -1.137374156989e-11       0.000000000000e+00       5.105710762745e-14       1.141253066090e-14       1.340955647027e-15 
  470       3.076473522814e-10       3.535443684049e-12      -1.155994120439e-11       0.000000000000e+00       5.066764218685e-14       1.124333509017e-14       1.329873619752e-15 
  471       3.088879752286e-10       3.511275827034e-12      -1.174147140295e-11       0.000000000000e+00       5.028192524302e-14       1.107684350488e-14       1.318764703259e-15 
  472       3.101595144375e-10       3.486698315882e-12      -1.191827685601e-11       0.000000000000e+00       4.989991533371e-14       1.091302736794e-14       1.307631074155e-15 
  473       3.114610036217e-10       3.461721563943e-12      -1.209030221597e-11       0.000000000000e+00       4.952156920402e-14       1.075185703732e-14       1.296474936828e-15 
  474       3.127914555522e-10       3.436356196100e-12      -1.225749209860e-11       0.000000000000e+00       4.914684179457e-14       1.059330175893e-14       1.285298523565e-15 
  475       3.141498619385e-10       3.410613049917e-12      -1.241979108461e-11       0.000000000000e+00       4.877568622956e-14       1.043732965952e-14       1.274104094663e-15 
  476       3.155351933104e-10       3.384503176782e-12      -1.257714372109e-11       0.000000000000e+00       4.840805380493e-14       1.028390773954e-14       1.262893938557e-15 
  477       3.169463988991e-10       3.358037843055e-12      -1.272949452304e-11       0.000000000000e+00       4.804389397644e-14       1.013300186607e-14       1.251670371926e-15 
  478       3.183824065186e-10       3.331228531215e-12      -1.287678797485e-11       0.000000000000e+00       4.768315434782e-14       9.984576765683e-15       1.240435739817e-15 
  479       3.198421224475e-10       3.304086941005e-12      -1.301896853178e-11       0.000000000000e+00       4.732578065884e-14       9.838596017321e-15       1.229192415762e-15 
  480       3.213244313097e-10       3.276624990581e-12      -1.315598062150e-11       0.000000000000e+00       4.697171677345e-14       9.695022045216e-15       1.217942801892e-15 
  481       3.228281959564e-10       3.248854817657e-12      -1.328776864552e-11       0.000000000000e+00       4.662090466789e-14       9.553816111762e-15       1.206689329055e-15 
  482       3.243522573474e-10       3.220788780649e-12      -1.341427698074e-11       0.000000000000e+00       4.627328441880e-14       9.414938310405e-15       1.195434456936e-15 
  483       3.258954344322e-10       3.192439459826e-12      -1.353544998094e-11       0.000000000000e+00       4.592879419135e-14       9.278347558533e-15       1.184180674170e-15 
  484       3.274565240316e-10       3.163819658453e-12      -1.365123197821e-11       0.000000000000e+00       4.558737022732e-14       9.144001590367e-15       1.172930498464e-15 
  485       3.290343007194e-10       3.134942403941e-12      -1.376156728456e-11       0.000000000000e+00       4.524894683325e-14       9.011856949847e-15       1.161686476709e-15 
  486       3.306275167031e-10       3.105820948988e-12      -1.386640019328e-11       0.000000000000e+00       4.491345636852e-14       8.881868983522e-15       1.150451185100e-15 
  487       3.322349017059e-10       3.076468772731e-12      -1.396567498056e-11       0.000000000000e+00       4.458082923350e-14       8.753991833440e-15       1.139227229255e-15 
  488       3.338552774002e-10       3.046899063649e-12      -1.405934616173e-11       0.000000000000e+00       4.425100520324e-14       8.628184077776e-15       1.128016829061e-15 
  489       3.354879047013e-10       3.017123149000e-12      -1.414740959349e-11       0.000000000000e+00       4.392396782441e-14       8.504425852111e-15       1.116820559383e-15 
  490       3.371321465910e-10       2.987152020834e-12      -1.422987230166e-11       0.000000000000e+00       4.359971102014e-14       8.382702224429e-15       1.105638572055e-15 
  491       3.387873544399e-10       2.956996850883e-12      -1.430674231674e-11       0.000000000000e+00       4.327822783092e-14       8.262997589264e-15       1.094471007662e-15 
  492       3.404528679474e-10       2.926668991450e-12      -1.437802868063e-11       0.000000000000e+00       4.295951040845e-14       8.145295663420e-15       1.083317995448e-15 
  493       3.421280150794e-10       2.896179976291e-12      -1.444374145321e-11       0.000000000000e+00       4.264355000943e-14       8.029579481709e-15       1.072179653229e-15 
  494       3.438121120087e-10       2.865541521505e-12      -1.450389171906e-11       0.000000000000e+00       4.233033698939e-14       7.915831392673e-15       1.061056087293e-15 
  495       3.455044630527e-10       2.834765526416e-12      -1.455849159406e-11       0.000000000000e+00       4.201986079653e-14       7.804033054319e-15       1.049947392315e-15 
  496       3.472043606134e-10       2.803864074461e-12      -1.460755423207e-11       0.000000000000e+00       4.171210996549e-14       7.694165429842e-15       1.038853651263e-15 
  497       3.489110851160e-10       2.772849434076e-12      -1.465109383155e-11       0.000000000000e+00       4.140707211123e-14       7.586208783361e-15       1.027774935306e-15 
  498       3.506239049477e-10       2.741734059580e-12      -1.468912564228e-11       0.000000000000e+00       4.110473392280e-14       7.480142675641e-15       1.016711303724e-15 
  499       3.523420763970e-10       2.710530592062e-12      -1.472166597191e-11       0.000000000000e+00       4.080508115717e-14       7.375945959827e-15       1.005662803813e-15 
  500       3.540648435929e-10       2.679251860270e-12      -1.474873219271e-11       0.000000000000e+00       4.050809863307e-14       7.273596777172e-15       9.946294707985e-16 
  501       3.557914384434e-10       2.647910881489e-12      -1.477034274815e-11       0.000000000000e+00       4.021377022480e-14       7.173072552764e-15       9.836113277386e-16 
  502       3.575210805747e-10       2.616520862435e-12      -1.478651715960e-11       0.000000000000e+00       3.992207885602e-14       7.074349991257e-15       9.726083854360e-16 
  503       3.592529772704e-10       2.585095200138e-12      -1.479727603295e-11       0.000000000000e+00       3.963300649361e-14       6.977405072601e-15       9.616206423447e-16 
  504       3.609863234102e-10       2.553647482823e-12      -1.480264106527e-11       0.000000000000e+00       3.934653414147e-14       6.882213047768e-15       9.506480844788e-16 
  505       3.627203014094e-10       2.522191490806e-12      -1.480263505146e-11       0.000000000000e+00       3.906264183434e-14       6.788748434484e-15       9.396906853206e-16 
  506       3.644540811572e-10       2.490741197370e-12      -1.479728189094e-11       0.000000000000e+00       3.878130863162e-14       6.696985012957e-15       9.287484057293e-16 
  507       3.661868199563e-10       2.459310769656e-12      -1.478660659421e-11       0.000000000000e+00       3.850251261118e-14       6.606895821604e-15       9.178211938494e-16 
  508       3.679176624615e-10       2.427914569549e-12      -1.477063528961e-11       0.000000000000e+00       3.822623086320e-14       6.518453152786e-15       9.069089850184e-16 
  509       3.696457406190e-10       2.396567154560e-12      -1.474939522989e-11       0.000000000000e+00       3.795243948398e-14       6.431628548530e-15       8.960117016761e-16 
  510       3.713701736054e-10       2.365283278717e-12      -1.472291479890e-11       0.000000000000e+00       3.768111356973e-14       6.346392796260e-15       8.851292532721e-16 
  511       3.730900677664e-10       2.334077893448e-12      -1.469122351824e-11       0.000000000000e+00       3.741222721045e-14       6.262715924532e-15       8.742615361748e-16 
  512       3.748045165561e-10       2.302966148466e-12      -1.465435205389e-11       0.000000000000e+00       3.714575348369e-14       6.180567198754e-15       8.634084335794e-16 
  513       3.765126004759e-10       2.271963392657e-12      -1.461233222288e-11       0.000000000000e+00       3.688166444840e-14       6.099915116920e-15       8.525698154162e-16 
  514       3.782133870136e-10       2.241085174964e-12      -1.456519699995e-11       0.000000000000e+00       3.661993113874e-14       6.020727405342e-15       8.417455382594e-16 
  515       3.799059305822e-10       2.210347245275e-12      -1.451298052418e-11       0.000000000000e+00       3.636052355790e-14       5.942971014370e-15       8.309354452350e-16 
  516       3.815892724590e-10       2.179765555307e-12      -1.445571810565e-11       0.000000000000e+00       3.610341067193e-14       5.866612114132e-15       8.201393659292e-16 
  517       3.832624407247e-10       2.149356259492e-12      -1.439344623208e-11       0.000000000000e+00       3.584856040353e-14       5.791616090255e-15       8.093571162971e-16 
  518       3.849244502024e-10       2.119135715865e-12      -1.432620257551e-11       0.000000000000e+00       3.559593962592e-14       5.717947539595e-15       7.985884985708e-16 
  519       3.865743023966e-10       2.089120486946e-12      -1.425402599894e-11       0.000000000000e+00       3.534551415658e-14       5.645570265972e-15       7.878333011676e-16 
  520       3.882109854318e-10       2.059327340629e-12      -1.417695656295e-11       0.000000000000e+00       3.509724875117e-14       5.574447275892e-15       7.770912985989e-16 
  521       3.898334739922e-10       2.029773251067e-12      -1.409503553241e-11       0.000000000000e+00       3.485110709724e-14       5.504540774280e-15       7.663622513779e-16 
  522       3.914407292603e-10       2.000475399558e-12      -1.400830538307e-11       0.000000000000e+00       3.460705180815e-14       5.435812160208e-15       7.556459059283e-16 
  523       3.930316988559e-10       1.971451175431e-12      -1.391680980826e-11       0.000000000000e+00       3.436504441681e-14       5.368222022623e-15       7.449419944928e-16 
  524       3.946053167751e-10       1.942718176930e-12      -1.382059372551e-11       0.000000000000e+00       3.412504536956e-14       5.301730136079e-15       7.342502350411e-16 
  525       3.961605033296e-10       1.914294212102e-12      -1.371970328323e-11       0.000000000000e+00       3.388701401994e-14       5.236295456463e-15       7.235703311787e-16 
  526       3.976961650853e-10       1.886197299683e-12      -1.361418586732e-11       0.000000000000e+00       3.365090862254e-14       5.171876116726e-15       7.129019720546e-16 
  527       3.992113219719e-10       1.858444152161e-12      -1.350409210630e-11       0.000000000000e+00       3.341669291437e-14       5.108437318273e-15       7.022449936073e-16 
  528       4.007054925942e-10       1.831045577112e-12      -1.338948193382e-11       0.000000000000e+00       3.318435607131e-14       5.045975253394e-15       6.915998673824e-16 
  529       4.021783194409e-10       1.804010950619e-12      -1.327041870668e-11       0.000000000000e+00       3.295389329061e-14       4.984493835043e-15       6.809672250328e-16 
  530       4.036294426709e-10       1.777349723833e-12      -1.314696722903e-11       0.000000000000e+00       3.272529924980e-14       4.923996860072e-15       6.703476981811e-16 
  531       4.050585001070e-10       1.751071423207e-12      -1.301919375987e-11       0.000000000000e+00       3.249856810338e-14       4.864488008361e-15       6.597419183974e-16 
  532       4.064651272298e-10       1.725185650725e-12      -1.288716602059e-11       0.000000000000e+00       3.227369347945e-14       4.805970841957e-15       6.491505171772e-16 
  533       4.078489571714e-10       1.699702084135e-12      -1.275095320243e-11       0.000000000000e+00       3.205066847641e-14       4.748448804203e-15       6.385741259194e-16 
  534       4.092096207095e-10       1.674630477180e-12      -1.261062597408e-11       0.000000000000e+00       3.182948565958e-14       4.691925218877e-15       6.280133759041e-16 
  535       4.105467462611e-10       1.649980659827e-12      -1.246625648910e-11       0.000000000000e+00       3.161013705789e-14       4.636403289323e-15       6.174688982709e-16 
  536       4.118599598762e-10       1.625762538503e-12      -1.231791839350e-11       0.000000000000e+00       3.139261416052e-14       4.581886097585e-15       6.069413239964e-16 
  537       4.131488852320e-10       1.601986096322e-12      -1.216568683323e-11       0.000000000000e+00       3.117690791358e-14       4.528376603543e-15       5.964312838722e-16 
  538       4.144131436265e-10       1.578661393318e-12      -1.200963846167e-11       0.000000000000e+00       3.096300871674e-14       4.475877644046e-15       5.859394084832e-16 
  539       4.156523539724e-10       1.555798566677e-12      -1.184985144721e-11       0.000000000000e+00       3.075090641993e-14       4.424391932048e-15       5.754663281851e-16 
  540       4.168661327909e-10       1.533407830966e-12      -1.168640548068e-11       0.000000000000e+00       3.054059031995e-14       4.373922055738e-15       5.650126730826e-16 
  541       4.180540942057e-10       1.511499478366e-12      -1.151938178293e-11       0.000000000000e+00       3.033204915718e-14       4.324470477678e-15       5.545790730073e-16 
  542       4.192158499367e-10       1.490083878905e-12      -1.134886311228e-11       0.000000000000e+00       3.012527111222e-14       4.276039533935e-15       5.441661574954e-16 
  543       4.203510092939e-10       1.469171480683e-12      -1.117493377212e-11       0.000000000000e+00       2.992024380253e-14       4.228631433217e-15       5.337745557661e-16 
  544       4.214591791714e-10       1.448772810112e-12      -1.099767961834e-11       0.000000000000e+00       2.971695427911e-14       4.182248256006e-15       5.234048966991e-16 
  545       4.225399640409e-10       1.428898472140e-12      -1.081718806688e-11       0.000000000000e+00       2.951538902318e-14       4.136891953690e-15       5.130578088126e-16 
  546       4.235929659458e-10       1.409559150486e-12      -1.063354810125e-11       0.000000000000e+00       2.931553394280e-14       4.092564347704e-15       5.027339202415e-16 
  547       4.246177844950e-10       1.390765607871e-12      -1.044685028003e-11       0.000000000000e+00       2.911737436954e-14       4.049267128654e-15       4.924338587151e-16 
  548       4.256140168568e-10       1.372528686247e-12      -1.025718674438e-11       0.000000000000e+00       2.892089505516e-14       4.007001855460e-15       4.821582515351e-16 
  549       4.265812577528e-10       1.354859307032e-12      -1.006465122556e-11       0.000000000000e+00       2.872608016826e-14       3.965769954486e-15       4.719077255536e-16 
  550       4.275190994513e-10       1.337768471337e-12      -9.869339052463e-12       0.000000000000e+00       2.853291329092e-14       3.925572718675e-15       4.616829071508e-16 
  551       4.284271317619e-10       1.321267260202e-12      -9.671347159078e-12       0.000000000000e+00       2.834137741540e-14       3.886411306683e-15       4.514844222133e-16 
  552       4.293049420287e-10       1.305366834823e-12      -9.470774092056e-12       0.000000000000e+00       2.815145494076e-14       3.848286742012e-15       4.413128961118e-16 
  553       4.301521151244e-10       1.290078436785e-12      -9.267720018192e-12       0.000000000000e+00       2.796312766955e-14       3.811199912146e-15       4.311689536789e-16 
  554       4.309682334443e-10       1.275413388295e-12      -9.062286731951e-12       0.000000000000e+00       2.777637680444e-14       3.775151567686e-15       4.210532191874e-16 
  555       4.317528768998e-10       1.261383092409e-12      -8.854577662975e-12       0.000000000000e+00       2.759118294491e-14       3.740142321481e-15       4.109663163281e-16 
  556       4.325056229124e-10       1.247999033269e-12      -8.644697883602e-12       0.000000000000e+00       2.740752608391e-14       3.706172647763e-15       4.009088681874e-16 
  557       4.332260464080e-10       1.235272776328e-12      -8.432754116375e-12       0.000000000000e+00       2.722538560447e-14       3.673242881284e-15       3.908814972258e-16 
  558       4.339137198098e-10       1.223215968588e-12      -8.218854741556e-12       0.000000000000e+00       2.704474027643e-14       3.641353216445e-15       3.808848252555e-16 
  559       4.345682130330e-10       1.211840338826e-12      -8.003109804641e-12       0.000000000000e+00       2.686556825305e-14       3.610503706435e-15       3.709194734182e-16 
  560       4.351890934784e-10       1.201157697825e-12      -7.785631023872e-12       0.000000000000e+00       2.668784706769e-14       3.580694262365e-15       3.609860621634e-16 
  561       4.357759260258e-10       1.191179938611e-12      -7.566531797752e-12       0.000000000000e+00       2.651155363048e-14       3.551924652396e-15       3.510852112262e-16 
  562       4.363282730286e-10       1.181919036679e-12      -7.345927212554e-12       0.000000000000e+00       2.633666422495e-14       3.524194500881e-15       3.412175396050e-16 
  563       4.368456943073e-10       1.173387050225e-12      -7.123934049841e-12       0.000000000000e+00       2.616315450471e-14       3.497503287495e-15       3.313836655398e-16 
  564       4.373277471430e-10       1.165596120379e-12      -6.900670793973e-12       0.000000000000e+00       2.599099949011e-14       3.471850346368e-15       3.215842064898e-16 
  565       4.377739862718e-10       1.158558471437e-12      -6.676257639624e-12       0.000000000000e+00       2.582017356489e-14       3.447234865223e-15       3.118197791117e-16 
  566       4.381840523435e-10       1.152284618704e-12      -6.450809259221e-12       0.000000000000e+00       2.565065436585e-14       3.423654116454e-15       3.020910053880e-16 
  567       4.385579398119e-10       1.146777940902e-12      -6.224412885569e-12       0.000000000000e+00       2.548243456850e-14       3.401098102122e-15       2.923985312305e-16 
  568       4.388957359241e-10       1.142039968592e-12      -5.997149680202e-12       0.000000000000e+00       2.531551039802e-14       3.379554769486e-15       2.827430083123e-16 
  569       4.391975329059e-10       1.138072163478e-12      -5.769101927230e-12       0.000000000000e+00       2.514987776179e-14       3.359011765065e-15       2.731250879401e-16 
  570       4.394634279892e-10       1.134875917973e-12      -5.540353038149e-12       0.000000000000e+00       2.498553224756e-14       3.339456433111e-15       2.635454210347e-16 
  571       4.396935234383e-10       1.132452554759e-12      -5.310987556641e-12       0.000000000000e+00       2.482246912150e-14       3.320875814087e-15       2.540046581114e-16 
  572       4.398879265774e-10       1.130803326350e-12      -5.081091163385e-12       0.000000000000e+00       2.466068332638e-14       3.303256643130e-15       2.445034492600e-16 
  573       4.400467498168e-10       1.129929414649e-12      -4.850750680859e-12       0.000000000000e+00       2.450016947962e-14       3.286585348537e-15       2.350424441250e-16 
  574       4.401701106807e-10       1.129831930511e-12      -4.620054078152e-12       0.000000000000e+00       2.434092187146e-14       3.270848050225e-15       2.256222918860e-16 
  575       4.402581318336e-10       1.130511913307e-12      -4.389090475763e-12       0.000000000000e+00       2.418293446306e-14       3.256030558213e-15       2.162436412380e-16 
  576       4.403109411070e-10       1.131970330479e-12      -4.157950150413e-12       0.000000000000e+00       2.402620088461e-14       3.242118371093e-15       2.069071403713e-16 
  577       4.403286715272e-10       1.134208077107e-12      -3.926724539848e-12       0.000000000000e+00       2.387071443343e-14       3.229096674500e-15       1.976134369523e-16 
  578       4.403114613411e-10       1.137225975467e-12      -3.695506247645e-12       0.000000000000e+00       2.371646807211e-14       3.216950339589e-15       1.883631781029e-16 
  579       4.402594540442e-10       1.141024774592e-12      -3.464389048018e-12       0.000000000000e+00       2.356345442664e-14       3.205663921505e-15       1.791570103815e-16 
  580       4.401727984067e-10       1.145605149834e-12      -3.233467890629e-12       0.000000000000e+00       2.341166578447e-14       3.195221657857e-15       1.699955797630e-16 
  581       4.400516485010e-10       1.150967702425e-12      -3.002838905385e-12       0.000000000000e+00       2.326109409268e-14       3.185607467192e-15       1.608795316189e-16 
  582       4.398961637281e-10       1.157112959038e-12      -2.772599407253e-12       0.000000000000e+00       2.311173095607e-14       3.176804947468e-15       1.518095106976e-16 
  583       4.397065088452e-10       1.164041371347e-12      -2.542847901059e-12       0.000000000000e+00       2.296356763528e-14       3.168797374524e-15       1.427861611047e-16 
  584       4.394828539920e-10       1.171753315589e-12      -2.313684086300e-12       0.000000000000e+00       2.281659504490e-14       3.161567700558e-15       1.338101262831e-16 
  585       4.392253747178e-10       1.180249092127e-12      -2.085208861946e-12       0.000000000000e+00       2.267080375161e-14       3.155098552596e-15       1.248820489935e-16 
  586       4.389342520088e-10       1.189528925007e-12      -1.857524331248e-12       0.000000000000e+00       2.252618397226e-14       3.149372230965e-15       1.160025712943e-16 
  587       4.386096723144e-10       1.199592961522e-12      -1.630733806542e-12       0.000000000000e+00       2.238272557200e-14       3.144370707770e-15       1.071723345221e-16 
  588       4.382518275748e-10       1.210441271771e-12      -1.404941814060e-12       0.000000000000e+00       2.224041806241e-14       3.140075625362e-15       9.839197927184e-17 
  589       4.378609152472e-10       1.222073848225e-12      -1.180254098729e-12       0.000000000000e+00       2.209925059961e-14       3.136468294815e-15       8.966214537689e-17 
  590       4.374371383335e-10       1.234490605279e-12      -9.567776289835e-13       0.000000000000e+00       2.195921198236e-14       3.133529694398e-15       8.098347188956e-17 
  591       4.369807054065e-10       1.247691378823e-12      -7.346206015674e-13       0.000000000000e+00       2.182029065018e-14       3.131240468045e-15       7.235659706115e-17 
  592       4.364918306375e-10       1.261675925797e-12      -5.138924463422e-13       0.000000000000e+00       2.168247468148e-14       3.129580923832e-15       6.378215832225e-17 
  593       4.359707338226e-10       1.276443923752e-12      -2.947038310925e-13       0.000000000000e+00       2.154575179167e-14       3.128531032448e-15       5.526079226292e-17 
  594       4.354176404101e-10       1.291994970415e-12      -7.716666633203e-14       0.000000000000e+00       2.141010933126e-14       3.128070425670e-15       4.679313461302e-17 
  595       4.348327815273e-10       1.308328583248e-12       1.386058898903e-13       0.000000000000e+00       2.127553428399e-14       3.128178394833e-15       3.837982022233e-17 
  596       4.342163940072e-10       1.325444199005e-12       3.524994271840e-13       0.000000000000e+00       2.114201326496e-14       3.128833889304e-15       3.002148304088e-17 
  597       4.335687204157e-10       1.343341173302e-12       5.643982780114e-13       0.000000000000e+00       2.100953251872e-14       3.130015514957e-15       2.171875609913e-17 
  598       4.328900090785e-10       1.362018780170e-12       7.741855128811e-13       0.000000000000e+00       2.087807791738e-14       3.131701532644e-15       1.347227148824e-17 
  599       4.321805141079e-10       1.381476211619e-12       9.817429355420e-13       0.000000000000e+00       2.074763495876e-14       3.133869856669e-15       5.282660340280e-18 
  600       4.314404954299e-10       1.401712577199e-12       1.186951078178e-12       0.000000000000e+00       2.061818876448e-14       3.136498053261e-15      -2.849447191539e-18 
  601       4.306702188107e-10       1.422726903563e-12       1.389689196599e-12       0.000000000000e+00       2.048972407808e-14       3.139563339044e-15      -1.092342195260e-17 
  602       4.298699558844e-10       1.444518134025e-12       1.589835265440e-12       0.000000000000e+00       2.036222526314e-14       3.143042579515e-15      -1.893863580668e-17 
  603       4.290399841792e-10       1.467085128121e-12       1.787265973351e-12       0.000000000000e+00       2.023567630139e-14       3.146912287516e-15      -2.689446165568e-17 
  604       4.281805871446e-10       1.490426661175e-12       1.981856718189e-12       0.000000000000e+00       2.011006079082e-14       3.151148621702e-15      -3.479027345942e-17 
  605       4.272920757934e-10       1.514540339902e-12       2.173494361728e-12       0.000000000000e+00       1.998536435333e-14       3.155730690067e-15      -4.262554085833e-17 
  606       4.263748541442e-10       1.539419321459e-12       2.362115840807e-12       0.000000000000e+00       1.986158192501e-14       3.160650550958e-15      -5.040011550394e-17 
  607       4.254293554081e-10       1.565055514528e-12       2.547670476409e-12       0.000000000000e+00       1.973871063766e-14       3.165903449860e-15      -5.811395166209e-17 
  608       4.244560205498e-10       1.591440655324e-12       2.730107297677e-12       0.000000000000e+00       1.961674742407e-14       3.171484535696e-15      -6.576701228459e-17 
  609       4.234552983218e-10       1.618566306800e-12       2.909375041276e-12       0.000000000000e+00       1.949568901697e-14       3.177388860390e-15      -7.335926906003e-17 
  610       4.224276452986e-10       1.646423857855e-12       3.085422150771e-12       0.000000000000e+00       1.937553194787e-14       3.183611378413e-15      -8.089070246442e-17 
  611       4.213735259104e-10       1.675004522538e-12       3.258196775996e-12       0.000000000000e+00       1.925627254600e-14       3.190146946346e-15      -8.836130181198e-17 
  612       4.202934124772e-10       1.704299339257e-12       3.427646772419e-12       0.000000000000e+00       1.913790693721e-14       3.196990322429e-15      -9.577106530586e-17 
  613       4.191877852429e-10       1.734299169984e-12       3.593719700517e-12       0.000000000000e+00       1.902043104289e-14       3.204136166118e-15      -1.031200000888e-16 
  614       4.180571324093e-10       1.764994699461e-12       3.756362825147e-12       0.000000000000e+00       1.890384057884e-14       3.211579037639e-15      -1.104081222941e-16 
  615       4.169019501698e-10       1.796376434407e-12       3.915523114912e-12       0.000000000000e+00       1.878813105419e-14       3.219313397544e-15      -1.176354570959e-16 
  616       4.157227427439e-10       1.828434702724e-12       4.071147241532e-12       0.000000000000e+00       1.867329777031e-14       3.227333606264e-15      -1.248020387603e-16 
  617       4.145200224108e-10       1.861159652702e-12       4.223181579219e-12       0.000000000000e+00       1.855933581973e-14       3.235633923667e-15      -1.319079106961e-16 
  618       4.132943095437e-10       1.894541252227e-12       4.371572204040e-12       0.000000000000e+00       1.844624008498e-14       3.244208508609e-15      -1.389531255052e-16 
  619       4.120461326433e-10       1.928569287988e-12       4.516264893293e-12       0.000000000000e+00       1.833400523759e-14       3.253051418490e-15      -1.459377450336e-16 
  620       4.107760283726e-10       1.963233364681e-12       4.657205124874e-12       0.000000000000e+00       1.822262573690e-14       3.262156608810e-15      -1.528618404220e-16 
  621       4.094845415902e-10       1.998522904216e-12       4.794338076648e-12       0.000000000000e+00       1.811209582904e-14       3.271517932723e-15      -1.597254921567e-16 
  622       4.081722253845e-10       2.034427144925e-12       4.927608625819e-12       0.000000000000e+00       1.800240954579e-14       3.281129140591e-15      -1.665287901201e-16 
  623       4.068396411079e-10       2.070935140765e-12       5.056961348302e-12       0.000000000000e+00       1.789356070348e-14       3.290983879540e-15      -1.732718336416e-16 
  624       4.054873584106e-10       2.108035760528e-12       5.182340518090e-12       0.000000000000e+00       1.778554290193e-14       3.301075693015e-15      -1.799547315482e-16 
  625       4.041159552747e-10       2.145717687044e-12       5.303690106625e-12       0.000000000000e+00       1.767834952333e-14       3.311398020332e-15      -1.865776022155e-16 
  626       4.027260180481e-10       2.183969416391e-12       5.420953782171e-12       0.000000000000e+00       1.757197373116e-14       3.321944196238e-15      -1.931405736178e-16 
  627       4.013181414787e-10       2.222779257095e-12       5.534074909181e-12       0.000000000000e+00       1.746640846905e-14       3.332707450459e-15      -1.996437833798e-16 
  628       3.998929287481e-10       2.262135329346e-12       5.642996547668e-12       0.000000000000e+00       1.736164645974e-14       3.343680907261e-15      -2.060873788263e-16 
  629       3.984509915059e-10       2.302025564193e-12       5.747661452576e-12       0.000000000000e+00       1.725768020397e-14       3.354857585001e-15      -2.124715170338e-16 
  630       3.969929499035e-10       2.342437702760e-12       5.848012073148e-12       0.000000000000e+00       1.715450197937e-14       3.366230395684e-15      -2.187963648806e-16 
  631       3.955194326282e-10       2.383359295445e-12       5.943990552301e-12       0.000000000000e+00       1.705210383934e-14       3.377792144516e-15      -2.250620990978e-16 
  632       3.940310769373e-10       2.424777701134e-12       6.035538725988e-12       0.000000000000e+00       1.695047761204e-14       3.389535529459e-15      -2.312689063201e-16 
  633       3.925285286918e-10       2.466680086397e-12       6.122598122579e-12       0.000000000000e+00       1.684961489918e-14       3.401453140788e-15      -2.374169831363e-16 
  634       3.910124423906e-10       2.509053424705e-12       6.205109962220e-12       0.000000000000e+00       1.674950707503e-14       3.413537460642e-15      -2.435065361403e-16 
  635       3.894834812047e-10       2.551884495629e-12       6.283015156211e-12       0.000000000000e+00       1.665014528526e-14       3.425780862582e-15      -2.495377819816e-16 
  636       3.879423170107e-10       2.595159884049e-12       6.356254306373e-12       0.000000000000e+00       1.655152044584e-14       3.438175611146e-15      -2.555109474161e-16 
  637       3.863896304254e-10       2.638865979360e-12       6.424767704419e-12       0.000000000000e+00       1.645362324201e-14       3.450713861399e-15      -2.614262693570e-16 
  638       3.848261108392e-10       2.682988974679e-12       6.488495331324e-12       0.000000000000e+00       1.635644412709e-14       3.463387658494e-15      -2.672839949251e-16 
  639       3.832524564506e-10       2.727514866048e-12       6.547376856693e-12       0.000000000000e+00       1.625997332148e-14       3.476188937223e-15      -2.730843815000e-16 
  640       3.816693743000e-10       2.772429451645e-12       6.601351638137e-12       0.000000000000e+00       1.616420081148e-14       3.489109521573e-15      -2.788276967707e-16 
  641       3.800775803036e-10       2.817718330989e-12       6.650358720637e-12       0.000000000000e+00       1.606911634826e-14       3.502141124281e-15      -2.845142187860e-16 
  642       3.784777992875e-10       2.863366904143e-12       6.694336835916e-12       0.000000000000e+00       1.597470944673e-14       3.515275346387e-15      -2.901442360058e-16 
  643       3.768707650218e-10       2.909360370924e-12       6.733224401811e-12       0.000000000000e+00       1.588096938445e-14       3.528503676792e-15      -2.957180473513e-16 
  644       3.752571770851e-10       2.955684024146e-12       6.766971297573e-12       0.000000000000e+00       1.578788671314e-14       3.541818615207e-15      -3.012358193154e-16 
  645       3.736375703171e-10       3.002324138248e-12       6.795574483604e-12       0.000000000000e+00       1.569545783306e-14       3.555217069819e-15      -3.066971536406e-16 
  646       3.720124424793e-10       3.049267099206e-12       6.819043186557e-12       0.000000000000e+00       1.560368051998e-14       3.568697035637e-15      -3.121015099579e-16 
  647       3.703822971776e-10       3.096499111610e-12       6.837387199151e-12       0.000000000000e+00       1.551255242128e-14       3.582256477934e-15      -3.174483478508e-16 
  648       3.687476438847e-10       3.144006197954e-12       6.850616882943e-12       0.000000000000e+00       1.542207105533e-14       3.595893332125e-15      -3.227371268650e-16 
  649       3.671089979608e-10       3.191774197924e-12       6.858743171099e-12       0.000000000000e+00       1.533223381079e-14       3.609605503650e-15      -3.279673065178e-16 
  650       3.654668806760e-10       3.239788767697e-12       6.861777571168e-12       0.000000000000e+00       1.524303794596e-14       3.623390867849e-15      -3.331383463074e-16 
  651       3.638218192310e-10       3.288035379225e-12       6.859732167850e-12       0.000000000000e+00       1.515448058814e-14       3.637247269846e-15      -3.382497057224e-16 
  652       3.621743467793e-10       3.336499319527e-12       6.852619625775e-12       0.000000000000e+00       1.506655873295e-14       3.651172524423e-15      -3.433008442512e-16 
  653       3.605250024483e-10       3.385165689987e-12       6.840453192268e-12       0.000000000000e+00       1.497926924368e-14       3.665164415905e-15      -3.482912213916e-16 
  654       3.588743313609e-10       3.434019405635e-12       6.823246700126e-12       0.000000000000e+00       1.489260885063e-14       3.679220698033e-15      -3.532202966600e-16 
  655       3.572228846574e-10       3.483045194448e-12       6.801014570387e-12       0.000000000000e+00       1.480657415045e-14       3.693339093849e-15      -3.580875296011e-16 
  656       3.555712195164e-10       3.532227596632e-12       6.773771815107e-12       0.000000000000e+00       1.472116160550e-14       3.707517295574e-15      -3.628923797970e-16 
  657       3.539198991769e-10       3.581550963924e-12       6.741534040124e-12       0.000000000000e+00       1.463636754315e-14       3.721752964483e-15      -3.676343068769e-16 
  658       3.522694929595e-10       3.630999458871e-12       6.704317447838e-12       0.000000000000e+00       1.455218815515e-14       3.736043730792e-15      -3.723127705265e-16 
  659       3.506205762881e-10       3.680557054131e-12       6.662138839980e-12       0.000000000000e+00       1.446861949699e-14       3.750387193528e-15      -3.769272304972e-16 
  660       3.489737307113e-10       3.730207531760e-12       6.615015620382e-12       0.000000000000e+00       1.438565748719e-14       3.764780920418e-15      -3.814771466161e-16 
  661       3.473295439240e-10       3.779934482505e-12       6.562965797755e-12       0.000000000000e+00       1.430329790668e-14       3.779222447761e-15      -3.859619787946e-16 
  662       3.456886097891e-10       3.829721305092e-12       6.506007988453e-12       0.000000000000e+00       1.422153639813e-14       3.793709280311e-15      -3.903811870386e-16 
  663       3.440515283586e-10       3.879551205520e-12       6.444161419254e-12       0.000000000000e+00       1.414036846530e-14       3.808238891155e-15      -3.947342314575e-16 
  664       3.424189058955e-10       3.929407196352e-12       6.377445930124e-12       0.000000000000e+00       1.405978947236e-14       3.822808721592e-15      -3.990205722738e-16 
  665       3.407913548953e-10       3.979272096006e-12       6.305881976995e-12       0.000000000000e+00       1.397979464325e-14       3.837416181014e-15      -4.032396698325e-16 
  666       3.391694941073e-10       4.029128528046e-12       6.229490634535e-12       0.000000000000e+00       1.390037906102e-14       3.852058646783e-15      -4.073909846105e-16 
  667       3.375539485564e-10       4.078958920473e-12       6.148293598919e-12       0.000000000000e+00       1.382153766715e-14       3.866733464113e-15      -4.114739772260e-16 
  668       3.359453495645e-10       4.128745505017e-12       6.062313190603e-12       0.000000000000e+00       1.374326526094e-14       3.881437945948e-15      -4.154881084481e-16 
  669       3.343443347721e-10       4.178470316427e-12       5.971572357096e-12       0.000000000000e+00       1.366555649878e-14       3.896169372840e-15      -4.194328392061e-16 
  670       3.327515481596e-10       4.228115191764e-12       5.876094675731e-12       0.000000000000e+00       1.358840589357e-14       3.910924992829e-15      -4.233076305991e-16 
  671       3.311676400691e-10       4.277661769690e-12       5.775904356437e-12       0.000000000000e+00       1.351180781398e-14       3.925702021325e-15      -4.271119439049e-16 
  672       3.295932672260e-10       4.327091489761e-12       5.671026244514e-12       0.000000000000e+00       1.343575648387e-14       3.940497640984e-15      -4.308452405904e-16 
  673       3.280290927602e-10       4.376385591719e-12       5.561485823400e-12       0.000000000000e+00       1.336024598158e-14       3.955309001589e-15      -4.345069823200e-16 
  674       3.264757862277e-10       4.425525114779e-12       5.447309217448e-12       0.000000000000e+00       1.328527023927e-14       3.970133219927e-15      -4.380966309657e-16 
  675       3.249340236325e-10       4.474490896926e-12       5.328523194697e-12       0.000000000000e+00       1.321082304230e-14       3.984967379673e-15      -4.416136486164e-16 
  676       3.234044874478e-10       4.523263574203e-12       5.205155169643e-12       0.000000000000e+00       1.313689802855e-14       3.999808531265e-15      -4.450574975871e-16 
  677       3.218878666373e-10       4.571823580000e-12       5.077233206009e-12       0.000000000000e+00       1.306348868774e-14       4.014653691784e-15      -4.484276404287e-16 
  678       3.203848566775e-10       4.620151144351e-12       4.944786019522e-12       0.000000000000e+00       1.299058836079e-14       4.029499844835e-15      -4.517235399371e-16 
  679       3.188961595785e-10       4.668226293221e-12       4.807842980685e-12       0.000000000000e+00       1.291819023919e-14       4.044343940427e-15      -4.549446591628e-16 
  680       3.174224839057e-10       4.716028847798e-12       4.666434117542e-12       0.000000000000e+00       1.284628736427e-14       4.059182894847e-15      -4.580904614203e-16 
  681       3.159645448016e-10       4.763538423785e-12       4.520590118458e-12       0.000000000000e+00       1.277487262663e-14       4.074013590547e-15      -4.611604102978e-16 
  682       3.145230640071e-10       4.810734430689e-12       4.370342334889e-12       0.000000000000e+00       1.270393876541e-14       4.088832876017e-15      -4.641539696660e-16 
  683       3.130986938938e-10       4.857597679234e-12       4.215727746474e-12       0.000000000000e+00       1.263347936590e-14       4.103637493540e-15      -4.670707721356e-16 
  684       3.116917877375e-10       4.904115242669e-12       4.056803967021e-12       0.000000000000e+00       1.256349187702e-14       4.118423861003e-15      -4.699111283557e-16 
  685       3.103026245836e-10       4.950275697823e-12       3.893634564320e-12       0.000000000000e+00       1.249397465693e-14       4.133188285190e-15      -4.726755286048e-16 
  686       3.089314847944e-10       4.996067526088e-12       3.726284130869e-12       0.000000000000e+00       1.242492598025e-14       4.147927033346e-15      -4.753644753811e-16 
  687       3.075786500511e-10       5.041479113128e-12       3.554818287918e-12       0.000000000000e+00       1.235634403765e-14       4.162636333042e-15      -4.779784834548e-16 
  688       3.062444033557e-10       5.086498748578e-12       3.379303689518e-12       0.000000000000e+00       1.228822693541e-14       4.177312372032e-15      -4.805180799210e-16 
  689       3.049290290331e-10       5.131114625751e-12       3.199808026565e-12       0.000000000000e+00       1.222057269508e-14       4.191951298114e-15      -4.829838042522e-16 
  690       3.036328127332e-10       5.175314841342e-12       3.016400030850e-12       0.000000000000e+00       1.215337925303e-14       4.206549218995e-15      -4.853762083510e-16 
  691       3.023560414329e-10       5.219087395130e-12       2.829149479104e-12       0.000000000000e+00       1.208664446005e-14       4.221102202146e-15      -4.876958566030e-16 
  692       3.010990034378e-10       5.262420189688e-12       2.638127197043e-12       0.000000000000e+00       1.202036608098e-14       4.235606274667e-15      -4.899433259295e-16 
  693       2.998619883846e-10       5.305301030081e-12       2.443405063420e-12       0.000000000000e+00       1.195454179428e-14       4.250057423147e-15      -4.921192058400e-16 
  694       2.986452872429e-10       5.347717623573e-12       2.245056014066e-12       0.000000000000e+00       1.188916919164e-14       4.264451593522e-15      -4.942240984849e-16 
  695       2.974491923174e-10       5.389657579333e-12       2.043154045940e-12       0.000000000000e+00       1.182424577757e-14       4.278784690940e-15      -4.962586187086e-16 
  696       2.962739972496e-10       5.431108408135e-12       1.837774221176e-12       0.000000000000e+00       1.175976896900e-14       4.293052579619e-15      -4.982233941016e-16 
  697       2.951199970201e-10       5.472057522068e-12       1.628992671128e-12       0.000000000000e+00       1.169573609489e-14       4.307251082708e-15      -5.001190650537e-16 
  698       2.939874879505e-10       5.512492234234e-12       1.416886600419e-12       0.000000000000e+00       1.163214439578e-14       4.321375982149e-15      -5.019462848066e-16 
  699       2.928767677055e-10       5.552399758457e-12       1.201534290984e-12       0.000000000000e+00       1.156899102348e-14       4.335423018538e-15      -5.037057195063e-16 
  700       2.917881352947e-10       5.591767208986e-12       9.830151061229e-13       0.000000000000e+00       1.150627304056e-14       4.349387890982e-15      -5.053980482561e-16 
  701       2.907218910749e-10       5.630581600199e-12       7.614094945400e-13       0.000000000000e+00       1.144398742004e-14       4.363266256967e-15      -5.070239631693e-16 
  702       2.896783367517e-10       5.668829846307e-12       5.367989943968e-13       0.000000000000e+00       1.138213104491e-14       4.377053732210e-15      -5.085841694218e-16 
  703       2.886577753821e-10       5.706498761057e-12       3.092662373557e-13       0.000000000000e+00       1.132070070780e-14       4.390745890529e-15      -5.100793853048e-16 
  704       2.876605113759e-10       5.743575057442e-12       7.889495262753e-14       0.000000000000e+00       1.125969311051e-14       4.404338263694e-15      -5.115103422776e-16 
  705       2.866868504981e-10       5.780045347398e-12      -1.542300289815e-13       0.000000000000e+00       1.119910486367e-14       4.417826341297e-15      -5.128777850202e-16 
  706       2.857370998710e-10       5.815896141512e-12      -3.900227710233e-13       0.000000000000e+00       1.113893248628e-14       4.431205570607e-15      -5.141824714860e-16 
  707       2.848115679758e-10       5.851113848726e-12      -6.283962273609e-13       0.000000000000e+00       1.107917240535e-14       4.444471356433e-15      -5.154251729547e-16 
  708       2.839105646548e-10       5.885684776043e-12      -8.692622381219e-13       0.000000000000e+00       1.101982095549e-14       4.457619060984e-15      -5.166066740846e-16 
  709       2.830344011136e-10       5.919595128226e-12      -1.112531525651e-12       0.000000000000e+00       1.096087437848e-14       4.470644003729e-15      -5.177277729659e-16 
  710       2.821833899228e-10       5.952831007509e-12      -1.358113690465e-12       0.000000000000e+00       1.090232882291e-14       4.483541461261e-15      -5.187892811726e-16 
  711       2.813578450204e-10       5.985378413297e-12      -1.605917207203e-12       0.000000000000e+00       1.084418034374e-14       4.496306667155e-15      -5.197920238160e-16 
  712       2.805580817134e-10       6.017223241870e-12      -1.855849420584e-12       0.000000000000e+00       1.078642490192e-14       4.508934811828e-15      -5.207368395971e-16 
  713       2.797844166800e-10       6.048351286090e-12      -2.107816541353e-12       0.000000000000e+00       1.072905836399e-14       4.521421042403e-15      -5.216245808589e-16 
  714       2.790371679717e-10       6.078748235104e-12      -2.361723642244e-12       0.000000000000e+00       1.067207650165e-14       4.533760462567e-15      -5.224561136399e-16 
  715       2.783166550151e-10       6.108399674048e-12      -2.617474653925e-12       0.000000000000e+00       1.061547499138e-14       4.545948132433e-15      -5.232323177260e-16 
  716       2.776231986141e-10       6.137291083752e-12      -2.874972360954e-12       0.000000000000e+00       1.055924941406e-14       4.557979068403e-15      -5.239540867038e-16 
  717       2.769571209520e-10       6.165407840443e-12      -3.134118397733e-12       0.000000000000e+00       1.050339525451e-14       4.569848243022e-15      -5.246223280131e-16 
  718       2.763187455930e-10       6.192735215450e-12      -3.394813244461e-12       0.000000000000e+00       1.044790790113e-14       4.581550584846e-15      -5.252379629994e-16 
  719       2.757083974849e-10       6.219258374911e-12      -3.656956223085e-12       0.000000000000e+00       1.039278264549e-14       4.593080978300e-15      -5.258019269669e-16 
  720       2.751264029606e-10       6.244962379470e-12      -3.920445493258e-12       0.000000000000e+00       1.033801468194e-14       4.604434263539e-15      -5.263151692309e-16 
  721       2.745730897403e-10       6.269832183991e-12      -4.185178048287e-12       0.000000000000e+00       1.028359910715e-14       4.615605236306e-15      -5.267786531711e-16 
  722       2.740487201698e-10       6.293854753201e-12      -4.451053781782e-12       0.000000000000e+00       1.022953156827e-14       4.626589536112e-15      -5.271931814485e-16 
  723       2.735532894510e-10       6.317025456122e-12      -4.717987785896e-12       0.000000000000e+00       1.017581022222e-14       4.637386330710e-15      -5.275588676792e-16 
  724       2.730867233398e-10       6.339341800221e-12      -4.985898293489e-12       0.000000000000e+00       1.012243381515e-14       4.647995685568e-15      -5.278756541937e-16 
  725       2.726489445273e-10       6.360801327347e-12      -5.254702626827e-12       0.000000000000e+00       1.006940103726e-14       4.658417680529e-15      -5.281434859176e-16 
  726       2.722398726265e-10       6.381401613930e-12      -5.524317194472e-12       0.000000000000e+00       1.001671052259e-14       4.668652409878e-15      -5.283623103840e-16 
  727       2.718594241589e-10       6.401140271162e-12      -5.794657488172e-12       0.000000000000e+00       9.964360848756e-15       4.678699982406e-15      -5.285320777464e-16 
  728       2.715075125416e-10       6.420014945195e-12      -6.065638079748e-12       0.000000000000e+00       9.912350536660e-15       4.688560521476e-15      -5.286527407908e-16 
  729       2.711840480731e-10       6.438023317331e-12      -6.337172617983e-12       0.000000000000e+00       9.860678050283e-15       4.698234165087e-15      -5.287242549486e-16 
  730       2.708889379210e-10       6.455163104209e-12      -6.609173825514e-12       0.000000000000e+00       9.809341796409e-15       4.707721065940e-15      -5.287465783087e-16 
  731       2.706220861079e-10       6.471432057998e-12      -6.881553495716e-12       0.000000000000e+00       9.758340124373e-15       4.717021391503e-15      -5.287196716303e-16 
  732       2.703833934982e-10       6.486827966587e-12      -7.154222489598e-12       0.000000000000e+00       9.707671325815e-15       4.726135324073e-15      -5.286434983555e-16 
  733       2.701727577851e-10       6.501348653779e-12      -7.427090732685e-12       0.000000000000e+00       9.657333634418e-15       4.735063060846e-15      -5.285180246213e-16 
  734       2.699900734768e-10       6.514991979476e-12      -7.700067211910e-12       0.000000000000e+00       9.607325225664e-15       4.743804813978e-15      -5.283432192727e-16 
  735       2.698352318838e-10       6.527755839875e-12      -7.973059972504e-12       0.000000000000e+00       9.557644216570e-15       4.752360810653e-15      -5.281190538749e-16 
  736       2.697081211047e-10       6.539638167655e-12      -8.245976114883e-12       0.000000000000e+00       9.508288665445e-15       4.760731293144e-15      -5.278455027259e-16 
  737       2.696086260137e-10       6.550636932169e-12      -8.518721791539e-12       0.000000000000e+00       9.459256571631e-15       4.768916518882e-15      -5.275225428689e-16 
  738       2.695366282467e-10       6.560750139637e-12      -8.791202203926e-12       0.000000000000e+00       9.410545875250e-15       4.776916760520e-15      -5.271501541051e-16 
  739       2.694920061882e-10       6.569975833332e-12      -9.063321599353e-12       0.000000000000e+00       9.362154456953e-15       4.784732305997e-15      -5.267283190057e-16 
  740       2.694746349580e-10       6.578312093775e-12      -9.334983267869e-12       0.000000000000e+00       9.314080137664e-15       4.792363458602e-15      -5.262570229251e-16 
  741       2.694843863976e-10       6.585757038924e-12      -9.606089539155e-12       0.000000000000e+00       9.266320678330e-15       4.799810537043e-15      -5.257362540126e-16 
  742       2.695211290574e-10       6.592308824363e-12      -9.876541779413e-12       0.000000000000e+00       9.218873779665e-15       4.807073875507e-15      -5.251660032258e-16 
  743       2.695847281827e-10       6.597965643497e-12      -1.014624038825e-11       0.000000000000e+00       9.171737081897e-15       4.814153823730e-15      -5.245462643422e-16 
  744       2.696750457008e-10       6.602725727739e-12      -1.041508479558e-11       0.000000000000e+00       9.124908164516e-15       4.821050747056e-15      -5.238770339726e-16 
  745       2.697919402076e-10       6.606587346701e-12      -1.068297345848e-11       0.000000000000e+00       9.078384546020e-15       4.827765026510e-15      -5.231583115729e-16 
  746       2.699352669541e-10       6.609548808388e-12      -1.094980385814e-11       0.000000000000e+00       9.032163683663e-15       4.834297058854e-15      -5.223900994570e-16 
  747       2.701048778333e-10       6.611608459384e-12      -1.121547249669e-11       0.000000000000e+00       8.986242973199e-15       4.840647256660e-15      -5.215724028091e-16 
  748       2.703006213667e-10       6.612764685046e-12      -1.147987489411e-11       0.000000000000e+00       8.940619748630e-15       4.846816048369e-15      -5.207052296964e-16 
  749       2.705223426910e-10       6.613015909695e-12      -1.174290558514e-11       0.000000000000e+00       8.895291281955e-15       4.852803878360e-15      -5.197885910815e-16 
  750       2.707698835448e-10       6.612360596804e-12      -1.200445811614e-11       0.000000000000e+00       8.850254782914e-15       4.858611207012e-15      -5.188225008350e-16 
  751       2.710430822551e-10       6.610797249191e-12      -1.226442504200e-11       0.000000000000e+00       8.805507398735e-15       4.864238510773e-15      -5.178069757478e-16 
  752       2.713417737242e-10       6.608324409207e-12      -1.252269792300e-11       0.000000000000e+00       8.761046213881e-15       4.869686282219e-15      -5.167420355439e-16 
  753       2.716657894165e-10       6.604940658933e-12      -1.277916732174e-11       0.000000000000e+00       8.716868249798e-15       4.874955030126e-15      -5.156277028928e-16 
  754       2.720149573444e-10       6.600644620361e-12      -1.303372280001e-11       0.000000000000e+00       8.672970464660e-15       4.880045279529e-15      -5.144640034217e-16 
  755       2.723891020561e-10       6.595434955596e-12      -1.328625291566e-11       0.000000000000e+00       8.629349753117e-15       4.884957571790e-15      -5.132509657287e-16 
  756       2.727880446212e-10       6.589310367035e-12      -1.353664521951e-11       0.000000000000e+00       8.586002946040e-15       4.889692464664e-15      -5.119886213945e-16 
  757       2.732116026180e-10       6.582269597568e-12      -1.378478625224e-11       0.000000000000e+00       8.542926810271e-15       4.894250532361e-15      -5.106770049957e-16 
  758       2.736595901199e-10       6.574311430762e-12      -1.403056154127e-11       0.000000000000e+00       8.500118048366e-15       4.898632365612e-15      -5.093161541165e-16 
  759       2.741318176824e-10       6.565434691055e-12      -1.427385559766e-11       0.000000000000e+00       8.457573298344e-15       4.902838571735e-15      -5.079061093621e-16 
  760       2.746280923293e-10       6.555638243945e-12      -1.451455191299e-11       0.000000000000e+00       8.415289133433e-15       4.906869774701e-15      -5.064469143704e-16 
  761       2.751481919140e-10       6.544922510062e-12      -1.475254360107e-11       0.000000000000e+00       8.373262503354e-15       4.910726352862e-15      -5.049387250666e-16 
  762       2.756917876913e-10       6.533294038825e-12      -1.498776555317e-11       0.000000000000e+00       8.331492067959e-15       4.914407646497e-15      -5.033821396970e-16 
  763       2.762585202349e-10       6.520761022838e-12      -1.522016289307e-11       0.000000000000e+00       8.289976888657e-15       4.917912735208e-15      -5.017778751465e-16 
  764       2.768480249098e-10       6.507331792454e-12      -1.544968038708e-11       0.000000000000e+00       8.248715989031e-15       4.921240698883e-15      -5.001266583050e-16 
  765       2.774599318541e-10       6.493014816280e-12      -1.567626244324e-11       0.000000000000e+00       8.207708354677e-15       4.924390617712e-15      -4.984292261029e-16 
  766       2.780938659596e-10       6.477818701683e-12      -1.589985311033e-11       0.000000000000e+00       8.166952933039e-15       4.927361572194e-15      -4.966863255457e-16 
  767       2.787494468540e-10       6.461752195290e-12      -1.612039607698e-11       0.000000000000e+00       8.126448633250e-15       4.930152643148e-15      -4.948987137496e-16 
  768       2.794262888817e-10       6.444824183494e-12      -1.633783467080e-11       0.000000000000e+00       8.086194325969e-15       4.932762911726e-15      -4.930671579764e-16 
  769       2.801240010854e-10       6.427043692958e-12      -1.655211185741e-11       0.000000000000e+00       8.046188843221e-15       4.935191459422e-15      -4.911924356685e-16 
  770       2.808421871873e-10       6.408419891121e-12      -1.676317023960e-11       0.000000000000e+00       8.006430978231e-15       4.937437368083e-15      -4.892753344844e-16 
  771       2.815804455707e-10       6.388962086698e-12      -1.697095205635e-11       0.000000000000e+00       7.966919485266e-15       4.939499719919e-15      -4.873166523332e-16 
  772       2.823383692610e-10       6.368679730187e-12      -1.717539918198e-11       0.000000000000e+00       7.927653079473e-15       4.941377597517e-15      -4.853171974104e-16 
  773       2.831155459076e-10       6.347582414370e-12      -1.737645312523e-11       0.000000000000e+00       7.888630436713e-15       4.943070083845e-15      -4.832777882326e-16 
  774       2.839115577646e-10       6.325679874823e-12      -1.757405502830e-11       0.000000000000e+00       7.849850193404e-15       4.944576262272e-15      -4.811992536727e-16 
  775       2.847259816728e-10       6.302981990411e-12      -1.776814566604e-11       0.000000000000e+00       7.811310946356e-15       4.945895216569e-15      -4.790824329951e-16 
  776       2.855583890405e-10       6.279498783802e-12      -1.795866544494e-11       0.000000000000e+00       7.773011252611e-15       4.947026030928e-15      -4.769281758907e-16 
  777       2.864083458253e-10       6.255240421962e-12      -1.814555440229e-11       0.000000000000e+00       7.734949629279e-15       4.947967789967e-15      -4.747373425121e-16 
  778       2.872754125153e-10       6.230217216665e-12      -1.832875220524e-11       0.000000000000e+00       7.697124553378e-15       4.948719578742e-15      -4.725108035087e-16 
  779       2.881591441103e-10       6.204439624995e-12      -1.850819814991e-11       0.000000000000e+00       7.659534461671e-15       4.949280482762e-15      -4.702494400617e-16 
  780       2.890590901034e-10       6.177918249850e-12      -1.868383116047e-11       0.000000000000e+00       7.622177750507e-15       4.949649587992e-15      -4.679541439196e-16 
  781       2.899747944624e-10       6.150663840445e-12      -1.885558978822e-11       0.000000000000e+00       7.585052775652e-15       4.949825980871e-15      -4.656258174327e-16 
  782       2.909057956109e-10       6.122687292817e-12      -1.902341221071e-11       0.000000000000e+00       7.548157852137e-15       4.949808748318e-15      -4.632653735889e-16 
  783       2.918516264096e-10       6.093999650331e-12      -1.918723623083e-11       0.000000000000e+00       7.511491254086e-15       4.949596977746e-15      -4.608737360481e-16 
  784       2.928118141383e-10       6.064612104181e-12      -1.934699927586e-11       0.000000000000e+00       7.475051214563e-15       4.949189757068e-15      -4.584518391781e-16 
  785       2.937858804765e-10       6.034535993893e-12      -1.950263839663e-11       0.000000000000e+00       7.438835925404e-15       4.948586174715e-15      -4.560006280891e-16 
  786       2.947733414851e-10       6.003782807834e-12      -1.965409026653e-11       0.000000000000e+00       7.402843537056e-15       4.947785319639e-15      -4.535210586690e-16 
  787       2.957737075879e-10       5.972364183711e-12      -1.980129118068e-11       0.000000000000e+00       7.367072158420e-15       4.946786281328e-15      -4.510140976186e-16 
  788       2.967864835527e-10       5.940291909078e-12      -1.994417705497e-11       0.000000000000e+00       7.331519856681e-15       4.945588149818e-15      -4.484807224868e-16 
  789       2.978111684727e-10       5.907577921839e-12      -2.008268342518e-11       0.000000000000e+00       7.296184657154e-15       4.944190015699e-15      -4.459219217054e-16 
  790       2.988472557481e-10       5.874234310752e-12      -2.021674544606e-11       0.000000000000e+00       7.261064543117e-15       4.942590970130e-15      -4.433386946244e-16 
  791       2.998942330671e-10       5.840273315931e-12      -2.034629789041e-11       0.000000000000e+00       7.226157455650e-15       4.940790104846e-15      -4.407320515474e-16 
  792       3.009515823876e-10       5.805707329356e-12      -2.047127514819e-11       0.000000000000e+00       7.191461293477e-15       4.938786512175e-15      -4.381030137660e-16 
  793       3.020187799183e-10       5.770548895370e-12      -2.059161122563e-11       0.000000000000e+00       7.156973912796e-15       4.936579285039e-15      -4.354526135958e-16 
  794       3.030952961004e-10       5.734810711186e-12      -2.070723974425e-11       0.000000000000e+00       7.122693127126e-15       4.934167516975e-15      -4.327818944108e-16 
  795       3.041805955883e-10       5.698505627392e-12      -2.081809394006e-11       0.000000000000e+00       7.088616707141e-15       4.931550302138e-15      -4.300919106789e-16 
  796       3.052741372319e-10       5.661646648455e-12      -2.092410666253e-11       0.000000000000e+00       7.054742380504e-15       4.928726735316e-15      -4.273837279968e-16 
  797       3.063753740570e-10       5.624246933222e-12      -2.102521037379e-11       0.000000000000e+00       7.021067831715e-15       4.925695911938e-15      -4.246584231254e-16 
  798       3.074837532475e-10       5.586319795426e-12      -2.112133714767e-11       0.000000000000e+00       6.987590701940e-15       4.922456928088e-15      -4.219170840245e-16 
  799       3.085987161261e-10       5.547878704191e-12      -2.121241866877e-11       0.000000000000e+00       6.954308588853e-15       4.919008880513e-15      -4.191608098885e-16 
  800       3.097197218935e-10       5.508937384182e-12      -2.129839779543e-11       0.000000000000e+00       6.921219348312e-15       4.915351285815e-15      -4.163905181021e-16 
  801       3.108463193560e-10       5.469510117037e-12      -2.137926348160e-11       0.000000000000e+00       6.888322005751e-15       4.911485346389e-15      -4.136063611779e-16 
  802       3.119780764693e-10       5.429611446430e-12      -2.145501649009e-11       0.000000000000e+00       6.855615861088e-15       4.907412707599e-15      -4.108082992538e-16 
  803       3.131145566852e-10       5.389256079447e-12      -2.152565788776e-11       0.000000000000e+00       6.823100188293e-15       4.903135040776e-15      -4.079962922069e-16 
  804       3.142553189375e-10       5.348458887109e-12      -2.159118904674e-11       0.000000000000e+00       6.790774235278e-15       4.898654043305e-15      -4.051702996529e-16 
  805       3.153999176278e-10       5.307234904891e-12      -2.165161164572e-11       0.000000000000e+00       6.758637223795e-15       4.893971438721e-15      -4.023302809445e-16 
  806       3.165479026113e-10       5.265599333247e-12      -2.170692767117e-11       0.000000000000e+00       6.726688349329e-15       4.889088976791e-15      -3.994761951709e-16 
  807       3.176988191826e-10       5.223567538134e-12      -2.175713941862e-11       0.000000000000e+00       6.694926780993e-15       4.884008433607e-15      -3.966080011565e-16 
  808       3.188522080617e-10       5.181155051532e-12      -2.180224949392e-11       0.000000000000e+00       6.663351661422e-15       4.878731611675e-15      -3.937256574598e-16 
  809       3.200076053796e-10       5.138377571968e-12      -2.184226081448e-11       0.000000000000e+00       6.631962106668e-15       4.873260340004e-15      -3.908291223725e-16 
  810       3.211645426640e-10       5.095250965039e-12      -2.187717661054e-11       0.000000000000e+00       6.600757206096e-15       4.867596474193e-15      -3.879183539185e-16 
  811       3.223225468255e-10       5.051791263933e-12      -2.190700042644e-11       0.000000000000e+00       6.569736022276e-15       4.861741896525e-15      -3.849933098526e-16 
  812       3.234811401430e-10       5.008014669955e-12      -2.193173612184e-11       0.000000000000e+00       6.538897590881e-15       4.855698516050e-15      -3.820539476598e-16 
  813       3.246398402499e-10       4.963937553046e-12      -2.195138787302e-11       0.000000000000e+00       6.508240920577e-15       4.849468268680e-15      -3.791002245540e-16 
  814       3.257981601195e-10       4.919576452306e-12      -2.196596017410e-11       0.000000000000e+00       6.477764992923e-15       4.843053117276e-15      -3.761320974770e-16 
  815       3.269556080511e-10       4.874948076521e-12      -2.197545783833e-11       0.000000000000e+00       6.447468762261e-15       4.836455051734e-15      -3.731495230977e-16 
  816       3.281116876558e-10       4.830069304679e-12      -2.197988599932e-11       0.000000000000e+00       6.417351155614e-15       4.829676089081e-15      -3.701524578107e-16 
  817       3.292658978421e-10       4.784957186498e-12      -2.197925011232e-11       0.000000000000e+00       6.387411072577e-15       4.822718273557e-15      -3.671408577354e-16 
  818       3.304177328019e-10       4.739628942947e-12      -2.197355595546e-11       0.000000000000e+00       6.357647385218e-15       4.815583676710e-15      -3.641146787153e-16 
  819       3.315666819964e-10       4.694101966767e-12      -2.196280963100e-11       0.000000000000e+00       6.328058937963e-15       4.808274397483e-15      -3.610738763163e-16 
  820       3.327122301416e-10       4.648393822998e-12      -2.194701756663e-11       0.000000000000e+00       6.298644547501e-15       4.800792562300e-15      -3.580184058262e-16 
  821       3.338538571943e-10       4.602522249495e-12      -2.192618651668e-11       0.000000000000e+00       6.269403002671e-15       4.793140325161e-15      -3.549482222535e-16 
  822       3.349910383380e-10       4.556505157457e-12      -2.190032356341e-11       0.000000000000e+00       6.240333064359e-15       4.785319867727e-15      -3.518632803262e-16 
  823       3.361232439684e-10       4.510360631946e-12      -2.186943611822e-11       0.000000000000e+00       6.211433465396e-15       4.777333399413e-15      -3.487635344911e-16 
  824       3.372499396796e-10       4.464106932411e-12      -2.183353192298e-11       0.000000000000e+00       6.182702910446e-15       4.769183157472e-15      -3.456489389123e-16 
  825       3.383705862497e-10       4.417762493211e-12      -2.179261905122e-11       0.000000000000e+00       6.154140075906e-15       4.760871407089e-15      -3.425194474707e-16 
  826       3.394846396266e-10       4.371345924136e-12      -2.174670590945e-11       0.000000000000e+00       6.125743609800e-15       4.752400441467e-15      -3.393750137625e-16 
  827       3.405915509137e-10       4.324876010932e-12      -2.169580123833e-11       0.000000000000e+00       6.097512131670e-15       4.743772581918e-15      -3.362155910984e-16 
  828       3.416907663562e-10       4.278371715821e-12      -2.163991411403e-11       0.000000000000e+00       6.069444232474e-15       4.734990177953e-15      -3.330411325024e-16 
  829       3.427817273261e-10       4.231852178027e-12      -2.157905394940e-11       0.000000000000e+00       6.041538474481e-15       4.726055607368e-15      -3.298515907112e-16 
  830       3.438638703090e-10       4.185336714294e-12      -2.151323049530e-11       0.000000000000e+00       6.013793391163e-15       4.716971276335e-15      -3.266469181723e-16 
  831       3.449366268889e-10       4.138844819413e-12      -2.144245384179e-11       0.000000000000e+00       5.986207487092e-15       4.707739619494e-15      -3.234270670439e-16 
  832       3.459994237348e-10       4.092396166743e-12      -2.136673441943e-11       0.000000000000e+00       5.958779237833e-15       4.698363100037e-15      -3.201919891934e-16 
  833       3.470516825861e-10       4.046010608734e-12      -2.128608300054e-11       0.000000000000e+00       5.931507089839e-15       4.688844209802e-15      -3.169416361961e-16 
  834       3.480928202385e-10       3.999708177448e-12      -2.120051070042e-11       0.000000000000e+00       5.904389460346e-15       4.679185469356e-15      -3.136759593349e-16 
  835       3.491222485299e-10       3.953509085085e-12      -2.111002897865e-11       0.000000000000e+00       5.877424737269e-15       4.669389428094e-15      -3.103949095984e-16 
  836       3.501393743261e-10       3.907433724502e-12      -2.101464964032e-11       0.000000000000e+00       5.850611279094e-15       4.659458664317e-15      -3.070984376807e-16 
  837       3.511435995067e-10       3.861502669737e-12      -2.091438483730e-11       0.000000000000e+00       5.823947414772e-15       4.649395785330e-15      -3.037864939797e-16 
  838       3.521343209507e-10       3.815736676535e-12      -2.080924706950e-11       0.000000000000e+00       5.797431443619e-15       4.639203427527e-15      -3.004590285962e-16 
  839       3.531109872169e-10       3.770155300928e-12      -2.069925589095e-11       0.000000000000e+00       5.771061843837e-15       4.628883757343e-15      -2.971160941085e-16 
  840       3.540732696935e-10       3.724772727606e-12      -2.058445815356e-11       0.000000000000e+00       5.744837902288e-15       4.618436964410e-15      -2.937581558560e-16 
  841       3.550208943978e-10       3.679601870014e-12      -2.046490811804e-11       0.000000000000e+00       5.718759095471e-15       4.607862742365e-15      -2.903857870511e-16 
  842       3.559535855465e-10       3.634655746000e-12      -2.034066078333e-11       0.000000000000e+00       5.692824881807e-15       4.597160785617e-15      -2.869995665094e-16 
  843       3.568710655520e-10       3.589947478105e-12      -2.021177188903e-11       0.000000000000e+00       5.667034701577e-15       4.586330789350e-15      -2.836000786662e-16 
  844       3.577730550173e-10       3.545490293846e-12      -2.007829791782e-11       0.000000000000e+00       5.641387976846e-15       4.575372449529e-15      -2.801879135929e-16 
  845       3.586592727317e-10       3.501297526007e-12      -1.994029609778e-11       0.000000000000e+00       5.615884111394e-15       4.564285462902e-15      -2.767636670134e-16 
  846       3.595294356662e-10       3.457382612924e-12      -1.979782440488e-11       0.000000000000e+00       5.590522490649e-15       4.553069527006e-15      -2.733279403207e-16 
  847       3.603832589691e-10       3.413759098771e-12      -1.965094156531e-11       0.000000000000e+00       5.565302481616e-15       4.541724340172e-15      -2.698813405935e-16 
  848       3.612204559610e-10       3.370440633854e-12      -1.949970705792e-11       0.000000000000e+00       5.540223432806e-15       4.530249601526e-15      -2.664244806124e-16 
  849       3.620407381308e-10       3.327440974891e-12      -1.934418111660e-11       0.000000000000e+00       5.515284674166e-15       4.518645010995e-15      -2.629579788761e-16 
  850       3.628438151311e-10       3.284773985302e-12      -1.918442473269e-11       0.000000000000e+00       5.490485517011e-15       4.506910269313e-15      -2.594824596188e-16 
  851       3.636293947733e-10       3.242453635497e-12      -1.902049965736e-11       0.000000000000e+00       5.465825253952e-15       4.495045078022e-15      -2.559985528255e-16 
  852       3.643971830233e-10       3.200494003165e-12      -1.885246840404e-11       0.000000000000e+00       5.441303158829e-15       4.483049139480e-15      -2.525068942494e-16 
  853       3.651468839972e-10       3.158909273555e-12      -1.868039425078e-11       0.000000000000e+00       5.416918486638e-15       4.470922156860e-15      -2.490081254277e-16 
  854       3.658781999562e-10       3.117713739771e-12      -1.850434124270e-11       0.000000000000e+00       5.392670473463e-15       4.458663834160e-15      -2.455028936986e-16 
  855       3.665908313025e-10       3.076921803056e-12      -1.832437419432e-11       0.000000000000e+00       5.368558336405e-15       4.446273876203e-15      -2.419918522173e-16 
  856       3.672844765748e-10       3.036547973077e-12      -1.814055869203e-11       0.000000000000e+00       5.344581273515e-15       4.433751988642e-15      -2.384756599727e-16 
  857       3.679588324433e-10       2.996606868217e-12      -1.795296109645e-11       0.000000000000e+00       5.320738463720e-15       4.421097877967e-15      -2.349549818039e-16 
  858       3.686135937058e-10       2.957113215858e-12      -1.776164854482e-11       0.000000000000e+00       5.297029066756e-15       4.408311251505e-15      -2.314304884166e-16 
  859       3.692484532826e-10       2.918081852674e-12      -1.756668895344e-11       0.000000000000e+00       5.273452223097e-15       4.395391817428e-15      -2.279028563993e-16 
  860       3.698631022123e-10       2.879527724910e-12      -1.736815102002e-11       0.000000000000e+00       5.250007053885e-15       4.382339284755e-15      -2.243727682403e-16 
  861       3.704572296471e-10       2.841465888678e-12      -1.716610422611e-11       0.000000000000e+00       5.226692660862e-15       4.369153363357e-15      -2.208409123437e-16 
  862       3.710305228484e-10       2.803911510238e-12      -1.696061883951e-11       0.000000000000e+00       5.203508126298e-15       4.355833763960e-15      -2.173079830460e-16 
  863       3.715826671823e-10       2.766879866289e-12      -1.675176591662e-11       0.000000000000e+00       5.180452512923e-15       4.342380198152e-15      -2.137746806326e-16 
  864       3.721133461146e-10       2.730386344256e-12      -1.653961730490e-11       0.000000000000e+00       5.157524863853e-15       4.328792378384e-15      -2.102417113544e-16 
  865       3.726222412069e-10       2.694446442575e-12      -1.632424564522e-11       0.000000000000e+00       5.134724202527e-15       4.315070017977e-15      -2.067097874439e-16 
  866       3.731090321118e-10       2.659075770983e-12      -1.610572437427e-11       0.000000000000e+00       5.112049532632e-15       4.301212831123e-15      -2.031796271319e-16 
  867       3.735733965682e-10       2.624290050803e-12      -1.588412772700e-11       0.000000000000e+00       5.089499838034e-15       4.287220532894e-15      -1.996519546640e-16 
  868       3.740150103969e-10       2.590105115234e-12      -1.565953073895e-11       0.000000000000e+00       5.067074082708e-15       4.273092839240e-15      -1.961275003170e-16 
  869       3.744335474964e-10       2.556536909636e-12      -1.543200924871e-11       0.000000000000e+00       5.044771210672e-15       4.258829467000e-15      -1.926070004151e-16 
  870       3.748286798375e-10       2.523601491819e-12      -1.520163990027e-11       0.000000000000e+00       5.022590145910e-15       4.244430133900e-15      -1.890911973469e-16 
  871       3.752000774598e-10       2.491315032330e-12      -1.496850014546e-11       0.000000000000e+00       5.000529792310e-15       4.229894558561e-15      -1.855808395815e-16 
  872       3.755474084663e-10       2.459693814740e-12      -1.473266824633e-11       0.000000000000e+00       4.978589033587e-15       4.215222460504e-15      -1.820766816848e-16 
  873       3.758703390196e-10       2.428754235930e-12      -1.449422327755e-11       0.000000000000e+00       4.956766733219e-15       4.200413560151e-15      -1.785794843364e-16 
  874       3.761685333366e-10       2.398512806380e-12      -1.425324512881e-11       0.000000000000e+00       4.935061734373e-15       4.185467578829e-15      -1.750900143459e-16 
  875       3.764416536846e-10       2.368986150459e-12      -1.400981450721e-11       0.000000000000e+00       4.913472859838e-15       4.170384238779e-15      -1.716090446691e-16 
  876       3.766893603764e-10       2.340191006706e-12      -1.376401293967e-11       0.000000000000e+00       4.891998911953e-15       4.155163263156e-15      -1.681373544247e-16 
  877       3.769113117661e-10       2.312144228123e-12      -1.351592277533e-11       0.000000000000e+00       4.870638672538e-15       4.139804376034e-15      -1.646757289109e-16 
  878       3.771072230840e-10       2.284860649018e-12      -1.326562598949e-11       0.000000000000e+00       4.849391047256e-15       4.124307940574e-15      -1.612248217717e-16 
  879       3.772770440247e-10       2.258346646088e-12      -1.301320056878e-11       0.000000000000e+00       4.828255501464e-15       4.108676885146e-15      -1.577847389526e-16 
  880       3.774207841028e-10       2.232606470850e-12      -1.275872407063e-11       0.000000000000e+00       4.807231631468e-15       4.092914809241e-15      -1.543554478601e-16 
  881       3.775384540855e-10       2.207644373330e-12      -1.250227481849e-11       0.000000000000e+00       4.786319020705e-15       4.077025348312e-15      -1.509369145795e-16 
  882       3.776300659973e-10       2.183464602022e-12      -1.224393190410e-11       0.000000000000e+00       4.765517239693e-15       4.061012173881e-15      -1.475291038703e-16 
  883       3.776956331242e-10       2.160071403843e-12      -1.198377518960e-11       0.000000000000e+00       4.744825845985e-15       4.044878993639e-15      -1.441319791610e-16 
  884       3.777351700186e-10       2.137469024085e-12      -1.172188530985e-11       0.000000000000e+00       4.724244384118e-15       4.028629551550e-15      -1.407455025441e-16 
  885       3.777486925039e-10       2.115661706377e-12      -1.145834367455e-11       0.000000000000e+00       4.703772385573e-15       4.012267627958e-15      -1.373696347710e-16 
  886       3.777362176792e-10       2.094653692637e-12      -1.119323247054e-11       0.000000000000e+00       4.683409368720e-15       3.995797039684e-15      -1.340043352473e-16 
  887       3.776977639235e-10       2.074449223028e-12      -1.092663466392e-11       0.000000000000e+00       4.663154838775e-15       3.979221640135e-15      -1.306495620279e-16 
  888       3.776333509009e-10       2.055052535911e-12      -1.065863400234e-11       0.000000000000e+00       4.643008287751e-15       3.962545319407e-15      -1.273052718114e-16 
  889       3.775429995647e-10       2.036467867807e-12      -1.038931501719e-11       0.000000000000e+00       4.622969194412e-15       3.945772004384e-15      -1.239714199361e-16 
  890       3.774267321624e-10       2.018699453346e-12      -1.011876302577e-11       0.000000000000e+00       4.603037024221e-15       3.928905658846e-15      -1.206479603740e-16 
  891       3.772845722399e-10       2.001751525229e-12      -9.847064133580e-12       0.000000000000e+00       4.583211229302e-15       3.911950283572e-15      -1.173348457265e-16 
  892       3.771165446466e-10       1.985628314176e-12      -9.574305236462e-12       0.000000000000e+00       4.563491248382e-15       3.894909916440e-15      -1.140320272194e-16 
  893       3.769226755396e-10       1.970334048888e-12      -9.300574022854e-12       0.000000000000e+00       4.543876506751e-15       3.877788632534e-15      -1.107394546976e-16 
  894       3.767029923886e-10       1.955872956002e-12      -9.025958975986e-12       0.000000000000e+00       4.524366416211e-15       3.860590544247e-15      -1.074570766202e-16 
  895       3.764575239804e-10       1.942249260041e-12      -8.750549376098e-12       0.000000000000e+00       4.504960375029e-15       3.843319801382e-15      -1.041848400558e-16 
  896       3.761863004232e-10       1.929467183378e-12      -8.474435302653e-12       0.000000000000e+00       4.485657767893e-15       3.825980591259e-15      -1.009226906774e-16 
  897       3.758893531520e-10       1.917530946185e-12      -8.197707636545e-12       0.000000000000e+00       4.466457965858e-15       3.808577138815e-15      -9.767057275704e-17 
  898       3.755667149324e-10       1.906444766391e-12      -7.920458062317e-12       0.000000000000e+00       4.447360326307e-15       3.791113706711e-15      -9.442842916152e-17 
  899       3.752184198656e-10       1.896212859639e-12      -7.642779070370e-12       0.000000000000e+00       4.428364192894e-15       3.773594595431e-15      -9.119620134687e-17 
  900       3.748445033930e-10       1.886839439238e-12      -7.364763959179e-12       0.000000000000e+00       4.409468895507e-15       3.756024143389e-15      -8.797382935362e-17 
  901       3.744450023007e-10       1.878328716123e-12      -7.086506837500e-12       0.000000000000e+00       4.390673750210e-15       3.738406727034e-15      -8.476125180177e-17 
  902       3.740199547243e-10       1.870684898807e-12      -6.808102626590e-12       0.000000000000e+00       4.371978059206e-15       3.720746760946e-15      -8.155840588581e-17 
  903       3.735694001532e-10       1.863912193339e-12      -6.529647062413e-12       0.000000000000e+00       4.353381110780e-15       3.703048697948e-15      -7.836522736979e-17 
  904       3.730933794357e-10       1.858014803259e-12      -6.251236697858e-12       0.000000000000e+00       4.334882179260e-15       3.685317029205e-15      -7.518165058228e-17 
  905       3.725919347831e-10       1.852996929553e-12      -5.972968904946e-12       0.000000000000e+00       4.316480524963e-15       3.667556284327e-15      -7.200760841146e-17 
  906       3.720651097745e-10       1.848862770609e-12      -5.694941877050e-12       0.000000000000e+00       4.298175394152e-15       3.649771031475e-15      -6.884303230008e-17 
  907       3.715129493615e-10       1.845616522171e-12      -5.417254631098e-12       0.000000000000e+00       4.279966018987e-15       3.631965877463e-15      -6.568785224057e-17 
  908       3.709354998729e-10       1.843262377300e-12      -5.140007009796e-12       0.000000000000e+00       4.261851617475e-15       3.614145467860e-15      -6.254199676998e-17 
  909       3.703328090189e-10       1.841804526324e-12      -4.863299683832e-12       0.000000000000e+00       4.243831393430e-15       3.596314487098e-15      -5.940539296507e-17 
  910       3.697049258963e-10       1.841247156793e-12      -4.587234154094e-12       0.000000000000e+00       4.225904536415e-15       3.578477658570e-15      -5.627796643729e-17 
  911       3.690519009925e-10       1.841594453442e-12      -4.311912753882e-12       0.000000000000e+00       4.208070221706e-15       3.560639744737e-15      -5.315964132786e-17 
  912       3.683737861907e-10       1.842850598139e-12      -4.037438651116e-12       0.000000000000e+00       4.190327610236e-15       3.542805547229e-15      -5.005034030272e-17 
  913       3.676706347738e-10       1.845019769843e-12      -3.763915850555e-12       0.000000000000e+00       4.172675848549e-15       3.524979906952e-15      -4.694998454763e-17 
  914       3.669425014299e-10       1.848106144562e-12      -3.491449196007e-12       0.000000000000e+00       4.155114068759e-15       3.507167704188e-15      -4.385849376317e-17 
  915       3.661894422561e-10       1.852113895304e-12      -3.220144372539e-12       0.000000000000e+00       4.137641388495e-15       3.489373858699e-15      -4.077578615975e-17 
  916       3.654115147637e-10       1.857047192039e-12      -2.950107908694e-12       0.000000000000e+00       4.120256910855e-15       3.471603329833e-15      -3.770177845265e-17 
  917       3.646088113350e-10       1.862908422556e-12      -2.681439150632e-12       0.000000000000e+00       4.102959831575e-15       3.453860146455e-15      -3.463647692310e-17 
  918       3.637815601690e-10       1.869692824104e-12      -2.414206040063e-12       0.000000000000e+00       4.085749762482e-15       3.436144479615e-15      -3.158025220044e-17 
  919       3.629300259524e-10       1.877393766186e-12      -2.148468955018e-12       0.000000000000e+00       4.068626413097e-15       3.418455523475e-15      -2.853356884544e-17 
  920       3.620544765622e-10       1.886004521605e-12      -1.884288704024e-12       0.000000000000e+00       4.051589483853e-15       3.400792461217e-15      -2.549689468882e-17 
  921       3.611551830747e-10       1.895518266164e-12      -1.621726527172e-12       0.000000000000e+00       4.034638666065e-15       3.383154465010e-15      -2.247070083930e-17 
  922       3.602324197752e-10       1.905928078372e-12      -1.360844097186e-12       0.000000000000e+00       4.017773641900e-15       3.365540695975e-15      -1.945546169154e-17 
  923       3.592864641672e-10       1.917226939145e-12      -1.101703520493e-12       0.000000000000e+00       4.000994084341e-15       3.347950304149e-15      -1.645165493423e-17 
  924       3.583175969820e-10       1.929407731504e-12      -8.443673382857e-13       0.000000000000e+00       3.984299657158e-15       3.330382428451e-15      -1.345976155802e-17 
  925       3.573261021878e-10       1.942463240282e-12      -5.888985275971e-13       0.000000000000e+00       3.967690014875e-15       3.312836196648e-15      -1.048026586359e-17 
  926       3.563122669995e-10       1.956386151825e-12      -3.353605023644e-13       0.000000000000e+00       3.951164802737e-15       3.295310725318e-15      -7.513655469605e-18 
  927       3.552763818876e-10       1.971169053690e-12      -8.381711449922e-14       0.000000000000e+00       3.934723656677e-15       3.277805119816e-15      -4.560421320766e-18 
  928       3.542187405878e-10       1.986804434352e-12       1.656673450449e-13       0.000000000000e+00       3.918366203289e-15       3.260318474241e-15      -1.621057695792e-18 
  929       3.531396401103e-10       2.003284682906e-12       4.130281452041e-13       0.000000000000e+00       3.902092059790e-15       3.242849871398e-15       1.303937784560e-18 
  930       3.520393807496e-10       2.020602088763e-12       6.582001137359e-13       0.000000000000e+00       3.885900833989e-15       3.225398382766e-15       4.214064149496e-18 
  931       3.509182660932e-10       2.038748841360e-12       9.011176361512e-13       0.000000000000e+00       3.869792124260e-15       3.207963068460e-15       7.108817070171e-18 
  932       3.497766030315e-10       2.057717029856e-12       1.141714654646e-12       0.000000000000e+00       3.853765519501e-15       3.190542977201e-15       9.987688851682e-18 
  933       3.486147017668e-10       2.077498642837e-12       1.379924667032e-12       0.000000000000e+00       3.837820599112e-15       3.173137146275e-15       1.285016842507e-17 
  934       3.474328758232e-10       2.098085568017e-12       1.615680725671e-12       0.000000000000e+00       3.821956932953e-15       3.155744601504e-15       1.569574133928e-17 
  935       3.462314420553e-10       2.119469591940e-12       1.848915436405e-12       0.000000000000e+00       3.806174081321e-15       3.138364357208e-15       1.852388975322e-17 
  936       3.450107206584e-10       2.141642399683e-12       2.079560957487e-12       0.000000000000e+00       3.790471594911e-15       3.120995416168e-15       2.133409242766e-17 
  937       3.437710351770e-10       2.164595574557e-12       2.307548998514e-12       0.000000000000e+00       3.774849014786e-15       3.103636769599e-15       2.412582471732e-17 
  938       3.425127125148e-10       2.188320597809e-12       2.532810819361e-12       0.000000000000e+00       3.759305872347e-15       3.086287397104e-15       2.689855856278e-17 
  939       3.412360829439e-10       2.212808848324e-12       2.755277229106e-12       0.000000000000e+00       3.743841689299e-15       3.068946266650e-15       2.965176248255e-17 
  940       3.399414801141e-10       2.238051602330e-12       2.974878584971e-12       0.000000000000e+00       3.728455977618e-15       3.051612334526e-15       3.238490156497e-17 
  941       3.386292410625e-10       2.264040033093e-12       3.191544791247e-12       0.000000000000e+00       3.713148239521e-15       3.034284545310e-15       3.509743746031e-17 
  942       3.372997062226e-10       2.290765210628e-12       3.405205298226e-12       0.000000000000e+00       3.697917967434e-15       3.016961831836e-15       3.778882837266e-17 
  943       3.359532194339e-10       2.318218101392e-12       3.615789101137e-12       0.000000000000e+00       3.682764643955e-15       2.999643115158e-15       4.045852905199e-17 
  944       3.345901279511e-10       2.346389567995e-12       3.823224739075e-12       0.000000000000e+00       3.667687741830e-15       2.982327304512e-15       4.310599078613e-17 
  945       3.332107824536e-10       2.375270368893e-12       4.027440293932e-12       0.000000000000e+00       3.652686723915e-15       2.965013297288e-15       4.573066139273e-17 
  946       3.318155370550e-10       2.404851158097e-12       4.228363389330e-12       0.000000000000e+00       3.637761043145e-15       2.947699978988e-15       4.833198521130e-17 
  947       3.304047493122e-10       2.435122484874e-12       4.425921189555e-12       0.000000000000e+00       3.622910142502e-15       2.930386223196e-15       5.090940309515e-17 
  948       3.289787802350e-10       2.466074793443e-12       4.620040398484e-12       0.000000000000e+00       3.608133454984e-15       2.913070891541e-15       5.346235240343e-17 
  949       3.275379942954e-10       2.497698422687e-12       4.810647258519e-12       0.000000000000e+00       3.593430403574e-15       2.895752833664e-15       5.599026699311e-17 
  950       3.260827594369e-10       2.529983605844e-12       4.997667549520e-12       0.000000000000e+00       3.578800401202e-15       2.878430887179e-15       5.849257721093e-17 
  951       3.246134470841e-10       2.562920470220e-12       5.181026587737e-12       0.000000000000e+00       3.564242850721e-15       2.861103877643e-15       6.096870988547e-17 
  952       3.231304321519e-10       2.596499036881e-12       5.360649224738e-12       0.000000000000e+00       3.549757144869e-15       2.843770618519e-15       6.341808831908e-17 
  953       3.216340930549e-10       2.630709220363e-12       5.536459846344e-12       0.000000000000e+00       3.535342666238e-15       2.826429911141e-15       6.584013227987e-17 
  954       3.201248117168e-10       2.665540828369e-12       5.708382371563e-12       0.000000000000e+00       3.520998787244e-15       2.809080544678e-15       6.823425799376e-17 
  955       3.186029735800e-10       2.700983561473e-12       5.876340251514e-12       0.000000000000e+00       3.506724870092e-15       2.791721296104e-15       7.059987813642e-17 
  956       3.170689626901e-10       2.737026487226e-12       6.040266954608e-12       0.000000000000e+00       3.492520337315e-15       2.774351329150e-15       7.293654881230e-17 
  957       3.155231468511e-10       2.773656454269e-12       6.200137599704e-12       0.000000000000e+00       3.478384884611e-15       2.756971397927e-15       7.524441296775e-17 
  958       3.139658922622e-10       2.810859653407e-12       6.355937804060e-12       0.000000000000e+00       3.464318271195e-15       2.739582661624e-15       7.752376373563e-17 
  959       3.123975684304e-10       2.848622140633e-12       6.507653241210e-12       0.000000000000e+00       3.450320249497e-15       2.722186287199e-15       7.977489807367e-17 
  960       3.108185481795e-10       2.886929836766e-12       6.655269641270e-12       0.000000000000e+00       3.436390565143e-15       2.704783449395e-15       8.199811677565e-17 
  961       3.092292076587e-10       2.925768527087e-12       6.798772791243e-12       0.000000000000e+00       3.422528956933e-15       2.687375330760e-15       8.419372448277e-17 
  962       3.076299263510e-10       2.965123860965e-12       6.938148535330e-12       0.000000000000e+00       3.408735156815e-15       2.669963121662e-15       8.636202969483e-17 
  963       3.060210870824e-10       3.004981351495e-12       7.073382775234e-12       0.000000000000e+00       3.395008889864e-15       2.652548020307e-15       8.850334478158e-17 
  964       3.044030760304e-10       3.045326375131e-12       7.204461470468e-12       0.000000000000e+00       3.381349874259e-15       2.635131232757e-15       9.061798599393e-17 
  965       3.027762827329e-10       3.086144171317e-12       7.331370638664e-12       0.000000000000e+00       3.367757821259e-15       2.617713972949e-15       9.270627347526e-17 
  966       3.011411000967e-10       3.127419842121e-12       7.454096355876e-12       0.000000000000e+00       3.354232435184e-15       2.600297462710e-15       9.476853127268e-17 
  967       2.994979244065e-10       3.169138351868e-12       7.572624756894e-12       0.000000000000e+00       3.340773413386e-15       2.582882931776e-15       9.680508734828e-17 
  968       2.978471553332e-10       3.211284526773e-12       7.686942035544e-12       0.000000000000e+00       3.327380446231e-15       2.565471617807e-15       9.881627359046e-17 
  969       2.961891959433e-10       3.253843054576e-12       7.797034444998e-12       0.000000000000e+00       3.314053217076e-15       2.548064766408e-15       1.008024258251e-16 
  970       2.945244527071e-10       3.296798484172e-12       7.902888298082e-12       0.000000000000e+00       3.300791402242e-15       2.530663631146e-15       1.027638838270e-16 
  971       2.928533355074e-10       3.340135225244e-12       8.004489967585e-12       0.000000000000e+00       3.287594670995e-15       2.513269473565e-15       1.047009913310e-16 
  972       2.911762576489e-10       3.383837547902e-12       8.101825886560e-12       0.000000000000e+00       3.274462685523e-15       2.495883563203e-15       1.066140960432e-16 
  973       2.894936358661e-10       3.427889582306e-12       8.194882548638e-12       0.000000000000e+00       3.261395100912e-15       2.478507177615e-15       1.085035496525e-16 
  974       2.878058903324e-10       3.472275318310e-12       8.283646508329e-12       0.000000000000e+00       3.248391565122e-15       2.461141602386e-15       1.103697078415e-16 
  975       2.861134446692e-10       3.516978605085e-12       8.368104381337e-12       0.000000000000e+00       3.235451718967e-15       2.443788131146e-15       1.122129302981e-16 
  976       2.844167259539e-10       3.561983150761e-12       8.448242844858e-12       0.000000000000e+00       3.222575196089e-15       2.426448065595e-15       1.140335807268e-16 
  977       2.827161647291e-10       3.607272522053e-12       8.524048637894e-12       0.000000000000e+00       3.209761622939e-15       2.409122715515e-15       1.158320268595e-16 
  978       2.810121950115e-10       3.652830143900e-12       8.595508561557e-12       0.000000000000e+00       3.197010618751e-15       2.391813398788e-15       1.176086404672e-16 
  979       2.793052543001e-10       3.698639299091e-12       8.662609479378e-12       0.000000000000e+00       3.184321795519e-15       2.374521441414e-15       1.193637973714e-16 
  980       2.775957835854e-10       3.744683127906e-12       8.725338317613e-12       0.000000000000e+00       3.171694757977e-15       2.357248177530e-15       1.210978774547e-16 
  981       2.758842273578e-10       3.790944627743e-12       8.783682065550e-12       0.000000000000e+00       3.159129103573e-15       2.339994949426e-15       1.228112646728e-16 
  982       2.741710336165e-10       3.837406652755e-12       8.837627775816e-12       0.000000000000e+00       3.146624422449e-15       2.322763107563e-15       1.245043470654e-16 
  983       2.724566538785e-10       3.884051913480e-12       8.887162564688e-12       0.000000000000e+00       3.134180297415e-15       2.305554010588e-15       1.261775167676e-16 
  984       2.707415431868e-10       3.930862976476e-12       8.932273612392e-12       0.000000000000e+00       3.121796303929e-15       2.288369025357e-15       1.278311700210e-16 
  985       2.690261601195e-10       3.977822263954e-12       8.972948163420e-12       0.000000000000e+00       3.109472010073e-15       2.271209526946e-15       1.294657071852e-16 
  986       2.673109667983e-10       4.024912053411e-12       9.009173526830e-12       0.000000000000e+00       3.097206976530e-15       2.254076898675e-15       1.310815327489e-16 
  987       2.655964288976e-10       4.072114477262e-12       9.040937076555e-12       0.000000000000e+00       3.085000756560e-15       2.236972532119e-15       1.326790553413e-16 
  988       2.638830156528e-10       4.119411522474e-12       9.068226251711e-12       0.000000000000e+00       3.072852895982e-15       2.219897827131e-15       1.342586877431e-16 
  989       2.621711998694e-10       4.166785030199e-12       9.091028556907e-12       0.000000000000e+00       3.060762933143e-15       2.202854191856e-15       1.358208468982e-16 
  990       2.604614579316e-10       4.214216695408e-12       9.109331562545e-12       0.000000000000e+00       3.048730398902e-15       2.185843042750e-15       1.373659539248e-16 
  991       2.587542698107e-10       4.261688066520e-12       9.123122905132e-12       0.000000000000e+00       3.036754816607e-15       2.168865804597e-15       1.388944341262e-16 
  992       2.570501190746e-10       4.309180545042e-12       9.132390287590e-12       0.000000000000e+00       3.024835702066e-15       2.151923910525e-15       1.404067170031e-16 
  993       2.553494928957e-10       4.356675385197e-12       9.137121479555e-12       0.000000000000e+00       3.012972563531e-15       2.135018802029e-15       1.419032362637e-16 
  994       2.536528820603e-10       4.404153693557e-12       9.137304317692e-12       0.000000000000e+00       3.001164901671e-15       2.118151928980e-15       1.433844298358e-16 
  995       2.519607450116e-10       4.451597389459e-12       9.132934461418e-12       0.000000000000e+00       2.989412266625e-15       2.101324760711e-15       1.448505891894e-16 
  996       2.502733993839e-10       4.498992102429e-12       9.124038784189e-12       0.000000000000e+00       2.977714430114e-15       2.084538819391e-15       1.463014048591e-16 
  997       2.485911288940e-10       4.546324316561e-12       9.110652326202e-12       0.000000000000e+00       2.966071215809e-15       2.067795647170e-15       1.477364142725e-16 
  998       2.469142191657e-10       4.593580413344e-12       9.092810571357e-12       0.000000000000e+00       2.954482442472e-15       2.051096795187e-15       1.491551518265e-16 
  999       2.452429577350e-10       4.640746671412e-12       9.070549448498e-12       0.000000000000e+00       2.942947923938e-15       2.034443823583e-15       1.505571488807e-16 
 1000       2.435776340538e-10       4.687809266292e-12       9.043905332664e-12       0.000000000000e+00       2.931467469100e-15       2.017838301526e-15       1.519419337501e-16 
 1001       2.419185394950e-10       4.734754270154e-12       9.012915046331e-12       0.000000000000e+00       2.920040881894e-15       2.001281807223e-15       1.533090316983e-16 
 1002       2.402659673560e-10       4.781567651560e-12       8.977615860661e-12       0.000000000000e+00       2.908667961281e-15       1.984775927945e-15       1.546579649304e-16 
 1003       2.386202128639e-10       4.828235275214e-12       8.938045496749e-12       0.000000000000e+00       2.897348501233e-15       1.968322260040e-15       1.559882525863e-16 
 1004       2.369815731795e-10       4.874742901714e-12       8.894242126866e-12       0.000000000000e+00       2.886082290716e-15       1.951922408959e-15       1.572994107334e-16 
 1005       2.353503474015e-10       4.921076187294e-12       8.846244375708e-12       0.000000000000e+00       2.874869113675e-15       1.935577989267e-15       1.585909523596e-16 
 1006       2.337268365714e-10       4.967220683581e-12       8.794091321639e-12       0.000000000000e+00       2.863708749015e-15       1.919290624667e-15       1.598623873669e-16 
 1007       2.321113436773e-10       5.013161837342e-12       8.737822497943e-12       0.000000000000e+00       2.852600970590e-15       1.903061948019e-15       1.611132225635e-16 
 1008       2.305041736587e-10       5.058884990231e-12       8.677477894065e-12       0.000000000000e+00       2.841545547185e-15       1.886893601354e-15       1.623429616577e-16 
 1009       2.289056334108e-10       5.104375378542e-12       8.613097956860e-12       0.000000000000e+00       2.830542242496e-15       1.870787235898e-15       1.635511052505e-16 
 1010       2.273160317888e-10       5.149618132957e-12       8.544723591837e-12       0.000000000000e+00       2.819590815120e-15       1.854744512090e-15       1.647371508284e-16 
 1011       2.257356796121e-10       5.194598278293e-12       8.472396164408e-12       0.000000000000e+00       2.808691018538e-15       1.838767099596e-15       1.659005927572e-16 
 1012       2.241648896692e-10       5.239300733256e-12       8.396157501132e-12       0.000000000000e+00       2.797842601095e-15       1.822856677336e-15       1.670409222740e-16 
 1013       2.226039767215e-10       5.283710310187e-12       8.316049890963e-12       0.000000000000e+00       2.787045305988e-15       1.807014933495e-15       1.681576274812e-16 
 1014       2.210532575081e-10       5.327811714812e-12       8.232116086495e-12       0.000000000000e+00       2.776298871250e-15       1.791243565547e-15       1.692501933387e-16 
 1015       2.195130507499e-10       5.371589545994e-12       8.144399305208e-12       0.000000000000e+00       2.765603029730e-15       1.775544280271e-15       1.703181016577e-16 
 1016       2.179836771542e-10       5.415028295478e-12       8.052943230718e-12       0.000000000000e+00       2.754957509083e-15       1.759918793770e-15       1.713608310929e-16 
 1017       2.164654594191e-10       5.458112347644e-12       7.957792014016e-12       0.000000000000e+00       2.744362031750e-15       1.744368831494e-15       1.723778571364e-16 
 1018       2.149587222374e-10       5.500825979255e-12       7.858990274721e-12       0.000000000000e+00       2.733816314941e-15       1.728896128251e-15       1.733686521099e-16 
 1019       2.134637923018e-10       5.543153359207e-12       7.756583102324e-12       0.000000000000e+00       2.723320070626e-15       1.713502428234e-15       1.743326851584e-16 
 1020       2.119809983085e-10       5.585078548276e-12       7.650616057433e-12       0.000000000000e+00       2.712873005509e-15       1.698189485034e-15       1.752694222427e-16 
 1021       2.105106709620e-10       5.626585498873e-12       7.541135173021e-12       0.000000000000e+00       2.702474821020e-15       1.682959061662e-15       1.761783261328e-16 
 1022       2.090531429795e-10       5.667658054786e-12       7.428186955672e-12       0.000000000000e+00       2.692125213296e-15       1.667812930566e-15       1.770588564007e-16 
 1023       2.076087490949e-10       5.708279950935e-12       7.311818386826e-12       0.000000000000e+00       2.681823873165e-15       1.652752873652e-15       1.779104694136e-16 
 1024       2.061778260639e-10       5.748434813122e-12       7.192076924026e-12       0.000000000000e+00       2.671570486132e-15       1.637780682299e-15       1.787326183267e-16 
 1025       2.047607126674e-10       5.788106157773e-12       7.069010502165e-12       0.000000000000e+00       2.661364732358e-15       1.622898157382e-15       1.795247530765e-16 
 1026       2.033577497168e-10       5.827277391698e-12       6.942667534732e-12       0.000000000000e+00       2.651206286652e-15       1.608107109289e-15       1.802863203736e-16 
 1027       2.019692800578e-10       5.865931811831e-12       6.813096915057e-12       0.000000000000e+00       2.641094818447e-15       1.593409357939e-15       1.810167636958e-16 
 1028       2.005956485751e-10       5.904052604985e-12       6.680348017559e-12       0.000000000000e+00       2.631029991790e-15       1.578806732803e-15       1.817155232812e-16 
 1029       1.992372021966e-10       5.941622847600e-12       6.544470698991e-12       0.000000000000e+00       2.621011465322e-15       1.564301072921e-15       1.823820361210e-16 
 1030       1.978942898978e-10       5.978625505491e-12       6.405515299687e-12       0.000000000000e+00       2.611038892266e-15       1.549894226920e-15       1.830157359529e-16 
 1031       1.965672627062e-10       6.015043433601e-12       6.263532644808e-12       0.000000000000e+00       2.601111920406e-15       1.535588053037e-15       1.836160532539e-16 
 1032       1.952564737058e-10       6.050859375745e-12       6.118574045588e-12       0.000000000000e+00       2.591230192077e-15       1.521384419132e-15       1.841824152330e-16 
 1033       1.939622780413e-10       6.086055964364e-12       5.970691300581e-12       0.000000000000e+00       2.581393344144e-15       1.507285202712e-15       1.847142458249e-16 
 1034       1.926849864031e-10       6.120617609451e-12       5.819938254715e-12       0.000000000000e+00       2.571601047093e-15       1.493291640075e-15       1.852111859113e-16 
 1035       1.914247247535e-10       6.154536195059e-12       5.666375498070e-12       0.000000000000e+00       2.561853122941e-15       1.479402363637e-15       1.856737574078e-16 
 1036       1.901815726273e-10       6.187805462777e-12       5.510065735961e-12       0.000000000000e+00       2.552149428958e-15       1.465615336915e-15       1.861027085458e-16 
 1037       1.889556094709e-10       6.220419129813e-12       5.351072238569e-12       0.000000000000e+00       2.542489818705e-15       1.451928502829e-15       1.864987945121e-16 
 1038       1.877469146413e-10       6.252370888952e-12       5.189458842360e-12       0.000000000000e+00       2.532874142020e-15       1.438339783648e-15       1.868627774666e-16 
 1039       1.865555674052e-10       6.283654408519e-12       5.025289951507e-12       0.000000000000e+00       2.523302245009e-15       1.424847080935e-15       1.871954265600e-16 
 1040       1.853816469385e-10       6.314263332340e-12       4.858630539314e-12       0.000000000000e+00       2.513773970032e-15       1.411448275497e-15       1.874975179517e-16 
 1041       1.842252323250e-10       6.344191279706e-12       4.689546149629e-12       0.000000000000e+00       2.504289155694e-15       1.398141227325e-15       1.877698348272e-16 
 1042       1.830864025560e-10       6.373431845329e-12       4.518102898275e-12       0.000000000000e+00       2.494847636830e-15       1.384923775542e-15       1.880131674161e-16 
 1043       1.819652365292e-10       6.401978599306e-12       4.344367474462e-12       0.000000000000e+00       2.485449244497e-15       1.371793738353e-15       1.882283130099e-16 
 1044       1.808618130479e-10       6.429825087082e-12       4.168407142214e-12       0.000000000000e+00       2.476093805959e-15       1.358748912983e-15       1.884160759793e-16 
 1045       1.797762108203e-10       6.456964829408e-12       3.990289741788e-12       0.000000000000e+00       2.466781144680e-15       1.345787075631e-15       1.885772677922e-16 
 1046       1.787085084585e-10       6.483391322305e-12       3.810083691092e-12       0.000000000000e+00       2.457511080306e-15       1.332905981409e-15       1.887127070316e-16 
 1047       1.776587844777e-10       6.509098037022e-12       3.627857987113e-12       0.000000000000e+00       2.448283428662e-15       1.320103364292e-15       1.888232194128e-16 
 1048       1.766271172954e-10       6.534078420001e-12       3.443682207330e-12       0.000000000000e+00       2.439098001731e-15       1.307376937063e-15       1.889096378017e-16 
 1049       1.756135852306e-10       6.558325892837e-12       3.257626511140e-12       0.000000000000e+00       2.429954607650e-15       1.294724391257e-15       1.889728022320e-16 
 1050       1.746182665030e-10       6.581833852236e-12       3.069761641278e-12       0.000000000000e+00       2.420853050694e-15       1.282143397112e-15       1.890135599234e-16 
 1051       1.736412392320e-10       6.604595669981e-12       2.880158925235e-12       0.000000000000e+00       2.411793131266e-15       1.269631603506e-15       1.890327652988e-16 
 1052       1.726825814358e-10       6.626604692893e-12       2.688890276686e-12       0.000000000000e+00       2.402774645887e-15       1.257186637912e-15       1.890312800026e-16 
 1053       1.717423710311e-10       6.647854242786e-12       2.496028196901e-12       0.000000000000e+00       2.393797387181e-15       1.244806106338e-15       1.890099729180e-16 
 1054       1.708206858314e-10       6.668337616436e-12       2.301645776174e-12       0.000000000000e+00       2.384861143866e-15       1.232487593276e-15       1.889697201847e-16 
 1055       1.699176035471e-10       6.688048085538e-12       2.105816695243e-12       0.000000000000e+00       2.375965700742e-15       1.220228661644e-15       1.889114052169e-16 
 1056       1.690332017839e-10       6.706978896669e-12       1.908615226705e-12       0.000000000000e+00       2.367110838679e-15       1.208026852739e-15       1.888359187209e-16 
 1057       1.681675580425e-10       6.725123271248e-12       1.710116236445e-12       0.000000000000e+00       2.358296334605e-15       1.195879686172e-15       1.887441587128e-16 
 1058       1.673207497172e-10       6.742474405498e-12       1.510395185051e-12       0.000000000000e+00       2.349521961496e-15       1.183784659826e-15       1.886370305362e-16 
 1059       1.664928540959e-10       6.759025470406e-12       1.309528129237e-12       0.000000000000e+00       2.340787488363e-15       1.171739249793e-15       1.885154468797e-16 
 1060       1.656839483583e-10       6.774769611687e-12       1.107591723264e-12       0.000000000000e+00       2.332092680240e-15       1.159740910322e-15       1.883803277953e-16 
 1061       1.648941095758e-10       6.789699949741e-12       9.046632203624e-13       0.000000000000e+00       2.323437298176e-15       1.147787073769e-15       1.882326007153e-16 
 1062       1.641234147102e-10       6.803809579620e-12       7.008204741494e-13       0.000000000000e+00       2.314821099219e-15       1.135875150534e-15       1.880732004705e-16 
 1063       1.633719406134e-10       6.817091570984e-12       4.961419400531e-13       0.000000000000e+00       2.306243836406e-15       1.124002529019e-15       1.879030693080e-16 
 1064       1.626397640259e-10       6.829538968064e-12       2.907066767322e-13       0.000000000000e+00       2.297705258752e-15       1.112166575561e-15       1.877231569085e-16 
 1065       1.619269615764e-10       6.841144789626e-12       8.459434749685e-14       0.000000000000e+00       2.289205111239e-15       1.100364634388e-15       1.875344204043e-16 
 1066       1.612336097808e-10       6.851902028926e-12      -1.221147782700e-13       0.000000000000e+00       2.280743134803e-15       1.088594027560e-15       1.873378243970e-16 
 1067       1.605597850415e-10       6.861803653678e-12      -3.293398236919e-13       0.000000000000e+00       2.272319066324e-15       1.076852054913e-15       1.871343409752e-16 
 1068       1.599055636466e-10       6.870842606012e-12      -5.369993029779e-13       0.000000000000e+00       2.263932638611e-15       1.065135994012e-15       1.869249497321e-16 
 1069       1.592710217686e-10       6.879011802433e-12      -7.450111200017e-13       0.000000000000e+00       2.255583580396e-15       1.053443100089e-15       1.867106377836e-16 
 1070       1.586562354642e-10       6.886304133789e-12      -9.532925668804e-13       0.000000000000e+00       2.247271616317e-15       1.041770605993e-15       1.864923997855e-16 
 1071       1.580612806731e-10       6.892712465225e-12      -1.161760322554e-12       0.000000000000e+00       2.238996466911e-15       1.030115722136e-15       1.862712379516e-16 
 1072       1.574862332173e-10       6.898229636148e-12      -1.370330451364e-12       0.000000000000e+00       2.230757848599e-15       1.018475636436e-15       1.860481620711e-16 
 1073       1.569311346335e-10       6.902850297577e-12      -1.578923172291e-12       0.000000000000e+00       2.222555503567e-15       1.006848491742e-15       1.858239540418e-16 
 1074       1.563958891643e-10       6.906576451670e-12      -1.787477240645e-12       0.000000000000e+00       2.214389289876e-15       9.952363327810e-16       1.855984579221e-16 
 1075       1.558803653624e-10       6.909411987549e-12      -1.995935759385e-12       0.000000000000e+00       2.206259092556e-15       9.836421992275e-16       1.853712802464e-16 
 1076       1.553844301264e-10       6.911360850906e-12      -2.204241425297e-12       0.000000000000e+00       2.198164793819e-15       9.720691519182e-16       1.851420246275e-16 
 1077       1.549079486959e-10       6.912427044153e-12      -2.412336528066e-12       0.000000000000e+00       2.190106273048e-15       9.605202728972e-16       1.849102917488e-16 
 1078       1.544507846472e-10       6.912614626579e-12      -2.620162949358e-12       0.000000000000e+00       2.182083406790e-15       9.489986654650e-16       1.846756793583e-16 
 1079       1.540127998889e-10       6.911927714495e-12      -2.827662161889e-12       0.000000000000e+00       2.174096068747e-15       9.375074542250e-16       1.844377822613e-16 
 1080       1.535938546576e-10       6.910370481394e-12      -3.034775228506e-12       0.000000000000e+00       2.166144129768e-15       9.260497851319e-16       1.841961923137e-16 
 1081       1.531938075133e-10       6.907947158099e-12      -3.241442801262e-12       0.000000000000e+00       2.158227457841e-15       9.146288255389e-16       1.839504984154e-16 
 1082       1.528125153353e-10       6.904662032918e-12      -3.447605120489e-12       0.000000000000e+00       2.150345918082e-15       9.032477642457e-16       1.837002865033e-16 
 1083       1.524498333176e-10       6.900519451795e-12      -3.653202013875e-12       0.000000000000e+00       2.142499372732e-15       8.919098115457e-16       1.834451395445e-16 
 1084       1.521056149645e-10       6.895523818466e-12      -3.858172895544e-12       0.000000000000e+00       2.134687681141e-15       8.806181992741e-16       1.831846375297e-16 
 1085       1.517797120863e-10       6.889679594604e-12      -4.062456765126e-12       0.000000000000e+00       2.126910699767e-15       8.693761808551e-16       1.829183574659e-16 
 1086       1.514719747950e-10       6.882991299981e-12      -4.265992206834e-12       0.000000000000e+00       2.119168282163e-15       8.581870313496e-16       1.826458733704e-16 
 1087       1.511822514995e-10       6.875463512614e-12      -4.468717388543e-12       0.000000000000e+00       2.111460278968e-15       8.470540475033e-16       1.823667562632e-16 
 1088       1.509103889017e-10       6.867100868920e-12      -4.670570060863e-12       0.000000000000e+00       2.103786537903e-15       8.359805477937e-16       1.820805741607e-16 
 1089       1.506562319918e-10       6.857908063868e-12      -4.871487556216e-12       0.000000000000e+00       2.096146903759e-15       8.249698724780e-16       1.817868920688e-16 
 1090       1.504196240441e-10       6.847889851131e-12      -5.071406787911e-12       0.000000000000e+00       2.088541218389e-15       8.140253836408e-16       1.814852719758e-16 
 1091       1.502004066124e-10       6.837051043242e-12      -5.270264249222e-12       0.000000000000e+00       2.080969320700e-15       8.031504652416e-16       1.811752728461e-16 
 1092       1.499984195257e-10       6.825396511741e-12      -5.467996012458e-12       0.000000000000e+00       2.073431046644e-15       7.923485231625e-16       1.808564506129e-16 
 1093       1.498135008839e-10       6.812931187333e-12      -5.664537728048e-12       0.000000000000e+00       2.065926229211e-15       7.816229852558e-16       1.805283581719e-16 
 1094       1.496454870533e-10       6.799660060036e-12      -5.859824623608e-12       0.000000000000e+00       2.058454698420e-15       7.709773013916e-16       1.801905453739e-16 
 1095       1.494942126621e-10       6.785588179338e-12      -6.053791503022e-12       0.000000000000e+00       2.051016281310e-15       7.604149435054e-16       1.798425590187e-16 
 1096       1.493595105964e-10       6.770720654344e-12      -6.246372745518e-12       0.000000000000e+00       2.043610801930e-15       7.499394056460e-16       1.794839428475e-16 
 1097       1.492412119953e-10       6.755062653936e-12      -6.437502304738e-12       0.000000000000e+00       2.036238081334e-15       7.395542040228e-16       1.791142375370e-16 
 1098       1.491391462469e-10       6.738619406918e-12      -6.627113707823e-12       0.000000000000e+00       2.028897937571e-15       7.292628770534e-16       1.787329806918e-16 
 1099       1.490531409837e-10       6.721396202174e-12      -6.815140054481e-12       0.000000000000e+00       2.021590185676e-15       7.190689854116e-16       1.783397068379e-16 
 1100       1.489830220781e-10       6.703398388818e-12      -7.001514016066e-12       0.000000000000e+00       2.014314637662e-15       7.089761120746e-16       1.779339474161e-16 
 1101       1.489286136386e-10       6.684631376347e-12      -7.186167834653e-12       0.000000000000e+00       2.007071102511e-15       6.989878623710e-16       1.775152307750e-16 
 1102       1.488897380045e-10       6.665100634794e-12      -7.369033322118e-12       0.000000000000e+00       1.999859386168e-15       6.891078640282e-16       1.770830821641e-16 
 1103       1.488662157423e-10       6.644811694880e-12      -7.550041859204e-12       0.000000000000e+00       1.992679291528e-15       6.793397672200e-16       1.766370237272e-16 
 1104       1.488578656409e-10       6.623770148168e-12      -7.729124394609e-12       0.000000000000e+00       1.985530618431e-15       6.696872446143e-16       1.761765744955e-16 
 1105       1.488645047072e-10       6.601981647213e-12      -7.906211444053e-12       0.000000000000e+00       1.978413163655e-15       6.601539914210e-16       1.757012503807e-16 
 1106       1.488859481620e-10       6.579451905717e-12      -8.081233089356e-12       0.000000000000e+00       1.971326720902e-15       6.507437254390e-16       1.752105641685e-16 
 1107       1.489220094352e-10       6.556186698682e-12      -8.254118977517e-12       0.000000000000e+00       1.964271080796e-15       6.414601871045e-16       1.747040255114e-16 
 1108       1.489725001618e-10       6.532191862558e-12      -8.424798319784e-12       0.000000000000e+00       1.957246030869e-15       6.323071395380e-16       1.741811409224e-16 
 1109       1.490372301771e-10       6.507473295401e-12      -8.593199890736e-12       0.000000000000e+00       1.950251355556e-15       6.232883685927e-16       1.736414137675e-16 
 1110       1.491160075128e-10       6.482036957024e-12      -8.759252027356e-12       0.000000000000e+00       1.943286836186e-15       6.144076829012e-16       1.730843442597e-16 
 1111       1.492086383921e-10       6.455888869148e-12      -8.922882628105e-12       0.000000000000e+00       1.936352250973e-15       6.056689139239e-16       1.725094294515e-16 
 1112       1.493149193074e-10       6.429035988106e-12      -9.084027324733e-12       0.000000000000e+00       1.929447397569e-15       5.970749744278e-16       1.719162824035e-16 
 1113       1.494346131463e-10       6.401488835204e-12      -9.242654117152e-12       0.000000000000e+00       1.922572161070e-15       5.886250202814e-16       1.713049914167e-16 
 1114       1.495674727430e-10       6.373258901232e-12      -9.398739060452e-12       0.000000000000e+00       1.915726446887e-15       5.803172514578e-16       1.706757655072e-16 
 1115       1.497132487630e-10       6.344357777277e-12      -9.552258121393e-12       0.000000000000e+00       1.908910158259e-15       5.721498501768e-16       1.700288156642e-16 
 1116       1.498716896979e-10       6.314797154970e-12      -9.703187178280e-12       0.000000000000e+00       1.902123196249e-15       5.641209808619e-16       1.693643548546e-16 
 1117       1.500425418602e-10       6.284588826713e-12      -9.851502020823e-12       0.000000000000e+00       1.895365459734e-15       5.562287900960e-16       1.686825980278e-16 
 1118       1.502255493784e-10       6.253744685927e-12      -9.997178350010e-12       0.000000000000e+00       1.888636845401e-15       5.484714065779e-16       1.679837621203e-16 
 1119       1.504204541914e-10       6.222276727279e-12      -1.014019177798e-11       0.000000000000e+00       1.881937247742e-15       5.408469410790e-16       1.672680660610e-16 
 1120       1.506269960438e-10       6.190197046925e-12      -1.028051782787e-11       0.000000000000e+00       1.875266559042e-15       5.333534863991e-16       1.665357307754e-16 
 1121       1.508449124804e-10       6.157517842749e-12      -1.041813193372e-11       0.000000000000e+00       1.868624669381e-15       5.259891173230e-16       1.657869791903e-16 
 1122       1.510739388411e-10       6.124251414592e-12      -1.055300944030e-11       0.000000000000e+00       1.862011466621e-15       5.187518905770e-16       1.650220362390e-16 
 1123       1.513138082560e-10       6.090410164497e-12      -1.068512560301e-11       0.000000000000e+00       1.855426836405e-15       5.116398447848e-16       1.642411288660e-16 
 1124       1.515642516398e-10       6.056006596945e-12      -1.081445558773e-11       0.000000000000e+00       1.848870662144e-15       5.046510004244e-16       1.634444860312e-16 
 1125       1.518249976871e-10       6.021053319088e-12      -1.094097447071e-11       0.000000000000e+00       1.842342825017e-15       4.977833597837e-16       1.626323387154e-16 
 1126       1.520957728669e-10       5.985563040989e-12      -1.106465723841e-11       0.000000000000e+00       1.835843203965e-15       4.910349069178e-16       1.618049199243e-16 
 1127       1.523763014176e-10       5.949548575862e-12      -1.118547878737e-11       0.000000000000e+00       1.829371675677e-15       4.844036076043e-16       1.609624646941e-16 
 1128       1.526663053416e-10       5.913022840302e-12      -1.130341392411e-11       0.000000000000e+00       1.822928114594e-15       4.778874093003e-16       1.601052100955e-16 
 1129       1.529655044007e-10       5.875998854529e-12      -1.141843736497e-11       0.000000000000e+00       1.816512392894e-15       4.714842410988e-16       1.592333952387e-16 
 1130       1.532736161102e-10       5.838489742623e-12      -1.153052373598e-11       0.000000000000e+00       1.810124380492e-15       4.651920136846e-16       1.583472612785e-16 
 1131       1.535903557344e-10       5.800508732758e-12      -1.163964757275e-11       0.000000000000e+00       1.803763945030e-15       4.590086192906e-16       1.574470514184e-16 
 1132       1.539154362809e-10       5.762069157445e-12      -1.174578332030e-11       0.000000000000e+00       1.797430951873e-15       4.529319316549e-16       1.565330109161e-16 
 1133       1.542485684960e-10       5.723184453765e-12      -1.184890533297e-11       0.000000000000e+00       1.791125264100e-15       4.469598059762e-16       1.556053870875e-16 
 1134       1.545894608588e-10       5.683868163606e-12      -1.194898787426e-11       0.000000000000e+00       1.784846742501e-15       4.410900788708e-16       1.546644293120e-16 
 1135       1.549378195770e-10       5.644133933903e-12      -1.204600511671e-11       0.000000000000e+00       1.778595245570e-15       4.353205683285e-16       1.537103890371e-16 
 1136       1.552933485806e-10       5.603995516873e-12      -1.213993114175e-11       0.000000000000e+00       1.772370629495e-15       4.296490736691e-16       1.527435197830e-16 
 1137       1.556557495179e-10       5.563466770254e-12      -1.223073993961e-11       0.000000000000e+00       1.766172748157e-15       4.240733754991e-16       1.517640771476e-16 
 1138       1.560247217495e-10       5.522561657539e-12      -1.231840540915e-11       0.000000000000e+00       1.760001453121e-15       4.185912356672e-16       1.507723188110e-16 
 1139       1.563999623434e-10       5.481294248217e-12      -1.240290135774e-11       0.000000000000e+00       1.753856593631e-15       4.132003972214e-16       1.497685045405e-16 
 1140       1.567811660699e-10       5.439678718008e-12      -1.248420150111e-11       0.000000000000e+00       1.747738016602e-15       4.078985843651e-16       1.487528961952e-16 
 1141       1.571680253964e-10       5.397729349099e-12      -1.256227946327e-11       0.000000000000e+00       1.741645566614e-15       4.026835024134e-16       1.477257577308e-16 
 1142       1.575602304825e-10       5.355460530384e-12      -1.263710877633e-11       0.000000000000e+00       1.735579085908e-15       3.975528377492e-16       1.466873552042e-16 
 1143       1.579574691740e-10       5.312886757701e-12      -1.270866288036e-11       0.000000000000e+00       1.729538414377e-15       3.925042577800e-16       1.456379567786e-16 
 1144       1.583594269989e-10       5.270022634067e-12      -1.277691512332e-11       0.000000000000e+00       1.723523389563e-15       3.875354108939e-16       1.445778327280e-16 
 1145       1.587657871614e-10       5.226882869915e-12      -1.284183876087e-11       0.000000000000e+00       1.717533846645e-15       3.826439264162e-16       1.435072554418e-16 
 1146       1.591762305369e-10       5.183482283335e-12      -1.290340695626e-11       0.000000000000e+00       1.711569618439e-15       3.778274145653e-16       1.424264994300e-16 
 1147       1.595904356671e-10       5.139835800307e-12      -1.296159278018e-11       0.000000000000e+00       1.705630535390e-15       3.730834664096e-16       1.413358413276e-16 
 1148       1.600080787545e-10       5.095958454940e-12      -1.301636921068e-11       0.000000000000e+00       1.699716425563e-15       3.684096538233e-16       1.402355598995e-16 
 1149       1.604288336577e-10       5.051865389709e-12      -1.306770913296e-11       0.000000000000e+00       1.693827114639e-15       3.638035294432e-16       1.391259360452e-16 
 1150       1.608523718857e-10       5.007571855694e-12      -1.311558533932e-11       0.000000000000e+00       1.687962425909e-15       3.592626266247e-16       1.380072528035e-16 
 1151       1.612783805850e-10       4.963092760679e-12      -1.315997788270e-11       0.000000000000e+00       1.682122198515e-15       3.547847505209e-16       1.368797896652e-16 
 1152       1.617066167604e-10       4.918441306710e-12      -1.320089624006e-11       0.000000000000e+00       1.676306342438e-15       3.503688554535e-16       1.357438054227e-16 
 1153       1.621368537323e-10       4.873630335713e-12      -1.323835743016e-11       0.000000000000e+00       1.670514784199e-15       3.460141785957e-16       1.345995551117e-16 
 1154       1.625688632038e-10       4.828672780252e-12      -1.327237868592e-11       0.000000000000e+00       1.664747448663e-15       3.417199498418e-16       1.334472956885e-16 
 1155       1.630024152568e-10       4.783581663727e-12      -1.330297745492e-11       0.000000000000e+00       1.659004259040e-15       3.374853917908e-16       1.322872860336e-16 
 1156       1.634372783492e-10       4.738370100571e-12      -1.333017139993e-11       0.000000000000e+00       1.653285136878e-15       3.333097197284e-16       1.311197869567e-16 
 1157       1.638732193104e-10       4.693051296442e-12      -1.335397839949e-11       0.000000000000e+00       1.647590002059e-15       3.291921416101e-16       1.299450612000e-16 
 1158       1.643100033386e-10       4.647638548426e-12      -1.337441654839e-11       0.000000000000e+00       1.641918772795e-15       3.251318580436e-16       1.287633734433e-16 
 1159       1.647473939969e-10       4.602145245229e-12      -1.339150415823e-11       0.000000000000e+00       1.636271365622e-15       3.211280622717e-16       1.275749903076e-16 
 1160       1.651851532096e-10       4.556584867371e-12      -1.340525975797e-11       0.000000000000e+00       1.630647695395e-15       3.171799401548e-16       1.263801803599e-16 
 1161       1.656230412591e-10       4.510970987390e-12      -1.341570209440e-11       0.000000000000e+00       1.625047675287e-15       3.132866701539e-16       1.251792141169e-16 
 1162       1.660608167821e-10       4.465317270030e-12      -1.342285013276e-11       0.000000000000e+00       1.619471216778e-15       3.094474233128e-16       1.239723640496e-16 
 1163       1.664982367660e-10       4.419637472442e-12      -1.342672305721e-11       0.000000000000e+00       1.613918229659e-15       3.056613632412e-16       1.227599045874e-16 
 1164       1.669350565455e-10       4.373945444379e-12      -1.342734027139e-11       0.000000000000e+00       1.608388622019e-15       3.019276460971e-16       1.215421121222e-16 
 1165       1.673710297992e-10       4.328255128391e-12      -1.342472139894e-11       0.000000000000e+00       1.602882300245e-15       2.982454205697e-16       1.203192650131e-16 
 1166       1.678059085457e-10       4.282580560025e-12      -1.341888628407e-11       0.000000000000e+00       1.597399169017e-15       2.946138278620e-16       1.190916435900e-16 
 1167       1.682394431404e-10       4.236935868016e-12      -1.340985499204e-11       0.000000000000e+00       1.591939131303e-15       2.910320016733e-16       1.178595301586e-16 
 1168       1.686713822717e-10       4.191335274489e-12      -1.339764780971e-11       0.000000000000e+00       1.586502088353e-15       2.874990681824e-16       1.166232090037e-16 
 1169       1.691014729578e-10       4.145793095149e-12      -1.338228524612e-11       0.000000000000e+00       1.581087939696e-15       2.840141460297e-16       1.153829663943e-16 
 1170       1.695294605430e-10       4.100323739485e-12      -1.336378803296e-11       0.000000000000e+00       1.575696583137e-15       2.805763463000e-16       1.141390905874e-16 
 1171       1.699550886938e-10       4.054941710957e-12      -1.334217712515e-11       0.000000000000e+00       1.570327914748e-15       2.771847725055e-16       1.128918718324e-16 
 1172       1.703780993961e-10       4.009661607201e-12      -1.331747370133e-11       0.000000000000e+00       1.564981828866e-15       2.738385205683e-16       1.116416023750e-16 
 1173       1.707982329511e-10       3.964498120218e-12      -1.328969916443e-11       0.000000000000e+00       1.559658218090e-15       2.705366788030e-16       1.103885764619e-16 
 1174       1.712152279719e-10       3.919466036578e-12      -1.325887514221e-11       0.000000000000e+00       1.554356973273e-15       2.672783278995e-16       1.091330903449e-16 
 1175       1.716288213802e-10       3.874580237607e-12      -1.322502348775e-11       0.000000000000e+00       1.549077983519e-15       2.640625409054e-16       1.078754422849e-16 
 1176       1.720387484024e-10       3.829855699592e-12      -1.318816628003e-11       0.000000000000e+00       1.543821136179e-15       2.608883832094e-16       1.066159325564e-16 
 1177       1.724447425663e-10       3.785307493971e-12      -1.314832582444e-11       0.000000000000e+00       1.538586316845e-15       2.577549125229e-16       1.053548634517e-16 
 1178       1.728465356975e-10       3.740950787533e-12      -1.310552465329e-11       0.000000000000e+00       1.533373409349e-15       2.546611788639e-16       1.040925392850e-16 
 1179       1.732438579160e-10       3.696800842613e-12      -1.305978552642e-11       0.000000000000e+00       1.528182295751e-15       2.516062245385e-16       1.028292663967e-16 
 1180       1.736364376324e-10       3.652873017288e-12      -1.301113143164e-11       0.000000000000e+00       1.523012856343e-15       2.485890841246e-16       1.015653531578e-16 
 1181       1.740240015445e-10       3.609182765573e-12      -1.295958558534e-11       0.000000000000e+00       1.517864969639e-15       2.456087844537e-16       1.003011099739e-16 
 1182       1.744062746340e-10       3.565745637618e-12      -1.290517143298e-11       0.000000000000e+00       1.512738512370e-15       2.426643445945e-16       9.903684928958e-17 
 1183       1.747829801626e-10       3.522577279905e-12      -1.284791264962e-11       0.000000000000e+00       1.507633359484e-15       2.397547758347e-16       9.777288559255e-17 
 1184       1.751538396685e-10       3.479693435441e-12      -1.278783314051e-11       0.000000000000e+00       1.502549384137e-15       2.368790816642e-16       9.650953541799e-17 
 1185       1.755185729632e-10       3.437109943959e-12      -1.272495704155e-11       0.000000000000e+00       1.497486457690e-15       2.340362577578e-16       9.524711735272e-17 
 1186       1.758768981276e-10       3.394842742110e-12      -1.265930871986e-11       0.000000000000e+00       1.492444449705e-15       2.312252919575e-16       9.398595203942e-17 
 1187       1.762285315087e-10       3.352907863663e-12      -1.259091277433e-11       0.000000000000e+00       1.487423227940e-15       2.284451642555e-16       9.272636218094e-17 
 1188       1.765731877161e-10       3.311321439696e-12      -1.251979403612e-11       0.000000000000e+00       1.482422658343e-15       2.256948467771e-16       9.146867254448e-17 
 1189       1.769105796180e-10       3.270099698801e-12      -1.244597756921e-11       0.000000000000e+00       1.477442605048e-15       2.229733037627e-16       9.021320996584e-17 
 1190       1.772404500476e-10       3.229257510303e-12      -1.236949180344e-11       0.000000000000e+00       1.472482942865e-15       2.202799460766e-16       8.896025682324e-17 
 1191       1.775626673524e-10       3.188803993983e-12      -1.229037797460e-11       0.000000000000e+00       1.467543594911e-15       2.176160008781e-16       8.770991082463e-17 
 1192       1.778771310115e-10       3.148746856823e-12      -1.220868080136e-11       0.000000000000e+00       1.462624495430e-15       2.149831587388e-16       8.646222350663e-17 
 1193       1.781837400312e-10       3.109093845161e-12      -1.212444536404e-11       0.000000000000e+00       1.457725577338e-15       2.123831206643e-16       8.521724660904e-17 
 1194       1.784823929448e-10       3.069852744758e-12      -1.203771710547e-11       0.000000000000e+00       1.452846772223e-15       2.098175981152e-16       8.397503207512e-17 
 1195       1.787729878115e-10       3.031031380876e-12      -1.194854183172e-11       0.000000000000e+00       1.447988010338e-15       2.072883130284e-16       8.273563205194e-17 
 1196       1.790554222154e-10       2.992637618346e-12      -1.185696571297e-11       0.000000000000e+00       1.443149220599e-15       2.047969978382e-16       8.149909889064e-17 
 1197       1.793295932649e-10       2.954679361644e-12      -1.176303528424e-11       0.000000000000e+00       1.438330330582e-15       2.023453954976e-16       8.026548514673e-17 
 1198       1.795953975919e-10       2.917164554962e-12      -1.166679744625e-11       0.000000000000e+00       1.433531266518e-15       1.999352594990e-16       7.903484358040e-17 
 1199       1.798527313506e-10       2.880101182285e-12      -1.156829946619e-11       0.000000000000e+00       1.428751953290e-15       1.975683538960e-16       7.780722715681e-17 
 1200       1.801014902170e-10       2.843497267459e-12      -1.146758897849e-11       0.000000000000e+00       1.423992314431e-15       1.952464533242e-16       7.658268904639e-17 
 1201       1.803415693879e-10       2.807360874265e-12      -1.136471398568e-11       0.000000000000e+00       1.419252272118e-15       1.929713430225e-16       7.536128262515e-17 
 1202       1.805728635801e-10       2.771700106493e-12      -1.125972285916e-11       0.000000000000e+00       1.414531747169e-15       1.907448188541e-16       7.414306147494e-17 
 1203       1.807952670294e-10       2.736523108016e-12      -1.115266433997e-11       0.000000000000e+00       1.409830659041e-15       1.885686873279e-16       7.292807938382e-17 
 1204       1.810086734900e-10       2.701838062862e-12      -1.104358753965e-11       0.000000000000e+00       1.405148925826e-15       1.864447656193e-16       7.171639034627e-17 
 1205       1.812129762334e-10       2.667653195283e-12      -1.093254194098e-11       0.000000000000e+00       1.400486464245e-15       1.843748815919e-16       7.050804856356e-17 
 1206       1.814080680479e-10       2.633976769835e-12      -1.081957739881e-11       0.000000000000e+00       1.395843189647e-15       1.823608738182e-16       6.930310844400e-17 
 1207       1.815938412374e-10       2.600817091445e-12      -1.070474414087e-11       0.000000000000e+00       1.391219016007e-15       1.804045916011e-16       6.810162460329e-17 
 1208       1.817701876207e-10       2.568182505487e-12      -1.058809276853e-11       0.000000000000e+00       1.386613855917e-15       1.785078949947e-16       6.690365186475e-17 
 1209       1.819369985305e-10       2.536081397855e-12      -1.046967425763e-11       0.000000000000e+00       1.382027620588e-15       1.766726548258e-16       6.570924525969e-17 
 1210       1.820941648130e-10       2.504522195033e-12      -1.034953995928e-11       0.000000000000e+00       1.377460219844e-15       1.749007527149e-16       6.451846002764e-17 
 1211       1.822415768264e-10       2.473513364171e-12      -1.022774160064e-11       0.000000000000e+00       1.372911562117e-15       1.731940810976e-16       6.333135161670e-17 
 1212       1.823791244407e-10       2.443063413156e-12      -1.010433128572e-11       0.000000000000e+00       1.368381554446e-15       1.715545432452e-16       6.214797568383e-17 
 1213       1.825066970362e-10       2.413180890688e-12      -9.979361496204e-12       0.000000000000e+00       1.363870102474e-15       1.699840532865e-16       6.096838809511e-17 
 1214       1.826241835034e-10       2.383874386347e-12      -9.852885092224e-12       0.000000000000e+00       1.359377110440e-15       1.684845362288e-16       5.979264492609e-17 
 1215       1.827314722414e-10       2.355152530671e-12      -9.724955313169e-12       0.000000000000e+00       1.354902481182e-15       1.670579279787e-16       5.862080246206e-17 
 1216       1.828284511576e-10       2.327023995230e-12      -9.595625778480e-12       0.000000000000e+00       1.350446116127e-15       1.657061753637e-16       5.745291719834e-17 
 1217       1.829150076666e-10       2.299497492691e-12      -9.464950488454e-12       0.000000000000e+00       1.346007915291e-15       1.644312361533e-16       5.628904584060e-17 
 1218       1.829910286894e-10       2.272581776901e-12      -9.332983825038e-12       0.000000000000e+00       1.341587777276e-15       1.632350790799e-16       5.512924530516e-17 
 1219       1.830564006526e-10       2.246285642953e-12      -9.199780552632e-12       0.000000000000e+00       1.337185599265e-15       1.621196838602e-16       5.397357271927e-17 
 1220       1.831110094874e-10       2.220617927261e-12      -9.065395818886e-12       0.000000000000e+00       1.332801277017e-15       1.610870412164e-16       5.282208542139e-17 
 1221       1.831547406289e-10       2.195587507633e-12      -8.929885155498e-12       0.000000000000e+00       1.328434704867e-15       1.601391528971e-16       5.167484096155e-17 
 1222       1.831874790154e-10       2.171203303344e-12      -8.793304479016e-12       0.000000000000e+00       1.324085775720e-15       1.592780316988e-16       5.053189710161e-17 
 1223       1.832091090870e-10       2.147474275208e-12      -8.655710091632e-12       0.000000000000e+00       1.319754381048e-15       1.585057014869e-16       4.939331181553e-17 
 1224       1.832195147854e-10       2.124409425653e-12      -8.517158681988e-12       0.000000000000e+00       1.315440410887e-15       1.578241972169e-16       4.825914328972e-17 
 1225       1.832185795528e-10       2.102017798792e-12      -8.377707325968e-12       0.000000000000e+00       1.311143753832e-15       1.572355649553e-16       4.712944992333e-17 
 1226       1.832061863308e-10       2.080308480495e-12      -8.237413487502e-12       0.000000000000e+00       1.306864297036e-15       1.567418619013e-16       4.600429032850e-17 
 1227       1.831822175599e-10       2.059290598464e-12      -8.096335019362e-12       0.000000000000e+00       1.302601926203e-15       1.563451564076e-16       4.488372333073e-17 
 1228       1.831465551785e-10       2.038973322308e-12      -7.954530163963e-12       0.000000000000e+00       1.298356525587e-15       1.560475280015e-16       4.376780796910e-17 
 1229       1.830991092643e-10       2.019364195096e-12      -7.812055525331e-12       0.000000000000e+00       1.294127989351e-15       1.558502262166e-16       4.265658773382e-17 
 1230       1.830399043327e-10       2.000464106177e-12      -7.668959957002e-12       0.000000000000e+00       1.289916255785e-15       1.557511360923e-16       4.155004307272e-17 
 1231       1.829689940632e-10       1.982272258715e-12      -7.525290603018e-12       0.000000000000e+00       1.285721273489e-15       1.557472825706e-16       4.044813832040e-17 
 1232       1.828864327516e-10       1.964787832718e-12      -7.381094920791e-12       0.000000000000e+00       1.281542990042e-15       1.558356689057e-16       3.935083740891e-17 
 1233       1.827922753115e-10       1.948009984979e-12      -7.236420681748e-12       0.000000000000e+00       1.277381352001e-15       1.560132766188e-16       3.825810386678e-17 
 1234       1.826865772757e-10       1.931937849018e-12      -7.091315971966e-12       0.000000000000e+00       1.273236304897e-15       1.562770654517e-16       3.716990081803e-17 
 1235       1.825693947977e-10       1.916570535020e-12      -6.945829192808e-12       0.000000000000e+00       1.269107793233e-15       1.566239733219e-16       3.608619098127e-17 
 1236       1.824407846530e-10       1.901907129778e-12      -6.800009061565e-12       0.000000000000e+00       1.264995760483e-15       1.570509162769e-16       3.500693666873e-17 
 1237       1.823008042407e-10       1.887946696629e-12      -6.653904612091e-12       0.000000000000e+00       1.260900149087e-15       1.575547884482e-16       3.393209978527e-17 
 1238       1.821495115848e-10       1.874688275400e-12      -6.507565195441e-12       0.000000000000e+00       1.256820900449e-15       1.581324620060e-16       3.286164182750e-17 
 1239       1.819869653356e-10       1.862130882346e-12      -6.361040480510e-12       0.000000000000e+00       1.252757954935e-15       1.587807871137e-16       3.179552388276e-17 
 1240       1.818132247711e-10       1.850273510089e-12      -6.214380454674e-12       0.000000000000e+00       1.248711251870e-15       1.594965918818e-16       3.073370662819e-17 
 1241       1.816283497987e-10       1.839115127560e-12      -6.067635424418e-12       0.000000000000e+00       1.244680729535e-15       1.602766823230e-16       2.967615032979e-17 
 1242       1.814324009563e-10       1.828654679940e-12      -5.920856015987e-12       0.000000000000e+00       1.240666325166e-15       1.611178423059e-16       2.862281484145e-17 
 1243       1.812254394137e-10       1.818891088600e-12      -5.774093176013e-12       0.000000000000e+00       1.236667974947e-15       1.620168335097e-16       2.757365960402e-17 
 1244       1.810075269746e-10       1.809823251039e-12      -5.627398172160e-12       0.000000000000e+00       1.232685614014e-15       1.629703953788e-16       2.652864364431e-17 
 1245       1.807787260771e-10       1.801450040830e-12      -5.480822593758e-12       0.000000000000e+00       1.228719176447e-15       1.639752450768e-16       2.548772557419e-17 
 1246       1.805390997960e-10       1.793770307554e-12      -5.334418352441e-12       0.000000000000e+00       1.224768595268e-15       1.650280774412e-16       2.445086358960e-17 
 1247       1.802887118438e-10       1.786782876745e-12      -5.188237682790e-12       0.000000000000e+00       1.220833802442e-15       1.661255649374e-16       2.341801546963e-17 
 1248       1.800276265719e-10       1.780486549830e-12      -5.042333142962e-12       0.000000000000e+00       1.216914728870e-15       1.672643576137e-16       2.238913857552e-17 
 1249       1.797559089726e-10       1.774880104065e-12      -4.896757615336e-12       0.000000000000e+00       1.213011304389e-15       1.684410830551e-16       2.136418984977e-17 
 1250       1.794736246802e-10       1.769962292483e-12      -4.751564307149e-12       0.000000000000e+00       1.209123457768e-15       1.696523463380e-16       2.034312581512e-17 
 1251       1.791808399724e-10       1.765731843827e-12      -4.606806751129e-12       0.000000000000e+00       1.205251116706e-15       1.708947299845e-16       1.932590257364e-17 
 1252       1.788776217716e-10       1.762187462496e-12      -4.462538806141e-12       0.000000000000e+00       1.201394207830e-15       1.721647939169e-16       1.831247580577e-17 
 1253       1.785640376469e-10       1.759327828482e-12      -4.318814657817e-12       0.000000000000e+00       1.197552656690e-15       1.734590754118e-16       1.730280076936e-17 
 1254       1.782401558147e-10       1.757151597313e-12      -4.175688819199e-12       0.000000000000e+00       1.193726387760e-15       1.747740890550e-16       1.629683229871e-17 
 1255       1.779060451410e-10       1.755657399991e-12      -4.033216131377e-12       0.000000000000e+00       1.189915324432e-15       1.761063266953e-16       1.529452480364e-17 
 1256       1.775617751420e-10       1.754843842933e-12      -3.891451764124e-12       0.000000000000e+00       1.186119389014e-15       1.774522573993e-16       1.429583226852e-17 
 1257       1.772074159862e-10       1.754709507915e-12      -3.750451216534e-12       0.000000000000e+00       1.182338502730e-15       1.788083274057e-16       1.330070825131e-17 
 1258       1.768430384953e-10       1.755252952005e-12      -3.610270317664e-12       0.000000000000e+00       1.178572585714e-15       1.801709600796e-16       1.230910588264e-17 
 1259       1.764687141459e-10       1.756472707513e-12      -3.470965227168e-12       0.000000000000e+00       1.174821557009e-15       1.815365558670e-16       1.132097786481e-17 
 1260       1.760845150711e-10       1.758367281922e-12      -3.332592435935e-12       0.000000000000e+00       1.171085334565e-15       1.829014922491e-16       1.033627647086e-17 
 1261       1.756905140616e-10       1.760935157836e-12      -3.195208766731e-12       0.000000000000e+00       1.167363835233e-15       1.842621236968e-16       9.354953543648e-18 
 1262       1.752867845670e-10       1.764174792915e-12      -3.058871374831e-12       0.000000000000e+00       1.163656974767e-15       1.856147816249e-16       8.376960494835e-18 
 1263       1.748734006979e-10       1.768084619820e-12      -2.923637748660e-12       0.000000000000e+00       1.159964667820e-15       1.869557743467e-16       7.402248303978e-18 
 1264       1.744504372265e-10       1.772663046150e-12      -2.789565710435e-12       0.000000000000e+00       1.156286827937e-15       1.882813870283e-16       6.430767517560e-18 
 1265       1.740179695886e-10       1.777908454383e-12      -2.656713416793e-12       0.000000000000e+00       1.152623367559e-15       1.895878816430e-16       5.462468248043e-18 
 1266       1.735760738849e-10       1.783819201818e-12      -2.525139359438e-12       0.000000000000e+00       1.148974198016e-15       1.908714969257e-16       4.497300172906e-18 
 1267       1.731248268822e-10       1.790393620516e-12      -2.394902365776e-12       0.000000000000e+00       1.145339229527e-15       1.921284483272e-16       3.535212533702e-18 
 1268       1.726643188671e-10       1.797628959603e-12      -2.266055996728e-12       0.000000000000e+00       1.141718379209e-15       1.933558882502e-16       2.576176995773e-18 
 1269       1.721946923658e-10       1.805518198974e-12      -2.138631668207e-12       0.000000000000e+00       1.138111595235e-15       1.945547989643e-16       1.620256517784e-18 
 1270       1.717161038731e-10       1.814053198737e-12      -2.012655336311e-12       0.000000000000e+00       1.134518832951e-15       1.957271329543e-16       6.675372743242e-19 
 1271       1.712287110441e-10       1.823225753374e-12      -1.888153082711e-12       0.000000000000e+00       1.130940046882e-15       1.968748556897e-16      -2.818941319855e-19 
 1272       1.707326726957e-10       1.833027591605e-12      -1.765151114875e-12       0.000000000000e+00       1.127375190736e-15       1.979999456516e-16      -1.227950669739e-18 
 1273       1.702281488096e-10       1.843450376248e-12      -1.643675766281e-12       0.000000000000e+00       1.123824217397e-15       1.991043943580e-16      -2.170544877994e-18 
 1274       1.697153005346e-10       1.854485704083e-12      -1.523753496646e-12       0.000000000000e+00       1.120287078923e-15       2.001902063901e-16      -3.109588865522e-18 
 1275       1.691942901884e-10       1.866125105710e-12      -1.405410892138e-12       0.000000000000e+00       1.116763726546e-15       2.012593994182e-16      -4.044994310052e-18 
 1276       1.686652812610e-10       1.878360045412e-12      -1.288674665601e-12       0.000000000000e+00       1.113254110670e-15       2.023140042279e-16      -4.976672457526e-18 
 1277       1.681284384162e-10       1.891181921019e-12      -1.173571656774e-12       0.000000000000e+00       1.109758180866e-15       2.033560647460e-16      -5.904534121338e-18 
 1278       1.675839274943e-10       1.904582063764e-12      -1.060128832509e-12       0.000000000000e+00       1.106275885873e-15       2.043876380663e-16      -6.828489681591e-18 
 1279       1.670319155147e-10       1.918551738152e-12      -9.483732869964e-13       0.000000000000e+00       1.102807173596e-15       2.054107944760e-16      -7.748449084339e-18 
 1280       1.664725706779e-10       1.933082141815e-12      -8.383322419775e-13       0.000000000000e+00       1.099351991102e-15       2.064276174814e-16      -8.664321840839e-18 
 1281       1.659060623681e-10       1.948164405376e-12      -7.300330469707e-13       0.000000000000e+00       1.095910284618e-15       2.074402038339e-16      -9.576017026794e-18 
 1282       1.653325611556e-10       1.963789592314e-12      -6.235031794892e-13       0.000000000000e+00       1.092481999531e-15       2.084506635563e-16      -1.048344328161e-17 
 1283       1.647522387992e-10       1.979948698818e-12      -5.187702452613e-13       0.000000000000e+00       1.089067080385e-15       2.094611199685e-16      -1.138650880764e-17 
 1284       1.641652682483e-10       1.996632653656e-12      -4.158619784505e-13       0.000000000000e+00       1.085665470878e-15       2.104737097137e-16      -1.228512136942e-17 
 1285       1.635718236457e-10       2.013832318033e-12      -3.148062418758e-13       0.000000000000e+00       1.082277113860e-15       2.114905827841e-16      -1.317918829294e-17 
 1286       1.629720803296e-10       2.031538485452e-12      -2.156310272315e-13       0.000000000000e+00       1.078901951333e-15       2.125139025473e-16      -1.406861646487e-17 
 1287       1.623662148365e-10       2.049741881577e-12      -1.183644553077e-13       0.000000000000e+00       1.075539924447e-15       2.135458457722e-16      -1.495331233184e-17 
 1288       1.617544049028e-10       2.068433164095e-12      -2.303477620986e-14       0.000000000000e+00       1.072190973499e-15       2.145886026549e-16      -1.583318189965e-17 
 1289       1.611368294680e-10       2.087602922577e-12       7.032963042079e-14       0.000000000000e+00       1.068855037930e-15       2.156443768445e-16      -1.670813073253e-17 
 1290       1.605136686767e-10       2.107241678339e-12       1.617002551872e-13       0.000000000000e+00       1.065532056323e-15       2.167153854696e-16      -1.757806395240e-17 
 1291       1.598851038807e-10       2.127339884303e-12       2.510484587163e-13       0.000000000000e+00       1.062221966402e-15       2.178038591641e-16      -1.844288623812e-17 
 1292       1.592513176420e-10       2.147887924860e-12       3.383454714393e-13       0.000000000000e+00       1.058924705030e-15       2.189120420929e-16      -1.930250182473e-17 
 1293       1.586124937347e-10       2.168876115733e-12       4.235623933711e-13       0.000000000000e+00       1.055640208205e-15       2.200421919784e-16      -2.015681450267e-17 
 1294       1.579688171477e-10       2.190294703835e-12       5.066701938907e-13       0.000000000000e+00       1.052368411060e-15       2.211965801262e-16      -2.100572761710e-17 
 1295       1.573204740869e-10       2.212133867132e-12       5.876397115205e-13       0.000000000000e+00       1.049109247860e-15       2.223774914510e-16      -2.184914406707e-17 
 1296       1.566676519775e-10       2.234383714506e-12       6.664416537070e-13       0.000000000000e+00       1.045862652001e-15       2.235872245031e-16      -2.268696630482e-17 
 1297       1.560105394667e-10       2.257034285616e-12       7.430465965999e-13       0.000000000000e+00       1.042628556005e-15       2.248280914938e-16      -2.351909633500e-17 
 1298       1.553493264257e-10       2.280075550756e-12       8.174249848327e-13       0.000000000000e+00       1.039406891522e-15       2.261024183218e-16      -2.434543571394e-17 
 1299       1.546842039524e-10       2.303497410722e-12       8.895471313021e-13       0.000000000000e+00       1.036197589325e-15       2.274125445992e-16      -2.516588554888e-17 
 1300       1.540153643738e-10       2.327289696673e-12       9.593832169482e-13       0.000000000000e+00       1.033000579311e-15       2.287608236772e-16      -2.598034649723e-17 
 1301       1.533430012479e-10       2.351442169986e-12       1.026903290534e-12       0.000000000000e+00       1.029815790494e-15       2.301496226724e-16      -2.678871876580e-17 
 1302       1.526673093667e-10       2.375944522127e-12       1.092077268427e-12       0.000000000000e+00       1.026643151008e-15       2.315813224928e-16      -2.759090211009e-17 
 1303       1.519884847583e-10       2.400786374506e-12       1.154874934375e-12       0.000000000000e+00       1.023482588102e-15       2.330583178635e-16      -2.838679583348e-17 
 1304       1.513067246891e-10       2.425957278339e-12       1.215265939292e-12       0.000000000000e+00       1.020334028138e-15       2.345830173530e-16      -2.917629878653e-17 
 1305       1.506222276667e-10       2.451446714513e-12       1.273219801033e-12       0.000000000000e+00       1.017197396592e-15       2.361578433994e-16      -2.995930936620e-17 
 1306       1.499351934416e-10       2.477244093446e-12       1.328705904176e-12       0.000000000000e+00       1.014072618048e-15       2.377852323357e-16      -3.073572551509e-17 
 1307       1.492458168167e-10       2.503338760706e-12       1.381699518472e-12       0.000000000000e+00       1.010959623142e-15       2.394669461446e-16      -3.150545544456e-17 
 1308       1.485542689920e-10       2.529720014220e-12       1.432199928311e-12       0.000000000000e+00       1.007858369483e-15       2.412019992425e-16      -3.226844993676e-17 
 1309       1.478607160161e-10       2.556377086982e-12       1.480212505627e-12       0.000000000000e+00       1.004768820961e-15       2.429887085552e-16      -3.302467040242e-17 
 1310       1.471653249618e-10       2.583299141177e-12       1.525742709823e-12       0.000000000000e+00       1.001690940823e-15       2.448253796627e-16      -3.377407818980e-17 
 1311       1.464682639290e-10       2.610475268038e-12       1.568796087975e-12       0.000000000000e+00       9.986246916724e-16       2.467103067780e-16      -3.451663458473e-17 
 1312       1.457697020460e-10       2.637894487715e-12       1.609378275037e-12       0.000000000000e+00       9.955700354665e-16       2.486417727236e-16      -3.525230081054e-17 
 1313       1.450698094717e-10       2.665545749130e-12       1.647494994042e-12       0.000000000000e+00       9.925269335151e-16       2.506180489102e-16      -3.598103802814e-17 
 1314       1.443687573976e-10       2.693417929842e-12       1.683152056303e-12       0.000000000000e+00       9.894953464793e-16       2.526373953139e-16      -3.670280733596e-17 
 1315       1.436667180496e-10       2.721499835912e-12       1.716355361615e-12       0.000000000000e+00       9.864752343695e-16       2.546980604538e-16      -3.741756976996e-17 
 1316       1.429638646902e-10       2.749780201758e-12       1.747110898463e-12       0.000000000000e+00       9.834665565440e-16       2.567982813700e-16      -3.812528630368e-17 
 1317       1.422603716200e-10       2.778247690023e-12       1.775424744217e-12       0.000000000000e+00       9.804692717074e-16       2.589362836011e-16      -3.882591784817e-17 
 1318       1.415564141802e-10       2.806890891435e-12       1.801303065337e-12       0.000000000000e+00       9.774833379092e-16       2.611102811620e-16      -3.951942525205e-17 
 1319       1.408521687542e-10       2.835698324668e-12       1.824752117578e-12       0.000000000000e+00       9.745087125421e-16       2.633184765215e-16      -4.020576930146e-17 
 1320       1.401478127693e-10       2.864658436206e-12       1.845778246189e-12       0.000000000000e+00       9.715453523405e-16       2.655590605800e-16      -4.088491072012e-17 
 1321       1.394435246996e-10       2.893759600203e-12       1.864387886118e-12       0.000000000000e+00       9.685932133787e-16       2.678302126473e-16      -4.155681016927e-17 
 1322       1.387394840667e-10       2.922990118347e-12       1.880587562213e-12       0.000000000000e+00       9.656522510699e-16       2.701301004202e-16      -4.222142824772e-17 
 1323       1.380358714428e-10       2.952338219718e-12       1.894383889423e-12       0.000000000000e+00       9.627224201641e-16       2.724568799602e-16      -4.287872549180e-17 
 1324       1.373328684516e-10       2.981792060657e-12       1.905783573002e-12       0.000000000000e+00       9.598036747468e-16       2.748086956712e-16      -4.352866237544e-17 
 1325       1.366306577713e-10       3.011339724620e-12       1.914793408714e-12       0.000000000000e+00       9.568959682372e-16       2.771836802771e-16      -4.417119931008e-17 
 1326       1.359294231357e-10       3.040969222045e-12       1.921420283029e-12       0.000000000000e+00       9.539992533871e-16       2.795799547998e-16      -4.480629664472e-17 
 1327       1.352293493364e-10       3.070668490215e-12       1.925671173332e-12       0.000000000000e+00       9.511134822789e-16       2.819956285365e-16      -4.543391466593e-17 
 1328       1.345306222251e-10       3.100425393114e-12       1.927553148121e-12       0.000000000000e+00       9.482386063243e-16       2.844287990377e-16      -4.605401359783e-17 
 1329       1.338334287151e-10       3.130227721295e-12       1.927073367210e-12       0.000000000000e+00       9.453745762624e-16       2.868775520847e-16      -4.666655360208e-17 
 1330       1.331379567835e-10       3.160063191740e-12       1.924239081934e-12       0.000000000000e+00       9.425213421588e-16       2.893399616674e-16      -4.727149477792e-17 
 1331       1.324443954729e-10       3.189919447720e-12       1.919057635349e-12       0.000000000000e+00       9.396788534031e-16       2.918140899619e-16      -4.786879716213e-17 
 1332       1.317529348937e-10       3.219784058661e-12       1.911536462434e-12       0.000000000000e+00       9.368470587085e-16       2.942979873082e-16      -4.845842072905e-17 
 1333       1.310637662258e-10       3.249644520000e-12       1.901683090296e-12       0.000000000000e+00       9.340259061090e-16       2.967896921882e-16      -4.904032539060e-17 
 1334       1.303770817207e-10       3.279488253055e-12       1.889505138369e-12       0.000000000000e+00       9.312153429589e-16       2.992872312028e-16      -4.961447099623e-17 
 1335       1.296930747031e-10       3.309302604880e-12       1.875010318619e-12       0.000000000000e+00       9.284153159305e-16       3.017886190501e-16      -5.018081733298e-17 
 1336       1.290119395734e-10       3.339074848130e-12       1.858206435746e-12       0.000000000000e+00       9.256257710129e-16       3.042918585030e-16      -5.073932412543e-17 
 1337       1.283338718094e-10       3.368792180923e-12       1.839101387385e-12       0.000000000000e+00       9.228466535106e-16       3.067949403867e-16      -5.128995103573e-17 
 1338       1.276590679678e-10       3.398441726701e-12       1.817703164309e-12       0.000000000000e+00       9.200779080415e-16       3.092958435564e-16      -5.183265766361e-17 
 1339       1.269877256871e-10       3.428010534093e-12       1.794019850633e-12       0.000000000000e+00       9.173194785355e-16       3.117925348752e-16      -5.236740354635e-17 
 1340       1.263200436886e-10       3.457485576776e-12       1.768059624014e-12       0.000000000000e+00       9.145713082331e-16       3.142829691919e-16      -5.289414815880e-17 
 1341       1.256562217790e-10       3.486853753339e-12       1.739830755855e-12       0.000000000000e+00       9.118333396839e-16       3.167650893181e-16      -5.341285091337e-17 
 1342       1.249964608519e-10       3.516101887142e-12       1.709341611506e-12       0.000000000000e+00       9.091055147445e-16       3.192368260065e-16      -5.392347116004e-17 
 1343       1.243409628903e-10       3.545216726179e-12       1.676600650468e-12       0.000000000000e+00       9.063877745777e-16       3.216960979285e-16      -5.442596818638e-17 
 1344       1.236899309678e-10       3.574184942943e-12       1.641616426594e-12       0.000000000000e+00       9.036800596503e-16       3.241408116513e-16      -5.492030121750e-17 
 1345       1.230435692513e-10       3.602993134283e-12       1.604397588293e-12       0.000000000000e+00       9.009823097319e-16       3.265688616166e-16      -5.540642941610e-17 
 1346       1.224020638739e-10       3.631628778458e-12       1.564956421009e-12       0.000000000000e+00       8.982944691458e-16       3.289784372349e-16      -5.588431836455e-17 
 1347       1.217655253246e-10       3.660083117942e-12       1.523319516374e-12       0.000000000000e+00       8.956165025867e-16       3.313689478664e-16      -5.635395958824e-17 
 1348       1.211340454365e-10       3.688348307661e-12       1.479517219362e-12       0.000000000000e+00       8.929483794718e-16       3.337401078445e-16      -5.681535124433e-17 
 1349       1.205077164599e-10       3.716416460568e-12       1.433580096962e-12       0.000000000000e+00       8.902900687026e-16       3.360916302681e-16      -5.726849165931e-17 
 1350       1.198866310625e-10       3.744279647575e-12       1.385538938615e-12       0.000000000000e+00       8.876415386635e-16       3.384232269992e-16      -5.771337932943e-17 
 1351       1.192708823301e-10       3.771929897471e-12       1.335424756647e-12       0.000000000000e+00       8.850027572208e-16       3.407346086615e-16      -5.815001292114e-17 
 1352       1.186605637675e-10       3.799359196851e-12       1.283268786715e-12       0.000000000000e+00       8.823736917215e-16       3.430254846379e-16      -5.857839127153e-17 
 1353       1.180557692992e-10       3.826559490043e-12       1.229102488233e-12       0.000000000000e+00       8.797543089919e-16       3.452955630689e-16      -5.899851338872e-17 
 1354       1.174565932696e-10       3.853522679030e-12       1.172957544817e-12       0.000000000000e+00       8.771445753366e-16       3.475445508504e-16      -5.941037845233e-17 
 1355       1.168631304444e-10       3.880240623376e-12       1.114865864716e-12       0.000000000000e+00       8.745444565372e-16       3.497721536317e-16      -5.981398581389e-17 
 1356       1.162754760107e-10       3.906705140152e-12       1.054859581256e-12       0.000000000000e+00       8.719539178510e-16       3.519780758138e-16      -6.020933499727e-17 
 1357       1.156937255780e-10       3.932908003862e-12       9.929710532670e-13       0.000000000000e+00       8.693729240099e-16       3.541620205470e-16      -6.059642569913e-17 
 1358       1.151179751788e-10       3.958840946369e-12       9.292328655295e-13       0.000000000000e+00       8.668014392193e-16       3.563236897294e-16      -6.097525778933e-17 
 1359       1.145483212693e-10       3.984495656815e-12       8.636778292050e-13       0.000000000000e+00       8.642394271566e-16       3.584627840045e-16      -6.134583131134e-17 
 1360       1.139848607299e-10       4.009863781554e-12       7.963389822756e-13       0.000000000000e+00       8.616868509702e-16       3.605790027594e-16      -6.170814648274e-17 
 1361       1.134276908661e-10       4.034936924071e-12       7.272495899799e-13       0.000000000000e+00       8.591436732781e-16       3.626720441227e-16      -6.206220369557e-17 
 1362       1.128769094093e-10       4.059706644913e-12       6.564431452503e-13       0.000000000000e+00       8.566098561671e-16       3.647416049629e-16      -6.240800351680e-17 
 1363       1.123326145172e-10       4.084164461609e-12       5.839533691495e-13       0.000000000000e+00       8.540853611911e-16       3.667873808860e-16      -6.274554668876e-17 
 1364       1.117949047744e-10       4.108301848597e-12       5.098142113075e-13       0.000000000000e+00       8.515701493701e-16       3.688090662335e-16      -6.307483412958e-17 
 1365       1.112638791935e-10       4.132110237152e-12       4.340598503584e-13       0.000000000000e+00       8.490641811891e-16       3.708063540809e-16      -6.339586693357e-17 
 1366       1.107396372156e-10       4.155581015309e-12       3.567246943772e-13       0.000000000000e+00       8.465674165967e-16       3.727789362352e-16      -6.370864637171e-17 
 1367       1.102222787107e-10       4.178705527786e-12       2.778433813167e-13       0.000000000000e+00       8.440798150039e-16       3.747265032331e-16      -6.401317389206e-17 
 1368       1.097119039789e-10       4.201475075917e-12       1.974507794444e-13       0.000000000000e+00       8.416013352831e-16       3.766487443392e-16      -6.430945112016e-17 
 1369       1.092086137505e-10       4.223880917567e-12       1.155819877792e-13       0.000000000000e+00       8.391319357666e-16       3.785453475437e-16      -6.459747985950e-17 
 1370       1.087125091873e-10       4.245914267066e-12       3.227233652810e-14       0.000000000000e+00       8.366715742456e-16       3.804159995607e-16      -6.487726209193e-17 
 1371       1.082236918827e-10       4.267566295130e-12      -5.244261247658e-14       0.000000000000e+00       8.342202079690e-16       3.822603858260e-16      -6.514879997810e-17 
 1372       1.077422638629e-10       4.288828128787e-12      -1.385270653406e-13       0.000000000000e+00       8.317777936420e-16       3.840781904955e-16      -6.541209585789e-17 
 1373       1.072683275872e-10       4.309690851304e-12      -2.259449956711e-13       0.000000000000e+00       8.293442874250e-16       3.858690964425e-16      -6.566715225082e-17 
 1374       1.068019859488e-10       4.330145502108e-12      -3.146601441394e-13       0.000000000000e+00       8.269196449324e-16       3.876327852564e-16      -6.591397185649e-17 
 1375       1.063433422757e-10       4.350183076718e-12      -4.046360180445e-13       0.000000000000e+00       8.245038212313e-16       3.893689372407e-16      -6.615255755504e-17 
 1376       1.058925003308e-10       4.369794526664e-12      -4.958358908759e-13       0.000000000000e+00       8.220967708407e-16       3.910772314104e-16      -6.638291240753e-17 
 1377       1.054495643134e-10       4.388970759417e-12      -5.882228018774e-13       0.000000000000e+00       8.196984477294e-16       3.927573454906e-16      -6.660503965641e-17 
 1378       1.050146388592e-10       4.407702638310e-12      -6.817595556094e-13       0.000000000000e+00       8.173088053159e-16       3.944089559144e-16      -6.681894272592e-17 
 1379       1.045878290414e-10       4.425980982468e-12      -7.764087215128e-13       0.000000000000e+00       8.149277964662e-16       3.960317378209e-16      -6.702462522255e-17 
 1380       1.041692403711e-10       4.443796566730e-12      -8.721326334717e-13       0.000000000000e+00       8.125553734933e-16       3.976253650530e-16      -6.722209093545e-17 
 1381       1.037589787982e-10       4.461140121574e-12      -9.688933893769e-13       0.000000000000e+00       8.101914881555e-16       3.991895101556e-16      -6.741134383685e-17 
 1382       1.033571507118e-10       4.478002333047e-12      -1.066652850689e-12       0.000000000000e+00       8.078360916556e-16       4.007238443740e-16      -6.759238808252e-17 
 1383       1.029638629413e-10       4.494373842683e-12      -1.165372642000e-12       0.000000000000e+00       8.054891346394e-16       4.022280376510e-16      -6.776522801218e-17 
 1384       1.025792227567e-10       4.510245247436e-12      -1.265014150601e-12       0.000000000000e+00       8.031505671944e-16       4.037017586258e-16      -6.792986814994e-17 
 1385       1.022033170827e-10       4.525608448684e-12      -1.365538846673e-12       0.000000000000e+00       8.008203431404e-16       4.051449367840e-16      -6.808632152177e-17 
 1386       1.018361498980e-10       4.540460714996e-12      -1.466909248458e-12       0.000000000000e+00       7.984984329510e-16       4.065585519412e-16      -6.823463470325e-17 
 1387       1.014777041764e-10       4.554800662114e-12      -1.569087966410e-12       0.000000000000e+00       7.961848109659e-16       4.079438530911e-16      -6.837486303711e-17 
 1388       1.011279626128e-10       4.568626907773e-12      -1.672037383075e-12       0.000000000000e+00       7.938794511110e-16       4.093020970240e-16      -6.850706234121e-17 
 1389       1.007869076229e-10       4.581938071706e-12      -1.775719652670e-12       0.000000000000e+00       7.915823268972e-16       4.106345483411e-16      -6.863128890940e-17 
 1390       1.004545213422e-10       4.594732775658e-12      -1.880096700666e-12       0.000000000000e+00       7.892934114198e-16       4.119424794688e-16      -6.874759951252e-17 
 1391       1.001307856259e-10       4.607009643395e-12      -1.985130223375e-12       0.000000000000e+00       7.870126773573e-16       4.132271706733e-16      -6.885605139932e-17 
 1392       9.981568204772e-11       4.618767300710e-12      -2.090781687527e-12       0.000000000000e+00       7.847400969706e-16       4.144899100752e-16      -6.895670229747e-17 
 1393       9.950919189976e-11       4.630004375438e-12      -2.197012329862e-12       0.000000000000e+00       7.824756421022e-16       4.157319936631e-16      -6.904961041441e-17 
 1394       9.921129619157e-11       4.640719497462e-12      -2.303783156705e-12       0.000000000000e+00       7.802192841746e-16       4.169547253092e-16      -6.913483443840e-17 
 1395       9.892197564966e-11       4.650911298724e-12      -2.411054943552e-12       0.000000000000e+00       7.779709941903e-16       4.181594167825e-16      -6.921243353940e-17 
 1396       9.864121071690e-11       4.660578413233e-12      -2.518788234656e-12       0.000000000000e+00       7.757307427302e-16       4.193473877641e-16      -6.928246737006e-17 
 1397       9.836898155184e-11       4.669719477079e-12      -2.626943342605e-12       0.000000000000e+00       7.734984999528e-16       4.205199658612e-16      -6.934499606665e-17 
 1398       9.810526802814e-11       4.678333128436e-12      -2.735480347912e-12       0.000000000000e+00       7.712742355934e-16       4.216784866216e-16      -6.940008025001e-17 
 1399       9.785004973395e-11       4.686418007579e-12      -2.844359098589e-12       0.000000000000e+00       7.690579189630e-16       4.228242935480e-16      -6.944778102653e-17 
 1400       9.760330597125e-11       4.693972756888e-12      -2.953539209740e-12       0.000000000000e+00       7.668495189474e-16       4.239587381127e-16      -6.948815998904e-17 
 1401       9.736501575530e-11       4.700996020860e-12      -3.062980063137e-12       0.000000000000e+00       7.646490040063e-16       4.250831797715e-16      -6.952127921782e-17 
 1402       9.713515781398e-11       4.707486446119e-12      -3.172640806808e-12       0.000000000000e+00       7.624563421723e-16       4.261989859788e-16      -6.954720128153e-17 
 1403       9.691371058719e-11       4.713442681426e-12      -3.282480354616e-12       0.000000000000e+00       7.602715010501e-16       4.273075322013e-16      -6.956598923813e-17 
 1404       9.670065222622e-11       4.718863377684e-12      -3.392457385846e-12       0.000000000000e+00       7.580944478153e-16       4.284102019330e-16      -6.957770663588e-17 
 1405       9.649596059314e-11       4.723747187956e-12      -3.502530344784e-12       0.000000000000e+00       7.559251492137e-16       4.295083867090e-16      -6.958241751425e-17 
 1406       9.629961326020e-11       4.728092767468e-12      -3.612657440306e-12       0.000000000000e+00       7.537635715601e-16       4.306034861207e-16      -6.958018640488e-17 
 1407       9.611158750920e-11       4.731898773621e-12      -3.722796645456e-12       0.000000000000e+00       7.516096807377e-16       4.316969078293e-16      -6.957107833257e-17 
 1408       9.593186033086e-11       4.735163865999e-12      -3.832905697030e-12       0.000000000000e+00       7.494634421969e-16       4.327900675810e-16      -6.955515881615e-17 
 1409       9.576040842424e-11       4.737886706383e-12      -3.942942095164e-12       0.000000000000e+00       7.473248209545e-16       4.338843892210e-16      -6.953249386949e-17 
 1410       9.559720819608e-11       4.740065958756e-12      -4.052863102910e-12       0.000000000000e+00       7.451937815926e-16       4.349813047078e-16      -6.950315000246e-17 
 1411       9.544223576022e-11       4.741700289315e-12      -4.162625745825e-12       0.000000000000e+00       7.430702882576e-16       4.360822541280e-16      -6.946719422181e-17 
 1412       9.529546693696e-11       4.742788366480e-12      -4.272186811550e-12       0.000000000000e+00       7.409543046597e-16       4.371886857103e-16      -6.942469403221e-17 
 1413       9.515687725248e-11       4.743328860903e-12      -4.381502849396e-12       0.000000000000e+00       7.388457940716e-16       4.383020558404e-16      -6.937571743711e-17 
 1414       9.502644193816e-11       4.743320445481e-12      -4.490530169928e-12       0.000000000000e+00       7.367447193274e-16       4.394238290748e-16      -6.932033293978e-17 
 1415       9.490413593003e-11       4.742761795359e-12      -4.599224844544e-12       0.000000000000e+00       7.346510428220e-16       4.405554781557e-16      -6.925860954417e-17 
 1416       9.478993386811e-11       4.741651587948e-12      -4.707542705062e-12       0.000000000000e+00       7.325647265101e-16       4.416984840252e-16      -6.919061675593e-17 
 1417       9.468381009581e-11       4.739988502928e-12      -4.815439343302e-12       0.000000000000e+00       7.304857319051e-16       4.428543358397e-16      -6.911642458333e-17 
 1418       9.458573865934e-11       4.737771222261e-12      -4.922870110670e-12       0.000000000000e+00       7.284140200783e-16       4.440245309843e-16      -6.903610353821e-17 
 1419       9.449569330702e-11       4.734998430201e-12      -5.029790117739e-12       0.000000000000e+00       7.263495516579e-16       4.452105750873e-16      -6.894972463694e-17 
 1420       9.441364748876e-11       4.731668813299e-12      -5.136154233834e-12       0.000000000000e+00       7.242922868279e-16       4.464139820346e-16      -6.885735940136e-17 
 1421       9.433957435536e-11       4.727781060420e-12      -5.241917086615e-12       0.000000000000e+00       7.222421853275e-16       4.476362739841e-16      -6.875907985972e-17 
 1422       9.427344675794e-11       4.723333862747e-12      -5.347033061661e-12       0.000000000000e+00       7.201992064500e-16       4.488789813798e-16      -6.865495854767e-17 
 1423       9.421523724731e-11       4.718325913793e-12      -5.451456302050e-12       0.000000000000e+00       7.181633090416e-16       4.501436429669e-16      -6.854506850916e-17 
 1424       9.416490582893e-11       4.712756962198e-12      -5.555144222793e-12       0.000000000000e+00       7.161344550094e-16       4.514312099170e-16      -6.842946721355e-17 
 1425       9.412236309130e-11       4.706630981940e-12      -5.658068094440e-12       0.000000000000e+00       7.141126198850e-16       4.527402514831e-16      -6.830814812421e-17 
 1426       9.408750669769e-11       4.699953034700e-12      -5.760202567340e-12       0.000000000000e+00       7.120977823671e-16       4.540687309453e-16      -6.818108863438e-17 
 1427       9.406023359483e-11       4.692728220101e-12      -5.861522166442e-12       0.000000000000e+00       7.100899208226e-16       4.554145998070e-16      -6.804826610597e-17 
 1428       9.404044001159e-11       4.684961675783e-12      -5.962001291090e-12       0.000000000000e+00       7.080890132854e-16       4.567757977733e-16      -6.790965786951e-17 
 1429       9.402802145765e-11       4.676658577472e-12      -6.061614214813e-12       0.000000000000e+00       7.060950374559e-16       4.581502527311e-16      -6.776524122416e-17 
 1430       9.402287272213e-11       4.667824139052e-12      -6.160335085116e-12       0.000000000000e+00       7.041079707001e-16       4.595358807274e-16      -6.761499343773e-17 
 1431       9.402488787230e-11       4.658463612636e-12      -6.258137923272e-12       0.000000000000e+00       7.021277900491e-16       4.609305859489e-16      -6.745889174665e-17 
 1432       9.403396025218e-11       4.648582288641e-12      -6.354996624113e-12       0.000000000000e+00       7.001544721982e-16       4.623322607012e-16      -6.729691335599e-17 
 1433       9.404998248125e-11       4.638185495858e-12      -6.450884955818e-12       0.000000000000e+00       6.981879935062e-16       4.637387853878e-16      -6.712903543945e-17 
 1434       9.407284645307e-11       4.627278601525e-12      -6.545776559709e-12       0.000000000000e+00       6.962283299946e-16       4.651480284893e-16      -6.695523513935e-17 
 1435       9.410244333397e-11       4.615867011395e-12      -6.639644950037e-12       0.000000000000e+00       6.942754573470e-16       4.665578465427e-16      -6.677548956666e-17 
 1436       9.413866356169e-11       4.603956169814e-12      -6.732463513778e-12       0.000000000000e+00       6.923293509083e-16       4.679660841204e-16      -6.658977580095e-17 
 1437       9.418139684407e-11       4.591551559789e-12      -6.824205510422e-12       0.000000000000e+00       6.903899856838e-16       4.693705738095e-16      -6.639807089043e-17 
 1438       9.423053215766e-11       4.578658703060e-12      -6.914844071760e-12       0.000000000000e+00       6.884573363390e-16       4.707691361909e-16      -6.620035185193e-17 
 1439       9.428595774643e-11       4.565283160175e-12      -7.004352201682e-12       0.000000000000e+00       6.865313771980e-16       4.721595798183e-16      -6.599659567092e-17 
 1440       9.434756112039e-11       4.551430530557e-12      -7.092702775966e-12       0.000000000000e+00       6.846120822436e-16       4.735397011979e-16      -6.578677930147e-17 
 1441       9.441522905427e-11       4.537106452581e-12      -7.179868542063e-12       0.000000000000e+00       6.826994251161e-16       4.749072847669e-16      -6.557087966627e-17 
 1442       9.448884758618e-11       4.522316603642e-12      -7.265822118899e-12       0.000000000000e+00       6.807933791127e-16       4.762601028732e-16      -6.534887365664e-17 
 1443       9.456830201628e-11       4.507066700229e-12      -7.350535996656e-12       0.000000000000e+00       6.788939171868e-16       4.775959157542e-16      -6.512073813253e-17 
 1444       9.465347690541e-11       4.491362497997e-12      -7.433982536567e-12       0.000000000000e+00       6.770010119470e-16       4.789124715162e-16      -6.488644992248e-17 
 1445       9.474425607377e-11       4.475209791838e-12      -7.516133970710e-12       0.000000000000e+00       6.751146356568e-16       4.802075061136e-16      -6.464598582366e-17 
 1446       9.484052259958e-11       4.458614415952e-12      -7.596962401795e-12       0.000000000000e+00       6.732347602335e-16       4.814787433278e-16      -6.439932260186e-17 
 1447       9.494215881772e-11       4.441582243923e-12      -7.676439802955e-12       0.000000000000e+00       6.713613572478e-16       4.827238947465e-16      -6.414643699147e-17 
 1448       9.504904631843e-11       4.424119188786e-12      -7.754538017539e-12       0.000000000000e+00       6.694943979227e-16       4.839406597432e-16      -6.388730569549e-17 
 1449       9.516106594594e-11       4.406231203101e-12      -7.831228758905e-12       0.000000000000e+00       6.676338531328e-16       4.851267254557e-16      -6.362190538556e-17 
 1450       9.527809779711e-11       4.387924279026e-12      -7.906483610204e-12       0.000000000000e+00       6.657796934041e-16       4.862797667658e-16      -6.335021270189e-17 
 1451       9.540002122015e-11       4.369204448388e-12      -7.980274024179e-12       0.000000000000e+00       6.639318889125e-16       4.873974462784e-16      -6.307220425332e-17 
 1452       9.552671481322e-11       4.350077782754e-12      -8.052571322952e-12       0.000000000000e+00       6.620904094835e-16       4.884774143004e-16      -6.278785661730e-17 
 1453       9.565805642313e-11       4.330550393506e-12      -8.123346697815e-12       0.000000000000e+00       6.602552245916e-16       4.895173088202e-16      -6.249714633988e-17 
 1454       9.579392314398e-11       4.310628431906e-12      -8.192571209022e-12       0.000000000000e+00       6.584263033591e-16       4.905147554866e-16      -6.220004993570e-17 
 1455       9.593419131581e-11       4.290318089178e-12      -8.260215785580e-12       0.000000000000e+00       6.566036145558e-16       4.914673675882e-16      -6.189654388804e-17 
 1456       9.607873652329e-11       4.269625596572e-12      -8.326251225039e-12       0.000000000000e+00       6.547871265979e-16       4.923727460324e-16      -6.158660464873e-17 
 1457       9.622743359436e-11       4.248557225439e-12      -8.390648193286e-12       0.000000000000e+00       6.529768075477e-16       4.932284793245e-16      -6.127020863825e-17 
 1458       9.638015659890e-11       4.227119287301e-12      -8.453377224333e-12       0.000000000000e+00       6.511726251123e-16       4.940321435472e-16      -6.094733224565e-17 
 1459       9.653677884737e-11       4.205318133927e-12      -8.514408720108e-12       0.000000000000e+00       6.493745466436e-16       4.947813023394e-16      -6.061795182859e-17 
 1460       9.669717288950e-11       4.183160157400e-12      -8.573712950248e-12       0.000000000000e+00       6.475825391367e-16       4.954735068756e-16      -6.028204371333e-17 
 1461       9.686121051290e-11       4.160651790193e-12      -8.631260051891e-12       0.000000000000e+00       6.457965692299e-16       4.961062958450e-16      -5.993958419471e-17 
 1462       9.702876274179e-11       4.137799505238e-12      -8.687020029461e-12       0.000000000000e+00       6.440166032036e-16       4.966771954307e-16      -5.959054953618e-17 
 1463       9.719970067398e-11       4.114610106686e-12      -8.740967376797e-12       0.000000000000e+00       6.422426099447e-16       4.971843605071e-16      -5.923495130493e-17 
 1464       9.737389800386e-11       4.091091605216e-12      -8.793094994471e-12       0.000000000000e+00       6.404745698739e-16       4.976285052871e-16      -5.887294276385e-17 
 1465       9.755122852196e-11       4.067252351620e-12      -8.843400411186e-12       0.000000000000e+00       6.387124661061e-16       4.980109919343e-16      -5.850471354317e-17 
 1466       9.773156527763e-11       4.043100746998e-12      -8.891881174113e-12       0.000000000000e+00       6.369562814929e-16       4.983331911111e-16      -5.813045440380e-17 
 1467       9.791478057768e-11       4.018645242844e-12      -8.938534848948e-12       0.000000000000e+00       6.352059986224e-16       4.985964819936e-16      -5.775035723932e-17 
 1468       9.810074598513e-11       3.993894341139e-12      -8.983359019959e-12       0.000000000000e+00       6.334615998181e-16       4.988022522869e-16      -5.736461507796e-17 
 1469       9.828933231791e-11       3.968856594435e-12      -9.026351290036e-12       0.000000000000e+00       6.317230671383e-16       4.989518982404e-16      -5.697342208453e-17 
 1470       9.848040964755e-11       3.943540605945e-12      -9.067509280742e-12       0.000000000000e+00       6.299903823763e-16       4.990468246622e-16      -5.657697356248e-17 
 1471       9.867384729791e-11       3.917955029632e-12      -9.106830632364e-12       0.000000000000e+00       6.282635270588e-16       4.990884449350e-16      -5.617546595581e-17 
 1472       9.886951384385e-11       3.892108570295e-12      -9.144313003959e-12       0.000000000000e+00       6.265424824462e-16       4.990781810306e-16      -5.576909685109e-17 
 1473       9.906727710999e-11       3.866009983658e-12      -9.179954073409e-12       0.000000000000e+00       6.248272295314e-16       4.990174635254e-16      -5.535806497940e-17 
 1474       9.926700416938e-11       3.839668076460e-12      -9.213751537467e-12       0.000000000000e+00       6.231177490397e-16       4.989077316152e-16      -5.494257021835e-17 
 1475       9.946856134221e-11       3.813091706542e-12      -9.245703111811e-12       0.000000000000e+00       6.214140214279e-16       4.987504331305e-16      -5.452281359404e-17 
 1476       9.967181419452e-11       3.786289782933e-12      -9.275806531089e-12       0.000000000000e+00       6.197160268839e-16       4.985470245513e-16      -5.409899728302e-17 
 1477       9.987662753690e-11       3.759271265942e-12      -9.304059548975e-12       0.000000000000e+00       6.180237453261e-16       4.982989710226e-16      -5.367132461429e-17 
 1478       1.000828654232e-10       3.732045167244e-12      -9.330459938213e-12       0.000000000000e+00       6.163371564028e-16       4.980077463693e-16      -5.324000007130e-17 
 1479       1.002903911494e-10       3.704620549969e-12      -9.355005490672e-12       0.000000000000e+00       6.146562394915e-16       4.976748331113e-16      -5.280522929387e-17 
 1480       1.004990672518e-10       3.677006528790e-12      -9.377694017393e-12       0.000000000000e+00       6.129809736988e-16       4.973017224783e-16      -5.236721908021e-17 
 1481       1.007087555064e-10       3.649212270010e-12      -9.398523348642e-12       0.000000000000e+00       6.113113378593e-16       4.968899144256e-16      -5.192617738891e-17 
 1482       1.009193169272e-10       3.621246991652e-12      -9.417491333954e-12       0.000000000000e+00       6.096473105353e-16       4.964409176484e-16      -5.148231334088e-17 
 1483       1.011306117650e-10       3.593119963548e-12      -9.434595842191e-12       0.000000000000e+00       6.079888700160e-16       4.959562495975e-16      -5.103583722134e-17 
 1484       1.013424995061e-10       3.564840507423e-12      -9.449834761586e-12       0.000000000000e+00       6.063359943174e-16       4.954374364940e-16      -5.058696048182e-17 
 1485       1.015548388710e-10       3.536417996989e-12      -9.463205999796e-12       0.000000000000e+00       6.046886611812e-16       4.948860133448e-16      -5.013589574212e-17 
 1486       1.017674878131e-10       3.507861858028e-12      -9.474707483952e-12       0.000000000000e+00       6.030468480746e-16       4.943035239572e-16      -4.968285679229e-17 
 1487       1.019803035175e-10       3.479181568482e-12      -9.484337160707e-12       0.000000000000e+00       6.014105321895e-16       4.936915209544e-16      -4.922805859462e-17 
 1488       1.021931423996e-10       3.450386658545e-12      -9.492092996287e-12       0.000000000000e+00       5.997796904422e-16       4.930515657902e-16      -4.877171728559e-17 
 1489       1.024058601038e-10       3.421486710744e-12      -9.497972976543e-12       0.000000000000e+00       5.981542994723e-16       4.923852287647e-16      -4.831405017788e-17 
 1490       1.026183115022e-10       3.392491360033e-12      -9.501975106998e-12       0.000000000000e+00       5.965343356428e-16       4.916940890387e-16      -4.785527576234e-17 
 1491       1.028303506935e-10       3.363410293880e-12      -9.504097412899e-12       0.000000000000e+00       5.949197750392e-16       4.909797346494e-16      -4.739561370995e-17 
 1492       1.030418310016e-10       3.334253252352e-12      -9.504337939267e-12       0.000000000000e+00       5.933105934688e-16       4.902437625249e-16      -4.693528487384e-17 
 1493       1.032526049739e-10       3.305030028208e-12      -9.502694750944e-12       0.000000000000e+00       5.917067664603e-16       4.894877784998e-16      -4.647451129121e-17 
 1494       1.034625243808e-10       3.275750466984e-12      -9.499165932650e-12       0.000000000000e+00       5.901082692634e-16       4.887133973301e-16      -4.601351618536e-17 
 1495       1.036714402138e-10       3.246424467082e-12      -9.493749589023e-12       0.000000000000e+00       5.885150768479e-16       4.879222427083e-16      -4.555252396763e-17 
 1496       1.038792026844e-10       3.217061979860e-12      -9.486443844681e-12       0.000000000000e+00       5.869271639031e-16       4.871159472785e-16      -4.509176023942e-17 
 1497       1.040856612227e-10       3.187673009715e-12      -9.477246844259e-12       0.000000000000e+00       5.853445048378e-16       4.862961526514e-16      -4.463145179414e-17 
 1498       1.042906644763e-10       3.158267614180e-12      -9.466156752472e-12       0.000000000000e+00       5.837670737790e-16       4.854645094195e-16      -4.417182661918e-17 
 1499       1.044940603089e-10       3.128855904001e-12      -9.453171754153e-12       0.000000000000e+00       5.821948445717e-16       4.846226771723e-16      -4.371311389790e-17 
 1500       1.046956957991e-10       3.099448043236e-12      -9.438290054314e-12       0.000000000000e+00       5.806277907785e-16       4.837723245112e-16      -4.325554401164e-17 
 1501       1.048954172388e-10       3.070054249337e-12      -9.421509878186e-12       0.000000000000e+00       5.790658856787e-16       4.829151290645e-16      -4.279934854165e-17 
 1502       1.050930816864e-10       3.040684271460e-12      -9.402832856800e-12       0.000000000000e+00       5.775091042907e-16       4.820525380178e-16      -4.234471043945e-17 
 1503       1.052885917503e-10       3.011345819663e-12      -9.382274219663e-12       0.000000000000e+00       5.759574294620e-16       4.811850471218e-16      -4.189161400316e-17 
 1504       1.054818611415e-10       2.982046120587e-12      -9.359852701435e-12       0.000000000000e+00       5.744108458376e-16       4.803129146934e-16      -4.143999344416e-17 
 1505       1.056728031492e-10       2.952792437908e-12      -9.335587165645e-12       0.000000000000e+00       5.728693378417e-16       4.794364004656e-16      -4.098978258545e-17 
 1506       1.058613306408e-10       2.923592072398e-12      -9.309496604920e-12       0.000000000000e+00       5.713328896774e-16       4.785557655902e-16      -4.054091486105e-17 
 1507       1.060473560602e-10       2.894452361985e-12      -9.281600141217e-12       0.000000000000e+00       5.698014853262e-16       4.776712726399e-16      -4.009332331526e-17 
 1508       1.062307914283e-10       2.865380681810e-12      -9.251917026048e-12       0.000000000000e+00       5.682751085477e-16       4.767831856108e-16      -3.964694060201e-17 
 1509       1.064115483413e-10       2.836384444296e-12      -9.220466640718e-12       0.000000000000e+00       5.667537428788e-16       4.758917699250e-16      -3.920169898420e-17 
 1510       1.065895379706e-10       2.807471099198e-12      -9.187268496546e-12       0.000000000000e+00       5.652373716337e-16       4.749972924323e-16      -3.875753033304e-17 
 1511       1.067646710620e-10       2.778648133673e-12      -9.152342235103e-12       0.000000000000e+00       5.637259779028e-16       4.741000214133e-16      -3.831436612734e-17 
 1512       1.069368579350e-10       2.749923072333e-12      -9.115707628434e-12       0.000000000000e+00       5.622195445530e-16       4.732002265814e-16      -3.787213745288e-17 
 1513       1.071060084820e-10       2.721303477310e-12      -9.077384579298e-12       0.000000000000e+00       5.607180542266e-16       4.722981790851e-16      -3.743077500172e-17 
 1514       1.072720321678e-10       2.692796948316e-12      -9.037393121387e-12       0.000000000000e+00       5.592214893413e-16       4.713941515106e-16      -3.699020907153e-17 
 1515       1.074348380288e-10       2.664411122701e-12      -8.995753419565e-12       0.000000000000e+00       5.577298320892e-16       4.704884178840e-16      -3.655036956491e-17 
 1516       1.075943346726e-10       2.636153675515e-12      -8.952485770092e-12       0.000000000000e+00       5.562430644371e-16       4.695812536736e-16      -3.611118598875e-17 
 1517       1.077504302768e-10       2.608032319570e-12      -8.907610600858e-12       0.000000000000e+00       5.547611681252e-16       4.686729357925e-16      -3.567258745355e-17 
 1518       1.079030325888e-10       2.580054805498e-12      -8.861148471612e-12       0.000000000000e+00       5.532841246674e-16       4.677637426009e-16      -3.523450267271e-17 
 1519       1.080520489249e-10       2.552228921813e-12      -8.813120074189e-12       0.000000000000e+00       5.518119153501e-16       4.668539539081e-16      -3.479685996192e-17 
 1520       1.081973861695e-10       2.524562494971e-12      -8.763546232743e-12       0.000000000000e+00       5.503445212325e-16       4.659438509755e-16      -3.435958723844e-17 
 1521       1.083389507748e-10       2.497063389430e-12      -8.712447903979e-12       0.000000000000e+00       5.488819231456e-16       4.650337165184e-16      -3.392261202046e-17 
 1522       1.084766487599e-10       2.469739507711e-12      -8.659846177376e-12       0.000000000000e+00       5.474241016918e-16       4.641238347087e-16      -3.348586142642e-17 
 1523       1.086103857099e-10       2.442598790459e-12      -8.605762275426e-12       0.000000000000e+00       5.459710372446e-16       4.632144911772e-16      -3.304926217434e-17 
 1524       1.087400667756e-10       2.415649216502e-12      -8.550217553855e-12       0.000000000000e+00       5.445227099482e-16       4.623059730157e-16      -3.261274058114e-17 
 1525       1.088655966728e-10       2.388898802914e-12      -8.493233501861e-12       0.000000000000e+00       5.430790997167e-16       4.613985687799e-16      -3.217622256198e-17 
 1526       1.089868796811e-10       2.362355605072e-12      -8.434831742338e-12       0.000000000000e+00       5.416401862341e-16       4.604925684911e-16      -3.173963362961e-17 
 1527       1.091038196439e-10       2.336027716719e-12      -8.375034032109e-12       0.000000000000e+00       5.402059489533e-16       4.595882636393e-16      -3.130289889365e-17 
 1528       1.092163199675e-10       2.309923270025e-12      -8.313862262157e-12       0.000000000000e+00       5.387763670962e-16       4.586859471848e-16      -3.086594305996e-17 
 1529       1.093242836200e-10       2.284050435645e-12      -8.251338457850e-12       0.000000000000e+00       5.373514196528e-16       4.577859135611e-16      -3.042869042995e-17 
 1530       1.094276131313e-10       2.258417422781e-12      -8.187484779178e-12       0.000000000000e+00       5.359310853809e-16       4.568884586772e-16      -2.999106489993e-17 
 1531       1.095262105919e-10       2.233032479243e-12      -8.122323520976e-12       0.000000000000e+00       5.345153428058e-16       4.559938799198e-16      -2.955298996042e-17 
 1532       1.096199776525e-10       2.207903891508e-12      -8.055877113160e-12       0.000000000000e+00       5.331041702194e-16       4.551024761556e-16      -2.911438869546e-17 
 1533       1.097088155232e-10       2.183039984780e-12      -7.988168120954e-12       0.000000000000e+00       5.316975456804e-16       4.542145477340e-16      -2.867518378202e-17 
 1534       1.097926249727e-10       2.158449123055e-12      -7.919219245119e-12       0.000000000000e+00       5.302954470131e-16       4.533303964892e-16      -2.823529748923e-17 
 1535       1.098713063281e-10       2.134139709176e-12      -7.849053322186e-12       0.000000000000e+00       5.288978518075e-16       4.524503257425e-16      -2.779465167776e-17 
 1536       1.099447594737e-10       2.110120184896e-12      -7.777693324682e-12       0.000000000000e+00       5.275047374185e-16       4.515746403050e-16      -2.735316779917e-17 
 1537       1.100128838505e-10       2.086399030937e-12      -7.705162361365e-12       0.000000000000e+00       5.261160809658e-16       4.507036464795e-16      -2.691076689518e-17 
 1538       1.100755784555e-10       2.062984767054e-12      -7.631483677450e-12       0.000000000000e+00       5.247318593329e-16       4.498376520635e-16      -2.646736959707e-17 
 1539       1.101327418411e-10       2.039885952092e-12      -7.556680654840e-12       0.000000000000e+00       5.233520491671e-16       4.489769663507e-16      -2.602289612494e-17 
 1540       1.101842721145e-10       2.017111184047e-12      -7.480776812358e-12       0.000000000000e+00       5.219766268791e-16       4.481219001343e-16      -2.557726628709e-17 
 1541       1.102300822381e-10       1.994668114064e-12      -7.403796536603e-12       0.000000000000e+00       5.206055706937e-16       4.472725720870e-16      -2.513042492756e-17 
 1542       1.102701460923e-10       1.972560478061e-12      -7.325767281651e-12       0.000000000000e+00       5.192388668269e-16       4.464283258888e-16      -2.468241853436e-17 
 1543       1.103044528486e-10       1.950791037051e-12      -7.246717390694e-12       0.000000000000e+00       5.178765033667e-16       4.455883075713e-16      -2.423331935712e-17 
 1544       1.103329917083e-10       1.929362560654e-12      -7.166675367572e-12       0.000000000000e+00       5.165184682266e-16       4.447516586301e-16      -2.378320002542e-17 
 1545       1.103557519024e-10       1.908277827110e-12      -7.085669877039e-12       0.000000000000e+00       5.151647491452e-16       4.439175160168e-16      -2.333213354946e-17 
 1546       1.103727226917e-10       1.887539623290e-12      -7.003729745034e-12       0.000000000000e+00       5.138153336855e-16       4.430850121322e-16      -2.288019332062e-17 
 1547       1.103838933671e-10       1.867150744706e-12      -6.920883958940e-12       0.000000000000e+00       5.124702092353e-16       4.422532748186e-16      -2.242745311213e-17 
 1548       1.103892532494e-10       1.847113995523e-12      -6.837161667859e-12       0.000000000000e+00       5.111293630058e-16       4.414214273524e-16      -2.197398707964e-17 
 1549       1.103887916895e-10       1.827432188567e-12      -6.752592182875e-12       0.000000000000e+00       5.097927820323e-16       4.405885884367e-16      -2.151986976184e-17 
 1550       1.103824980687e-10       1.808108145339e-12      -6.667204977322e-12       0.000000000000e+00       5.084604531731e-16       4.397538721938e-16      -2.106517608110e-17 
 1551       1.103703617983e-10       1.789144696024e-12      -6.581029687048e-12       0.000000000000e+00       5.071323631094e-16       4.389163881581e-16      -2.060998134408e-17 
 1552       1.103523723204e-10       1.770544679499e-12      -6.494096110686e-12       0.000000000000e+00       5.058084983450e-16       4.380752412682e-16      -2.015436124232e-17 
 1553       1.103285191072e-10       1.752310943350e-12      -6.406434209920e-12       0.000000000000e+00       5.044888452057e-16       4.372295318599e-16      -1.969839185286e-17 
 1554       1.102987916619e-10       1.734446343878e-12      -6.318074109749e-12       0.000000000000e+00       5.031733898395e-16       4.363783556587e-16      -1.924214963890e-17 
 1555       1.102631795181e-10       1.716953746109e-12      -6.229046098757e-12       0.000000000000e+00       5.018621182153e-16       4.355208037722e-16      -1.878571145035e-17 
 1556       1.102216722402e-10       1.699836023808e-12      -6.139380629379e-12       0.000000000000e+00       5.005550161237e-16       4.346559626829e-16      -1.832915452448e-17 
 1557       1.101742594237e-10       1.683096059489e-12      -6.049108318167e-12       0.000000000000e+00       4.992520691755e-16       4.337829142405e-16      -1.787255648654e-17 
 1558       1.101209306948e-10       1.666736744423e-12      -5.958259946060e-12       0.000000000000e+00       4.979532628023e-16       4.329007356549e-16      -1.741599535035e-17 
 1559       1.100616757109e-10       1.650760978652e-12      -5.866866458644e-12       0.000000000000e+00       4.966585822555e-16       4.320084994885e-16      -1.695954951893e-17 
 1560       1.099964841606e-10       1.635171670997e-12      -5.774958966428e-12       0.000000000000e+00       4.953680126062e-16       4.311052736489e-16      -1.650329778513e-17 
 1561       1.099253457636e-10       1.619971739070e-12      -5.682568745104e-12       0.000000000000e+00       4.940815387449e-16       4.301901213814e-16      -1.604731933222e-17 
 1562       1.098482502712e-10       1.605164109285e-12      -5.589727235816e-12       0.000000000000e+00       4.927991453809e-16       4.292621012615e-16      -1.559169373449e-17 
 1563       1.097651874658e-10       1.590751716869e-12      -5.496466045428e-12       0.000000000000e+00       4.915208170422e-16       4.283202671878e-16      -1.513650095792e-17 
 1564       1.096761471615e-10       1.576737505871e-12      -5.402816946790e-12       0.000000000000e+00       4.902465380750e-16       4.273636683744e-16      -1.468182136075e-17 
 1565       1.095811192042e-10       1.563124429173e-12      -5.308811879004e-12       0.000000000000e+00       4.889762926434e-16       4.263913493433e-16      -1.422773569411e-17 
 1566       1.094800934713e-10       1.549915448503e-12      -5.214482947694e-12       0.000000000000e+00       4.877100647289e-16       4.254023499174e-16      -1.377432510262e-17 
 1567       1.093730598720e-10       1.537113534442e-12      -5.119862425267e-12       0.000000000000e+00       4.864478381305e-16       4.243957052126e-16      -1.332167112504e-17 
 1568       1.092600083475e-10       1.524721666438e-12      -5.024982751188e-12       0.000000000000e+00       4.851895964635e-16       4.233704456310e-16      -1.286985569483e-17 
 1569       1.091409288709e-10       1.512742832816e-12      -4.929876532239e-12       0.000000000000e+00       4.839353231600e-16       4.223255968527e-16      -1.241896114083e-17 
 1570       1.090158114476e-10       1.501180030785e-12      -4.834576542791e-12       0.000000000000e+00       4.826850014682e-16       4.212601798293e-16      -1.196907018781e-17 
 1571       1.088846461151e-10       1.490036266456e-12      -4.739115725068e-12       0.000000000000e+00       4.814386144518e-16       4.201732107755e-16      -1.152026595714e-17 
 1572       1.087474229429e-10       1.479314554844e-12      -4.643527189418e-12       0.000000000000e+00       4.801961449900e-16       4.190637011627e-16      -1.107263196738e-17 
 1573       1.086041320334e-10       1.469017919887e-12      -4.547844214574e-12       0.000000000000e+00       4.789575757770e-16       4.179306577106e-16      -1.062625213487e-17 
 1574       1.084547635209e-10       1.459149394450e-12      -4.452100247925e-12       0.000000000000e+00       4.777228893217e-16       4.167730823805e-16      -1.018121077439e-17 
 1575       1.082993075727e-10       1.449712020339e-12      -4.356328905783e-12       0.000000000000e+00       4.764920679473e-16       4.155899723678e-16      -9.737592599758e-18 
 1576       1.081377543887e-10       1.440708848313e-12      -4.260563973647e-12       0.000000000000e+00       4.752650937907e-16       4.143803200941e-16      -9.295482724433e-18 
 1577       1.079700942012e-10       1.432142938090e-12      -4.164839406472e-12       0.000000000000e+00       4.740419488027e-16       4.131431132003e-16      -8.854966662142e-18 
 1578       1.077963172758e-10       1.424017358363e-12      -4.069189328938e-12       0.000000000000e+00       4.728226147471e-16       4.118773345391e-16      -8.416130327489e-18 
 1579       1.076164139107e-10       1.416335186806e-12      -3.973648035711e-12       0.000000000000e+00       4.716070732008e-16       4.105819621673e-16      -7.979060036573e-18 
 1580       1.074303857389e-10       1.409098582927e-12      -3.878248093669e-12       0.000000000000e+00       4.703953069832e-16       4.092562585000e-16      -7.543830984130e-18 
 1581       1.072382797465e-10       1.402305997196e-12      -3.783014628801e-12       0.000000000000e+00       4.691873044614e-16       4.079006407146e-16      -7.110472557042e-18 
 1582       1.070401545698e-10       1.395954936100e-12      -3.687970986942e-12       0.000000000000e+00       4.679830552845e-16       4.065158183909e-16      -6.679002700901e-18 
 1583       1.068360692222e-10       1.390042886920e-12      -3.593140627196e-12       0.000000000000e+00       4.667825489566e-16       4.051025050872e-16      -6.249439414396e-18 
 1584       1.066260830951e-10       1.384567317701e-12      -3.498547122107e-12       0.000000000000e+00       4.655857748363e-16       4.036614183472e-16      -5.821800749377e-18 
 1585       1.064102559586e-10       1.379525677216e-12      -3.404214157839e-12       0.000000000000e+00       4.643927221368e-16       4.021932797062e-16      -5.396104810913e-18 
 1586       1.061886479624e-10       1.374915394934e-12      -3.310165534351e-12       0.000000000000e+00       4.632033799253e-16       4.006988146977e-16      -4.972369757354e-18 
 1587       1.059613196358e-10       1.370733880985e-12      -3.216425165571e-12       0.000000000000e+00       4.620177371229e-16       3.991787528597e-16      -4.550613800393e-18 
 1588       1.057283318889e-10       1.366978526125e-12      -3.123017079573e-12       0.000000000000e+00       4.608357825040e-16       3.976338277415e-16      -4.130855205129e-18 
 1589       1.054897460129e-10       1.363646701705e-12      -3.029965418753e-12       0.000000000000e+00       4.596575046966e-16       3.960647769099e-16      -3.713112290122e-18 
 1590       1.052456236809e-10       1.360735759635e-12      -2.937294440004e-12       0.000000000000e+00       4.584828921813e-16       3.944723419558e-16      -3.297403427460e-18 
 1591       1.049960269487e-10       1.358243032351e-12      -2.845028514891e-12       0.000000000000e+00       4.573119332917e-16       3.928572685006e-16      -2.883747042820e-18 
 1592       1.047410182548e-10       1.356165832780e-12      -2.753192129830e-12       0.000000000000e+00       4.561446162135e-16       3.912203062029e-16      -2.472161615525e-18 
 1593       1.044806604219e-10       1.354501454308e-12      -2.661809886258e-12       0.000000000000e+00       4.549809289846e-16       3.895622087645e-16      -2.062665678610e-18 
 1594       1.042150166570e-10       1.353247170745e-12      -2.570906500815e-12       0.000000000000e+00       4.538208594947e-16       3.878837339375e-16      -1.655277818877e-18 
 1595       1.039441505519e-10       1.352400236292e-12      -2.480506805516e-12       0.000000000000e+00       4.526643954849e-16       3.861856435303e-16      -1.250016676966e-18 
 1596       1.036681260844e-10       1.351957885504e-12      -2.390635747927e-12       0.000000000000e+00       4.515115245478e-16       3.844687034142e-16      -8.469009474046e-19 
 1597       1.033870076185e-10       1.351917333261e-12      -2.301318391341e-12       0.000000000000e+00       4.503622341265e-16       3.827336835300e-16      -4.459493786785e-19 
 1598       1.031008599051e-10       1.352275774731e-12      -2.212579914956e-12       0.000000000000e+00       4.492165115151e-16       3.809813578943e-16      -4.718077328764e-20 
 1599       1.028097480828e-10       1.353030385337e-12      -2.124445614045e-12       0.000000000000e+00       4.480743438578e-16       3.792125046063e-16       3.493860121908e-19 
 1600       1.025137376783e-10       1.354178320722e-12      -2.036940900139e-12       0.000000000000e+00       4.469357181491e-16       3.774279058537e-16       7.437320670419e-19 
 1601       1.022128946073e-10       1.355716716718e-12      -1.950091301197e-12       0.000000000000e+00       4.458006212330e-16       3.756283479198e-16       1.135838426351e-18 
 1602       1.019072851749e-10       1.357642689310e-12      -1.863922461785e-12       0.000000000000e+00       4.446690398032e-16       3.738146211895e-16       1.525686070944e-18 
 1603       1.015969760764e-10       1.359953334601e-12      -1.778460143249e-12       0.000000000000e+00       4.435409604025e-16       3.719875201562e-16       1.913255927323e-18 
 1604       1.012820343978e-10       1.362645728780e-12      -1.693730223895e-12       0.000000000000e+00       4.424163694225e-16       3.701478434279e-16       2.298528867611e-18 
 1605       1.009625276167e-10       1.365716928089e-12      -1.609758699159e-12       0.000000000000e+00       4.412952531037e-16       3.682963937338e-16       2.681485709483e-18 
 1606       1.006385236025e-10       1.369163968787e-12      -1.526571681787e-12       0.000000000000e+00       4.401775975346e-16       3.664339779309e-16       3.062107216111e-18 
 1607       1.003100906174e-10       1.372983867117e-12      -1.444195402009e-12       0.000000000000e+00       4.390633886519e-16       3.645614070104e-16       3.440374096101e-18 
 1608       9.997729731699e-11       1.377173619272e-12      -1.362656207716e-12       0.000000000000e+00       4.379526122400e-16       3.626794961041e-16       3.816267003431e-18 
 1609       9.964021275072e-11       1.381730201362e-12      -1.281980564635e-12       0.000000000000e+00       4.368452539308e-16       3.607890644910e-16       4.189766537388e-18 
 1610       9.929890636266e-11       1.386650569380e-12      -1.202195056503e-12       0.000000000000e+00       4.357412992033e-16       3.588909356036e-16       4.560853242513e-18 
 1611       9.895344799213e-11       1.391931659165e-12      -1.123326385244e-12       0.000000000000e+00       4.346407333834e-16       3.569859370347e-16       4.929507608534e-18 
 1612       9.860390787430e-11       1.397570386374e-12      -1.045401371149e-12       0.000000000000e+00       4.335435416436e-16       3.550749005435e-16       5.295710070305e-18 
 1613       9.825035664085e-11       1.403563646442e-12      -9.684469530420e-13       0.000000000000e+00       4.324497090026e-16       3.531586620622e-16       5.659441007750e-18 
 1614       9.789286532060e-11       1.409908314554e-12      -8.924901884659e-13       0.000000000000e+00       4.313592203253e-16       3.512380617028e-16       6.020680745795e-18 
 1615       9.753150534016e-11       1.416601245605e-12      -8.175582538515e-13       0.000000000000e+00       4.302720603222e-16       3.493139437631e-16       6.379409554313e-18 
 1616       9.716634852453e-11       1.423639274172e-12      -7.436784446962e-13       0.000000000000e+00       4.291882135492e-16       3.473871567333e-16       6.735607648057e-18 
 1617       9.679746709778e-11       1.431019214476e-12      -6.708781757388e-13       0.000000000000e+00       4.281076644073e-16       3.454585533029e-16       7.089255186604e-18 
 1618       9.642493368367e-11       1.438737860351e-12      -5.991849811354e-13       0.000000000000e+00       4.270303971426e-16       3.435289903664e-16       7.440332274291e-18 
 1619       9.604882405069e-11       1.446791547959e-12      -5.286232246945e-13       0.000000000000e+00       4.259563971927e-16       3.415992352144e-16       7.788819983980e-18 
 1620       9.566922537311e-11       1.455174839702e-12      -4.592041977175e-13       0.000000000000e+00       4.248856552419e-16       3.396696831646e-16       8.134703438589e-18 
 1621       9.528622804587e-11       1.463881828350e-12      -3.909359320301e-13       0.000000000000e+00       4.238181632026e-16       3.377406373917e-16       8.477968757284e-18 
 1622       9.489992294768e-11       1.472906573158e-12      -3.238264818275e-13       0.000000000000e+00       4.227539128706e-16       3.358124025144e-16       8.818602034169e-18 
 1623       9.451040144179e-11       1.482243099814e-12      -2.578839236998e-13       0.000000000000e+00       4.216928959254e-16       3.338852845974e-16       9.156589338266e-18 
 1624       9.411775537676e-11       1.491885400380e-12      -1.931163566568e-13       0.000000000000e+00       4.206351039297e-16       3.319595911536e-16       9.491916713508e-18 
 1625       9.372207708718e-11       1.501827433245e-12      -1.295319021533e-13       0.000000000000e+00       4.195805283293e-16       3.300356311466e-16       9.824570178716e-18 
 1626       9.332345939450e-11       1.512063123062e-12      -6.713870411465e-14       0.000000000000e+00       4.185291604528e-16       3.281137149923e-16       1.015453572759e-17 
 1627       9.292199560774e-11       1.522586360705e-12      -5.944928961326e-15       0.000000000000e+00       4.174809915111e-16       3.261941545617e-16       1.048179932871e-17 
 1628       9.251777952427e-11       1.533391003206e-12       5.404123436536e-14       0.000000000000e+00       4.164360125980e-16       3.242772631825e-16       1.080634692547e-17 
 1629       9.211090543058e-11       1.544470873705e-12       1.128115743783e-13       0.000000000000e+00       4.153942146889e-16       3.223633556419e-16       1.112816443613e-17 
 1630       9.170146810301e-11       1.555819761397e-12       1.703578570194e-13       0.000000000000e+00       4.143555886414e-16       3.204527481881e-16       1.144723775376e-17 
 1631       9.128956280855e-11       1.567431421476e-12       2.266718256343e-13       0.000000000000e+00       4.133201251947e-16       3.185457585332e-16       1.176355274625e-17 
 1632       9.087528530560e-11       1.579299575083e-12       2.817452009472e-13       0.000000000000e+00       4.122878149694e-16       3.166427058549e-16       1.207709525625e-17 
 1633       9.045873184469e-11       1.591417909251e-12       3.355696810358e-13       0.000000000000e+00       4.112586484674e-16       3.147439107987e-16       1.238785110123e-17 
 1634       9.003999916930e-11       1.603780076850e-12       3.881369413059e-13       0.000000000000e+00       4.102326160714e-16       3.128496954803e-16       1.269580607338e-17 
 1635       8.961918451657e-11       1.616379696537e-12       4.394386344663e-13       0.000000000000e+00       4.092097080452e-16       3.109603834877e-16       1.300094593967e-17 
 1636       8.919638561811e-11       1.629210352697e-12       4.894663905037e-13       0.000000000000e+00       4.081899145329e-16       3.090762998835e-16       1.330325644181e-17 
 1637       8.877170070070e-11       1.642265595394e-12       5.382118166573e-13       0.000000000000e+00       4.071732255587e-16       3.071977712067e-16       1.360272329619e-17 
 1638       8.834522848714e-11       1.655538940314e-12       5.856664973940e-13       0.000000000000e+00       4.061596310274e-16       3.053251254752e-16       1.389933219396e-17 
 1639       8.791706819691e-11       1.669023868712e-12       6.318219943826e-13       0.000000000000e+00       4.051491207232e-16       3.034586921881e-16       1.419306880091e-17 
 1640       8.748731954703e-11       1.682713827358e-12       6.766698464691e-13       0.000000000000e+00       4.041416843102e-16       3.015988023276e-16       1.448391875754e-17 
 1641       8.705608275274e-11       1.696602228483e-12       7.202015696515e-13       0.000000000000e+00       4.031373113316e-16       2.997457883614e-16       1.477186767902e-17 
 1642       8.662345852832e-11       1.710682449728e-12       7.624086570542e-13       0.000000000000e+00       4.021359912101e-16       2.978999842444e-16       1.505690115513e-17 
 1643       8.618954808783e-11       1.724947834084e-12       8.032825789032e-13       0.000000000000e+00       4.011377132471e-16       2.960617254219e-16       1.533900475032e-17 
 1644       8.575445314585e-11       1.739391689844e-12       8.428147825009e-13       0.000000000000e+00       4.001424666229e-16       2.942313488305e-16       1.561816400366e-17 
 1645       8.531827591830e-11       1.754007290547e-12       8.809966922005e-13       0.000000000000e+00       3.991502403960e-16       2.924091929015e-16       1.589436442879e-17 
 1646       8.488111912314e-11       1.768787874923e-12       9.178197093814e-13       0.000000000000e+00       3.981610235034e-16       2.905955975622e-16       1.616759151398e-17 
 1647       8.444308598116e-11       1.783726646840e-12       9.532752124236e-13       0.000000000000e+00       3.971748047601e-16       2.887909042384e-16       1.643783072206e-17 
 1648       8.400428021676e-11       1.798816775252e-12       9.873545566824e-13       0.000000000000e+00       3.961915728589e-16       2.869954558567e-16       1.670506749042e-17 
 1649       8.356480605867e-11       1.814051394142e-12       1.020049074464e-12       0.000000000000e+00       3.952113163700e-16       2.852095968465e-16       1.696928723101e-17 
 1650       8.312476824075e-11       1.829423602469e-12       1.051350074998e-12       0.000000000000e+00       3.942340237411e-16       2.834336731425e-16       1.723047533031e-17 
 1651       8.268427200273e-11       1.844926464117e-12       1.081248844417e-12       0.000000000000e+00       3.932596832970e-16       2.816680321862e-16       1.748861714931e-17 
 1652       8.224342309099e-11       1.860553007837e-12       1.109736645726e-12       0.000000000000e+00       3.922882832395e-16       2.799130229290e-16       1.774369802352e-17 
 1653       8.180232775930e-11       1.876296227196e-12       1.136804718780e-12       0.000000000000e+00       3.913198116467e-16       2.781689958336e-16       1.799570326292e-17 
 1654       8.136109276959e-11       1.892149080521e-12       1.162444280258e-12       0.000000000000e+00       3.903542564736e-16       2.764363028767e-16       1.824461815200e-17 
 1655       8.091982539274e-11       1.908104490847e-12       1.186646523640e-12       0.000000000000e+00       3.893916055510e-16       2.747152975508e-16       1.849042794968e-17 
 1656       8.047863340930e-11       1.924155345862e-12       1.209402619177e-12       0.000000000000e+00       3.884318465859e-16       2.730063348667e-16       1.873311788934e-17 
 1657       8.003762511026e-11       1.940294497856e-12       1.230703713872e-12       0.000000000000e+00       3.874749671611e-16       2.713097713555e-16       1.897267317880e-17 
 1658       7.959690362269e-11       1.956514953258e-12       1.250543857811e-12       0.000000000000e+00       3.865209554367e-16       2.696258278651e-16       1.920908136788e-17 
 1659       7.915654983023e-11       1.972810443209e-12       1.268928811464e-12       0.000000000000e+00       3.855698022625e-16       2.679541766205e-16       1.944233947404e-17 
 1660       7.871663930339e-11       1.989174857924e-12       1.285867316055e-12       0.000000000000e+00       3.846214990844e-16       2.662943505242e-16       1.967244691957e-17 
 1661       7.827724796154e-11       2.005602057497e-12       1.301368174354e-12       0.000000000000e+00       3.836760372429e-16       2.646458800271e-16       1.989940316987e-17 
 1662       7.783845207341e-11       2.022085871865e-12       1.315440250779e-12       0.000000000000e+00       3.827334079740e-16       2.630082931247e-16       2.012320773345e-17 
 1663       7.740032825761e-11       2.038620100757e-12       1.328092471500e-12       0.000000000000e+00       3.817936024082e-16       2.613811153537e-16       2.034386016208e-17 
 1664       7.696295348315e-11       2.055198513650e-12       1.339333824540e-12       0.000000000000e+00       3.808566115708e-16       2.597638697877e-16       2.056136005087e-17 
 1665       7.652640506996e-11       2.071814849724e-12       1.349173359881e-12       0.000000000000e+00       3.799224263814e-16       2.581560770336e-16       2.077570703834e-17 
 1666       7.609076068938e-11       2.088462817814e-12       1.357620189561e-12       0.000000000000e+00       3.789910376539e-16       2.565572552282e-16       2.098690080650e-17 
 1667       7.565609836470e-11       2.105136096368e-12       1.364683487781e-12       0.000000000000e+00       3.780624360961e-16       2.549669200335e-16       2.119494108100e-17 
 1668       7.522249647165e-11       2.121828333399e-12       1.370372491005e-12       0.000000000000e+00       3.771366123097e-16       2.533845846339e-16       2.139982763113e-17 
 1669       7.479003373896e-11       2.138533146439e-12       1.374696498063e-12       0.000000000000e+00       3.762135567901e-16       2.518097597316e-16       2.160156027000e-17 
 1670       7.435878924882e-11       2.155244122494e-12       1.377664870256e-12       0.000000000000e+00       3.752932599260e-16       2.502419535433e-16       2.180013885454e-17 
 1671       7.392884243743e-11       2.171954818001e-12       1.379287031454e-12       0.000000000000e+00       3.743757119995e-16       2.486806717962e-16       2.199556328567e-17 
 1672       7.350027309548e-11       2.188658758778e-12       1.379572468201e-12       0.000000000000e+00       3.734609031854e-16       2.471254177241e-16       2.218783350834e-17 
 1673       7.307316136871e-11       2.205349439982e-12       1.378530729818e-12       0.000000000000e+00       3.725488235518e-16       2.455756920639e-16       2.237694951162e-17 
 1674       7.264758775841e-11       2.222020326061e-12       1.376171428504e-12       0.000000000000e+00       3.716394630590e-16       2.440309930515e-16       2.256291132882e-17 
 1675       7.222363312190e-11       2.238664850709e-12       1.372504239439e-12       0.000000000000e+00       3.707328115600e-16       2.424908164181e-16       2.274571903754e-17 
 1676       7.180137867310e-11       2.255276416822e-12       1.367538900888e-12       0.000000000000e+00       3.698288588000e-16       2.409546553866e-16       2.292537275979e-17 
 1677       7.138090598298e-11       2.271848396450e-12       1.361285214301e-12       0.000000000000e+00       3.689275944163e-16       2.394220006674e-16       2.310187266206e-17 
 1678       7.096229698014e-11       2.288374130754e-12       1.353753044415e-12       0.000000000000e+00       3.680290079380e-16       2.378923404549e-16       2.327521895542e-17 
 1679       7.054563395128e-11       2.304846929958e-12       1.344952319362e-12       0.000000000000e+00       3.671330887857e-16       2.363651604237e-16       2.344541189561e-17 
 1680       7.013099954175e-11       2.321260073304e-12       1.334893030765e-12       0.000000000000e+00       3.662398262716e-16       2.348399437246e-16       2.361245178312e-17 
 1681       6.971847675601e-11       2.337606809007e-12       1.323585233841e-12       0.000000000000e+00       3.653492095993e-16       2.333161709809e-16       2.377633896328e-17 
 1682       6.930814895821e-11       2.353880354212e-12       1.311039047511e-12       0.000000000000e+00       3.644612278633e-16       2.317933202848e-16       2.393707382634e-17 
 1683       6.890009987265e-11       2.370073894940e-12       1.297264654491e-12       0.000000000000e+00       3.635758700490e-16       2.302708671933e-16       2.409465680761e-17 
 1684       6.849441358433e-11       2.386180586054e-12       1.282272301404e-12       0.000000000000e+00       3.626931250323e-16       2.287482847243e-16       2.424908838746e-17 
 1685       6.809117453945e-11       2.402193551204e-12       1.266072298878e-12       0.000000000000e+00       3.618129815799e-16       2.272250433534e-16       2.440036909149e-17 
 1686       6.769046754592e-11       2.418105882785e-12       1.248675021649e-12       0.000000000000e+00       3.609354283485e-16       2.257006110095e-16       2.454849949058e-17 
 1687       6.729237777389e-11       2.433910641893e-12       1.230090908666e-12       0.000000000000e+00       3.600604538851e-16       2.241744530711e-16       2.469348020099e-17 
 1688       6.689699075625e-11       2.449600858275e-12       1.210330463187e-12       0.000000000000e+00       3.591880466264e-16       2.226460323628e-16       2.483531188444e-17 
 1689       6.650439238916e-11       2.465169530290e-12       1.189404252890e-12       0.000000000000e+00       3.583181948988e-16       2.211148091514e-16       2.497399524820e-17 
 1690       6.611466893253e-11       2.480609624856e-12       1.167322909968e-12       0.000000000000e+00       3.574508869183e-16       2.195802411416e-16       2.510953104519e-17 
 1691       6.572790701059e-11       2.495914077409e-12       1.144097131238e-12       0.000000000000e+00       3.565861107901e-16       2.180417834731e-16       2.524192007407e-17 
 1692       6.534419361235e-11       2.511075791857e-12       1.119737678238e-12       0.000000000000e+00       3.557238545085e-16       2.164988887159e-16       2.537116317931e-17 
 1693       6.496361609216e-11       2.526087640533e-12       1.094255377332e-12       0.000000000000e+00       3.548641059568e-16       2.149510068671e-16       2.549726125128e-17 
 1694       6.458626217017e-11       2.540942464150e-12       1.067661119812e-12       0.000000000000e+00       3.540068529068e-16       2.133975853469e-16       2.562021522638e-17 
 1695       6.421221993292e-11       2.555633071757e-12       1.039965862002e-12       0.000000000000e+00       3.531520830190e-16       2.118380689948e-16       2.574002608708e-17 
 1696       6.384157783377e-11       2.570152240690e-12       1.011180625358e-12       0.000000000000e+00       3.522997838421e-16       2.102719000657e-16       2.585669486201e-17 
 1697       6.347441459478e-11       2.584493367326e-12       9.813177776509e-13       0.000000000000e+00       3.514499440764e-16       2.086986859007e-16       2.597022394248e-17 
 1698       6.311076881584e-11       2.598652425553e-12       9.503948883893e-13       0.000000000000e+00       3.506025573772e-16       2.071187035270e-16       2.608062104411e-17 
 1699       6.275066910452e-11       2.612626025097e-12       9.184309068418e-13       0.000000000000e+00       3.497576185835e-16       2.055323994011e-16       2.618789527950e-17 
 1700       6.239414415108e-11       2.626410762235e-12       8.854448841304e-13       0.000000000000e+00       3.489151224579e-16       2.039402221322e-16       2.629205584509e-17 
 1701       6.204122272854e-11       2.640003219776e-12       8.514559733862e-13       0.000000000000e+00       3.480750636860e-16       2.023426224852e-16       2.639311202131e-17 
 1702       6.169193369282e-11       2.653399967047e-12       8.164834299051e-13       0.000000000000e+00       3.472374368766e-16       2.007400533845e-16       2.649107317274e-17 
 1703       6.134630598279e-11       2.666597559871e-12       7.805466113042e-13       0.000000000000e+00       3.464022365613e-16       1.991329699167e-16       2.658594874821e-17 
 1704       6.100436862040e-11       2.679592540549e-12       7.436649776767e-13       0.000000000000e+00       3.455694571946e-16       1.975218293338e-16       2.667774828099e-17 
 1705       6.066615071074e-11       2.692381437842e-12       7.058580917487e-13       0.000000000000e+00       3.447390931533e-16       1.959070910566e-16       2.676648138889e-17 
 1706       6.033168144216e-11       2.704960766954e-12       6.671456190343e-13       0.000000000000e+00       3.439111387371e-16       1.942892166778e-16       2.685215777443e-17 
 1707       6.000099008637e-11       2.717327029510e-12       6.275473279919e-13       0.000000000000e+00       3.430855881677e-16       1.926686699651e-16       2.693478722501e-17 
 1708       5.967410599848e-11       2.729476713541e-12       5.870830901796e-13       0.000000000000e+00       3.422624355890e-16       1.910459168643e-16       2.701437961299e-17 
 1709       5.935105861717e-11       2.741406293463e-12       5.457728804114e-13       0.000000000000e+00       3.414416750670e-16       1.894214255028e-16       2.709094489588e-17 
 1710       5.903187746473e-11       2.753112230061e-12       5.036367769128e-13       0.000000000000e+00       3.406233005897e-16       1.877956661926e-16       2.716449311647e-17 
 1711       5.871659214717e-11       2.764590970467e-12       4.606949614767e-13       0.000000000000e+00       3.398073060666e-16       1.861691114334e-16       2.723503440299e-17 
 1712       5.840523235433e-11       2.775838948145e-12       4.169677196193e-13       0.000000000000e+00       3.389936853290e-16       1.845422359159e-16       2.730257896920e-17 
 1713       5.809782785993e-11       2.786852582871e-12       3.724754407358e-13       0.000000000000e+00       3.381824321295e-16       1.829155165248e-16       2.736713711462e-17 
 1714       5.779440852173e-11       2.797628280714e-12       3.272386182562e-13       0.000000000000e+00       3.373735401422e-16       1.812894323424e-16       2.742871922460e-17 
 1715       5.749500428155e-11       2.808162434019e-12       2.812778498013e-13       0.000000000000e+00       3.365670029622e-16       1.796644646513e-16       2.748733577049e-17 
 1716       5.719964516542e-11       2.818451421387e-12       2.346138373384e-13       0.000000000000e+00       3.357628141056e-16       1.780410969378e-16       2.754299730979e-17 
 1717       5.690836128366e-11       2.828491607657e-12       1.872673873371e-13       0.000000000000e+00       3.349609670095e-16       1.764198148952e-16       2.759571448629e-17 
 1718       5.662118283096e-11       2.838279343887e-12       1.392594109252e-13       0.000000000000e+00       3.341614550317e-16       1.748011064267e-16       2.764549803020e-17 
 1719       5.633814008647e-11       2.847810967339e-12       9.061092404457e-14       0.000000000000e+00       3.333642714506e-16       1.731854616488e-16       2.769235875833e-17 
 1720       5.605926341394e-11       2.857082801454e-12       4.134304760672e-14       0.000000000000e+00       3.325694094649e-16       1.715733728944e-16       2.773630757418e-17 
 1721       5.578458326174e-11       2.866091155839e-12      -8.522992351012e-15       0.000000000000e+00       3.317768621938e-16       1.699653347161e-16       2.777735546813e-17 
 1722       5.551413016304e-11       2.874832326248e-12      -5.896586450990e-14       0.000000000000e+00       3.309866226765e-16       1.683618438891e-16       2.781551351756e-17 
 1723       5.524793473581e-11       2.883302594559e-12      -1.099641321139e-13       0.000000000000e+00       3.301986838722e-16       1.667633994147e-16       2.785079288700e-17 
 1724       5.498602768300e-11       2.891498228761e-12      -1.614962528138e-13       0.000000000000e+00       3.294130386602e-16       1.651705025234e-16       2.788320482829e-17 
 1725       5.472843979257e-11       2.899415482933e-12      -2.135405785116e-13       0.000000000000e+00       3.286296798392e-16       1.635836566777e-16       2.791276068068e-17 
 1726       5.447520193764e-11       2.907050597226e-12      -2.660753552043e-13       0.000000000000e+00       3.278486001277e-16       1.620033675760e-16       2.793947187102e-17 
 1727       5.422634507653e-11       2.914399797843e-12      -3.190787228284e-13       0.000000000000e+00       3.270697921636e-16       1.604301431552e-16       2.796334991389e-17 
 1728       5.398190025288e-11       2.921459297022e-12      -3.725287151041e-13       0.000000000000e+00       3.262932485039e-16       1.588644935940e-16       2.798440641173e-17 
 1729       5.374189859575e-11       2.928225293018e-12      -4.264032593792e-13       0.000000000000e+00       3.255189616249e-16       1.573069313163e-16       2.800265305498e-17 
 1730       5.350637131971e-11       2.934693970084e-12      -4.806801764734e-13       0.000000000000e+00       3.247469239220e-16       1.557579709943e-16       2.801810162227e-17 
 1731       5.327534972493e-11       2.940861498452e-12      -5.353371805226e-13       0.000000000000e+00       3.239771277093e-16       1.542181295513e-16       2.803076398050e-17 
 1732       5.304886519726e-11       2.946724034314e-12      -5.903518788229e-13       0.000000000000e+00       3.232095652196e-16       1.526879261656e-16       2.804065208503e-17 
 1733       5.282694920834e-11       2.952277719805e-12      -6.457017716750e-13       0.000000000000e+00       3.224442286043e-16       1.511678822729e-16       2.804777797980e-17 
 1734       5.260963331572e-11       2.957518682984e-12      -7.013642522281e-13       0.000000000000e+00       3.216811099332e-16       1.496585215701e-16       2.805215379749e-17 
 1735       5.239694916289e-11       2.962443037815e-12      -7.573166063241e-13       0.000000000000e+00       3.209202011945e-16       1.481603700181e-16       2.805379175965e-17 
 1736       5.218891931870e-11       2.967047628909e-12      -8.135367098632e-13       0.000000000000e+00       3.201614946414e-16       1.466738674419e-16       2.805270462674e-17 
 1737       5.198552971078e-11       2.971332272649e-12      -8.700051276398e-13       0.000000000000e+00       3.194049838368e-16       1.451991015080e-16       2.804890705211e-17 
 1738       5.178675695994e-11       2.975297534918e-12      -9.267030318863e-13       0.000000000000e+00       3.186506626172e-16       1.437360715109e-16       2.804241423971e-17 
 1739       5.159257751955e-11       2.978943988065e-12      -9.836115062299e-13       0.000000000000e+00       3.178985247465e-16       1.422847765728e-16       2.803324149540e-17 
 1740       5.140296767524e-11       2.982272210913e-12      -1.040711545564e-12       0.000000000000e+00       3.171485639159e-16       1.408452156430e-16       2.802140422714e-17 
 1741       5.121790354467e-11       2.985282788775e-12      -1.097984055921e-12       0.000000000000e+00       3.164007737433e-16       1.394173874981e-16       2.800691794511e-17 
 1742       5.103736107722e-11       2.987976313462e-12      -1.155409854344e-12       0.000000000000e+00       3.156551477738e-16       1.380012907409e-16       2.798979826189e-17 
 1743       5.086131605373e-11       2.990353383295e-12      -1.212969668758e-12       0.000000000000e+00       3.149116794793e-16       1.365969238007e-16       2.797006089262e-17 
 1744       5.068974408627e-11       2.992414603116e-12      -1.270644137842e-12       0.000000000000e+00       3.141703622582e-16       1.352042849326e-16       2.794772165518e-17 
 1745       5.052262061781e-11       2.994160584300e-12      -1.328413810901e-12       0.000000000000e+00       3.134311894356e-16       1.338233722175e-16       2.792279647033e-17 
 1746       5.035992092197e-11       2.995591944763e-12      -1.386259147741e-12       0.000000000000e+00       3.126941542628e-16       1.324541835612e-16       2.789530136185e-17 
 1747       5.020162010278e-11       2.996709308979e-12      -1.444160518533e-12       0.000000000000e+00       3.119592499175e-16       1.310967166949e-16       2.786525245677e-17 
 1748       5.004769309436e-11       2.997513307984e-12      -1.502098203696e-12       0.000000000000e+00       3.112264695035e-16       1.297509691739e-16       2.783266598546e-17 
 1749       4.989811466069e-11       2.998004579393e-12      -1.560052393758e-12       0.000000000000e+00       3.104958060507e-16       1.284169383781e-16       2.779755828183e-17 
 1750       4.975285939532e-11       2.998183767410e-12      -1.618003189235e-12       0.000000000000e+00       3.097672525147e-16       1.270946215111e-16       2.775994578349e-17 
 1751       4.961190172109e-11       2.998051522836e-12      -1.675930600502e-12       0.000000000000e+00       3.090408017770e-16       1.257840156002e-16       2.771984503190e-17 
 1752       4.947521588989e-11       2.997608503083e-12      -1.733814547661e-12       0.000000000000e+00       3.083164466446e-16       1.244851174959e-16       2.767727267254e-17 
 1753       4.934277598237e-11       2.996855372184e-12      -1.791634860419e-12       0.000000000000e+00       3.075941798501e-16       1.231979238716e-16       2.763224545506e-17 
 1754       4.921455590764e-11       2.995792800805e-12      -1.849371277954e-12       0.000000000000e+00       3.068739940513e-16       1.219224312233e-16       2.758478023346e-17 
 1755       4.909052940308e-11       2.994421466257e-12      -1.907003448790e-12       0.000000000000e+00       3.061558818314e-16       1.206586358692e-16       2.753489396623e-17 
 1756       4.897067003398e-11       2.992742052503e-12      -1.964510930670e-12       0.000000000000e+00       3.054398356986e-16       1.194065339494e-16       2.748260371654e-17 
 1757       4.885495119333e-11       2.990755250175e-12      -2.021873190426e-12       0.000000000000e+00       3.047258480859e-16       1.181661214255e-16       2.742792665237e-17 
 1758       4.874334610152e-11       2.988461756580e-12      -2.079069603849e-12       0.000000000000e+00       3.040139113515e-16       1.169373940804e-16       2.737088004671e-17 
 1759       4.863582780608e-11       2.985862275715e-12      -2.136079455566e-12       0.000000000000e+00       3.033040177779e-16       1.157203475180e-16       2.731148127766e-17 
 1760       4.853236918140e-11       2.982957518275e-12      -2.192881938909e-12       0.000000000000e+00       3.025961595725e-16       1.145149771625e-16       2.724974782866e-17 
 1761       4.843294292848e-11       2.979748201666e-12      -2.249456155787e-12       0.000000000000e+00       3.018903288669e-16       1.133212782584e-16       2.718569728862e-17 
 1762       4.833752157464e-11       2.976235050016e-12      -2.305781116556e-12       0.000000000000e+00       3.011865177172e-16       1.121392458702e-16       2.711934735206e-17 
 1763       4.824607747325e-11       2.972418794187e-12      -2.361835739896e-12       0.000000000000e+00       3.004847181035e-16       1.109688748819e-16       2.705071581934e-17 
 1764       4.815858280348e-11       2.968300171783e-12      -2.417598852679e-12       0.000000000000e+00       2.997849219300e-16       1.098101599965e-16       2.697982059673e-17 
 1765       4.807500957000e-11       2.963879927164e-12      -2.473049189841e-12       0.000000000000e+00       2.990871210249e-16       1.086630957363e-16       2.690667969664e-17 
 1766       4.799532960273e-11       2.959158811458e-12      -2.528165394255e-12       0.000000000000e+00       2.983913071401e-16       1.075276764416e-16       2.683131123776e-17 
 1767       4.791951455655e-11       2.954137582568e-12      -2.582926016605e-12       0.000000000000e+00       2.976974719512e-16       1.064038962713e-16       2.675373344522e-17 
 1768       4.784753591108e-11       2.948817005187e-12      -2.637309515253e-12       0.000000000000e+00       2.970056070573e-16       1.052917492020e-16       2.667396465075e-17 
 1769       4.777936497033e-11       2.943197850808e-12      -2.691294256115e-12       0.000000000000e+00       2.963157039808e-16       1.041912290279e-16       2.659202329286e-17 
 1770       4.771497286248e-11       2.937280897735e-12      -2.744858512530e-12       0.000000000000e+00       2.956277541676e-16       1.031023293603e-16       2.650792791697e-17 
 1771       4.765433053963e-11       2.931066931092e-12      -2.797980465137e-12       0.000000000000e+00       2.949417489864e-16       1.020250436274e-16       2.642169717559e-17 
 1772       4.759740877748e-11       2.924556742840e-12      -2.850638201739e-12       0.000000000000e+00       2.942576797293e-16       1.009593650739e-16       2.633334982849e-17 
 1773       4.754417817506e-11       2.917751131781e-12      -2.902809717184e-12       0.000000000000e+00       2.935755376109e-16       9.990528676074e-17       2.624290474284e-17 
 1774       4.749460915451e-11       2.910650903575e-12      -2.954472913227e-12       0.000000000000e+00       2.928953137687e-16       9.886280156466e-17       2.615038089339e-17 
 1775       4.744866777534e-11       2.903257339369e-12      -3.005607652948e-12       0.000000000000e+00       2.922169999949e-16       9.783191085230e-17       2.605579764548e-17 
 1776       4.740630314016e-11       2.895573605902e-12      -3.056201942740e-12       0.000000000000e+00       2.915405909391e-16       9.681265058124e-17       2.595917560628e-17 
 1777       4.736745988459e-11       2.887603357048e-12      -3.106245801027e-12       0.000000000000e+00       2.908660819235e-16       9.580506541346e-17       2.586053578087e-17 
 1778       4.733208235285e-11       2.879350266279e-12      -3.155729208301e-12       0.000000000000e+00       2.901934682123e-16       9.480920006051e-17       2.575989929022e-17 
 1779       4.730011459732e-11       2.870818026693e-12      -3.204642107071e-12       0.000000000000e+00       2.895227450116e-16       9.382509928344e-17       2.565728737138e-17 
 1780       4.727150037810e-11       2.862010351046e-12      -3.252974401817e-12       0.000000000000e+00       2.888539074695e-16       9.285280789283e-17       2.555272137759e-17 
 1781       4.724618316260e-11       2.852930971776e-12      -3.300715958940e-12       0.000000000000e+00       2.881869506758e-16       9.189237074881e-17       2.544622277853e-17 
 1782       4.722410612510e-11       2.843583641036e-12      -3.347856606705e-12       0.000000000000e+00       2.875218696618e-16       9.094383276098e-17       2.533781316042e-17 
 1783       4.720521214631e-11       2.833972130721e-12      -3.394386135202e-12       0.000000000000e+00       2.868586594006e-16       9.000723888847e-17       2.522751422625e-17 
 1784       4.718944381298e-11       2.824100232499e-12      -3.440294296288e-12       0.000000000000e+00       2.861973148064e-16       8.908263413992e-17       2.511534779591e-17 
 1785       4.717674341740e-11       2.813971757837e-12      -3.485570803540e-12       0.000000000000e+00       2.855378307349e-16       8.817006357346e-17       2.500133580640e-17 
 1786       4.716705295704e-11       2.803590538033e-12      -3.530205332205e-12       0.000000000000e+00       2.848802019832e-16       8.726957229670e-17       2.488550031198e-17 
 1787       4.716031413410e-11       2.792960424243e-12      -3.574187519151e-12       0.000000000000e+00       2.842244232893e-16       8.638120546674e-17       2.476786348433e-17 
 1788       4.715646835503e-11       2.782085287511e-12      -3.617506962814e-12       0.000000000000e+00       2.835704893323e-16       8.550500829016e-17       2.464844761276e-17 
 1789       4.715545673018e-11       2.770969018796e-12      -3.660153223152e-12       0.000000000000e+00       2.829183947322e-16       8.464102602303e-17       2.452727510434e-17 
 1790       4.715722007332e-11       2.759615529006e-12      -3.702115821594e-12       0.000000000000e+00       2.822681340498e-16       8.378930397084e-17       2.440436848410e-17 
 1791       4.716169890122e-11       2.748028749021e-12      -3.743384240989e-12       0.000000000000e+00       2.816197017867e-16       8.294988748859e-17       2.427975039522e-17 
 1792       4.716883343322e-11       2.736212629724e-12      -3.783947925556e-12       0.000000000000e+00       2.809730923850e-16       8.212282198070e-17       2.415344359914e-17 
 1793       4.717856359081e-11       2.724171142032e-12      -3.823796280836e-12       0.000000000000e+00       2.803283002273e-16       8.130815290107e-17       2.402547097580e-17 
 1794       4.719082899717e-11       2.711908276925e-12      -3.862918673641e-12       0.000000000000e+00       2.796853196369e-16       8.050592575300e-17       2.389585552376e-17 
 1795       4.720556897679e-11       2.699428045469e-12      -3.901304432002e-12       0.000000000000e+00       2.790441448770e-16       7.971618608927e-17       2.376462036042e-17 
 1796       4.722272255501e-11       2.686734478855e-12      -3.938942845126e-12       0.000000000000e+00       2.784047701513e-16       7.893897951207e-17       2.363178872214e-17 
 1797       4.724222845756e-11       2.673831628418e-12      -3.975823163337e-12       0.000000000000e+00       2.777671896033e-16       7.817435167301e-17       2.349738396447e-17 
 1798       4.726402511021e-11       2.660723565674e-12      -4.011934598032e-12       0.000000000000e+00       2.771313973169e-16       7.742234827312e-17       2.336142956227e-17 
 1799       4.728805063824e-11       2.647414382343e-12      -4.047266321631e-12       0.000000000000e+00       2.764973873154e-16       7.668301506286e-17       2.322394910991e-17 
 1800       4.731424286612e-11       2.633908190381e-12      -4.081807467525e-12       0.000000000000e+00       2.758651535625e-16       7.595639784207e-17       2.308496632146e-17 
 1801       4.734253931697e-11       2.620209122009e-12      -4.115547130026e-12       0.000000000000e+00       2.752346899609e-16       7.524254246002e-17       2.294450503080e-17 
 1802       4.737287721221e-11       2.606321329742e-12      -4.148474364320e-12       0.000000000000e+00       2.746059903535e-16       7.454149481536e-17       2.280258919186e-17 
 1803       4.740519347111e-11       2.592248986416e-12      -4.180578186415e-12       0.000000000000e+00       2.739790485222e-16       7.385330085612e-17       2.265924287877e-17 
 1804       4.743942471033e-11       2.577996285220e-12      -4.211847573091e-12       0.000000000000e+00       2.733538581887e-16       7.317800657972e-17       2.251449028601e-17 
 1805       4.747550724353e-11       2.563567439723e-12      -4.242271461849e-12       0.000000000000e+00       2.727304130136e-16       7.251565803297e-17       2.236835572860e-17 
 1806       4.751337708092e-11       2.548966683902e-12      -4.271838750867e-12       0.000000000000e+00       2.721087065969e-16       7.186630131203e-17       2.222086364228e-17 
 1807       4.755296992882e-11       2.534198272173e-12      -4.300538298941e-12       0.000000000000e+00       2.714887324776e-16       7.122998256244e-17       2.207203858369e-17 
 1808       4.759422118927e-11       2.519266479422e-12      -4.328358925443e-12       0.000000000000e+00       2.708704841337e-16       7.060674797910e-17       2.192190523049e-17 
 1809       4.763706595954e-11       2.504175601027e-12      -4.355289410269e-12       0.000000000000e+00       2.702539549820e-16       6.999664380625e-17       2.177048838160e-17 
 1810       4.768143903177e-11       2.488929952896e-12      -4.381318493785e-12       0.000000000000e+00       2.696391383781e-16       6.939971633749e-17       2.161781295733e-17 
 1811       4.772727489247e-11       2.473533871487e-12      -4.406434876783e-12       0.000000000000e+00       2.690260276164e-16       6.881601191575e-17       2.146390399958e-17 
 1812       4.777450772215e-11       2.457991713844e-12      -4.430627220428e-12       0.000000000000e+00       2.684146159295e-16       6.824557693331e-17       2.130878667196e-17 
 1813       4.782307139484e-11       2.442307857624e-12      -4.453884146209e-12       0.000000000000e+00       2.678048964888e-16       6.768845783176e-17       2.115248626004e-17 
 1814       4.787290130100e-11       2.426486749587e-12      -4.476196484071e-12       0.000000000000e+00       2.671968629400e-16       6.714466706160e-17       2.099502839919e-17 
 1815       4.792393983298e-11       2.410533051459e-12      -4.497564036739e-12       0.000000000000e+00       2.665905110152e-16       6.661408066066e-17       2.083643975995e-17 
 1816       4.797613094296e-11       2.394451495305e-12      -4.517988869866e-12       0.000000000000e+00       2.659858369340e-16       6.609653984939e-17       2.067674736856e-17 
 1817       4.802941832326e-11       2.378246835201e-12      -4.537473068830e-12       0.000000000000e+00       2.653828368682e-16       6.559188499510e-17       2.051597837991e-17 
 1818       4.808374540600e-11       2.361923847271e-12      -4.556018738772e-12       0.000000000000e+00       2.647815069416e-16       6.509995561067e-17       2.035416007770e-17 
 1819       4.813905536275e-11       2.345487329711e-12      -4.573628004622e-12       0.000000000000e+00       2.641818432301e-16       6.462059035332e-17       2.019131987465e-17 
 1820       4.819529110415e-11       2.328942102824e-12      -4.590303011135e-12       0.000000000000e+00       2.635838417619e-16       6.415362702334e-17       2.002748531267e-17 
 1821       4.825239527954e-11       2.312293009047e-12      -4.606045922924e-12       0.000000000000e+00       2.629874985167e-16       6.369890256289e-17       1.986268406303e-17 
 1822       4.831031027661e-11       2.295544912987e-12      -4.620858924487e-12       0.000000000000e+00       2.623928094263e-16       6.325625305472e-17       1.969694392657e-17 
 1823       4.836897822103e-11       2.278702701447e-12      -4.634744220245e-12       0.000000000000e+00       2.617997703741e-16       6.282551372092e-17       1.953029283383e-17 
 1824       4.842834097609e-11       2.261771283459e-12      -4.647704034571e-12       0.000000000000e+00       2.612083771954e-16       6.240651892168e-17       1.936275884530e-17 
 1825       4.848834014235e-11       2.244755590314e-12      -4.659740611821e-12       0.000000000000e+00       2.606186256768e-16       6.199910215406e-17       1.919437015153e-17 
 1826       4.854891705724e-11       2.227660575592e-12      -4.670856216369e-12       0.000000000000e+00       2.600305115567e-16       6.160309605072e-17       1.902515507335e-17 
 1827       4.861001279472e-11       2.210491215195e-12      -4.681053132639e-12       0.000000000000e+00       2.594440305246e-16       6.121833237869e-17       1.885514206206e-17 
 1828       4.867156816494e-11       2.193252507378e-12      -4.690333665132e-12       0.000000000000e+00       2.588591782215e-16       6.084464203812e-17       1.868435969958e-17 
 1829       4.873352371383e-11       2.175949472774e-12      -4.698700138464e-12       0.000000000000e+00       2.582759502397e-16       6.048185506101e-17       1.851283669865e-17 
 1830       4.879581972276e-11       2.158587154434e-12      -4.706154897398e-12       0.000000000000e+00       2.576943421226e-16       6.012980061000e-17       1.834060190300e-17 
 1831       4.885839620817e-11       2.141170617850e-12      -4.712700306869e-12       0.000000000000e+00       2.571143493647e-16       5.978830697711e-17       1.816768428755e-17 
 1832       4.892119292123e-11       2.123704950987e-12      -4.718338752027e-12       0.000000000000e+00       2.565359674115e-16       5.945720158247e-17       1.799411295856e-17 
 1833       4.898414934745e-11       2.106195264319e-12      -4.723072638258e-12       0.000000000000e+00       2.559591916594e-16       5.913631097311e-17       1.781991715385e-17 
 1834       4.904720470630e-11       2.088646690855e-12      -4.726904391224e-12       0.000000000000e+00       2.553840174556e-16       5.882546082169e-17       1.764512624294e-17 
 1835       4.911029795092e-11       2.071064386168e-12      -4.729836456893e-12       0.000000000000e+00       2.548104400982e-16       5.852447592527e-17       1.746976972726e-17 
 1836       4.917336776766e-11       2.053453528431e-12      -4.731871301567e-12       0.000000000000e+00       2.542384548359e-16       5.823318020403e-17       1.729387724032e-17 
 1837       4.923635257579e-11       2.035819318446e-12      -4.733011411921e-12       0.000000000000e+00       2.536680568678e-16       5.795139670008e-17       1.711747854787e-17 
 1838       4.929919052710e-11       2.018166979673e-12      -4.733259295030e-12       0.000000000000e+00       2.530992413438e-16       5.767894757615e-17       1.694060354815e-17 
 1839       4.936181950557e-11       2.000501758261e-12      -4.732617478403e-12       0.000000000000e+00       2.525320033641e-16       5.741565411439e-17       1.676328227197e-17 
 1840       4.942417712694e-11       1.982828923081e-12      -4.731088510015e-12       0.000000000000e+00       2.519663379791e-16       5.716133671509e-17       1.658554488298e-17 
 1841       4.948620073843e-11       1.965153765754e-12      -4.728674958337e-12       0.000000000000e+00       2.514022401896e-16       5.691581489548e-17       1.640742167780e-17 
 1842       4.954782741831e-11       1.947481600685e-12      -4.725379412373e-12       0.000000000000e+00       2.508397049466e-16       5.667890728842e-17       1.622894308621e-17 
 1843       4.960899397560e-11       1.929817765090e-12      -4.721204481687e-12       0.000000000000e+00       2.502787271511e-16       5.645043164120e-17       1.605013967135e-17 
 1844       4.966963694962e-11       1.912167619030e-12      -4.716152796437e-12       0.000000000000e+00       2.497193016541e-16       5.623020481430e-17       1.587104212987e-17 
 1845       4.972969260972e-11       1.894536545438e-12      -4.710227007408e-12       0.000000000000e+00       2.491614232565e-16       5.601804278010e-17       1.569168129214e-17 
 1846       4.978909695484e-11       1.876929950155e-12      -4.703429786043e-12       0.000000000000e+00       2.486050867092e-16       5.581376062164e-17       1.551208812241e-17 
 1847       4.984778571321e-11       1.859353261956e-12      -4.695763824475e-12       0.000000000000e+00       2.480502867127e-16       5.561717253144e-17       1.533229371901e-17 
 1848       4.990569434193e-11       1.841811932584e-12      -4.687231835559e-12       0.000000000000e+00       2.474970179172e-16       5.542809181017e-17       1.515232931451e-17 
 1849       4.996275802664e-11       1.824311436778e-12      -4.677836552906e-12       0.000000000000e+00       2.469452749224e-16       5.524633086543e-17       1.497222627591e-17 
 1850       5.001891168117e-11       1.806857272305e-12      -4.667580730912e-12       0.000000000000e+00       2.463950522778e-16       5.507170121054e-17       1.479201610481e-17 
 1851       5.007408994713e-11       1.789454959994e-12      -4.656467144793e-12       0.000000000000e+00       2.458463444819e-16       5.490401346323e-17       1.461173043764e-17 
 1852       5.012822719357e-11       1.772110043758e-12      -4.644498590614e-12       0.000000000000e+00       2.452991459828e-16       5.474307734446e-17       1.443140104575e-17 
 1853       5.018126344756e-11       1.754827722500e-12      -4.631679262648e-12       0.000000000000e+00       2.447534513907e-16       5.458873082609e-17       1.425105815228e-17 
 1854       5.023316223777e-11       1.737611742546e-12      -4.618018897270e-12       0.000000000000e+00       2.442092561179e-16       5.444092782827e-17       1.407072536753e-17 
 1855       5.028389289104e-11       1.720465496521e-12      -4.603528661853e-12       0.000000000000e+00       2.436665557437e-16       5.429965121222e-17       1.389042471390e-17 
 1856       5.033342461416e-11       1.703392390710e-12      -4.588219780495e-12       0.000000000000e+00       2.431253458019e-16       5.416488369383e-17       1.371017830583e-17 
 1857       5.038172649365e-11       1.686395845072e-12      -4.572103534097e-12       0.000000000000e+00       2.425856217808e-16       5.403660784350e-17       1.353000834985e-17 
 1858       5.042876749564e-11       1.669479293262e-12      -4.555191260446e-12       0.000000000000e+00       2.420473791231e-16       5.391480608585e-17       1.334993714476e-17 
 1859       5.047451646569e-11       1.652646182647e-12      -4.537494354294e-12       0.000000000000e+00       2.415106132258e-16       5.379946069957e-17       1.316998708172e-17 
 1860       5.051894212868e-11       1.635899974324e-12      -4.519024267438e-12       0.000000000000e+00       2.409753194399e-16       5.369055381711e-17       1.299018064441e-17 
 1861       5.056201308859e-11       1.619244143137e-12      -4.499792508801e-12       0.000000000000e+00       2.404414930708e-16       5.358806742449e-17       1.281054040909e-17 
 1862       5.060369782840e-11       1.602682177697e-12      -4.479810644512e-12       0.000000000000e+00       2.399091293780e-16       5.349198336108e-17       1.263108904478e-17 
 1863       5.064396470987e-11       1.586217580397e-12      -4.459090297984e-12       0.000000000000e+00       2.393782235748e-16       5.340228331935e-17       1.245184931336e-17 
 1864       5.068278197347e-11       1.569853867435e-12      -4.437643149999e-12       0.000000000000e+00       2.388487708285e-16       5.331894884466e-17       1.227284406969e-17 
 1865       5.072011773814e-11       1.553594568825e-12      -4.415480938781e-12       0.000000000000e+00       2.383207662603e-16       5.324196133501e-17       1.209409626172e-17 
 1866       5.075594000119e-11       1.537443228420e-12      -4.392615460086e-12       0.000000000000e+00       2.377942049451e-16       5.317130204085e-17       1.191562893063e-17 
 1867       5.079021663811e-11       1.521403403928e-12      -4.369058567271e-12       0.000000000000e+00       2.372690819115e-16       5.310695206479e-17       1.173746521097e-17 
 1868       5.082291540245e-11       1.505478666932e-12      -4.344822171383e-12       0.000000000000e+00       2.367453921417e-16       5.304889236143e-17       1.155962833074e-17 
 1869       5.085400392561e-11       1.489672602903e-12      -4.319918241237e-12       0.000000000000e+00       2.362231305715e-16       5.299710373712e-17       1.138214161152e-17 
 1870       5.088344971674e-11       1.473988811223e-12      -4.294358803492e-12       0.000000000000e+00       2.357022920902e-16       5.295156684969e-17       1.120502846863e-17 
 1871       5.091122016255e-11       1.458430905200e-12      -4.268155942737e-12       0.000000000000e+00       2.351828715403e-16       5.291226220827e-17       1.102831241120e-17 
 1872       5.093728252715e-11       1.443002512088e-12      -4.241321801566e-12       0.000000000000e+00       2.346648637178e-16       5.287917017304e-17       1.085201704234e-17 
 1873       5.096160395192e-11       1.427707273103e-12      -4.213868580665e-12       0.000000000000e+00       2.341482633719e-16       5.285227095501e-17       1.067616605923e-17 
 1874       5.098415145535e-11       1.412548843442e-12      -4.185808538883e-12       0.000000000000e+00       2.336330652049e-16       5.283154461578e-17       1.050078325323e-17 
 1875       5.100489193284e-11       1.397530892298e-12      -4.157153993321e-12       0.000000000000e+00       2.331192638722e-16       5.281697106733e-17       1.032589251006e-17 
 1876       5.102379215662e-11       1.382657102885e-12      -4.127917319406e-12       0.000000000000e+00       2.326068539822e-16       5.280853007176e-17       1.015151780987e-17 
 1877       5.104081877551e-11       1.367931172448e-12      -4.098110950975e-12       0.000000000000e+00       2.320958300964e-16       5.280620124109e-17       9.977683227353e-18 
 1878       5.105593831482e-11       1.353356812284e-12      -4.067747380352e-12       0.000000000000e+00       2.315861867288e-16       5.280996403703e-17       9.804412931927e-18 
 1879       5.106911717620e-11       1.338937747761e-12      -4.036839158433e-12       0.000000000000e+00       2.310779183466e-16       5.281979777074e-17       9.631731187801e-18 
 1880       5.108032163743e-11       1.324677718337e-12      -4.005398894760e-12       0.000000000000e+00       2.305710193694e-16       5.283568160260e-17       9.459662354119e-18 
 1881       5.108951785230e-11       1.310580477572e-12      -3.973439257605e-12       0.000000000000e+00       2.300654841696e-16       5.285759454199e-17       9.288230885082e-18 
 1882       5.109667185048e-11       1.296649793153e-12      -3.940972974051e-12       0.000000000000e+00       2.295613070720e-16       5.288551544707e-17       9.117461330066e-18 
 1883       5.110174953729e-11       1.282889446906e-12      -3.908012830070e-12       0.000000000000e+00       2.290584823540e-16       5.291942302452e-17       8.947378333745e-18 
 1884       5.110471669362e-11       1.269303234818e-12      -3.874571670602e-12       0.000000000000e+00       2.285570042454e-16       5.295929582935e-17       8.778006636215e-18 
 1885       5.110553897572e-11       1.255894967054e-12      -3.840662399640e-12       0.000000000000e+00       2.280568669282e-16       5.300511226463e-17       8.609371073111e-18 
 1886       5.110418191507e-11       1.242668467974e-12      -3.806297980305e-12       0.000000000000e+00       2.275580645369e-16       5.305685058132e-17       8.441496575736e-18 
 1887       5.110061091824e-11       1.229627576150e-12      -3.771491434930e-12       0.000000000000e+00       2.270605911580e-16       5.311448887799e-17       8.274408171177e-18 
 1888       5.109479126667e-11       1.216776144387e-12      -3.736255845138e-12       0.000000000000e+00       2.265644408300e-16       5.317800510058e-17       8.108130982430e-18 
 1889       5.108668811658e-11       1.204118039737e-12      -3.700604351923e-12       0.000000000000e+00       2.260696075436e-16       5.324737704225e-17       7.942690228518e-18 
 1890       5.107626649880e-11       1.191657143521e-12      -3.664550155730e-12       0.000000000000e+00       2.255760852414e-16       5.332258234306e-17       7.778111224621e-18 
 1891       5.106349131858e-11       1.179397351343e-12      -3.628106516534e-12       0.000000000000e+00       2.250838678179e-16       5.340359848981e-17       7.614419382189e-18 
 1892       5.104833391837e-11       1.167342037962e-12      -3.591286767317e-12       0.000000000000e+00       2.245929497439e-16       5.349039003341e-17       7.451635004075e-18 
 1893       5.103079182191e-11       1.155492447329e-12      -3.554104354433e-12       0.000000000000e+00       2.241033279459e-16       5.358287013361e-17       7.289757625662e-18 
 1894       5.101086914250e-11       1.143849290133e-12      -3.516572797717e-12       0.000000000000e+00       2.236149999409e-16       5.368093871633e-17       7.128781552854e-18 
 1895       5.098857003412e-11       1.132413277815e-12      -3.478705677192e-12       0.000000000000e+00       2.231279632137e-16       5.378449522843e-17       6.968701056022e-18 
 1896       5.096389869141e-11       1.121185122572e-12      -3.440516633157e-12       0.000000000000e+00       2.226422152162e-16       5.389343863704e-17       6.809510369951e-18 
 1897       5.093685934976e-11       1.110165537356e-12      -3.402019366264e-12       0.000000000000e+00       2.221577533678e-16       5.400766742887e-17       6.651203693787e-18 
 1898       5.090745628540e-11       1.099355235872e-12      -3.363227637597e-12       0.000000000000e+00       2.216745750551e-16       5.412707960955e-17       6.493775190989e-18 
 1899       5.087569381542e-11       1.088754932581e-12      -3.324155268759e-12       0.000000000000e+00       2.211926776319e-16       5.425157270304e-17       6.337218989268e-18 
 1900       5.084157629786e-11       1.078365342696e-12      -3.284816141945e-12       0.000000000000e+00       2.207120584194e-16       5.438104375089e-17       6.181529180544e-18 
 1901       5.080510813176e-11       1.068187182188e-12      -3.245224200028e-12       0.000000000000e+00       2.202327147055e-16       5.451538931164e-17       6.026699820887e-18 
 1902       5.076629375727e-11       1.058221167778e-12      -3.205393446638e-12       0.000000000000e+00       2.197546437456e-16       5.465450546014e-17       5.872724930467e-18 
 1903       5.072513765562e-11       1.048468016945e-12      -3.165337946242e-12       0.000000000000e+00       2.192778427617e-16       5.479828778689e-17       5.719598493500e-18 
 1904       5.068164434927e-11       1.038928447920e-12      -3.125071824225e-12       0.000000000000e+00       2.188023089432e-16       5.494663139740e-17       5.567314458200e-18 
 1905       5.063581840195e-11       1.029603179690e-12      -3.084609266972e-12       0.000000000000e+00       2.183280394459e-16       5.509943091152e-17       5.415866736720e-18 
 1906       5.058766441869e-11       1.020492931994e-12      -3.043964521944e-12       0.000000000000e+00       2.178550313928e-16       5.525658046279e-17       5.265249205104e-18 
 1907       5.053718704593e-11       1.011598425327e-12      -3.003151897767e-12       0.000000000000e+00       2.173832818735e-16       5.541797369778e-17       5.115455703234e-18 
 1908       5.048439097156e-11       1.002920380937e-12      -2.962185764305e-12       0.000000000000e+00       2.169127879445e-16       5.558350377542e-17       4.966480034775e-18 
 1909       5.042928092499e-11       9.944595208278e-13      -2.921080552742e-12       0.000000000000e+00       2.164435466288e-16       5.575306336638e-17       4.818315967128e-18 
 1910       5.037186167718e-11       9.862165677551e-13      -2.879850755667e-12       0.000000000000e+00       2.159755549162e-16       5.592654465237e-17       4.670957231370e-18 
 1911       5.031213804078e-11       9.781922452297e-13      -2.838510927151e-12       0.000000000000e+00       2.155088097628e-16       5.610383932552e-17       4.524397522207e-18 
 1912       5.025011487012e-11       9.703872775163e-13      -2.797075682825e-12       0.000000000000e+00       2.150433080914e-16       5.628483858769e-17       4.378630497922e-18 
 1913       5.018579706130e-11       9.628023896336e-13      -2.755559699968e-12       0.000000000000e+00       2.145790467913e-16       5.646943314985e-17       4.233649780318e-18 
 1914       5.011918955228e-11       9.554383073540e-13      -2.713977717583e-12       0.000000000000e+00       2.141160227181e-16       5.665751323138e-17       4.089448954669e-18 
 1915       5.005029732289e-11       9.482957572040e-13      -2.672344536475e-12       0.000000000000e+00       2.136542326938e-16       5.684896855945e-17       3.946021569667e-18 
 1916       4.997912539492e-11       9.413754664639e-13      -2.630675019339e-12       0.000000000000e+00       2.131936735065e-16       5.704368836835e-17       3.803361137369e-18 
 1917       4.990567883223e-11       9.346781631677e-13      -2.588984090833e-12       0.000000000000e+00       2.127343419109e-16       5.724156139882e-17       3.661461133145e-18 
 1918       4.982996274071e-11       9.282045761034e-13      -2.547286737664e-12       0.000000000000e+00       2.122762346276e-16       5.744247589743e-17       3.520314995625e-18 
 1919       4.975198226844e-11       9.219554348126e-13      -2.505598008668e-12       0.000000000000e+00       2.118193483434e-16       5.764631961589e-17       3.379916126647e-18 
 1920       4.967174260572e-11       9.159314695905e-13      -2.463933014886e-12       0.000000000000e+00       2.113636797111e-16       5.785297981038e-17       3.240257891204e-18 
 1921       4.958924898510e-11       9.101334114862e-13      -2.422306929650e-12       0.000000000000e+00       2.109092253497e-16       5.806234324094e-17       3.101333617394e-18 
 1922       4.950450668150e-11       9.045619923025e-13      -2.380734988662e-12       0.000000000000e+00       2.104559818440e-16       5.827429617079e-17       2.963136596362e-18 
 1923       4.941752101224e-11       8.992179445955e-13      -2.339232490073e-12       0.000000000000e+00       2.100039457448e-16       5.848872436567e-17       2.825660082254e-18 
 1924       4.932829733711e-11       8.941020016751e-13      -2.297814794568e-12       0.000000000000e+00       2.095531135687e-16       5.870551309316e-17       2.688897292160e-18 
 1925       4.923684105843e-11       8.892148976048e-13      -2.256497325439e-12       0.000000000000e+00       2.091034817980e-16       5.892454712209e-17       2.552841406063e-18 
 1926       4.914315762112e-11       8.845573672015e-13      -2.215295568673e-12       0.000000000000e+00       2.086550468810e-16       5.914571072182e-17       2.417485566789e-18 
 1927       4.904725251278e-11       8.801301460355e-13      -2.174225073031e-12       0.000000000000e+00       2.082078052314e-16       5.936888766160e-17       2.282822879949e-18 
 1928       4.894913126371e-11       8.759339704307e-13      -2.133301450125e-12       0.000000000000e+00       2.077617532288e-16       5.959396120993e-17       2.148846413891e-18 
 1929       4.884879944701e-11       8.719695774643e-13      -2.092540374502e-12       0.000000000000e+00       2.073168872181e-16       5.982081413389e-17       2.015549199647e-18 
 1930       4.874626267863e-11       8.682377049670e-13      -2.051957583724e-12       0.000000000000e+00       2.068732035100e-16       6.004932869848e-17       1.882924230880e-18 
 1931       4.864153069672e-11       8.647386555584e-13      -2.011567754322e-12       0.000000000000e+00       2.064306984211e-16       6.027940576199e-17       1.750964025860e-18 
 1932       4.853462963330e-11       8.614709851418e-13      -1.971381120177e-12       0.000000000000e+00       2.059893683967e-16       6.051102222159e-17       1.619659309880e-18 
 1933       4.842558983571e-11       8.584328044692e-13      -1.931406828670e-12       0.000000000000e+00       2.055492098889e-16       6.074417400185e-17       1.489000322749e-18 
 1934       4.831444179600e-11       8.556222141891e-13      -1.891654062525e-12       0.000000000000e+00       2.051102193163e-16       6.097885699814e-17       1.358977255791e-18 
 1935       4.820121615111e-11       8.530373048329e-13      -1.852132039855e-12       0.000000000000e+00       2.046723930637e-16       6.121506707664e-17       1.229580251780e-18 
 1936       4.808594368304e-11       8.506761567999e-13      -1.812850014203e-12       0.000000000000e+00       2.042357274821e-16       6.145280007431e-17       1.100799404868e-18 
 1937       4.796865531907e-11       8.485368403442e-13      -1.773817274593e-12       0.000000000000e+00       2.038002188885e-16       6.169205179878e-17       9.726247605237e-19 
 1938       4.784938213197e-11       8.466174155603e-13      -1.735043145567e-12       0.000000000000e+00       2.033658635662e-16       6.193281802838e-17       8.450463154639e-19 
 1939       4.772815534015e-11       8.449159323687e-13      -1.696536987236e-12       0.000000000000e+00       2.029326577645e-16       6.217509451205e-17       7.180540175867e-19 
 1940       4.760500630791e-11       8.434304305023e-13      -1.658308195320e-12       0.000000000000e+00       2.025005976987e-16       6.241887696932e-17       5.916377659054e-19 
 1941       4.747996654558e-11       8.421589394922e-13      -1.620366201193e-12       0.000000000000e+00       2.020696795499e-16       6.266416109025e-17       4.657874104820e-19 
 1942       4.735306770974e-11       8.410994786536e-13      -1.582720471930e-12       0.000000000000e+00       2.016398994654e-16       6.291094253543e-17       3.404927523605e-19 
 1943       4.722434160345e-11       8.402500570719e-13      -1.545380510351e-12       0.000000000000e+00       2.012112535580e-16       6.315921693587e-17       2.157435435004e-19 
 1944       4.709382017636e-11       8.396086735882e-13      -1.508355855062e-12       0.000000000000e+00       2.007837379065e-16       6.340897989302e-17       9.152948671007e-20 
 1945       4.696153552499e-11       8.391733167859e-13      -1.471656080503e-12       0.000000000000e+00       2.003573485553e-16       6.366022697867e-17      -3.215976441961e-20 
 1946       4.682751989288e-11       8.389419649760e-13      -1.435290796992e-12       0.000000000000e+00       1.999320815144e-16       6.391295373499e-17      -1.553346055820e-19 
 1947       4.669180567079e-11       8.389125861836e-13      -1.399269650769e-12       0.000000000000e+00       1.995079327598e-16       6.416715567437e-17      -2.780054818209e-19 
 1948       4.655442539691e-11       8.390831381334e-13      -1.363602324038e-12       0.000000000000e+00       1.990848982325e-16       6.442282827951e-17      -4.001828875978e-19 
 1949       4.641541175702e-11       8.394515682359e-13      -1.328298535017e-12       0.000000000000e+00       1.986629738395e-16       6.467996700327e-17      -5.218773668575e-19 
 1950       4.627479758474e-11       8.400158135733e-13      -1.293368037978e-12       0.000000000000e+00       1.982421554531e-16       6.493856726867e-17      -6.430995130955e-19 
 1951       4.613261586167e-11       8.407738008853e-13      -1.258820623293e-12       0.000000000000e+00       1.978224389108e-16       6.519862446887e-17      -7.638599694238e-19 
 1952       4.598889971762e-11       8.417234465552e-13      -1.224666117478e-12       0.000000000000e+00       1.974038200157e-16       6.546013396708e-17      -8.841694286381e-19 
 1953       4.584368243079e-11       8.428626565959e-13      -1.190914383238e-12       0.000000000000e+00       1.969862945361e-16       6.572309109655e-17      -1.004038633284e-18 
 1954       4.569699742797e-11       8.441893266356e-13      -1.157575319511e-12       0.000000000000e+00       1.965698582056e-16       6.598749116053e-17      -1.123478375724e-18 
 1955       4.554887828473e-11       8.457013419040e-13      -1.124658861513e-12       0.000000000000e+00       1.961545067229e-16       6.625332943219e-17      -1.242499498202e-18 
 1956       4.539935872562e-11       8.473965772180e-13      -1.092174980783e-12       0.000000000000e+00       1.957402357520e-16       6.652060115463e-17      -1.361112892914e-18 
 1957       4.524847262436e-11       8.492728969678e-13      -1.060133685226e-12       0.000000000000e+00       1.953270409217e-16       6.678930154080e-17      -1.479329502071e-18 
 1958       4.509625400404e-11       8.513281551030e-13      -1.028545019157e-12       0.000000000000e+00       1.949149178261e-16       6.705942577346e-17      -1.597160317965e-18 
 1959       4.494273703731e-11       8.535601951180e-13      -9.974190633500e-13       0.000000000000e+00       1.945038620241e-16       6.733096900517e-17      -1.714616383041e-18 
 1960       4.478795604658e-11       8.559668500387e-13      -9.667659350758e-13       0.000000000000e+00       1.940938690397e-16       6.760392635820e-17      -1.831708789956e-18 
 1961       4.463194550421e-11       8.585459424076e-13      -9.365957881516e-13       0.000000000000e+00       1.936849343615e-16       6.787829292451e-17      -1.948448681651e-18 
 1962       4.447474003271e-11       8.612952842706e-13      -9.069188129832e-13       0.000000000000e+00       1.932770534433e-16       6.815406376574e-17      -2.064847251417e-18 
 1963       4.431637440492e-11       8.642126771623e-13      -8.777452366103e-13       0.000000000000e+00       1.928702217032e-16       6.843123391310e-17      -2.180915742958e-18 
 1964       4.415688354423e-11       8.672959120921e-13      -8.490853227505e-13       0.000000000000e+00       1.924644345244e-16       6.870979836738e-17      -2.296665450462e-18 
 1965       4.399630252475e-11       8.705427695304e-13      -8.209493718441e-13       0.000000000000e+00       1.920596872545e-16       6.898975209889e-17      -2.412107718664e-18 
 1966       4.383466657153e-11       8.739510193943e-13      -7.933477210984e-13       0.000000000000e+00       1.916559752058e-16       6.927109004742e-17      -2.527253942916e-18 
 1967       4.367201106072e-11       8.775184210335e-13      -7.662907445324e-13       0.000000000000e+00       1.912532936552e-16       6.955380712220e-17      -2.642115569249e-18 
 1968       4.350837151981e-11       8.812427232164e-13      -7.397888530210e-13       0.000000000000e+00       1.908516378440e-16       6.983789820183e-17      -2.756704094444e-18 
 1969       4.334378362779e-11       8.851216641160e-13      -7.138524943395e-13       0.000000000000e+00       1.904510029780e-16       7.012335813429e-17      -2.871031066096e-18 
 1970       4.317828340124e-11       8.891528188950e-13      -6.884906093765e-13       0.000000000000e+00       1.900513847244e-16       7.041017079727e-17      -2.985104832728e-18 
 1971       4.301190775380e-11       8.933331412517e-13      -6.637059881429e-13       0.000000000000e+00       1.896527807076e-16       7.069827619054e-17      -3.098920767594e-18 
 1972       4.284469394124e-11       8.976594184398e-13      -6.394998793488e-13       0.000000000000e+00       1.892551890244e-16       7.098760309902e-17      -3.212470972377e-18 
 1973       4.267667937618e-11       9.021284233418e-13      -6.158735310996e-13       0.000000000000e+00       1.888586077480e-16       7.127808000977e-17      -3.325747520511e-18 
 1974       4.250790162824e-11       9.067369144494e-13      -5.928281908928e-13       0.000000000000e+00       1.884630349279e-16       7.156963511166e-17      -3.438742457153e-18 
 1975       4.233839842430e-11       9.114816358457e-13      -5.703651056152e-13       0.000000000000e+00       1.880684685899e-16       7.186219629493e-17      -3.551447799142e-18 
 1976       4.216820764864e-11       9.163593171856e-13      -5.484855215391e-13       0.000000000000e+00       1.876749067360e-16       7.215569115087e-17      -3.663855534972e-18 
 1977       4.199736734318e-11       9.213666736775e-13      -5.271906843193e-13       0.000000000000e+00       1.872823473445e-16       7.245004697137e-17      -3.775957624754e-18 
 1978       4.182591570768e-11       9.265004060643e-13      -5.064818389900e-13       0.000000000000e+00       1.868907883697e-16       7.274519074859e-17      -3.887746000181e-18 
 1979       4.165389109992e-11       9.317572006049e-13      -4.863602299614e-13       0.000000000000e+00       1.865002277423e-16       7.304104917459e-17      -3.999212564501e-18 
 1980       4.148133203591e-11       9.371337290552e-13      -4.668271010165e-13       0.000000000000e+00       1.861106633688e-16       7.333754864089e-17      -4.110349192472e-18 
 1981       4.130827719011e-11       9.426266486493e-13      -4.478836953079e-13       0.000000000000e+00       1.857220931320e-16       7.363461523815e-17      -4.221147730340e-18 
 1982       4.113476539558e-11       9.482326020810e-13      -4.295312553548e-13       0.000000000000e+00       1.853345148906e-16       7.393217475574e-17      -4.331599995797e-18 
 1983       4.096083564424e-11       9.539482174847e-13      -4.117710230391e-13       0.000000000000e+00       1.849479264791e-16       7.423015268141e-17      -4.441697777949e-18 
 1984       4.078652708704e-11       9.597701084170e-13      -3.946042396029e-13       0.000000000000e+00       1.845623257083e-16       7.452847420086e-17      -4.551432837284e-18 
 1985       4.061187903415e-11       9.656948738376e-13      -3.780321456449e-13       0.000000000000e+00       1.841777103646e-16       7.482706419740e-17      -4.660796905637e-18 
 1986       4.043693095519e-11       9.717190980906e-13      -3.620559811172e-13       0.000000000000e+00       1.837940782105e-16       7.512584725154e-17      -4.769781686154e-18 
 1987       4.026172247941e-11       9.778393508860e-13      -3.466769853223e-13       0.000000000000e+00       1.834114269841e-16       7.542474764062e-17      -4.878378853263e-18 
 1988       4.008629339589e-11       9.840521872805e-13      -3.318963969095e-13       0.000000000000e+00       1.830297543995e-16       7.572368933845e-17      -4.986580052634e-18 
 1989       3.991068365375e-11       9.903541476592e-13      -3.177154538719e-13       0.000000000000e+00       1.826490581463e-16       7.602259601488e-17      -5.094376901150e-18 
 1990       3.973493336235e-11       9.967417577164e-13      -3.041353935430e-13       0.000000000000e+00       1.822693358899e-16       7.632139103547e-17      -5.201760986872e-18 
 1991       3.955908279149e-11       1.003211528437e-12      -2.911574525939e-13       0.000000000000e+00       1.818905852716e-16       7.661999746107e-17      -5.308723869003e-18 
 1992       3.938317237160e-11       1.009759956078e-12      -2.787828670295e-13       0.000000000000e+00       1.815128039081e-16       7.691833804750e-17      -5.415257077856e-18 
 1993       3.920724269396e-11       1.016383522150e-12      -2.670128721857e-13       0.000000000000e+00       1.811359893917e-16       7.721633524507e-17      -5.521352114821e-18 
 1994       3.903133451086e-11       1.023078693396e-12      -2.558487027257e-13       0.000000000000e+00       1.807601392903e-16       7.751391119830e-17      -5.627000452326e-18 
 1995       3.885548873588e-11       1.029841921777e-12      -2.452915926376e-13       0.000000000000e+00       1.803852511472e-16       7.781098774547e-17      -5.732193533812e-18 
 1996       3.867974644399e-11       1.036669644449e-12      -2.353427752301e-13       0.000000000000e+00       1.800113224815e-16       7.810748641829e-17      -5.836922773691e-18 
 1997       3.850414887183e-11       1.043558283746e-12      -2.260034831302e-13       0.000000000000e+00       1.796383507875e-16       7.840332844147e-17      -5.941179557315e-18 
 1998       3.832873741787e-11       1.050504247164e-12      -2.172749482793e-13       0.000000000000e+00       1.792663335348e-16       7.869843473239e-17      -6.044955240943e-18 
 1999       3.815355364264e-11       1.057503927336e-12      -2.091584019306e-13       0.000000000000e+00       1.788952681686e-16       7.899272590067e-17      -6.148241151706e-18 
 2000       3.797863926888e-11       1.064553702018e-12      -2.016550746451e-13       0.000000000000e+00       1.785251521093e-16       7.928612224782e-17      -6.251028587573e-18 
 2001       3.780403618180e-11       1.071649934070e-12      -1.947661962891e-13       0.000000000000e+00       1.781559827527e-16       7.957854376686e-17      -6.353308817320e-18 
 2002       3.762978642925e-11       1.078788971435e-12      -1.884929960306e-13       0.000000000000e+00       1.777877574697e-16       7.986991014194e-17      -6.455073080490e-18 
 2003       3.745593222192e-11       1.085967147121e-12      -1.828367023360e-13       0.000000000000e+00       1.774204736064e-16       8.016014074792e-17      -6.556312587364e-18 
 2004       3.728251593354e-11       1.093180779184e-12      -1.777985429672e-13       0.000000000000e+00       1.770541284843e-16       8.044915465005e-17      -6.657018518928e-18 
 2005       3.710958010108e-11       1.100426170707e-12      -1.733797449781e-13       0.000000000000e+00       1.766887193997e-16       8.073687060355e-17      -6.757182026833e-18 
 2006       3.693716742499e-11       1.107699609783e-12      -1.695815347113e-13       0.000000000000e+00       1.763242436244e-16       8.102320705324e-17      -6.856794233370e-18 
 2007       3.676532076932e-11       1.114997369495e-12      -1.664051377952e-13       0.000000000000e+00       1.759606984050e-16       8.130808213316e-17      -6.955846231426e-18 
 2008       3.659408316200e-11       1.122315707896e-12      -1.638517791406e-13       0.000000000000e+00       1.755980809630e-16       8.159141366618e-17      -7.054329084459e-18 
 2009       3.642349472589e-11       1.129651023164e-12      -1.619214881664e-13       0.000000000000e+00       1.752363885493e-16       8.187313099225e-17      -7.152230514167e-18 
 2010       3.625358344720e-11       1.137000320325e-12      -1.606095049692e-13       0.000000000000e+00       1.748756186064e-16       8.215321054802e-17      -7.249524937198e-18 
 2011       3.608437434023e-11       1.144360747891e-12      -1.599098479641e-13       0.000000000000e+00       1.745157686068e-16       8.243164054565e-17      -7.346183355787e-18 
 2012       3.591589251047e-11       1.151729442984e-12      -1.598165062399e-13       0.000000000000e+00       1.741568359994e-16       8.270840916775e-17      -7.442176663322e-18 
 2013       3.574816315472e-11       1.159103531323e-12      -1.603234395204e-13       0.000000000000e+00       1.737988182091e-16       8.298350456729e-17      -7.537475644217e-18 
 2014       3.558121156116e-11       1.166480127208e-12      -1.614245781259e-13       0.000000000000e+00       1.734417126370e-16       8.325691486764e-17      -7.632050973773e-18 
 2015       3.541506310954e-11       1.173856333507e-12      -1.631138229338e-13       0.000000000000e+00       1.730855166601e-16       8.352862816248e-17      -7.725873218051e-18 
 2016       3.524974327121e-11       1.181229241643e-12      -1.653850453404e-13       0.000000000000e+00       1.727302276316e-16       8.379863251581e-17      -7.818912833735e-18 
 2017       3.508527760926e-11       1.188595931577e-12      -1.682320872223e-13       0.000000000000e+00       1.723758428805e-16       8.406691596190e-17      -7.911140168006e-18 
 2018       3.492169177863e-11       1.195953471798e-12      -1.716487608972e-13       0.000000000000e+00       1.720223597118e-16       8.433346650527e-17      -8.002525458405e-18 
 2019       3.475901152624e-11       1.203298919302e-12      -1.756288490851e-13       0.000000000000e+00       1.716697754065e-16       8.459827212066e-17      -8.093038832699e-18 
 2020       3.459726269104e-11       1.210629319586e-12      -1.801661048704e-13       0.000000000000e+00       1.713180872213e-16       8.486132075301e-17      -8.182650308755e-18 
 2021       3.443647120419e-11       1.217941706628e-12      -1.852542516622e-13       0.000000000000e+00       1.709672923889e-16       8.512260031740e-17      -8.271329794403e-18 
 2022       3.427666308913e-11       1.225233102876e-12      -1.908869831560e-13       0.000000000000e+00       1.706173881177e-16       8.538209869906e-17      -8.359047087302e-18 
 2023       3.411786446167e-11       1.232500519231e-12      -1.970579632950e-13       0.000000000000e+00       1.702683715919e-16       8.563980375332e-17      -8.445771874815e-18 
 2024       3.396010153017e-11       1.239740955037e-12      -2.037608262314e-13       0.000000000000e+00       1.699202399714e-16       8.589570330558e-17      -8.531473733870e-18 
 2025       3.380340059556e-11       1.246951398061e-12      -2.109891762873e-13       0.000000000000e+00       1.695729903917e-16       8.614978515128e-17      -8.616122130828e-18 
 2026       3.364778805153e-11       1.254128824486e-12      -2.187365879164e-13       0.000000000000e+00       1.692266199642e-16       8.640203705589e-17      -8.699686421354e-18 
 2027       3.349329038458e-11       1.261270198890e-12      -2.269966056651e-13       0.000000000000e+00       1.688811257756e-16       8.665244675485e-17      -8.782135850285e-18 
 2028       3.333993417416e-11       1.268372474235e-12      -2.357627441336e-13       0.000000000000e+00       1.685365048883e-16       8.690100195357e-17      -8.863439551493e-18 
 2029       3.318774609278e-11       1.275432591855e-12      -2.450284879374e-13       0.000000000000e+00       1.681927543405e-16       8.714769032739e-17      -8.943566547755e-18 
 2030       3.303675290610e-11       1.282447481438e-12      -2.547872916686e-13       0.000000000000e+00       1.678498711454e-16       8.739249952153e-17      -9.022485750625e-18 
 2031       3.288698147305e-11       1.289414061014e-12      -2.650325798569e-13       0.000000000000e+00       1.675078522921e-16       8.763541715110e-17      -9.100165960295e-18 
 2032       3.273845874595e-11       1.296329236938e-12      -2.757577469311e-13       0.000000000000e+00       1.671666947448e-16       8.787643080105e-17      -9.176575865464e-18 
 2033       3.259121177061e-11       1.303189903882e-12      -2.869561571801e-13       0.000000000000e+00       1.668263954435e-16       8.811552802613e-17      -9.251684043211e-18 
 2034       3.244526768643e-11       1.309992944815e-12      -2.986211447145e-13       0.000000000000e+00       1.664869513031e-16       8.835269635088e-17      -9.325458958856e-18 
 2035       3.230065372651e-11       1.316735230989e-12      -3.107460134278e-13       0.000000000000e+00       1.661483592141e-16       8.858792326959e-17      -9.397868965832e-18 
 2036       3.215739721780e-11       1.323413621929e-12      -3.233240369573e-13       0.000000000000e+00       1.658106160422e-16       8.882119624629e-17      -9.468882305551e-18 
 2037       3.201552558114e-11       1.330024965416e-12      -3.363484586458e-13       0.000000000000e+00       1.654737186284e-16       8.905250271469e-17      -9.538467107270e-18 
 2038       3.187506633144e-11       1.336566097473e-12      -3.498124915028e-13       0.000000000000e+00       1.651376637888e-16       8.928183007817e-17      -9.606591387963e-18 
 2039       3.173604707772e-11       1.343033842351e-12      -3.637093181653e-13       0.000000000000e+00       1.648024483148e-16       8.950916570975e-17      -9.673223052185e-18 
 2040       3.159849552328e-11       1.349425012515e-12      -3.780320908599e-13       0.000000000000e+00       1.644680689728e-16       8.973449695206e-17      -9.738329891941e-18 
 2041       3.146243946579e-11       1.355736408631e-12      -3.927739313633e-13       0.000000000000e+00       1.641345225045e-16       8.995781111729e-17      -9.801879586555e-18 
 2042       3.132790679737e-11       1.361964819550e-12      -4.079279309639e-13       0.000000000000e+00       1.638018056264e-16       9.017909548722e-17      -9.863839702533e-18 
 2043       3.119492550473e-11       1.368107022292e-12      -4.234871504231e-13       0.000000000000e+00       1.634699150303e-16       9.039833731311e-17      -9.924177693437e-18 
 2044       3.106352366929e-11       1.374159782040e-12      -4.394446199364e-13       0.000000000000e+00       1.631388473828e-16       9.061552381574e-17      -9.982860899749e-18 
 2045       3.093372946726e-11       1.380119852114e-12      -4.557933390948e-13       0.000000000000e+00       1.628085993254e-16       9.083064218533e-17      -1.003985654874e-17 
 2046       3.080557116975e-11       1.385983973967e-12      -4.725262768460e-13       0.000000000000e+00       1.624791674748e-16       9.104367958157e-17      -1.009513175433e-17 
 2047       3.067907714291e-11       1.391748877166e-12      -4.896363714557e-13       0.000000000000e+00       1.621505484223e-16       9.125462313351e-17      -1.014865351697e-17 
 2048       3.055427157176e-11       1.397411622503e-12      -5.071161943493e-13       0.000000000000e+00       1.618227390284e-16       9.146346583283e-17      -1.020039336448e-17 
 2049       3.043116159816e-11       1.402970634029e-12      -5.249569390881e-13       0.000000000000e+00       1.614957373076e-16       9.167022425942e-17      -1.025034131106e-17 
 2050       3.030975009115e-11       1.408424674370e-12      -5.431494250902e-13       0.000000000000e+00       1.611695415498e-16       9.187492098243e-17      -1.029849199779e-17 
 2051       3.019003991482e-11       1.413772502263e-12      -5.616844330451e-13       0.000000000000e+00       1.608441500266e-16       9.207757867863e-17      -1.034484006071e-17 
 2052       3.007203392833e-11       1.419012872558e-12      -5.805527048661e-13       0.000000000000e+00       1.605195609909e-16       9.227822013259e-17      -1.038938013079e-17 
 2053       2.995573498585e-11       1.424144536209e-12      -5.997449436415e-13       0.000000000000e+00       1.601957726776e-16       9.247686823679e-17      -1.043210683398e-17 
 2054       2.984114593660e-11       1.429166240269e-12      -6.192518135861e-13       0.000000000000e+00       1.598727833028e-16       9.267354599179e-17      -1.047301479115e-17 
 2055       2.972826962479e-11       1.434076727890e-12      -6.390639399934e-13       0.000000000000e+00       1.595505910644e-16       9.286827650634e-17      -1.051209861817e-17 
 2056       2.961710888963e-11       1.438874738315e-12      -6.591719091868e-13       0.000000000000e+00       1.592291941416e-16       9.306108299756e-17      -1.054935292582e-17 
 2057       2.950766656533e-11       1.443559006876e-12      -6.795662684714e-13       0.000000000000e+00       1.589085906952e-16       9.325198879102e-17      -1.058477231987e-17 
 2058       2.939994548105e-11       1.448128264988e-12      -7.002375260857e-13       0.000000000000e+00       1.585887788674e-16       9.344101732094e-17      -1.061835140103e-17 
 2059       2.929394846093e-11       1.452581240145e-12      -7.211761511533e-13       0.000000000000e+00       1.582697567819e-16       9.362819213028e-17      -1.065008476496e-17 
 2060       2.918967832405e-11       1.456916655916e-12      -7.423725736342e-13       0.000000000000e+00       1.579515225435e-16       9.381353687093e-17      -1.067996700228e-17 
 2061       2.908713788440e-11       1.461133231940e-12      -7.638171842770e-13       0.000000000000e+00       1.576340742388e-16       9.399707530378e-17      -1.070799269858e-17 
 2062       2.898632995093e-11       1.465229683924e-12      -7.855003345700e-13       0.000000000000e+00       1.573174099353e-16       9.417883129894e-17      -1.073415643439e-17 
 2063       2.888725732747e-11       1.469204723634e-12      -8.074123366934e-13       0.000000000000e+00       1.570015276820e-16       9.435882883582e-17      -1.075845278521e-17 
 2064       2.878992281275e-11       1.473057058897e-12      -8.295434634705e-13       0.000000000000e+00       1.566864255093e-16       9.453709200329e-17      -1.078087632149e-17 
 2065       2.869432920039e-11       1.476785393590e-12      -8.518839483195e-13       0.000000000000e+00       1.563721014287e-16       9.471364499982e-17      -1.080142160864e-17 
 2066       2.860047927885e-11       1.480388427641e-12      -8.744239852053e-13       0.000000000000e+00       1.560585534328e-16       9.488851213363e-17      -1.082008320704e-17 
 2067       2.850837583149e-11       1.483864857021e-12      -8.971537285910e-13       0.000000000000e+00       1.557457794956e-16       9.506171782280e-17      -1.083685567200e-17 
 2068       2.841802163647e-11       1.487213373743e-12      -9.200632933895e-13       0.000000000000e+00       1.554337775721e-16       9.523328659544e-17      -1.085173355383e-17 
 2069       2.832941946681e-11       1.490432665852e-12      -9.431427549154e-13       0.000000000000e+00       1.551225455987e-16       9.540324308981e-17      -1.086471139776e-17 
 2070       2.824257209033e-11       1.493521417429e-12      -9.663821488362e-13       0.000000000000e+00       1.548120814925e-16       9.557161205446e-17      -1.087578374400e-17 
 2071       2.815748226966e-11       1.496478308580e-12      -9.897714711247e-13       0.000000000000e+00       1.545023831521e-16       9.573841834839e-17      -1.088494512773e-17 
 2072       2.807415276222e-11       1.499302015433e-12      -1.013300678010e-12       0.000000000000e+00       1.541934484568e-16       9.590368694117e-17      -1.089219007907e-17 
 2073       2.799258632021e-11       1.501991210136e-12      -1.036959685929e-12       0.000000000000e+00       1.538852752670e-16       9.606744291307e-17      -1.089751312313e-17 
 2074       2.791278569058e-11       1.504544560850e-12      -1.060738371478e-12       0.000000000000e+00       1.535778614244e-16       9.622971145524e-17      -1.090090877994e-17 
 2075       2.783475361506e-11       1.506960731746e-12      -1.084626571367e-12       0.000000000000e+00       1.532712047512e-16       9.639051786979e-17      -1.090237156452e-17 
 2076       2.775849283010e-11       1.509238383000e-12      -1.108614082367e-12       0.000000000000e+00       1.529653030509e-16       9.654988757000e-17      -1.090189598686e-17 
 2077       2.768400606688e-11       1.511376170790e-12      -1.132690661264e-12       0.000000000000e+00       1.526601541076e-16       9.670784608040e-17      -1.089947655189e-17 
 2078       2.761129605128e-11       1.513372747291e-12      -1.156846024811e-12       0.000000000000e+00       1.523557556866e-16       9.686441903693e-17      -1.089510775953e-17 
 2079       2.754036550391e-11       1.515226760668e-12      -1.181069849678e-12       0.000000000000e+00       1.520521055337e-16       9.701963218708e-17      -1.088878410463e-17 
 2080       2.747121714005e-11       1.516936855076e-12      -1.205351772407e-12       0.000000000000e+00       1.517492013759e-16       9.717351139004e-17      -1.088050007703e-17 
 2081       2.740385366964e-11       1.518501670654e-12      -1.229681389359e-12       0.000000000000e+00       1.514470409208e-16       9.732608261683e-17      -1.087025016153e-17 
 2082       2.733827779732e-11       1.519919843518e-12      -1.254048256670e-12       0.000000000000e+00       1.511456218566e-16       9.747737195043e-17      -1.085802883788e-17 
 2083       2.727449222233e-11       1.521190005762e-12      -1.278441890198e-12       0.000000000000e+00       1.508449418526e-16       9.762740558593e-17      -1.084383058083e-17 
 2084       2.721249963859e-11       1.522310785448e-12      -1.302851765479e-12       0.000000000000e+00       1.505449985585e-16       9.777620983068e-17      -1.082764986005e-17 
 2085       2.715230273463e-11       1.523280806605e-12      -1.327267317679e-12       0.000000000000e+00       1.502457896048e-16       9.792381110440e-17      -1.080948114021e-17 
 2086       2.709390419356e-11       1.524098689226e-12      -1.351677941540e-12       0.000000000000e+00       1.499473126027e-16       9.807023593936e-17      -1.078931888094e-17 
 2087       2.703730342704e-11       1.524763392682e-12      -1.376073508175e-12       0.000000000000e+00       1.496495652190e-16       9.821547120803e-17      -1.076716799393e-17 
 2088       2.698248675189e-11       1.525275248625e-12      -1.400445919489e-12       0.000000000000e+00       1.493525454020e-16       9.835934450102e-17      -1.074307529444e-17 
 2089       2.692943714451e-11       1.525634935323e-12      -1.424787564565e-12       0.000000000000e+00       1.490562511570e-16       9.850164291046e-17      -1.071709827042e-17 
 2090       2.687813750061e-11       1.525843134900e-12      -1.449090803776e-12       0.000000000000e+00       1.487606804717e-16       9.864215272525e-17      -1.068929464567e-17 
 2091       2.682857063514e-11       1.525900533343e-12      -1.473347968757e-12       0.000000000000e+00       1.484658313162e-16       9.878065943017e-17      -1.065972238018e-17 
 2092       2.678071928213e-11       1.525807820504e-12      -1.497551362365e-12       0.000000000000e+00       1.481717016425e-16       9.891694770486e-17      -1.062843967038e-17 
 2093       2.673456609461e-11       1.525565690108e-12      -1.521693258650e-12       0.000000000000e+00       1.478782893850e-16       9.905080142292e-17      -1.059550494946e-17 
 2094       2.669009364454e-11       1.525174839756e-12      -1.545765902818e-12       0.000000000000e+00       1.475855924602e-16       9.918200365093e-17      -1.056097688763e-17 
 2095       2.664728442266e-11       1.524635970931e-12      -1.569761511197e-12       0.000000000000e+00       1.472936087668e-16       9.931033664748e-17      -1.052491439243e-17 
 2096       2.660612083841e-11       1.523949789003e-12      -1.593672271205e-12       0.000000000000e+00       1.470023361855e-16       9.943558186225e-17      -1.048737660901e-17 
 2097       2.656658521982e-11       1.523117003235e-12      -1.617490341314e-12       0.000000000000e+00       1.467117725791e-16       9.955751993502e-17      -1.044842292041e-17 
 2098       2.652865981342e-11       1.522138326786e-12      -1.641207851014e-12       0.000000000000e+00       1.464219157926e-16       9.967593069473e-17      -1.040811294786e-17 
 2099       2.649232678412e-11       1.521014476718e-12      -1.664816900784e-12       0.000000000000e+00       1.461327636529e-16       9.979059315852e-17      -1.036650655106e-17 
 2100       2.645756821512e-11       1.519746174002e-12      -1.688309562054e-12       0.000000000000e+00       1.458443139689e-16       9.990128553078e-17      -1.032366382850e-17 
 2101       2.642436610781e-11       1.518334143519e-12      -1.711677877173e-12       0.000000000000e+00       1.455565645316e-16       1.000077852022e-16      -1.027964511769e-17 
 2102       2.639270238163e-11       1.516779114069e-12      -1.734913859371e-12       0.000000000000e+00       1.452695131139e-16       1.001098687488e-16      -1.023451099548e-17 
 2103       2.636255887403e-11       1.515081818375e-12      -1.758009492730e-12       0.000000000000e+00       1.449831574706e-16       1.002073119309e-16      -1.018832227838e-17 
 2104       2.633391734032e-11       1.513242993087e-12      -1.780956732147e-12       0.000000000000e+00       1.446974953383e-16       1.002998896924e-16      -1.014114002278e-17 
 2105       2.630675945358e-11       1.511263378790e-12      -1.803747503302e-12       0.000000000000e+00       1.444125244357e-16       1.003873761596e-16      -1.009302552529e-17 
 2106       2.628106680455e-11       1.509143720006e-12      -1.826373702619e-12       0.000000000000e+00       1.441282424633e-16       1.004695446402e-16      -1.004404032303e-17 
 2107       2.625682090156e-11       1.506884765200e-12      -1.848827197237e-12       0.000000000000e+00       1.438446471032e-16       1.005461676226e-16      -9.994246193869e-18 
 2108       2.623400317037e-11       1.504487266785e-12      -1.871099824976e-12       0.000000000000e+00       1.435617360196e-16       1.006170167748e-16      -9.943705156771e-18 
 2109       2.621259495413e-11       1.501951981129e-12      -1.893183394298e-12       0.000000000000e+00       1.432795068583e-16       1.006818629433e-16      -9.892479472047e-18 
 2110       2.619257751321e-11       1.499279668557e-12      -1.915069684278e-12       0.000000000000e+00       1.429979572469e-16       1.007404761524e-16      -9.840631641660e-18 
 2111       2.617393202518e-11       1.496471093360e-12      -1.936750444567e-12       0.000000000000e+00       1.427170847947e-16       1.007926256032e-16      -9.788224409504e-18 
 2112       2.615663958463e-11       1.493527023796e-12      -1.958217395358e-12       0.000000000000e+00       1.424368870926e-16       1.008380796724e-16      -9.735320761699e-18 
 2113       2.614068120309e-11       1.490448232097e-12      -1.979462227353e-12       0.000000000000e+00       1.421573617134e-16       1.008766059116e-16      -9.681983926876e-18 
 2114       2.612603780896e-11       1.487235494475e-12      -2.000476601729e-12       0.000000000000e+00       1.418785062113e-16       1.009079710464e-16      -9.628277376467e-18 
 2115       2.611269024737e-11       1.483889591126e-12      -2.021252150104e-12       0.000000000000e+00       1.416003181223e-16       1.009319409751e-16      -9.574264824991e-18 
 2116       2.610061928009e-11       1.480411306235e-12      -2.041780474500e-12       0.000000000000e+00       1.413227949639e-16       1.009482807680e-16      -9.520010230344e-18 
 2117       2.608980558543e-11       1.476801427981e-12      -2.062053147312e-12       0.000000000000e+00       1.410459342352e-16       1.009567546665e-16      -9.465577794089e-18 
 2118       2.608022975813e-11       1.473060748543e-12      -2.082061711275e-12       0.000000000000e+00       1.407697334166e-16       1.009571260819e-16      -9.411031961741e-18 
 2119       2.607187230925e-11       1.469190064106e-12      -2.101797679424e-12       0.000000000000e+00       1.404941899705e-16       1.009491575948e-16      -9.356437423057e-18 
 2120       2.606471366609e-11       1.465190174863e-12      -2.121252535068e-12       0.000000000000e+00       1.402193013404e-16       1.009326109537e-16      -9.301859112325e-18 
 2121       2.605873417209e-11       1.461061885021e-12      -2.140417731749e-12       0.000000000000e+00       1.399450649513e-16       1.009072470743e-16      -9.247362208651e-18 
 2122       2.605391408668e-11       1.456806002810e-12      -2.159284693210e-12       0.000000000000e+00       1.396714782097e-16       1.008728260387e-16      -9.193012136248e-18 
 2123       2.605023358523e-11       1.452423340483e-12      -2.177844813364e-12       0.000000000000e+00       1.393985385036e-16       1.008291070942e-16      -9.138874564724e-18 
 2124       2.604767275892e-11       1.447914714324e-12      -2.196089456254e-12       0.000000000000e+00       1.391262432022e-16       1.007758486522e-16      -9.085015409372e-18 
 2125       2.604621161465e-11       1.443280944652e-12      -2.214009956026e-12       0.000000000000e+00       1.388545896561e-16       1.007128082877e-16      -9.031500831457e-18 
 2126       2.604582918524e-11       1.438523044261e-12      -2.231598615693e-12       0.000000000000e+00       1.385835754281e-16       1.006398420164e-16      -8.978380898402e-18 
 2127       2.604650085369e-11       1.433642785147e-12      -2.248851711029e-12       0.000000000000e+00       1.383131989866e-16       1.005572028758e-16      -8.925640440809e-18 
 2128       2.604820101025e-11       1.428642135694e-12      -2.265766507294e-12       0.000000000000e+00       1.380434590170e-16       1.004652443985e-16      -8.873247857647e-18 
 2129       2.605090394041e-11       1.423523072603e-12      -2.282340262300e-12       0.000000000000e+00       1.377743541910e-16       1.003643215215e-16      -8.821171425479e-18 
 2130       2.605458382469e-11       1.418287580901e-12      -2.298570226398e-12       0.000000000000e+00       1.375058831669e-16       1.002547905882e-16      -8.769379298323e-18 
 2131       2.605921473853e-11       1.412937653955e-12      -2.314453642477e-12       0.000000000000e+00       1.372380445892e-16       1.001370093501e-16      -8.717839507504e-18 
 2132       2.606477065220e-11       1.407475293478e-12      -2.329987745953e-12       0.000000000000e+00       1.369708370890e-16       1.000113369684e-16      -8.666519961511e-18 
 2133       2.607122543061e-11       1.401902509540e-12      -2.345169764762e-12       0.000000000000e+00       1.367042592837e-16       9.987813401576e-17      -8.615388445846e-18 
 2134       2.607855283326e-11       1.396221320579e-12      -2.359996919352e-12       0.000000000000e+00       1.364383097772e-16       9.973776247777e-17      -8.564412622887e-18 
 2135       2.608672651405e-11       1.390433753414e-12      -2.374466422676e-12       0.000000000000e+00       1.361729871596e-16       9.959058575489e-17      -8.513560031735e-18 
 2136       2.609572002117e-11       1.384541843246e-12      -2.388575480184e-12       0.000000000000e+00       1.359082900073e-16       9.943696866400e-17      -8.462798088074e-18 
 2137       2.610550679701e-11       1.378547633680e-12      -2.402321289815e-12       0.000000000000e+00       1.356442168831e-16       9.927727744008e-17      -8.412094084023e-18 
 2138       2.611606017797e-11       1.372453176726e-12      -2.415701041993e-12       0.000000000000e+00       1.353807663361e-16       9.911187973791e-17      -8.361415187993e-18 
 2139       2.612735339439e-11       1.366260532813e-12      -2.428711919612e-12       0.000000000000e+00       1.351179369017e-16       9.894114463372e-17      -8.310728444539e-18 
 2140       2.613935957040e-11       1.359971770798e-12      -2.441351098036e-12       0.000000000000e+00       1.348557271012e-16       9.876544262693e-17      -8.260000774217e-18 
 2141       2.615205172378e-11       1.353588967977e-12      -2.453615745087e-12       0.000000000000e+00       1.345941354427e-16       9.858514564175e-17      -8.209198973437e-18 
 2142       2.616540276586e-11       1.347114210096e-12      -2.465503021037e-12       0.000000000000e+00       1.343331604200e-16       9.840062702893e-17      -8.158289714319e-18 
 2143       2.617938550139e-11       1.340549591357e-12      -2.477010078605e-12       0.000000000000e+00       1.340728005134e-16       9.821226156738e-17      -8.107239544547e-18 
 2144       2.619397262838e-11       1.333897214433e-12      -2.488134062944e-12       0.000000000000e+00       1.338130541893e-16       9.802042546589e-17      -8.056014887225e-18 
 2145       2.620913673801e-11       1.327159190476e-12      -2.498872111636e-12       0.000000000000e+00       1.335539199000e-16       9.782549636479e-17      -8.004582040731e-18 
 2146       2.622485031452e-11       1.320337639126e-12      -2.509221354686e-12       0.000000000000e+00       1.332953960843e-16       9.762785333763e-17      -7.952907178569e-18 
 2147       2.624108573500e-11       1.313434688522e-12      -2.519178914509e-12       0.000000000000e+00       1.330374811668e-16       9.742787689288e-17      -7.900956349229e-18 
 2148       2.625781526938e-11       1.306452475314e-12      -2.528741905928e-12       0.000000000000e+00       1.327801735584e-16       9.722594897555e-17      -7.848695476038e-18 
 2149       2.627501108019e-11       1.299393144671e-12      -2.537907436166e-12       0.000000000000e+00       1.325234716560e-16       9.702245296895e-17      -7.796090357015e-18 
 2150       2.629264522252e-11       1.292258850291e-12      -2.546672604832e-12       0.000000000000e+00       1.322673738425e-16       9.681777369632e-17      -7.743106664729e-18 
 2151       2.631068964385e-11       1.285051754411e-12      -2.555034503923e-12       0.000000000000e+00       1.320118784868e-16       9.661229742249e-17      -7.689709946148e-18 
 2152       2.632911618393e-11       1.277774027819e-12      -2.562990217809e-12       0.000000000000e+00       1.317569839440e-16       9.640641185561e-17      -7.635865622500e-18 
 2153       2.634789657466e-11       1.270427849863e-12      -2.570536823226e-12       0.000000000000e+00       1.315026885549e-16       9.620050614879e-17      -7.581538989122e-18 
 2154       2.636700243996e-11       1.263015408461e-12      -2.577671389274e-12       0.000000000000e+00       1.312489906464e-16       9.599497090182e-17      -7.526695215318e-18 
 2155       2.638640529565e-11       1.255538900109e-12      -2.584390977404e-12       0.000000000000e+00       1.309958885315e-16       9.579019816278e-17      -7.471299344216e-18 
 2156       2.640607654931e-11       1.248000529897e-12      -2.590692641410e-12       0.000000000000e+00       1.307433805088e-16       9.558658142979e-17      -7.415316292616e-18 
 2157       2.642598750016e-11       1.240402511513e-12      -2.596573427427e-12       0.000000000000e+00       1.304914648632e-16       9.538451565265e-17      -7.358710850852e-18 
 2158       2.644610933894e-11       1.232747067255e-12      -2.602030373917e-12       0.000000000000e+00       1.302401398650e-16       9.518439723453e-17      -7.301447682640e-18 
 2159       2.646641314778e-11       1.225036428044e-12      -2.607060511666e-12       0.000000000000e+00       1.299894037709e-16       9.498662403363e-17      -7.243491324939e-18 
 2160       2.648686990006e-11       1.217272833429e-12      -2.611660863773e-12       0.000000000000e+00       1.297392548230e-16       9.479159536491e-17      -7.184806187803e-18 
 2161       2.650745046030e-11       1.209458531601e-12      -2.615828445644e-12       0.000000000000e+00       1.294896912494e-16       9.459971200170e-17      -7.125356554232e-18 
 2162       2.652812558404e-11       1.201595779403e-12      -2.619560264986e-12       0.000000000000e+00       1.292407112641e-16       9.441137617742e-17      -7.065106580034e-18 
 2163       2.654886591769e-11       1.193686842337e-12      -2.622853321797e-12       0.000000000000e+00       1.289923130668e-16       9.422699158727e-17      -7.004020293676e-18 
 2164       2.656964199842e-11       1.185733994578e-12      -2.625704608358e-12       0.000000000000e+00       1.287444948429e-16       9.404696338986e-17      -6.942061596136e-18 
 2165       2.659042573317e-11       1.177739492653e-12      -2.628112042214e-12       0.000000000000e+00       1.284972548992e-16       9.387159653199e-17      -6.879207851731e-18 
 2166       2.661119484696e-11       1.169705496273e-12      -2.630077272027e-12       0.000000000000e+00       1.282505920713e-16       9.370078996795e-17      -6.815490761307e-18 
 2167       2.663192846439e-11       1.161634146989e-12      -2.631602890675e-12       0.000000000000e+00       1.280045053190e-16       9.353434037597e-17      -6.750955765126e-18 
 2168       2.665260563316e-11       1.153527594476e-12      -2.632691504011e-12       0.000000000000e+00       1.277589935905e-16       9.337204364653e-17      -6.685648477195e-18 
 2169       2.667320532398e-11       1.145387996548e-12      -2.633345730878e-12       0.000000000000e+00       1.275140558230e-16       9.321369488142e-17      -6.619614685466e-18 
 2170       2.669370643050e-11       1.137217519162e-12      -2.633568203120e-12       0.000000000000e+00       1.272696909422e-16       9.305908839282e-17      -6.552900352040e-18 
 2171       2.671408776916e-11       1.129018336434e-12      -2.633361565605e-12       0.000000000000e+00       1.270258978625e-16       9.290801770241e-17      -6.485551613369e-18 
 2172       2.673432807919e-11       1.120792630641e-12      -2.632728476237e-12       0.000000000000e+00       1.267826754867e-16       9.276027554038e-17      -6.417614780458e-18 
 2173       2.675440602243e-11       1.112542592237e-12      -2.631671605974e-12       0.000000000000e+00       1.265400227066e-16       9.261565384458e-17      -6.349136339071e-18 
 2174       2.677430018332e-11       1.104270419858e-12      -2.630193638845e-12       0.000000000000e+00       1.262979384024e-16       9.247394375956e-17      -6.280162949929e-18 
 2175       2.679398906875e-11       1.095978320334e-12      -2.628297271963e-12       0.000000000000e+00       1.260564214427e-16       9.233493563562e-17      -6.210741448912e-18 
 2176       2.681345110802e-11       1.087668508696e-12      -2.625985215545e-12       0.000000000000e+00       1.258154706850e-16       9.219841902795e-17      -6.140918847269e-18 
 2177       2.683266465272e-11       1.079343208189e-12      -2.623260192925e-12       0.000000000000e+00       1.255750849751e-16       9.206418269567e-17      -6.070742331812e-18 
 2178       2.685160797664e-11       1.071004650277e-12      -2.620124940575e-12       0.000000000000e+00       1.253352631475e-16       9.193201460089e-17      -6.000259265122e-18 
 2179       2.687025927571e-11       1.062655074658e-12      -2.616582208115e-12       0.000000000000e+00       1.250960040251e-16       9.180170190783e-17      -5.929517185752e-18 
 2180       2.688859666789e-11       1.054296729266e-12      -2.612634758333e-12       0.000000000000e+00       1.248573064192e-16       9.167303098187e-17      -5.858563808430e-18 
 2181       2.690659819307e-11       1.045931870288e-12      -2.608285367203e-12       0.000000000000e+00       1.246191691299e-16       9.154578738862e-17      -5.787447024259e-18 
 2182       2.692424181301e-11       1.037562762170e-12      -2.603536823897e-12       0.000000000000e+00       1.243815909454e-16       9.141975589303e-17      -5.716214900921e-18 
 2183       2.694150541124e-11       1.029191677625e-12      -2.598391930804e-12       0.000000000000e+00       1.241445706426e-16       9.129472045841e-17      -5.644915682882e-18 
 2184       2.695836679297e-11       1.020820897644e-12      -2.592853503544e-12       0.000000000000e+00       1.239081069867e-16       9.117046424558e-17      -5.573597791590e-18 
 2185       2.697480368497e-11       1.012452711507e-12      -2.586924370989e-12       0.000000000000e+00       1.236721987313e-16       9.104676961188e-17      -5.502309825678e-18 
 2186       2.699079373555e-11       1.004089416790e-12      -2.580607375272e-12       0.000000000000e+00       1.234368446186e-16       9.092341811030e-17      -5.431100561172e-18 
 2187       2.700631451443e-11       9.957333193755e-13      -2.573905371811e-12       0.000000000000e+00       1.232020433790e-16       9.080019048852e-17      -5.360018951687e-18 
 2188       2.702134351262e-11       9.873867334609e-13      -2.566821229320e-12       0.000000000000e+00       1.229677937312e-16       9.067686668800e-17      -5.289114128633e-18 
 2189       2.703585814241e-11       9.790519815698e-13      -2.559357829826e-12       0.000000000000e+00       1.227340943823e-16       9.055322584305e-17      -5.218435401417e-18 
 2190       2.704983573720e-11       9.707313945601e-13      -2.551518068687e-12       0.000000000000e+00       1.225009440280e-16       9.042904627992e-17      -5.148032257644e-18 
 2191       2.706325355148e-11       9.624273116340e-13      -2.543304854608e-12       0.000000000000e+00       1.222683413518e-16       9.030410551588e-17      -5.077954363323e-18 
 2192       2.707608876069e-11       9.541420803469e-13      -2.534721109657e-12       0.000000000000e+00       1.220362850260e-16       9.017818025827e-17      -5.008251563066e-18 
 2193       2.708831846115e-11       9.458780566173e-13      -2.525769769278e-12       0.000000000000e+00       1.218047737109e-16       9.005104640360e-17      -4.938973880291e-18 
 2194       2.709991966998e-11       9.376376047363e-13      -2.516453782313e-12       0.000000000000e+00       1.215738060551e-16       8.992247903663e-17      -4.870171517426e-18 
 2195       2.711086932501e-11       9.294230973764e-13      -2.506776111015e-12       0.000000000000e+00       1.213433806954e-16       8.979225242941e-17      -4.801894856112e-18 
 2196       2.712114428468e-11       9.212369156018e-13      -2.496739731065e-12       0.000000000000e+00       1.211134962571e-16       8.966014004042e-17      -4.734194457404e-18 
 2197       2.713072132795e-11       9.130814488772e-13      -2.486347631585e-12       0.000000000000e+00       1.208841513533e-16       8.952591451359e-17      -4.667121061972e-18 
 2198       2.713957715423e-11       9.049590950775e-13      -2.475602815162e-12       0.000000000000e+00       1.206553445857e-16       8.938934767739e-17      -4.600725590308e-18 
 2199       2.714768838326e-11       8.968722604973e-13      -2.464508297856e-12       0.000000000000e+00       1.204270745439e-16       8.925021054395e-17      -4.535059142925e-18 
 2200       2.715503155507e-11       8.888233598600e-13      -2.453067109221e-12       0.000000000000e+00       1.201993398058e-16       8.910827330806e-17      -4.470173000560e-18 
 2201       2.716158312984e-11       8.808148163278e-13      -2.441282292320e-12       0.000000000000e+00       1.199721389373e-16       8.896330534631e-17      -4.406118624378e-18 
 2202       2.716731948785e-11       8.728490615105e-13      -2.429156903741e-12       0.000000000000e+00       1.197454704928e-16       8.881507521615e-17      -4.342947656173e-18 
 2203       2.717221692935e-11       8.649285354755e-13      -2.416694013614e-12       0.000000000000e+00       1.195193330142e-16       8.866335065495e-17      -4.280711918570e-18 
 2204       2.717625444438e-11       8.570554942615e-13      -2.403897162930e-12       0.000000000000e+00       1.192937250113e-16       8.850794869493e-17      -4.219449424142e-18 
 2205       2.717942204227e-11       8.492314310041e-13      -2.390771738785e-12       0.000000000000e+00       1.190686448978e-16       8.834888637354e-17      -4.159142300767e-18 
 2206       2.718171247729e-11       8.414576509841e-13      -2.377323608306e-12       0.000000000000e+00       1.188440910543e-16       8.818623102229e-17      -4.099758587205e-18 
 2207       2.718311848375e-11       8.337354637784e-13      -2.363558662198e-12       0.000000000000e+00       1.186200618492e-16       8.802005024209e-17      -4.041266198668e-18 
 2208       2.718363277600e-11       8.260661832650e-13      -2.349482814779e-12       0.000000000000e+00       1.183965556382e-16       8.785041190362e-17      -3.983632926677e-18 
 2209       2.718324804841e-11       8.184511276272e-13      -2.335102004001e-12       0.000000000000e+00       1.181735707647e-16       8.767738414759e-17      -3.926826438921e-18 
 2210       2.718195697536e-11       8.108916193588e-13      -2.320422191482e-12       0.000000000000e+00       1.179511055596e-16       8.750103538509e-17      -3.870814279111e-18 
 2211       2.717975221120e-11       8.033889852682e-13      -2.305449362533e-12       0.000000000000e+00       1.177291583413e-16       8.732143429788e-17      -3.815563866840e-18 
 2212       2.717662639024e-11       7.959445564838e-13      -2.290189526183e-12       0.000000000000e+00       1.175077274158e-16       8.713864983873e-17      -3.761042497437e-18 
 2213       2.717257212672e-11       7.885596684581e-13      -2.274648715209e-12       0.000000000000e+00       1.172868110765e-16       8.695275123171e-17      -3.707217341827e-18 
 2214       2.716758201481e-11       7.812356609725e-13      -2.258832986161e-12       0.000000000000e+00       1.170664076043e-16       8.676380797251e-17      -3.654055446387e-18 
 2215       2.716164862858e-11       7.739738781424e-13      -2.242748419396e-12       0.000000000000e+00       1.168465152676e-16       8.657188982877e-17      -3.601523732802e-18 
 2216       2.715476452197e-11       7.667756684212e-13      -2.226401119095e-12       0.000000000000e+00       1.166271323222e-16       8.637706684037e-17      -3.549588997923e-18 
 2217       2.714692222878e-11       7.596423846056e-13      -2.209797213301e-12       0.000000000000e+00       1.164082570113e-16       8.617940931978e-17      -3.498217913624e-18 
 2218       2.713811426264e-11       7.525753838400e-13      -2.192942853939e-12       0.000000000000e+00       1.161898875656e-16       8.597898785233e-17      -3.447377026661e-18 
 2219       2.712833311701e-11       7.455760276212e-13      -2.175844216848e-12       0.000000000000e+00       1.159720222029e-16       8.577587329655e-17      -3.397032758524e-18 
 2220       2.711757126514e-11       7.386456818030e-13      -2.158507501808e-12       0.000000000000e+00       1.157546591289e-16       8.557013678448e-17      -3.347151405299e-18 
 2221       2.710582116006e-11       7.317857166013e-13      -2.140938932564e-12       0.000000000000e+00       1.155377965361e-16       8.536184972200e-17      -3.297699137522e-18 
 2222       2.709307523455e-11       7.249975065981e-13      -2.123144756860e-12       0.000000000000e+00       1.153214326047e-16       8.515108378910e-17      -3.248642000038e-18 
 2223       2.707932590113e-11       7.182824307469e-13      -2.105131246458e-12       0.000000000000e+00       1.151055655020e-16       8.493791094026e-17      -3.199945911858e-18 
 2224       2.706456555204e-11       7.116418723769e-13      -2.086904697174e-12       0.000000000000e+00       1.148901933828e-16       8.472240340469e-17      -3.151576666014e-18 
 2225       2.704878655921e-11       7.050772191980e-13      -2.068471428901e-12       0.000000000000e+00       1.146753143891e-16       8.450463368672e-17      -3.103499929418e-18 
 2226       2.703198127425e-11       6.985898633050e-13      -2.049837785638e-12       0.000000000000e+00       1.144609266501e-16       8.428467456603e-17      -3.055681242718e-18 
 2227       2.701414202841e-11       6.921812011831e-13      -2.031010135514e-12       0.000000000000e+00       1.142470282823e-16       8.406259909805e-17      -3.008086020157e-18 
 2228       2.699526113259e-11       6.858526337117e-13      -2.011994870823e-12       0.000000000000e+00       1.140336173894e-16       8.383848061423e-17      -2.960679549427e-18 
 2229       2.697533087732e-11       6.796055661697e-13      -1.992798408045e-12       0.000000000000e+00       1.138206920625e-16       8.361239272233e-17      -2.913426991529e-18 
 2230       2.695434353269e-11       6.734414082399e-13      -1.973427187874e-12       0.000000000000e+00       1.136082503796e-16       8.338440930681e-17      -2.866293380626e-18 
 2231       2.693229134838e-11       6.673615740139e-13      -1.953887675250e-12       0.000000000000e+00       1.133962904062e-16       8.315460452905e-17      -2.819243623907e-18 
 2232       2.690916655363e-11       6.613674819965e-13      -1.934186359383e-12       0.000000000000e+00       1.131848101946e-16       8.292305282774e-17      -2.772242501435e-18 
 2233       2.688496135721e-11       6.554605551105e-13      -1.914329753781e-12       0.000000000000e+00       1.129738077847e-16       8.268982891916e-17      -2.725254666012e-18 
 2234       2.685966794740e-11       6.496422207018e-13      -1.894324396277e-12       0.000000000000e+00       1.127632812031e-16       8.245500779751e-17      -2.678244643033e-18 
 2235       2.683327849198e-11       6.439139105432e-13      -1.874176849059e-12       0.000000000000e+00       1.125532284637e-16       8.221866473521e-17      -2.631176830342e-18 
 2236       2.680578513819e-11       6.382770608400e-13      -1.853893698696e-12       0.000000000000e+00       1.123436475677e-16       8.198087528320e-17      -2.584015498089e-18 
 2237       2.677718001274e-11       6.327331122340e-13      -1.833481556165e-12       0.000000000000e+00       1.121345365030e-16       8.174171527130e-17      -2.536724788590e-18 
 2238       2.674745522176e-11       6.272835098088e-13      -1.812947056879e-12       0.000000000000e+00       1.119258932447e-16       8.150126080849e-17      -2.489268716181e-18 
 2239       2.671660285080e-11       6.219297030939e-13      -1.792296860714e-12       0.000000000000e+00       1.117177157552e-16       8.125958828323e-17      -2.441611167076e-18 
 2240       2.668461496480e-11       6.166731460698e-13      -1.771537652040e-12       0.000000000000e+00       1.115100019836e-16       8.101677436377e-17      -2.393715899227e-18 
 2241       2.665148360807e-11       6.115152971723e-13      -1.750676139743e-12       0.000000000000e+00       1.113027498660e-16       8.077289599849e-17      -2.345546542173e-18 
 2242       2.661720080426e-11       6.064576192978e-13      -1.729719057257e-12       0.000000000000e+00       1.110959573259e-16       8.052803041618e-17      -2.297066596907e-18 
 2243       2.658176111661e-11       6.015013371203e-13      -1.708673015223e-12       0.000000000000e+00       1.108896224972e-16       8.028224551451e-17      -2.248243455839e-18 
 2244       2.654516934680e-11       5.966467073048e-13      -1.687544058373e-12       0.000000000000e+00       1.106837443979e-16       8.003557095611e-17      -2.199060491669e-18 
 2245       2.650743288628e-11       5.918937435402e-13      -1.666338105809e-12       0.000000000000e+00       1.104783222614e-16       7.978802688450e-17      -2.149505047135e-18 
 2246       2.646855916065e-11       5.872424587928e-13      -1.645061098133e-12       0.000000000000e+00       1.102733553125e-16       7.953963351881e-17      -2.099564422015e-18 
 2247       2.642855562969e-11       5.826928653052e-13      -1.623718997466e-12       0.000000000000e+00       1.100688427681e-16       7.929041115398e-17      -2.049225873084e-18 
 2248       2.638742978742e-11       5.782449745952e-13      -1.602317787478e-12       0.000000000000e+00       1.098647838364e-16       7.904038016075e-17      -1.998476614063e-18 
 2249       2.634518916211e-11       5.738987974548e-13      -1.580863473408e-12       0.000000000000e+00       1.096611777176e-16       7.878956098580e-17      -1.947303815574e-18 
 2250       2.630184131636e-11       5.696543439487e-13      -1.559362082089e-12       0.000000000000e+00       1.094580236034e-16       7.853797415182e-17      -1.895694605091e-18 
 2251       2.625739384708e-11       5.655116234138e-13      -1.537819661974e-12       0.000000000000e+00       1.092553206772e-16       7.828564025759e-17      -1.843636066897e-18 
 2252       2.621185438562e-11       5.614706444577e-13      -1.516242283156e-12       0.000000000000e+00       1.090530681141e-16       7.803257997807e-17      -1.791115242033e-18 
 2253       2.616523059772e-11       5.575314149577e-13      -1.494636037396e-12       0.000000000000e+00       1.088512650809e-16       7.777881406448e-17      -1.738119128251e-18 
 2254       2.611753018362e-11       5.536939420596e-13      -1.473007038144e-12       0.000000000000e+00       1.086499107358e-16       7.752436334440e-17      -1.684634679969e-18 
 2255       2.606876087804e-11       5.499582321769e-13      -1.451361420566e-12       0.000000000000e+00       1.084490042289e-16       7.726924872185e-17      -1.630648808223e-18 
 2256       2.601893045028e-11       5.463242909892e-13      -1.429705341567e-12       0.000000000000e+00       1.082485447017e-16       7.701349117736e-17      -1.576148380619e-18 
 2257       2.596804670423e-11       5.427921234418e-13      -1.408044979812e-12       0.000000000000e+00       1.080485312874e-16       7.675711176806e-17      -1.521120221288e-18 
 2258       2.591611747841e-11       5.393617337438e-13      -1.386386535755e-12       0.000000000000e+00       1.078489631107e-16       7.650013162778e-17      -1.465551110837e-18 
 2259       2.586315064601e-11       5.360331253676e-13      -1.364736231659e-12       0.000000000000e+00       1.076498392880e-16       7.624257196712e-17      -1.409427786301e-18 
 2260       2.580915411495e-11       5.328063010477e-13      -1.343100311623e-12       0.000000000000e+00       1.074511589272e-16       7.598445407356e-17      -1.352736941100e-18 
 2261       2.575413582789e-11       5.296812627794e-13      -1.321485041604e-12       0.000000000000e+00       1.072529211276e-16       7.572579931149e-17      -1.295465224987e-18 
 2262       2.569810376230e-11       5.266580118177e-13      -1.299896709442e-12       0.000000000000e+00       1.070551249804e-16       7.546662912237e-17      -1.237599244005e-18 
 2263       2.564106593048e-11       5.237365486764e-13      -1.278341624884e-12       0.000000000000e+00       1.068577695679e-16       7.520696502476e-17      -1.179125560437e-18 
 2264       2.558303037963e-11       5.209168731269e-13      -1.256826119608e-12       0.000000000000e+00       1.066608539642e-16       7.494682861441e-17      -1.120030692760e-18 
 2265       2.552400519183e-11       5.181989841972e-13      -1.235356547247e-12       0.000000000000e+00       1.064643772347e-16       7.468624156438e-17      -1.060301115598e-18 
 2266       2.546399848417e-11       5.155828801706e-13      -1.213939283411e-12       0.000000000000e+00       1.062683384366e-16       7.442522562508e-17      -9.999232596754e-19 
 2267       2.540301840871e-11       5.130685585846e-13      -1.192580725716e-12       0.000000000000e+00       1.060727366182e-16       7.416380262439e-17      -9.388835117689e-19 
 2268       2.534107315255e-11       5.106560162303e-13      -1.171287293804e-12       0.000000000000e+00       1.058775708196e-16       7.390199446773e-17      -8.771682146604e-19 
 2269       2.527817093790e-11       5.083452491504e-13      -1.150065429366e-12       0.000000000000e+00       1.056828400720e-16       7.363982313816e-17      -8.147636670906e-19 
 2270       2.521432002207e-11       5.061362526390e-13      -1.128921596172e-12       0.000000000000e+00       1.054885433984e-16       7.337731069642e-17      -7.516561237117e-19 
 2271       2.514952869754e-11       5.040290212399e-13      -1.107862280088e-12       0.000000000000e+00       1.052946798131e-16       7.311447928108e-17      -6.878317950400e-19 
 2272       2.508380529200e-11       5.020235487458e-13      -1.086893989104e-12       0.000000000000e+00       1.051012483217e-16       7.285135110858e-17      -6.232768474090e-19 
 2273       2.501715816840e-11       5.001198281972e-13      -1.066023253359e-12       0.000000000000e+00       1.049082479213e-16       7.258794847333e-17      -5.579774029223e-19 
 2274       2.494959572494e-11       4.983178518810e-13      -1.045256625161e-12       0.000000000000e+00       1.047156776004e-16       7.232429374779e-17      -4.919195394066e-19 
 2275       2.488112639520e-11       4.966176113298e-13      -1.024600679014e-12       0.000000000000e+00       1.045235363389e-16       7.206040938256e-17      -4.250892903644e-19 
 2276       2.481175864807e-11       4.950190973204e-13      -1.004062011643e-12       0.000000000000e+00       1.043318231081e-16       7.179631790647e-17      -3.574726449268e-19 
 2277       2.474150098790e-11       4.935222998732e-13      -9.836472420138e-13       0.000000000000e+00       1.041405368706e-16       7.153204192666e-17      -2.890555478070e-19 
 2278       2.467036195448e-11       4.921272082507e-13      -9.633630113619e-13       0.000000000000e+00       1.039496765803e-16       7.126760412865e-17      -2.198238992523e-19 
 2279       2.459835012306e-11       4.908338109564e-13      -9.432159832132e-13       0.000000000000e+00       1.037592411825e-16       7.100302727645e-17      -1.497635549979e-19 
 2280       2.452547410446e-11       4.896420957340e-13      -9.232128434097e-13       0.000000000000e+00       1.035692296139e-16       7.073833421263e-17      -7.886032621914e-20 
 2281       2.445174254505e-11       4.885520495660e-13      -9.033603001327e-13       0.000000000000e+00       1.033796408024e-16       7.047354785842e-17      -7.099979484668e-21 
 2282       2.437716535495e-11       4.875634836774e-13      -8.836645030990e-13       0.000000000000e+00       1.031904737199e-16       7.020868758301e-17       6.551786779436e-20 
 2283       2.430175740098e-11       4.866755073220e-13      -8.641292970274e-13       0.000000000000e+00       1.030017275410e-16       6.994375828598e-17       1.389379634958e-19 
 2284       2.422553483748e-11       4.858870506176e-13      -8.447579570147e-13       0.000000000000e+00       1.028134014852e-16       6.967876124498e-17       2.130909366816e-19 
 2285       2.414851388037e-11       4.851970392304e-13      -8.255537683579e-13       0.000000000000e+00       1.026254947643e-16       6.941369774021e-17       2.879071684802e-19 
 2286       2.407071080729e-11       4.846043943691e-13      -8.065200265640e-13       0.000000000000e+00       1.024380065827e-16       6.914856905433e-17       3.633167918140e-19 
 2287       2.399214195759e-11       4.841080327805e-13      -7.876600373617e-13       0.000000000000e+00       1.022509361369e-16       6.888337647253e-17       4.392496911260e-19 
 2288       2.391282373245e-11       4.837068667437e-13      -7.689771167111e-13       0.000000000000e+00       1.020642826159e-16       6.861812128250e-17       5.156355021068e-19 
 2289       2.383277259494e-11       4.833998040654e-13      -7.504745908150e-13       0.000000000000e+00       1.018780452011e-16       6.835280477446e-17       5.924036114221e-19 
 2290       2.375200507008e-11       4.831857480747e-13      -7.321557961293e-13       0.000000000000e+00       1.016922230660e-16       6.808742824110e-17       6.694831564393e-19 
 2291       2.367053774490e-11       4.830635976179e-13      -7.140240793738e-13       0.000000000000e+00       1.015068153765e-16       6.782199297767e-17       7.468030249547e-19 
 2292       2.358838726855e-11       4.830322470532e-13      -6.960827975426e-13       0.000000000000e+00       1.013218212910e-16       6.755650028189e-17       8.242918549205e-19 
 2293       2.350557035230e-11       4.830905862461e-13      -6.783353179153e-13       0.000000000000e+00       1.011372399599e-16       6.729095145403e-17       9.018780341721e-19 
 2294       2.342210376970e-11       4.832375005636e-13      -6.607850180668e-13       0.000000000000e+00       1.009530705261e-16       6.702534779687e-17       9.794897001545e-19 
 2295       2.333800435656e-11       4.834718708695e-13      -6.434352858790e-13       0.000000000000e+00       1.007693121247e-16       6.675969061568e-17       1.057054739650e-18 
 2296       2.325328901107e-11       4.837925735194e-13      -6.262895195506e-13       0.000000000000e+00       1.005859638830e-16       6.649398121829e-17       1.134500788505e-18 
 2297       2.316797469387e-11       4.841984803550e-13      -6.093511276084e-13       0.000000000000e+00       1.004030249205e-16       6.622822091503e-17       1.211755231357e-18 
 2298       2.308207842809e-11       4.846884586994e-13      -5.926235289174e-13       0.000000000000e+00       1.002204943492e-16       6.596241101876e-17       1.288745201362e-18 
 2299       2.299561729945e-11       4.852613713521e-13      -5.761101526919e-13       0.000000000000e+00       1.000383712731e-16       6.569655284485e-17       1.365397579920e-18 
 2300       2.290860845629e-11       4.859160765833e-13      -5.598144385061e-13       0.000000000000e+00       9.985665478855e-17       6.543064771123e-17       1.441638996405e-18 
 2301       2.282106910971e-11       4.866514281293e-13      -5.437398363044e-13       0.000000000000e+00       9.967534398396e-17       6.516469693832e-17       1.517395827888e-18 
 2302       2.273301653354e-11       4.874662751874e-13      -5.278898064126e-13       0.000000000000e+00       9.949443794007e-17       6.489870184910e-17       1.592594198869e-18 
 2303       2.264446806449e-11       4.883594624101e-13      -5.122678195482e-13       0.000000000000e+00       9.931393572975e-17       6.463266376905e-17       1.667159980999e-18 
 2304       2.255544110219e-11       4.893298299008e-13      -4.968773568313e-13       0.000000000000e+00       9.913383641807e-17       6.436658402622e-17       1.741018792812e-18 
 2305       2.246595310927e-11       4.903762132081e-13      -4.817219097950e-13       0.000000000000e+00       9.895413906225e-17       6.410046395116e-17       1.814095999446e-18 
 2306       2.237602161139e-11       4.914974433209e-13      -4.668049803961e-13       0.000000000000e+00       9.877484271168e-17       6.383430487697e-17       1.886316712376e-18 
 2307       2.228566419737e-11       4.926923466634e-13      -4.521300810262e-13       0.000000000000e+00       9.859594640788e-17       6.356810813930e-17       1.957605789138e-18 
 2308       2.219489851921e-11       4.939597450896e-13      -4.377007345218e-13       0.000000000000e+00       9.841744918451e-17       6.330187507631e-17       2.027887833056e-18 
 2309       2.210374229217e-11       4.952984558784e-13      -4.235204741753e-13       0.000000000000e+00       9.823935006737e-17       6.303560702873e-17       2.097087192970e-18 
 2310       2.201221329487e-11       4.967072917286e-13      -4.095928437455e-13       0.000000000000e+00       9.806164807434e-17       6.276930533981e-17       2.165127962964e-18 
 2311       2.192032936931e-11       4.981850607536e-13      -3.959213974684e-13       0.000000000000e+00       9.788434221544e-17       6.250297135534e-17       2.231933982088e-18 
 2312       2.182810842099e-11       4.997305664760e-13      -3.825097000678e-13       0.000000000000e+00       9.770743149276e-17       6.223660642369e-17       2.297428834092e-18 
 2313       2.173556841892e-11       5.013426078232e-13      -3.693613267658e-13       0.000000000000e+00       9.753091490048e-17       6.197021189574e-17       2.361535847148e-18 
 2314       2.164272739576e-11       5.030199791214e-13      -3.564798632939e-13       0.000000000000e+00       9.735479142485e-17       6.170378912493e-17       2.424178093581e-18 
 2315       2.154960344781e-11       5.047614700913e-13      -3.438689059033e-13       0.000000000000e+00       9.717906004418e-17       6.143733946724e-17       2.485278389591e-18 
 2316       2.145621473517e-11       5.065658658422e-13      -3.315320613755e-13       0.000000000000e+00       9.700371972883e-17       6.117086428123e-17       2.544759294985e-18 
 2317       2.136257948170e-11       5.084319468674e-13      -3.194729470334e-13       0.000000000000e+00       9.682876944121e-17       6.090436492799e-17       2.602543112900e-18 
 2318       2.126871597521e-11       5.103584890391e-13      -3.076951907515e-13       0.000000000000e+00       9.665420813574e-17       6.063784277116e-17       2.658551889533e-18 
 2319       2.117464256742e-11       5.123442636028e-13      -2.962024309668e-13       0.000000000000e+00       9.648003475887e-17       6.037129917694e-17       2.712707413868e-18 
 2320       2.108037767410e-11       5.143880371725e-13      -2.849983166895e-13       0.000000000000e+00       9.630624824907e-17       6.010473551410e-17       2.764931217400e-18 
 2321       2.098593934909e-11       5.164885322726e-13      -2.740858354371e-13       0.000000000000e+00       9.613284754595e-17       5.983815693849e-17       2.815164561363e-18 
 2322       2.089134400342e-11       5.186443087021e-13      -2.634652923837e-13       0.000000000000e+00       9.595983161780e-17       5.957158377275e-17       2.863428536730e-18 
 2323       2.079660767822e-11       5.208538814114e-13      -2.531363184843e-13       0.000000000000e+00       9.578719943422e-17       5.930504019838e-17       2.909764342776e-18 
 2324       2.070174647014e-11       5.231157598821e-13      -2.430985413899e-13       0.000000000000e+00       9.561494995696e-17       5.903855047786e-17       2.954213334178e-18 
 2325       2.060677653135e-11       5.254284481203e-13      -2.333515854429e-13       0.000000000000e+00       9.544308213994e-17       5.877213895468e-17       2.996817021182e-18 
 2326       2.051171406962e-11       5.277904446509e-13      -2.238950716732e-13       0.000000000000e+00       9.527159492918e-17       5.850583005345e-17       3.037617069783e-18 
 2327       2.041657534836e-11       5.302002425116e-13      -2.147286177931e-13       0.000000000000e+00       9.510048726285e-17       5.823964828000e-17       3.076655301889e-18 
 2328       2.032137668675e-11       5.326563292470e-13      -2.058518381941e-13       0.000000000000e+00       9.492975807123e-17       5.797361822145e-17       3.113973695499e-18 
 2329       2.022613445968e-11       5.351571869022e-13      -1.972643439414e-13       0.000000000000e+00       9.475940627670e-17       5.770776454627e-17       3.149614384872e-18 
 2330       2.013086509794e-11       5.377012920171e-13      -1.889657427707e-13       0.000000000000e+00       9.458943079373e-17       5.744211200443e-17       3.183619660701e-18 
 2331       2.003558508817e-11       5.402871156204e-13      -1.809556390832e-13       0.000000000000e+00       9.441983052888e-17       5.717668542744e-17       3.216031970282e-18 
 2332       1.994031097299e-11       5.429131232234e-13      -1.732336339415e-13       0.000000000000e+00       9.425060438079e-17       5.691150972842e-17       3.246893917691e-18 
 2333       1.984505935104e-11       5.455777748143e-13      -1.657993250653e-13       0.000000000000e+00       9.408175124014e-17       5.664660990224e-17       3.276248263950e-18 
 2334       1.974984687701e-11       5.482795248518e-13      -1.586523068272e-13       0.000000000000e+00       9.391326998970e-17       5.638201102555e-17       3.304137927205e-18 
 2335       1.965469026176e-11       5.510168222593e-13      -1.517921702483e-13       0.000000000000e+00       9.374515950424e-17       5.611773825693e-17       3.330605982894e-18 
 2336       1.955960627232e-11       5.537881104191e-13      -1.452185029939e-13       0.000000000000e+00       9.357741865059e-17       5.585381683690e-17       3.355695663921e-18 
 2337       1.946461173198e-11       5.565918271659e-13      -1.389308893692e-13       0.000000000000e+00       9.341004628759e-17       5.559027208806e-17       3.379450360826e-18 
 2338       1.936972352034e-11       5.594264047812e-13      -1.329289103150e-13       0.000000000000e+00       9.324304126610e-17       5.532712941516e-17       3.401913621962e-18 
 2339       1.927495857339e-11       5.622902699873e-13      -1.272121434035e-13       0.000000000000e+00       9.307640242898e-17       5.506441430519e-17       3.423129153660e-18 
 2340       1.918033388354e-11       5.651818439407e-13      -1.217801628338e-13       0.000000000000e+00       9.291012861106e-17       5.480215232744e-17       3.443140820408e-18 
 2341       1.908586649969e-11       5.680995422271e-13      -1.166325394278e-13       0.000000000000e+00       9.274421863918e-17       5.454036913363e-17       3.461992645017e-18 
 2342       1.899157352731e-11       5.710417748544e-13      -1.117688406259e-13       0.000000000000e+00       9.257867133214e-17       5.427909045797e-17       3.479728808797e-18 
 2343       1.889747212846e-11       5.740069462474e-13      -1.071886304824e-13       0.000000000000e+00       9.241348550069e-17       5.401834211723e-17       3.496393651730e-18 
 2344       1.880357952189e-11       5.769934552413e-13      -1.028914696617e-13       0.000000000000e+00       9.224865994753e-17       5.375815001087e-17       3.512031672637e-18 
 2345       1.870991298308e-11       5.799996950760e-13      -9.887691543358e-14       0.000000000000e+00       9.208419346732e-17       5.349854012108e-17       3.526687529355e-18 
 2346       1.861648984427e-11       5.830240533902e-13      -9.514452166899e-14       0.000000000000e+00       9.192008484662e-17       5.323953851289e-17       3.540406038907e-18 
 2347       1.852332749460e-11       5.860649122148e-13      -9.169383883592e-14       0.000000000000e+00       9.175633286393e-17       5.298117133427e-17       3.553232177674e-18 
 2348       1.843044338009e-11       5.891206479675e-13      -8.852441399494e-14       0.000000000000e+00       9.159293628964e-17       5.272346481617e-17       3.565211081569e-18 
 2349       1.833785500373e-11       5.921896314466e-13      -8.563579079496e-14       0.000000000000e+00       9.142989388606e-17       5.246644527266e-17       3.576388046204e-18 
 2350       1.824557992556e-11       5.952702278249e-13      -8.302750946893e-14       0.000000000000e+00       9.126720440737e-17       5.221013910096e-17       3.586808527069e-18 
 2351       1.815363576267e-11       5.983607966438e-13      -8.069910682953e-14       0.000000000000e+00       9.110486659963e-17       5.195457278158e-17       3.596518139700e-18 
 2352       1.806204018934e-11       6.014596918071e-13      -7.865011626487e-14       0.000000000000e+00       9.094287920077e-17       5.169977287836e-17       3.605562659852e-18 
 2353       1.797081093705e-11       6.045652615754e-13      -7.688006773420e-14       0.000000000000e+00       9.078124094057e-17       5.144576603861e-17       3.613988023668e-18 
 2354       1.787996579452e-11       6.076758485596e-13      -7.538848776360e-14       0.000000000000e+00       9.061995054067e-17       5.119257899313e-17       3.621840327857e-18 
 2355       1.778952260782e-11       6.107897897153e-13      -7.417489944170e-14       0.000000000000e+00       9.045900671452e-17       5.094023855633e-17       3.629165829863e-18 
 2356       1.769949928042e-11       6.139054163364e-13      -7.323882241536e-14       0.000000000000e+00       9.029840816744e-17       5.068877162633e-17       3.636010948036e-18 
 2357       1.760991377321e-11       6.170210540495e-13      -7.257977288539e-14       0.000000000000e+00       9.013815359651e-17       5.043820518503e-17       3.642422261804e-18 
 2358       1.752078410459e-11       6.201350228077e-13      -7.219726360223e-14       0.000000000000e+00       8.997824169065e-17       5.018856629818e-17       3.648446511850e-18 
 2359       1.743212835055e-11       6.232456368843e-13      -7.209080386167e-14       0.000000000000e+00       8.981867113057e-17       4.993988211549e-17       3.654130600276e-18 
 2360       1.734396306409e-11       6.263512948537e-13      -7.225944866883e-14       0.000000000000e+00       8.965944070194e-17       4.969217276743e-17       3.659518686710e-18 
 2361       1.725629852288e-11       6.294507501530e-13      -7.270044318221e-14       0.000000000000e+00       8.950054963567e-17       4.944543000726e-17       3.664643456563e-18 
 2362       1.716914345225e-11       6.325428421869e-13      -7.341056985132e-14       0.000000000000e+00       8.934199726974e-17       4.919963843667e-17       3.669534798943e-18 
 2363       1.708250660313e-11       6.356264064892e-13      -7.438659847080e-14       0.000000000000e+00       8.918378293617e-17       4.895478259697e-17       3.674222705915e-18 
 2364       1.699639675211e-11       6.387002747193e-13      -7.562528616634e-14       0.000000000000e+00       8.902590596105e-17       4.871084696898e-17       3.678737272611e-18 
 2365       1.691082270143e-11       6.417632746576e-13      -7.712337738074e-14       0.000000000000e+00       8.886836566450e-17       4.846781597302e-17       3.683108697343e-18 
 2366       1.682579327901e-11       6.448142302018e-13      -7.887760385984e-14       0.000000000000e+00       8.871116136067e-17       4.822567396881e-17       3.687367281707e-18 
 2367       1.674131733848e-11       6.478519613627e-13      -8.088468463858e-14       0.000000000000e+00       8.855429235776e-17       4.798440525539e-17       3.691543430696e-18 
 2368       1.665740375922e-11       6.508752842601e-13      -8.314132602693e-14       0.000000000000e+00       8.839775795796e-17       4.774399407108e-17       3.695667652811e-18 
 2369       1.657406144637e-11       6.538830111190e-13      -8.564422159591e-14       0.000000000000e+00       8.824155745748e-17       4.750442459343e-17       3.699770560165e-18 
 2370       1.649129933085e-11       6.568739502649e-13      -8.839005216358e-14       0.000000000000e+00       8.808569014655e-17       4.726568093908e-17       3.703882868600e-18 
 2371       1.640912636940e-11       6.598469061204e-13      -9.137548578103e-14       0.000000000000e+00       8.793015530938e-17       4.702774716378e-17       3.708035397788e-18 
 2372       1.632755154459e-11       6.628006792009e-13      -9.459717771838e-14       0.000000000000e+00       8.777495222416e-17       4.679060726226e-17       3.712259071350e-18 
 2373       1.624658386487e-11       6.657340661104e-13      -9.805177045076e-14       0.000000000000e+00       8.762008016308e-17       4.655424516819e-17       3.716584916956e-18 
 2374       1.616623236458e-11       6.686458595374e-13      -1.017358936443e-13       0.000000000000e+00       8.746553839229e-17       4.631864475411e-17       3.721044066442e-18 
 2375       1.608650610395e-11       6.715348482511e-13      -1.056461641421e-13       0.000000000000e+00       8.731132617190e-17       4.608378983137e-17       3.725667755915e-18 
 2376       1.600741416919e-11       6.743998170973e-13      -1.097791859504e-13       0.000000000000e+00       8.715744275598e-17       4.584966415003e-17       3.730487325867e-18 
 2377       1.592896567245e-11       6.772395469939e-13      -1.141315502242e-13       0.000000000000e+00       8.700388739255e-17       4.561625139883e-17       3.735534221279e-18 
 2378       1.585116975188e-11       6.800528149273e-13      -1.186998352536e-13       0.000000000000e+00       8.685065932357e-17       4.538353520512e-17       3.740839991733e-18 
 2379       1.577403557166e-11       6.828383939483e-13      -1.234806064496e-13       0.000000000000e+00       8.669775778493e-17       4.515149913476e-17       3.746436291525e-18 
 2380       1.569757232199e-11       6.855950531677e-13      -1.284704163303e-13       0.000000000000e+00       8.654518200644e-17       4.492012669210e-17       3.752354879768e-18 
 2381       1.562178921917e-11       6.883215577524e-13      -1.336658045065e-13       0.000000000000e+00       8.639293121183e-17       4.468940131986e-17       3.758627620507e-18 
 2382       1.554669550556e-11       6.910166689215e-13      -1.390632976683e-13       0.000000000000e+00       8.624100461874e-17       4.445930639912e-17       3.765286482825e-18 
 2383       1.547230044967e-11       6.936791439421e-13      -1.446594095703e-13       0.000000000000e+00       8.608940143871e-17       4.422982524919e-17       3.772363540956e-18 
 2384       1.539861334615e-11       6.963077361251e-13      -1.504506410184e-13       0.000000000000e+00       8.593812087718e-17       4.400094112761e-17       3.779890974390e-18 
 2385       1.532564351582e-11       6.989011948213e-13      -1.564334798553e-13       0.000000000000e+00       8.578716213345e-17       4.377263723003e-17       3.787901067988e-18 
 2386       1.525340030568e-11       7.014582654173e-13      -1.626044009464e-13       0.000000000000e+00       8.563652440073e-17       4.354489669016e-17       3.796426212086e-18 
 2387       1.518189308898e-11       7.039776893313e-13      -1.689598661663e-13       0.000000000000e+00       8.548620686607e-17       4.331770257972e-17       3.805498902608e-18 
 2388       1.511113126520e-11       7.064582040093e-13      -1.754963243843e-13       0.000000000000e+00       8.533620871040e-17       4.309103790834e-17       3.815151741175e-18 
 2389       1.504112426011e-11       7.088985429207e-13      -1.822102114507e-13       0.000000000000e+00       8.518652910849e-17       4.286488562351e-17       3.825417435214e-18 
 2390       1.497188152577e-11       7.112974355545e-13      -1.890979501826e-13       0.000000000000e+00       8.503716722897e-17       4.263922861054e-17       3.836328798068e-18 
 2391       1.490341254056e-11       7.136536074151e-13      -1.961559503501e-13       0.000000000000e+00       8.488812223430e-17       4.241404969244e-17       3.847918749105e-18 
 2392       1.483572680922e-11       7.159657800182e-13      -2.033806086618e-13       0.000000000000e+00       8.473939328076e-17       4.218933162988e-17       3.860220313829e-18 
 2393       1.476883386286e-11       7.182326708868e-13      -2.107683087516e-13       0.000000000000e+00       8.459097951847e-17       4.196505712113e-17       3.873266623986e-18 
 2394       1.470274325901e-11       7.204529935472e-13      -2.183154211640e-13       0.000000000000e+00       8.444288009134e-17       4.174120880199e-17       3.887090917678e-18 
 2395       1.463746458160e-11       7.226254575248e-13      -2.260183033404e-13       0.000000000000e+00       8.429509413711e-17       4.151776924571e-17       3.901726539469e-18 
 2396       1.457300744102e-11       7.247487683400e-13      -2.338732996050e-13       0.000000000000e+00       8.414762078731e-17       4.129472096291e-17       3.917206940498e-18 
 2397       1.450938147417e-11       7.268216275042e-13      -2.418767411508e-13       0.000000000000e+00       8.400045916725e-17       4.107204640158e-17       3.933565678585e-18 
 2398       1.444659634441e-11       7.288427325159e-13      -2.500249460256e-13       0.000000000000e+00       8.385360839604e-17       4.084972794692e-17       3.950836418342e-18 
 2399       1.438465993026e-11       7.308109333722e-13      -2.583141563089e-13       0.000000000000e+00       8.370706766628e-17       4.062775537495e-17       3.969034935319e-18 
 2400       1.432357287917e-11       7.327257031570e-13      -2.667403492510e-13       0.000000000000e+00       8.356083648388e-17       4.040614826287e-17       3.988105008202e-18 
 2401       1.426333402055e-11       7.345866703172e-13      -2.752994249532e-13       0.000000000000e+00       8.341491442969e-17       4.018493371533e-17       4.007972196603e-18 
 2402       1.420394217408e-11       7.363934624062e-13      -2.839872690571e-13       0.000000000000e+00       8.326930107993e-17       3.996413892333e-17       4.028561806766e-18 
 2403       1.414539614979e-11       7.381457060837e-13      -2.927997527291e-13       0.000000000000e+00       8.312399600614e-17       3.974379116427e-17       4.049798891309e-18 
 2404       1.408769474797e-11       7.398430271146e-13      -3.017327326454e-13       0.000000000000e+00       8.297899877522e-17       3.952391780207e-17       4.071608248953e-18 
 2405       1.403083675918e-11       7.414850503680e-13      -3.107820509762e-13       0.000000000000e+00       8.283430894937e-17       3.930454628728e-17       4.093914424259e-18 
 2406       1.397482096425e-11       7.430713998168e-13      -3.199435353709e-13       0.000000000000e+00       8.268992608614e-17       3.908570415710e-17       4.116641707361e-18 
 2407       1.391964613427e-11       7.446016985367e-13      -3.292129989426e-13       0.000000000000e+00       8.254584973838e-17       3.886741903553e-17       4.139714133702e-18 
 2408       1.386531103054e-11       7.460755687053e-13      -3.385862402524e-13       0.000000000000e+00       8.240207945427e-17       3.864971863346e-17       4.163055483767e-18 
 2409       1.381181440462e-11       7.474926316014e-13      -3.480590432948e-13       0.000000000000e+00       8.225861477728e-17       3.843263074870e-17       4.186589282818e-18 
 2410       1.375915499826e-11       7.488525076043e-13      -3.576271774817e-13       0.000000000000e+00       8.211545524617e-17       3.821618326611e-17       4.210238800629e-18 
 2411       1.370733154342e-11       7.501548161927e-13      -3.672863976277e-13       0.000000000000e+00       8.197260039502e-17       3.800040415771e-17       4.233927051220e-18 
 2412       1.365634276225e-11       7.513991759441e-13      -3.770324439341e-13       0.000000000000e+00       8.183004975317e-17       3.778532148270e-17       4.257576792591e-18 
 2413       1.360618736706e-11       7.525852045339e-13      -3.868610419742e-13       0.000000000000e+00       8.168780284525e-17       3.757096338763e-17       4.281110526458e-18 
 2414       1.355686406036e-11       7.537125187349e-13      -3.967679026776e-13       0.000000000000e+00       8.154585919117e-17       3.735735810641e-17       4.304450497985e-18 
 2415       1.350837153477e-11       7.547807344159e-13      -4.067487223151e-13       0.000000000000e+00       8.140421830609e-17       3.714453396046e-17       4.327518695521e-18 
 2416       1.346070847308e-11       7.557894665413e-13      -4.167991824833e-13       0.000000000000e+00       8.126287970045e-17       3.693251935875e-17       4.350236850334e-18 
 2417       1.341387354820e-11       7.567383291705e-13      -4.269149500892e-13       0.000000000000e+00       8.112184287994e-17       3.672134279795e-17       4.372526436342e-18 
 2418       1.336786542317e-11       7.576269354563e-13      -4.370916773351e-13       0.000000000000e+00       8.098110734549e-17       3.651103286244e-17       4.394308669854e-18 
 2419       1.332268275109e-11       7.584548976451e-13      -4.473250017028e-13       0.000000000000e+00       8.084067259328e-17       3.630161822445e-17       4.415504509298e-18 
 2420       1.327832417521e-11       7.592218270753e-13      -4.576105459392e-13       0.000000000000e+00       8.070053811472e-17       3.609312764414e-17       4.436034654959e-18 
 2421       1.323478832881e-11       7.599273341769e-13      -4.679439180398e-13       0.000000000000e+00       8.056070339646e-17       3.588558996969e-17       4.455819548713e-18 
 2422       1.319207383527e-11       7.605710284704e-13      -4.783207112344e-13       0.000000000000e+00       8.042116792037e-17       3.567903413737e-17       4.474779373762e-18 
 2423       1.315017930800e-11       7.611525185664e-13      -4.887365039713e-13       0.000000000000e+00       8.028193116353e-17       3.547348917164e-17       4.492834054366e-18 
 2424       1.310910335048e-11       7.616714121644e-13      -4.991868599019e-13       0.000000000000e+00       8.014299259823e-17       3.526898418525e-17       4.509903255579e-18 
 2425       1.306884455620e-11       7.621273160522e-13      -5.096673278658e-13       0.000000000000e+00       8.000435169199e-17       3.506554837931e-17       4.525906382986e-18 
 2426       1.302940150868e-11       7.625198361051e-13      -5.201734418749e-13       0.000000000000e+00       7.986600790750e-17       3.486321104339e-17       4.540762582432e-18 
 2427       1.299077278143e-11       7.628485772848e-13      -5.307007210987e-13       0.000000000000e+00       7.972796070265e-17       3.466200155558e-17       4.554390739761e-18 
 2428       1.295295693798e-11       7.631131436392e-13      -5.412446698484e-13       0.000000000000e+00       7.959020953053e-17       3.446194938263e-17       4.566709480550e-18 
 2429       1.291595253182e-11       7.633131383009e-13      -5.518007775623e-13       0.000000000000e+00       7.945275383939e-17       3.426308408000e-17       4.577637169841e-18 
 2430       1.287975810642e-11       7.634481634867e-13      -5.623645187896e-13       0.000000000000e+00       7.931559307267e-17       3.406543529196e-17       4.587091911876e-18 
 2431       1.284437219520e-11       7.635178204972e-13      -5.729313531759e-13       0.000000000000e+00       7.917872666898e-17       3.386903275166e-17       4.594991549834e-18 
 2432       1.280979332153e-11       7.635217097150e-13      -5.834967254471e-13       0.000000000000e+00       7.904215406206e-17       3.367390628126e-17       4.601253665564e-18 
 2433       1.277601999872e-11       7.634594306049e-13      -5.940560653950e-13       0.000000000000e+00       7.890587468085e-17       3.348008579197e-17       4.605795579318e-18 
 2434       1.274305072999e-11       7.633305817126e-13      -6.046047878612e-13       0.000000000000e+00       7.876988794941e-17       3.328760128416e-17       4.608534349488e-18 
 2435       1.271088400848e-11       7.631347606639e-13      -6.151382927219e-13       0.000000000000e+00       7.863419328694e-17       3.309648284747e-17       4.609386772339e-18 
 2436       1.267951831722e-11       7.628715641640e-13      -6.256519648733e-13       0.000000000000e+00       7.849879010780e-17       3.290676066086e-17       4.608269381743e-18 
 2437       1.264895212911e-11       7.625405879965e-13      -6.361411742151e-13       0.000000000000e+00       7.836367782147e-17       3.271846499271e-17       4.605098448914e-18 
 2438       1.261918272483e-11       7.621415686340e-13      -6.466015577618e-13       0.000000000000e+00       7.822885579189e-17       3.253161983605e-17       4.599815206502e-18 
 2439       1.259020263865e-11       7.616748089988e-13      -6.570298678547e-13       0.000000000000e+00       7.809432321533e-17       3.234622377217e-17       4.592461686944e-18 
 2440       1.256200319120e-11       7.611407552576e-13      -6.674231290134e-13       0.000000000000e+00       7.796007924178e-17       3.216226899226e-17       4.583105339048e-18 
 2441       1.253457566967e-11       7.605398554443e-13      -6.777783562625e-13       0.000000000000e+00       7.782612301553e-17       3.197974765178e-17       4.571813845240e-18 
 2442       1.250791132772e-11       7.598725594624e-13      -6.880925551227e-13       0.000000000000e+00       7.769245367517e-17       3.179865187045e-17       4.558655121805e-18 
 2443       1.248200138548e-11       7.591393190868e-13      -6.983627216007e-13       0.000000000000e+00       7.755907035357e-17       3.161897373217e-17       4.543697319132e-18 
 2444       1.245683702950e-11       7.583405879659e-13      -7.085858421796e-13       0.000000000000e+00       7.742597217792e-17       3.144070528503e-17       4.527008821957e-18 
 2445       1.243240941270e-11       7.574768216237e-13      -7.187588938098e-13       0.000000000000e+00       7.729315826964e-17       3.126383854121e-17       4.508658249607e-18 
 2446       1.240870965435e-11       7.565484774620e-13      -7.288788438985e-13       0.000000000000e+00       7.716062774444e-17       3.108836547700e-17       4.488714456244e-18 
 2447       1.238572884006e-11       7.555560147620e-13      -7.389426503009e-13       0.000000000000e+00       7.702837971229e-17       3.091427803273e-17       4.467246531106e-18 
 2448       1.236345802168e-11       7.544998946869e-13      -7.489472613102e-13       0.000000000000e+00       7.689641327743e-17       3.074156811272e-17       4.444323798753e-18 
 2449       1.234188821732e-11       7.533805802835e-13      -7.588896156477e-13       0.000000000000e+00       7.676472753831e-17       3.057022758526e-17       4.420015819309e-18 
 2450       1.232101041129e-11       7.521985364846e-13      -7.687666424540e-13       0.000000000000e+00       7.663332158767e-17       3.040024828256e-17       4.394392388710e-18 
 2451       1.230081555407e-11       7.509542301107e-13      -7.785752612784e-13       0.000000000000e+00       7.650219451243e-17       3.023162200071e-17       4.367523538938e-18 
 2452       1.228129456227e-11       7.496481298724e-13      -7.883123820699e-13       0.000000000000e+00       7.637134539378e-17       3.006434049964e-17       4.339479538274e-18 
 2453       1.226243831860e-11       7.482807063722e-13      -7.979749051676e-13       0.000000000000e+00       7.624077330711e-17       2.989839550309e-17       4.310330891537e-18 
 2454       1.224423767181e-11       7.468524321067e-13      -8.075597212905e-13       0.000000000000e+00       7.611047732202e-17       2.973377869854e-17       4.280148340328e-18 
 2455       1.222668343670e-11       7.453637814685e-13      -8.170637115287e-13       0.000000000000e+00       7.598045650233e-17       2.957048173722e-17       4.249002863275e-18 
 2456       1.220976639405e-11       7.438152307484e-13      -8.264837473330e-13       0.000000000000e+00       7.585070990604e-17       2.940849623401e-17       4.216965676273e-18 
 2457       1.219347729059e-11       7.422072581372e-13      -8.358166905058e-13       0.000000000000e+00       7.572123658536e-17       2.924781376745e-17       4.184108232731e-18 
 2458       1.217780683896e-11       7.405403437283e-13      -8.450593931912e-13       0.000000000000e+00       7.559203558666e-17       2.908842587967e-17       4.150502223816e-18 
 2459       1.216274571769e-11       7.388149695190e-13      -8.542086978656e-13       0.000000000000e+00       7.546310595052e-17       2.893032407637e-17       4.116219578693e-18 
 2460       1.214828457114e-11       7.370316194132e-13      -8.632614373278e-13       0.000000000000e+00       7.533444671166e-17       2.877349982675e-17       4.081332464770e-18 
 2461       1.213441400949e-11       7.351907792230e-13      -8.722144346897e-13       0.000000000000e+00       7.520605689898e-17       2.861794456350e-17       4.045913287943e-18 
 2462       1.212112460870e-11       7.332929366711e-13      -8.810645033663e-13       0.000000000000e+00       7.507793553552e-17       2.846364968276e-17       4.010034692838e-18 
 2463       1.210840691044e-11       7.313385813924e-13      -8.898084470663e-13       0.000000000000e+00       7.495008163850e-17       2.831060654404e-17       3.973769563055e-18 
 2464       1.209625142209e-11       7.293282049367e-13      -8.984430597827e-13       0.000000000000e+00       7.482249421925e-17       2.815880647024e-17       3.937191021411e-18 
 2465       1.208464861671e-11       7.272623007701e-13      -9.069651257826e-13       0.000000000000e+00       7.469517228324e-17       2.800824074754e-17       3.900372430185e-18 
 2466       1.207358893296e-11       7.251413642774e-13      -9.153714195982e-13       0.000000000000e+00       7.456811483008e-17       2.785890062544e-17       3.863387391359e-18 
 2467       1.206306277512e-11       7.229658927641e-13      -9.236587060167e-13       0.000000000000e+00       7.444132085350e-17       2.771077731665e-17       3.826309746863e-18 
 2468       1.205306051301e-11       7.207363854585e-13      -9.318237400708e-13       0.000000000000e+00       7.431478934134e-17       2.756386199707e-17       3.789213578820e-18 
 2469       1.204357248195e-11       7.184533435135e-13      -9.398632670293e-13       0.000000000000e+00       7.418851927554e-17       2.741814580578e-17       3.752173209788e-18 
 2470       1.203458898279e-11       7.161172700089e-13      -9.477740223873e-13       0.000000000000e+00       7.406250963214e-17       2.727361984497e-17       3.715263203000e-18 
 2471       1.202610028178e-11       7.137286699535e-13      -9.555527318565e-13       0.000000000000e+00       7.393675938129e-17       2.713027517988e-17       3.678558362615e-18 
 2472       1.201809661062e-11       7.112880502868e-13      -9.631961113557e-13       0.000000000000e+00       7.381126748721e-17       2.698810283883e-17       3.642133733957e-18 
 2473       1.201056816635e-11       7.087959198815e-13      -9.707008670010e-13       0.000000000000e+00       7.368603290819e-17       2.684709381309e-17       3.606064603756e-18 
 2474       1.200350511138e-11       7.062527895451e-13      -9.780636950967e-13       0.000000000000e+00       7.356105459662e-17       2.670723905692e-17       3.570426500397e-18 
 2475       1.199689757341e-11       7.036591720224e-13      -9.852812821249e-13       0.000000000000e+00       7.343633149893e-17       2.656852948748e-17       3.535295194162e-18 
 2476       1.199073564540e-11       7.010155819972e-13      -9.923503047364e-13       0.000000000000e+00       7.331186255561e-17       2.643095598481e-17       3.500746697469e-18 
 2477       1.198500924553e-11       6.983226021005e-13      -9.992678648911e-13       0.000000000000e+00       7.318764680470e-17       2.629451581101e-17       3.466843578538e-18 
 2478       1.197970769627e-11       6.955810813570e-13      -1.006032798109e-12       0.000000000000e+00       7.306368369296e-17       2.615923190946e-17       3.433593813461e-18 
 2479       1.197482014272e-11       6.927919379160e-13      -1.012644372934e-12       0.000000000000e+00       7.293997276651e-17       2.602513371961e-17       3.400991691375e-18 
 2480       1.197033569239e-11       6.899560931548e-13      -1.019101856483e-12       0.000000000000e+00       7.281651356750e-17       2.589225076817e-17       3.369031478935e-18 
 2481       1.196624341517e-11       6.870744716824e-13      -1.025404514447e-12       0.000000000000e+00       7.269330563412e-17       2.576061266926e-17       3.337707420287e-18 
 2482       1.196253234326e-11       6.841480013426e-13      -1.031551611091e-12       0.000000000000e+00       7.257034850060e-17       2.563024912443e-17       3.307013737045e-18 
 2483       1.195919147118e-11       6.811776132174e-13      -1.037542409249e-12       0.000000000000e+00       7.244764169716e-17       2.550118992276e-17       3.276944628267e-18 
 2484       1.195620975566e-11       6.781642416305e-13      -1.043376170324e-12       0.000000000000e+00       7.232518475008e-17       2.537346494098e-17       3.247494270434e-18 
 2485       1.195357611568e-11       6.751088241505e-13      -1.049052154291e-12       0.000000000000e+00       7.220297718162e-17       2.524710414351e-17       3.218656817420e-18 
 2486       1.195127943238e-11       6.720123015941e-13      -1.054569619691e-12       0.000000000000e+00       7.208101851005e-17       2.512213758256e-17       3.190426400473e-18 
 2487       1.194930854901e-11       6.688756180296e-13      -1.059927823630e-12       0.000000000000e+00       7.195930824967e-17       2.499859539824e-17       3.162797128187e-18 
 2488       1.194765227096e-11       6.656997207805e-13      -1.065126021783e-12       0.000000000000e+00       7.183784591074e-17       2.487650781861e-17       3.135763086482e-18 
 2489       1.194629936565e-11       6.624855604282e-13      -1.070163468387e-12       0.000000000000e+00       7.171663099953e-17       2.475590515978e-17       3.109318338578e-18 
 2490       1.194523856252e-11       6.592340908160e-13      -1.075039416243e-12       0.000000000000e+00       7.159566301831e-17       2.463681782601e-17       3.083456924968e-18 
 2491       1.194445855299e-11       6.559462690519e-13      -1.079753116714e-12       0.000000000000e+00       7.147494146531e-17       2.451927630976e-17       3.058172863401e-18 
 2492       1.194394799042e-11       6.526230555125e-13      -1.084303819724e-12       0.000000000000e+00       7.135446583475e-17       2.440331119181e-17       3.033460148850e-18 
 2493       1.194369549008e-11       6.492654138457e-13      -1.088690773757e-12       0.000000000000e+00       7.123423561681e-17       2.428895314133e-17       3.009312753494e-18 
 2494       1.194368962911e-11       6.458743109746e-13      -1.092913225856e-12       0.000000000000e+00       7.111425029766e-17       2.417623291595e-17       2.985724626690e-18 
 2495       1.194391894644e-11       6.424507171006e-13      -1.096970421621e-12       0.000000000000e+00       7.099450935940e-17       2.406518136189e-17       2.962689694952e-18 
 2496       1.194437194283e-11       6.389956057065e-13      -1.100861605210e-12       0.000000000000e+00       7.087501228012e-17       2.395582941400e-17       2.940201861924e-18 
 2497       1.194503708075e-11       6.355099535604e-13      -1.104586019335e-12       0.000000000000e+00       7.075575853385e-17       2.384820809585e-17       2.918255008357e-18 
 2498       1.194590278439e-11       6.319947407185e-13      -1.108142905263e-12       0.000000000000e+00       7.063674759054e-17       2.374234851985e-17       2.896842992088e-18 
 2499       1.194695743963e-11       6.284509505289e-13      -1.111531502815e-12       0.000000000000e+00       7.051797891613e-17       2.363828188730e-17       2.875959648011e-18 
 2500       1.194818939395e-11       6.248795696345e-13      -1.114751050362e-12       0.000000000000e+00       7.039945197246e-17       2.353603948849e-17       2.855598788055e-18 
 2501       1.194958695644e-11       6.212815879766e-13      -1.117800784828e-12       0.000000000000e+00       7.028116621732e-17       2.343565270279e-17       2.835754201161e-18 
 2502       1.195113839773e-11       6.176579987982e-13      -1.120679941686e-12       0.000000000000e+00       7.016312110442e-17       2.333715299871e-17       2.816419653258e-18 
 2503       1.195283194998e-11       6.140097986474e-13      -1.123387754958e-12       0.000000000000e+00       7.004531608340e-17       2.324057193402e-17       2.797588887235e-18 
 2504       1.195465580681e-11       6.103379873806e-13      -1.125923457213e-12       0.000000000000e+00       6.992775059980e-17       2.314594115581e-17       2.779255622923e-18 
 2505       1.195659812329e-11       6.066435681659e-13      -1.128286279568e-12       0.000000000000e+00       6.981042409508e-17       2.305329240059e-17       2.761413557066e-18 
 2506       1.195864701588e-11       6.029275474864e-13      -1.130475451684e-12       0.000000000000e+00       6.969333600662e-17       2.296265749436e-17       2.744056363300e-18 
 2507       1.196079056240e-11       5.991909351438e-13      -1.132490201767e-12       0.000000000000e+00       6.957648576769e-17       2.287406835272e-17       2.727177692126e-18 
 2508       1.196301680199e-11       5.954347442612e-13      -1.134329756566e-12       0.000000000000e+00       6.945987280745e-17       2.278755698092e-17       2.710771170889e-18 
 2509       1.196531373507e-11       5.916599912872e-13      -1.135993341372e-12       0.000000000000e+00       6.934349655096e-17       2.270315547397e-17       2.694830403752e-18 
 2510       1.196766932332e-11       5.878676959983e-13      -1.137480180017e-12       0.000000000000e+00       6.922735641917e-17       2.262089601674e-17       2.679348971674e-18 
 2511       1.197007148958e-11       5.840588815031e-13      -1.138789494873e-12       0.000000000000e+00       6.911145182891e-17       2.254081088399e-17       2.664320432382e-18 
 2512       1.197250811791e-11       5.802345742452e-13      -1.139920506851e-12       0.000000000000e+00       6.899578219288e-17       2.246293244053e-17       2.649738320351e-18 
 2513       1.197496705347e-11       5.763958040066e-13      -1.140872435398e-12       0.000000000000e+00       6.888034691966e-17       2.238729314122e-17       2.635596146778e-18 
 2514       1.197743610249e-11       5.725436039112e-13      -1.141644498499e-12       0.000000000000e+00       6.876514541368e-17       2.231392553114e-17       2.621887399558e-18 
 2515       1.197990303228e-11       5.686790104277e-13      -1.142235912675e-12       0.000000000000e+00       6.865017707526e-17       2.224286224562e-17       2.608605543260e-18 
 2516       1.198235633846e-11       5.648030382550e-13      -1.142646258516e-12       0.000000000000e+00       6.853544135666e-17       2.217412743727e-17       2.595737302457e-18 
 2517       1.198478755178e-11       5.609166048096e-13      -1.142876579611e-12       0.000000000000e+00       6.842093793084e-17       2.210771100235e-17       2.583242469046e-18 
 2518       1.198718894463e-11       5.570206053053e-13      -1.142928290017e-12       0.000000000000e+00       6.830666652367e-17       2.204359420458e-17       2.571073977361e-18 
 2519       1.198955276499e-11       5.531159378342e-13      -1.142802809300e-12       0.000000000000e+00       6.819262685795e-17       2.198175823449e-17       2.559184609995e-18 
 2520       1.199187123634e-11       5.492035033701e-13      -1.142501562550e-12       0.000000000000e+00       6.807881865340e-17       2.192218420936e-17       2.547526997650e-18 
 2521       1.199413655769e-11       5.452842057709e-13      -1.142025980381e-12       0.000000000000e+00       6.796524162663e-17       2.186485317314e-17       2.536053618989e-18 
 2522       1.199634090352e-11       5.413589517820e-13      -1.141377498940e-12       0.000000000000e+00       6.785189549114e-17       2.180974609637e-17       2.524716800476e-18 
 2523       1.199847642375e-11       5.374286510384e-13      -1.140557559909e-12       0.000000000000e+00       6.773877995737e-17       2.175684387612e-17       2.513468716233e-18 
 2524       1.200053524375e-11       5.334942160685e-13      -1.139567610516e-12       0.000000000000e+00       6.762589473260e-17       2.170612733588e-17       2.502261387884e-18 
 2525       1.200250946430e-11       5.295565622961e-13      -1.138409103538e-12       0.000000000000e+00       6.751323952104e-17       2.165757722550e-17       2.491046684407e-18 
 2526       1.200439116155e-11       5.256166080438e-13      -1.137083497304e-12       0.000000000000e+00       6.740081402378e-17       2.161117422111e-17       2.479776321980e-18 
 2527       1.200617238701e-11       5.216752745356e-13      -1.135592255707e-12       0.000000000000e+00       6.728861793877e-17       2.156689892506e-17       2.468401863829e-18 
 2528       1.200784516755e-11       5.177334859001e-13      -1.133936848205e-12       0.000000000000e+00       6.717665096085e-17       2.152473186583e-17       2.456874720080e-18 
 2529       1.200940150530e-11       5.137921691730e-13      -1.132118749829e-12       0.000000000000e+00       6.706491278175e-17       2.148465349792e-17       2.445146147606e-18 
 2530       1.201083337773e-11       5.098522542998e-13      -1.130139441187e-12       0.000000000000e+00       6.695340309004e-17       2.144664420184e-17       2.433167249873e-18 
 2531       1.201213273755e-11       5.059146741395e-13      -1.128000408473e-12       0.000000000000e+00       6.684212157118e-17       2.141068428398e-17       2.420888976793e-18 
 2532       1.201329151269e-11       5.019803644666e-13      -1.125703143468e-12       0.000000000000e+00       6.673106790749e-17       2.137675397656e-17       2.408262124572e-18 
 2533       1.201430160632e-11       4.980502639742e-13      -1.123249143551e-12       0.000000000000e+00       6.662024177812e-17       2.134483343751e-17       2.395237335554e-18 
 2534       1.201515489679e-11       4.941253142772e-13      -1.120639911702e-12       0.000000000000e+00       6.650964285912e-17       2.131490275047e-17       2.381765098077e-18 
 2535       1.201584323762e-11       4.902064599148e-13      -1.117876956508e-12       0.000000000000e+00       6.639927082335e-17       2.128694192463e-17       2.367795746315e-18 
 2536       1.201635845745e-11       4.862946483534e-13      -1.114961792167e-12       0.000000000000e+00       6.628912534053e-17       2.126093089472e-17       2.353279460130e-18 
 2537       1.201669236006e-11       4.823908299898e-13      -1.111895938500e-12       0.000000000000e+00       6.617920607723e-17       2.123684952088e-17       2.338166264920e-18 
 2538       1.201683672433e-11       4.784959581534e-13      -1.108680920948e-12       0.000000000000e+00       6.606951269685e-17       2.121467758862e-17       2.322406031469e-18 
 2539       1.201678330417e-11       4.746109891099e-13      -1.105318270587e-12       0.000000000000e+00       6.596004485962e-17       2.119439480872e-17       2.305948475794e-18 
 2540       1.201652382857e-11       4.707368820634e-13      -1.101809524126e-12       0.000000000000e+00       6.585080222262e-17       2.117598081718e-17       2.288743158992e-18 
 2541       1.201605000152e-11       4.668745991598e-13      -1.098156223917e-12       0.000000000000e+00       6.574178443972e-17       2.115941517509e-17       2.270739487093e-18 
 2542       1.201535350202e-11       4.630251054893e-13      -1.094359917960e-12       0.000000000000e+00       6.563299116166e-17       2.114467736862e-17       2.251886710906e-18 
 2543       1.201442598402e-11       4.591893690897e-13      -1.090422159908e-12       0.000000000000e+00       6.552442203595e-17       2.113174680890e-17       2.232133925867e-18 
 2544       1.201325907645e-11       4.553683609486e-13      -1.086344509076e-12       0.000000000000e+00       6.541607670695e-17       2.112060283194e-17       2.211430071890e-18 
 2545       1.201184438313e-11       4.515630550070e-13      -1.082128530442e-12       0.000000000000e+00       6.530795481582e-17       2.111122469857e-17       2.189723933213e-18 
 2546       1.201017348279e-11       4.477744281616e-13      -1.077775794655e-12       0.000000000000e+00       6.520005600051e-17       2.110359159439e-17       2.166964138250e-18 
 2547       1.200823792905e-11       4.440034602680e-13      -1.073287878041e-12       0.000000000000e+00       6.509237989580e-17       2.109768262961e-17       2.143099159436e-18 
 2548       1.200602925035e-11       4.402511341435e-13      -1.068666362611e-12       0.000000000000e+00       6.498492613325e-17       2.109347683905e-17       2.118077313078e-18 
 2549       1.200353894998e-11       4.365184355697e-13      -1.063912836062e-12       0.000000000000e+00       6.487769434121e-17       2.109095318204e-17       2.091846759202e-18 
 2550       1.200075850602e-11       4.328063532956e-13      -1.059028891787e-12       0.000000000000e+00       6.477068414485e-17       2.109009054234e-17       2.064355501404e-18 
 2551       1.199767937134e-11       4.291158790407e-13      -1.054016128877e-12       0.000000000000e+00       6.466389516608e-17       2.109086772805e-17       2.035551386696e-18 
 2552       1.199429297354e-11       4.254480074974e-13      -1.048876152132e-12       0.000000000000e+00       6.455732702365e-17       2.109326347155e-17       2.005382105359e-18 
 2553       1.199059071498e-11       4.218037363341e-13      -1.043610572062e-12       0.000000000000e+00       6.445097933303e-17       2.109725642942e-17       1.973795190784e-18 
 2554       1.198656397270e-11       4.181840661979e-13      -1.038221004894e-12       0.000000000000e+00       6.434485170651e-17       2.110282518235e-17       1.940738019329e-18 
 2555       1.198220524416e-11       4.145899124148e-13      -1.032709218191e-12       0.000000000000e+00       6.423894370322e-17       2.110994231291e-17       1.906179912413e-18 
 2556       1.197751159159e-11       4.110218395298e-13      -1.027077568602e-12       0.000000000000e+00       6.413325467918e-17       2.111855660182e-17       1.870178581525e-18 
 2557       1.197248121734e-11       4.074803252509e-13      -1.021328566633e-12       0.000000000000e+00       6.402778393637e-17       2.112861072946e-17       1.832814063725e-18 
 2558       1.196711231992e-11       4.039658486152e-13      -1.015464731267e-12       0.000000000000e+00       6.392253077262e-17       2.114004718862e-17       1.794166654224e-18 
 2559       1.196140309397e-11       4.004788899902e-13      -1.009488589978e-12       0.000000000000e+00       6.381749448157e-17       2.115280828431e-17       1.754316906646e-18 
 2560       1.195535173033e-11       3.970199310749e-13      -1.003402678736e-12       0.000000000000e+00       6.371267435268e-17       2.116683613356e-17       1.713345633277e-18 
 2561       1.194895641596e-11       3.935894549010e-13      -9.972095420176e-13       0.000000000000e+00       6.360806967118e-17       2.118207266523e-17       1.671333905322e-18 
 2562       1.194221533397e-11       3.901879458345e-13      -9.909117328124e-13       0.000000000000e+00       6.350367971815e-17       2.119845961988e-17       1.628363053162e-18 
 2563       1.193512666364e-11       3.868158895766e-13      -9.845118126332e-13       0.000000000000e+00       6.339950377041e-17       2.121593854949e-17       1.584514666604e-18 
 2564       1.192768858037e-11       3.834737731650e-13      -9.780123515239e-13       0.000000000000e+00       6.329554110063e-17       2.123445081735e-17       1.539870595141e-18 
 2565       1.191989925570e-11       3.801620849751e-13      -9.714159280676e-13       0.000000000000e+00       6.319179097722e-17       2.125393759786e-17       1.494512948203e-18 
 2566       1.191175685732e-11       3.768813147214e-13      -9.647251293959e-13       0.000000000000e+00       6.308825266440e-17       2.127433987631e-17       1.448524095412e-18 
 2567       1.190325954905e-11       3.736319534589e-13      -9.579425511965e-13       0.000000000000e+00       6.298492542214e-17       2.129559844872e-17       1.401986666839e-18 
 2568       1.189440549083e-11       3.704144935837e-13      -9.510707977224e-13       0.000000000000e+00       6.288180850620e-17       2.131765392166e-17       1.354983553259e-18 
 2569       1.188519283873e-11       3.672294288348e-13      -9.441124817999e-13       0.000000000000e+00       6.277890116811e-17       2.134044671206e-17       1.307597906401e-18 
 2570       1.187561974495e-11       3.640772542954e-13      -9.370702248375e-13       0.000000000000e+00       6.267620265514e-17       2.136391704699e-17       1.259913139209e-18 
 2571       1.186568435781e-11       3.609584663936e-13      -9.299466568338e-13       0.000000000000e+00       6.257371221034e-17       2.138800496353e-17       1.212012926094e-18 
 2572       1.185538482173e-11       3.578735629041e-13      -9.227444163868e-13       0.000000000000e+00       6.247142907250e-17       2.141265030855e-17       1.163981203186e-18 
 2573       1.184471927728e-11       3.548230429494e-13      -9.154661507017e-13       0.000000000000e+00       6.236935247615e-17       2.143779273852e-17       1.115902168595e-18 
 2574       1.183368586111e-11       3.518074070009e-13      -9.081145155996e-13       0.000000000000e+00       6.226748165159e-17       2.146337171934e-17       1.067860282660e-18 
 2575       1.182228270597e-11       3.488271568801e-13      -9.006921755261e-13       0.000000000000e+00       6.216581582482e-17       2.148932652616e-17       1.019940268207e-18 
 2576       1.181050794076e-11       3.458827957600e-13      -8.932018035596e-13       0.000000000000e+00       6.206435421759e-17       2.151559624317e-17       9.722271108029e-19 
 2577       1.179835969043e-11       3.429748281664e-13      -8.856460814201e-13       0.000000000000e+00       6.196309604739e-17       2.154211976341e-17       9.248060590109e-19 
 2578       1.178583607606e-11       3.401037599788e-13      -8.780276994772e-13       0.000000000000e+00       6.186204052741e-17       2.156883578864e-17       8.777626246439e-19 
 2579       1.177293521481e-11       3.372700984319e-13      -8.703493567589e-13       0.000000000000e+00       6.176118686657e-17       2.159568282908e-17       8.311825830203e-19 
 2580       1.175965521994e-11       3.344743521170e-13      -8.626137609603e-13       0.000000000000e+00       6.166053426950e-17       2.162259920327e-17       7.851519732187e-19 
 2581       1.174599420080e-11       3.317170309829e-13      -8.548236284515e-13       0.000000000000e+00       6.156008193653e-17       2.164952303788e-17       7.397570983327e-19 
 2582       1.173195026281e-11       3.289986463372e-13      -8.469816842866e-13       0.000000000000e+00       6.145982906372e-17       2.167639226749e-17       6.950845257255e-19 
 2583       1.171752150750e-11       3.263197108477e-13      -8.390906622120e-13       0.000000000000e+00       6.135977484279e-17       2.170314463446e-17       6.512210872847e-19 
 2584       1.170270603245e-11       3.236807385436e-13      -8.311533046747e-13       0.000000000000e+00       6.125991846119e-17       2.172971768869e-17       6.082538796772e-19 
 2585       1.168750193133e-11       3.210822448168e-13      -8.231723628312e-13       0.000000000000e+00       6.116025910202e-17       2.175604878748e-17       5.662702646041e-19 
 2586       1.167190729388e-11       3.185247464228e-13      -8.151505965556e-13       0.000000000000e+00       6.106079594409e-17       2.178207509530e-17       5.253578690553e-19 
 2587       1.165592020592e-11       3.160087614824e-13      -8.070907744483e-13       0.000000000000e+00       6.096152816190e-17       2.180773358365e-17       4.856045855643e-19 
 2588       1.163953874931e-11       3.135348094825e-13      -7.989956738445e-13       0.000000000000e+00       6.086245492558e-17       2.183296103082e-17       4.470985724629e-19 
 2589       1.162276100201e-11       3.111034112780e-13      -7.908680808224e-13       0.000000000000e+00       6.076357540097e-17       2.185769402175e-17       4.099282541363e-19 
 2590       1.160558503800e-11       3.087150890921e-13      -7.827107902122e-13       0.000000000000e+00       6.066488874956e-17       2.188186894782e-17       3.741823212779e-19 
 2591       1.158800892735e-11       3.063703665184e-13      -7.745266056039e-13       0.000000000000e+00       6.056639412848e-17       2.190542200670e-17       3.399497311434e-19 
 2592       1.157003073616e-11       3.040697685218e-13      -7.663183393566e-13       0.000000000000e+00       6.046809069056e-17       2.192828920209e-17       3.073197078065e-19 
 2593       1.155164852661e-11       3.018138214394e-13      -7.580888126062e-13       0.000000000000e+00       6.036997758423e-17       2.195040634361e-17       2.763817424133e-19 
 2594       1.153286129914e-11       2.996029523560e-13      -7.498407574246e-13       0.000000000000e+00       6.027205406555e-17       2.197173049798e-17       2.472009651231e-19 
 2595       1.151367182512e-11       2.974371866050e-13      -7.415765226749e-13       0.000000000000e+00       6.017431983474e-17       2.199230447540e-17       2.197441085133e-19 
 2596       1.149408383020e-11       2.953164485619e-13      -7.332983665125e-13       0.000000000000e+00       6.007677470152e-17       2.201219270683e-17       1.939531267361e-19 
 2597       1.147410105352e-11       2.932406621151e-13      -7.250085540908e-13       0.000000000000e+00       5.997941847332e-17       2.203145982586e-17       1.697697856919e-19 
 2598       1.145372724774e-11       2.912097506656e-13      -7.167093575680e-13       0.000000000000e+00       5.988225095525e-17       2.205017066891e-17       1.471356628459e-19 
 2599       1.143296617903e-11       2.892236371262e-13      -7.084030561136e-13       0.000000000000e+00       5.978527195014e-17       2.206839027538e-17       1.259921470434e-19 
 2600       1.141182162711e-11       2.872822439210e-13      -7.000919359157e-13       0.000000000000e+00       5.968848125851e-17       2.208618388792e-17       1.062804383252e-19 
 2601       1.139029738524e-11       2.853854929848e-13      -6.917782901871e-13       0.000000000000e+00       5.959187867856e-17       2.210361695257e-17       8.794154774430e-20 
 2602       1.136839726027e-11       2.835333057628e-13      -6.834644191724e-13       0.000000000000e+00       5.949546400619e-17       2.212075511899e-17       7.091629718065e-20 
 2603       1.134612507260e-11       2.817256032097e-13      -6.751526301547e-13       0.000000000000e+00       5.939923703499e-17       2.213766424061e-17       5.514531915751e-20 
 2604       1.132348465623e-11       2.799623057893e-13      -6.668452374623e-13       0.000000000000e+00       5.930319755623e-17       2.215441037488e-17       4.056905665699e-20 
 2605       1.130047985878e-11       2.782433334742e-13      -6.585445624754e-13       0.000000000000e+00       5.920734535886e-17       2.217105978344e-17       2.712776293580e-20 
 2606       1.127711454147e-11       2.765686057447e-13      -6.502529336330e-13       0.000000000000e+00       5.911168022951e-17       2.218767893232e-17       1.476150134102e-20 
 2607       1.125339257917e-11       2.749380415887e-13      -6.419726864394e-13       0.000000000000e+00       5.901620195249e-17       2.220433449214e-17       3.410145125864e-21 
 2608       1.122931786039e-11       2.733515595010e-13      -6.337061634712e-13       0.000000000000e+00       5.892091030977e-17       2.222109333828e-17      -6.986622734627e-21 
 2609       1.120489428729e-11       2.718090774826e-13      -6.254557143838e-13       0.000000000000e+00       5.882580508101e-17       2.223802255114e-17      -1.648930972779e-20 
 2610       1.118012577572e-11       2.703105130406e-13      -6.172236959184e-13       0.000000000000e+00       5.873088604351e-17       2.225518941625e-17      -2.515861398762e-20 
 2611       1.115501625520e-11       2.688557831871e-13      -6.090124719085e-13       0.000000000000e+00       5.863615297225e-17       2.227266142454e-17      -3.305542447900e-20 
 2612       1.112956966898e-11       2.674448044389e-13      -6.008244132867e-13       0.000000000000e+00       5.854160563988e-17       2.229050627250e-17      -4.024082118200e-20 
 2613       1.110378997400e-11       2.660774928171e-13      -5.926618980916e-13       0.000000000000e+00       5.844724381668e-17       2.230879186239e-17      -4.677607527606e-20 
 2614       1.107768114093e-11       2.647537638461e-13      -5.845273114743e-13       0.000000000000e+00       5.835306727062e-17       2.232758630243e-17      -5.272264932432e-20 
 2615       1.105124715419e-11       2.634735325536e-13      -5.764230457053e-13       0.000000000000e+00       5.825907576729e-17       2.234695790697e-17      -5.814219745782e-20 
 2616       1.102449201195e-11       2.622367134698e-13      -5.683515001813e-13       0.000000000000e+00       5.816526906996e-17       2.236697519676e-17      -6.309656555978e-20 
 2617       1.099741972616e-11       2.610432206265e-13      -5.603150814319e-13       0.000000000000e+00       5.807164693951e-17       2.238770689907e-17      -6.764779144984e-20 
 2618       1.097003432255e-11       2.598929675572e-13      -5.523162031259e-13       0.000000000000e+00       5.797820913449e-17       2.240922194791e-17      -7.185810506832e-20 
 2619       1.094233984062e-11       2.587858672961e-13      -5.443572860789e-13       0.000000000000e+00       5.788495541110e-17       2.243158948426e-17      -7.578992866047e-20 
 2620       1.091434033372e-11       2.577218323777e-13      -5.364407582593e-13       0.000000000000e+00       5.779188552314e-17       2.245487885621e-17      -7.950587696074e-20 
 2621       1.088603986900e-11       2.567007748362e-13      -5.285690547954e-13       0.000000000000e+00       5.769899922209e-17       2.247915961921e-17      -8.306875737700e-20 
 2622       1.085744252745e-11       2.557226062049e-13      -5.207446179821e-13       0.000000000000e+00       5.760629625702e-17       2.250450153623e-17      -8.654157017484e-20 
 2623       1.082855240392e-11       2.547872375158e-13      -5.129698972874e-13       0.000000000000e+00       5.751377637466e-17       2.253097457796e-17      -8.998750866177e-20 
 2624       1.079937360712e-11       2.538945792989e-13      -5.052473493596e-13       0.000000000000e+00       5.742143931935e-17       2.255864892303e-17      -9.346995937153e-20 
 2625       1.076991025963e-11       2.530445415818e-13      -4.975794380335e-13       0.000000000000e+00       5.732928483306e-17       2.258759495818e-17      -9.705250224829e-20 
 2626       1.074016649792e-11       2.522370338890e-13      -4.899686343378e-13       0.000000000000e+00       5.723731265538e-17       2.261788327847e-17      -1.007989108309e-19 
 2627       1.071014647240e-11       2.514719652414e-13      -4.824174165010e-13       0.000000000000e+00       5.714552252352e-17       2.264958468747e-17      -1.047731524373e-19 
 2628       1.067985434735e-11       2.507492441556e-13      -4.749282699591e-13       0.000000000000e+00       5.705391417229e-17       2.268277019747e-17      -1.090393883486e-19 
 2629       1.064929430101e-11       2.500687786439e-13      -4.675036873613e-13       0.000000000000e+00       5.696248733414e-17       2.271751102966e-17      -1.136619739932e-19 
 2630       1.061847052556e-11       2.494304762129e-13      -4.601461685777e-13       0.000000000000e+00       5.687124173910e-17       2.275387861432e-17      -1.187054591314e-19 
 2631       1.058738722716e-11       2.488342438637e-13      -4.528582207056e-13       0.000000000000e+00       5.678017711483e-17       2.279194459106e-17      -1.242345880394e-19 
 2632       1.055604862590e-11       2.482799880908e-13      -4.456423580760e-13       0.000000000000e+00       5.668929318656e-17       2.283178080895e-17      -1.303142996938e-19 
 2633       1.052445930261e-11       2.477675489992e-13      -4.385008511534e-13       0.000000000000e+00       5.659858965523e-17       2.287343933820e-17      -1.369979515356e-19 
 2634       1.049262524104e-11       2.472965022551e-13      -4.314349716941e-13       0.000000000000e+00       5.650806613146e-17       2.291689238310e-17      -1.442919188324e-19 
 2635       1.046055279147e-11       2.468663560324e-13      -4.244457434030e-13       0.000000000000e+00       5.641772220117e-17       2.296209203528e-17      -1.521907987979e-19 
 2636       1.042824832454e-11       2.464766167938e-13      -4.175341926619e-13       0.000000000000e+00       5.632755744747e-17       2.300899023174e-17      -1.606891691117e-19 
 2637       1.039571823126e-11       2.461267892889e-13      -4.107013485324e-13       0.000000000000e+00       5.623757145065e-17       2.305753875478e-17      -1.697815878999e-19 
 2638       1.036296892305e-11       2.458163765531e-13      -4.039482427579e-13       0.000000000000e+00       5.614776378822e-17       2.310768923176e-17      -1.794625937156e-19 
 2639       1.033000683173e-11       2.455448799051e-13      -3.972759097661e-13       0.000000000000e+00       5.605813403482e-17       2.315939313501e-17      -1.897267055194e-19 
 2640       1.029683840955e-11       2.453117989459e-13      -3.906853866714e-13       0.000000000000e+00       5.596868176231e-17       2.321260178166e-17      -2.005684226598e-19 
 2641       1.026347012924e-11       2.451166315566e-13      -3.841777132774e-13       0.000000000000e+00       5.587940653970e-17       2.326726633351e-17      -2.119822248538e-19 
 2642       1.022990848398e-11       2.449588738971e-13      -3.777539320790e-13       0.000000000000e+00       5.579030793319e-17       2.332333779684e-17      -2.239625721674e-19 
 2643       1.019615998747e-11       2.448380204042e-13      -3.714150882653e-13       0.000000000000e+00       5.570138550612e-17       2.338076702229e-17      -2.365039049958e-19 
 2644       1.016223117389e-11       2.447535637898e-13      -3.651622297215e-13       0.000000000000e+00       5.561263881904e-17       2.343950470472e-17      -2.496006440445e-19 
 2645       1.012812859798e-11       2.447049950395e-13      -3.589964070315e-13       0.000000000000e+00       5.552406742961e-17       2.349950138304e-17      -2.632471903090e-19 
 2646       1.009385883503e-11       2.446918034107e-13      -3.529186734803e-13       0.000000000000e+00       5.543567089270e-17       2.356070744006e-17      -2.774379250561e-19 
 2647       1.005942848089e-11       2.447134764311e-13      -3.469300850563e-13       0.000000000000e+00       5.534744876028e-17       2.362307310236e-17      -2.921672098036e-19 
 2648       1.002484415201e-11       2.447694998966e-13      -3.410317004541e-13       0.000000000000e+00       5.525940058153e-17       2.368654844011e-17      -3.074293863016e-19 
 2649       9.990112485456e-12       2.448593578700e-13      -3.352245810763e-13       0.000000000000e+00       5.517152590273e-17       2.375108336694e-17      -3.232187765121e-19 
 2650       9.955240138921e-12       2.449825326793e-13      -3.295097910362e-13       0.000000000000e+00       5.508382426734e-17       2.381662763981e-17      -3.395296825903e-19 
 2651       9.920233790750e-12       2.451385049159e-13      -3.238883971602e-13       0.000000000000e+00       5.499629521594e-17       2.388313085883e-17      -3.563563868648e-19 
 2652       9.885100139957e-12       2.453267534326e-13      -3.183614689902e-13       0.000000000000e+00       5.490893828626e-17       2.395054246710e-17      -3.736931518177e-19 
 2653       9.849845906247e-12       2.455467553426e-13      -3.129300787860e-13       0.000000000000e+00       5.482175301316e-17       2.401881175059e-17      -3.915342200656e-19 
 2654       9.814477830038e-12       2.457979860172e-13      -3.075953015275e-13       0.000000000000e+00       5.473473892864e-17       2.408788783801e-17      -4.098738143402e-19 
 2655       9.779002672474e-12       2.460799190843e-13      -3.023582149175e-13       0.000000000000e+00       5.464789556182e-17       2.415771970058e-17      -4.287061374680e-19 
 2656       9.743427215450e-12       2.463920264269e-13      -2.972198993837e-13       0.000000000000e+00       5.456122243896e-17       2.422825615198e-17      -4.480253723516e-19 
 2657       9.707758261629e-12       2.467337781811e-13      -2.921814380813e-13       0.000000000000e+00       5.447471908342e-17       2.429944584812e-17      -4.678256819499e-19 
 2658       9.672002634463e-12       2.471046427345e-13      -2.872439168952e-13       0.000000000000e+00       5.438838501570e-17       2.437123728704e-17      -4.881012092584e-19 
 2659       9.636167178212e-12       2.475040867247e-13      -2.824084244428e-13       0.000000000000e+00       5.430221975341e-17       2.444357880873e-17      -5.088460772901e-19 
 2660       9.600258757964e-12       2.479315750374e-13      -2.776760520759e-13       0.000000000000e+00       5.421622281127e-17       2.451641859500e-17      -5.300543890556e-19 
 2661       9.564284259653e-12       2.483865708049e-13      -2.730478938836e-13       0.000000000000e+00       5.413039370111e-17       2.458970466932e-17      -5.517202275437e-19 
 2662       9.528250590082e-12       2.488685354040e-13      -2.685250466942e-13       0.000000000000e+00       5.404473193187e-17       2.466338489670e-17      -5.738376557020e-19 
 2663       9.492164676938e-12       2.493769284547e-13      -2.641086100779e-13       0.000000000000e+00       5.395923700959e-17       2.473740698347e-17      -5.964007164175e-19 
 2664       9.456033468816e-12       2.499112078186e-13      -2.597996863492e-13       0.000000000000e+00       5.387390843741e-17       2.481171847722e-17      -6.194034324965e-19 
 2665       9.419863935237e-12       2.504708295968e-13      -2.555993805692e-13       0.000000000000e+00       5.378874571556e-17       2.488626676657e-17      -6.428398066460e-19 
 2666       9.383663066666e-12       2.510552481283e-13      -2.515088005479e-13       0.000000000000e+00       5.370374834138e-17       2.496099908108e-17      -6.667038214532e-19 
 2667       9.347437874533e-12       2.516639159887e-13      -2.475290568469e-13       0.000000000000e+00       5.361891580929e-17       2.503586249107e-17      -6.909894393669e-19 
 2668       9.311195391254e-12       2.522962839880e-13      -2.436612627815e-13       0.000000000000e+00       5.353424761079e-17       2.511080390748e-17      -7.156906026773e-19 
 2669       9.274942670248e-12       2.529518011693e-13      -2.399065344233e-13       0.000000000000e+00       5.344974323447e-17       2.518577008172e-17      -7.408012334968e-19 
 2670       9.238686785958e-12       2.536299148068e-13      -2.362659906023e-13       0.000000000000e+00       5.336540216601e-17       2.526070760551e-17      -7.663152337407e-19 
 2671       9.202434833871e-12       2.543300704042e-13      -2.327407529097e-13       0.000000000000e+00       5.328122388815e-17       2.533556291074e-17      -7.922264851071e-19 
 2672       9.166193649703e-12       2.550517029792e-13      -2.293316841708e-13       0.000000000000e+00       5.319720790532e-17       2.541028502920e-17      -8.185230226406e-19 
 2673       9.129968965242e-12       2.557942108664e-13      -2.260386022931e-13       0.000000000000e+00       5.311335381752e-17       2.548483388851e-17      -8.451695205722e-19 
 2674       9.093766247916e-12       2.565569817675e-13      -2.228610621145e-13       0.000000000000e+00       5.302966124686e-17       2.555917206133e-17      -8.721247104522e-19 
 2675       9.057590981226e-12       2.573394014501e-13      -2.197986165393e-13       0.000000000000e+00       5.294612981292e-17       2.563326200958e-17      -8.993471987327e-19 
 2676       9.021448664756e-12       2.581408537459e-13      -2.168508165358e-13       0.000000000000e+00       5.286275913281e-17       2.570706608423e-17      -9.267954666503e-19 
 2677       8.985344814192e-12       2.589607205490e-13      -2.140172111348e-13       0.000000000000e+00       5.277954882112e-17       2.578054652532e-17      -9.544278701087e-19 
 2678       8.949284961335e-12       2.597983818142e-13      -2.112973474276e-13       0.000000000000e+00       5.269649848995e-17       2.585366546175e-17      -9.822026395612e-19 
 2679       8.913274654114e-12       2.606532155547e-13      -2.086907705635e-13       0.000000000000e+00       5.261360774890e-17       2.592638491123e-17      -1.010077879893e-18 
 2680       8.877319456604e-12       2.615245978407e-13      -2.061970237482e-13       0.000000000000e+00       5.253087620504e-17       2.599866678020e-17      -1.038011570306e-18 
 2681       8.841424949042e-12       2.624119027973e-13      -2.038156482419e-13       0.000000000000e+00       5.244830346296e-17       2.607047286365e-17      -1.065961564196e-18 
 2682       8.805596727836e-12       2.633145026029e-13      -2.015461833568e-13       0.000000000000e+00       5.236588912471e-17       2.614176484510e-17      -1.093885589043e-18 
 2683       8.769840405585e-12       2.642317674871e-13      -1.993881664559e-13       0.000000000000e+00       5.228363278984e-17       2.621250429644e-17      -1.121741246286e-18 
 2684       8.734161611094e-12       2.651630657290e-13      -1.973411329500e-13       0.000000000000e+00       5.220153405537e-17       2.628265267786e-17      -1.149486011211e-18 
 2685       8.698565989385e-12       2.661077636553e-13      -1.954046162965e-13       0.000000000000e+00       5.211959251580e-17       2.635217133771e-17      -1.177077232833e-18 
 2686       8.663059201715e-12       2.670652256386e-13      -1.935781479973e-13       0.000000000000e+00       5.203780776311e-17       2.642102151244e-17      -1.204472133775e-18 
 2687       8.627646925590e-12       2.680348140955e-13      -1.918612575963e-13       0.000000000000e+00       5.195617938674e-17       2.648916432647e-17      -1.231627810155e-18 
 2688       8.592334854782e-12       2.690158894845e-13      -1.902534726779e-13       0.000000000000e+00       5.187470697362e-17       2.655656079210e-17      -1.258501231465e-18 
 2689       8.557128699339e-12       2.700078103046e-13      -1.887543188649e-13       0.000000000000e+00       5.179339010813e-17       2.662317180940e-17      -1.285049240456e-18 
 2690       8.522034185604e-12       2.710099330931e-13      -1.873633198164e-13       0.000000000000e+00       5.171222837213e-17       2.668895816611e-17      -1.311228553021e-18 
 2691       8.487057056230e-12       2.720216124241e-13      -1.860799972257e-13       0.000000000000e+00       5.163122134490e-17       2.675388053751e-17      -1.336995758074e-18 
 2692       8.452203070191e-12       2.730422009062e-13      -1.849038708187e-13       0.000000000000e+00       5.155036860323e-17       2.681789948638e-17      -1.362307317438e-18 
 2693       8.417478002802e-12       2.740710491813e-13      -1.838344583514e-13       0.000000000000e+00       5.146966972134e-17       2.688097546283e-17      -1.387119565721e-18 
 2694       8.382887645730e-12       2.751075059220e-13      -1.828712756084e-13       0.000000000000e+00       5.138912427089e-17       2.694306880423e-17      -1.411388710206e-18 
 2695       8.348437807011e-12       2.761509178304e-13      -1.820138364005e-13       0.000000000000e+00       5.130873182102e-17       2.700413973512e-17      -1.435070830727e-18 
 2696       8.314134311063e-12       2.772006296358e-13      -1.812616525628e-13       0.000000000000e+00       5.122849193829e-17       2.706414836707e-17      -1.458121879555e-18 
 2697       8.279982998704e-12       2.782559840935e-13      -1.806142339531e-13       0.000000000000e+00       5.114840418671e-17       2.712305469860e-17      -1.480497681282e-18 
 2698       8.245989727164e-12       2.793163219820e-13      -1.800710884491e-13       0.000000000000e+00       5.106846812774e-17       2.718081861507e-17      -1.502153932698e-18 
 2699       8.212160370099e-12       2.803809821020e-13      -1.796317219471e-13       0.000000000000e+00       5.098868332027e-17       2.723739988859e-17      -1.523046202681e-18 
 2700       8.178500817612e-12       2.814493012743e-13      -1.792956383599e-13       0.000000000000e+00       5.090904932062e-17       2.729275817790e-17      -1.543129932074e-18 
 2701       8.145016976260e-12       2.825206143377e-13      -1.790623396145e-13       0.000000000000e+00       5.082956568256e-17       2.734685302827e-17      -1.562360433569e-18 
 2702       8.111714769074e-12       2.835942541476e-13      -1.789313256502e-13       0.000000000000e+00       5.075023195727e-17       2.739964387141e-17      -1.580692891590e-18 
 2703       8.078600135572e-12       2.846695515738e-13      -1.789020944169e-13       0.000000000000e+00       5.067104769337e-17       2.745109002535e-17      -1.598082362177e-18 
 2704       8.045679031776e-12       2.857458354990e-13      -1.789741418727e-13       0.000000000000e+00       5.059201243690e-17       2.750115069434e-17      -1.614483772865e-18 
 2705       8.012957430223e-12       2.868224328164e-13      -1.791469619822e-13       0.000000000000e+00       5.051312573130e-17       2.754978496876e-17      -1.629851922572e-18 
 2706       7.980441319983e-12       2.878986684285e-13      -1.794200467142e-13       0.000000000000e+00       5.043438711747e-17       2.759695182500e-17      -1.644141481475e-18 
 2707       7.948136706674e-12       2.889738652450e-13      -1.797928860402e-13       0.000000000000e+00       5.035579613369e-17       2.764261012538e-17      -1.657306990898e-18 
 2708       7.916049612474e-12       2.900473441809e-13      -1.802649679318e-13       0.000000000000e+00       5.027735231566e-17       2.768671861801e-17      -1.669302863193e-18 
 2709       7.884186076140e-12       2.911184241546e-13      -1.808357783591e-13       0.000000000000e+00       5.019905519651e-17       2.772923593672e-17      -1.680083381619e-18 
 2710       7.852552153019e-12       2.921864220863e-13      -1.815048012887e-13       0.000000000000e+00       5.012090430674e-17       2.777012060094e-17      -1.689602700232e-18 
 2711       7.821153261852e-12       2.932506946172e-13      -1.822713667271e-13       0.000000000000e+00       5.004289923587e-17       2.780933933251e-17      -1.697830480896e-18 
 2712       7.789992221293e-12       2.943107635179e-13      -1.831341939595e-13       0.000000000000e+00       4.996503981754e-17       2.784689205531e-17      -1.704798896866e-18 
 2713       7.759071202811e-12       2.953661909537e-13      -1.840918458400e-13       0.000000000000e+00       4.988732594537e-17       2.788278703049e-17      -1.710555882881e-18 
 2714       7.728392382948e-12       2.964165378242e-13      -1.851428805169e-13       0.000000000000e+00       4.980975751146e-17       2.791703255181e-17      -1.715149521227e-18 
 2715       7.697957943319e-12       2.974613637613e-13      -1.862858514288e-13       0.000000000000e+00       4.973233440642e-17       2.794963694571e-17      -1.718628041873e-18 
 2716       7.667770070618e-12       2.985002271290e-13      -1.875193072997e-13       0.000000000000e+00       4.965505651932e-17       2.798060857133e-17      -1.721039822609e-18 
 2717       7.637830956625e-12       2.995326850215e-13      -1.888417921345e-13       0.000000000000e+00       4.957792373771e-17       2.800995582056e-17      -1.722433389186e-18 
 2718       7.608142798207e-12       3.005582932626e-13      -1.902518452150e-13       0.000000000000e+00       4.950093594764e-17       2.803768711805e-17      -1.722857415452e-18 
 2719       7.578707797320e-12       3.015766064042e-13      -1.917480010948e-13       0.000000000000e+00       4.942409303362e-17       2.806381092124e-17      -1.722360723489e-18 
 2720       7.549528161021e-12       3.025871777250e-13      -1.933287895953e-13       0.000000000000e+00       4.934739487864e-17       2.808833572044e-17      -1.720992283753e-18 
 2721       7.520606101464e-12       3.035895592298e-13      -1.949927358009e-13       0.000000000000e+00       4.927084136417e-17       2.811127003878e-17      -1.718801215210e-18 
 2722       7.491943835908e-12       3.045833016480e-13      -1.967383600549e-13       0.000000000000e+00       4.919443237015e-17       2.813262243234e-17      -1.715836785476e-18 
 2723       7.463543586724e-12       3.055679544328e-13      -1.985641779545e-13       0.000000000000e+00       4.911816777499e-17       2.815240149008e-17      -1.712148410952e-18 
 2724       7.435407581392e-12       3.065430657593e-13      -2.004687003467e-13       0.000000000000e+00       4.904204745556e-17       2.817061583397e-17      -1.707785656964e-18 
 2725       7.407538052511e-12       3.075081825243e-13      -2.024504333239e-13       0.000000000000e+00       4.896607128721e-17       2.818727411895e-17      -1.702798237899e-18 
 2726       7.379937237804e-12       3.084628503444e-13      -2.045078782191e-13       0.000000000000e+00       4.889023914374e-17       2.820238503301e-17      -1.697236017346e-18 
 2727       7.352607380117e-12       3.094066135553e-13      -2.066395316015e-13       0.000000000000e+00       4.881455089743e-17       2.821595729718e-17      -1.691149008230e-18 
 2728       7.325550727426e-12       3.103390152103e-13      -2.088438852722e-13       0.000000000000e+00       4.873900641901e-17       2.822799966560e-17      -1.684587372952e-18 
 2729       7.298769532844e-12       3.112595970795e-13      -2.111194262598e-13       0.000000000000e+00       4.866360557767e-17       2.823852092554e-17      -1.677601423525e-18 
 2730       7.272266054619e-12       3.121678996481e-13      -2.134646368153e-13       0.000000000000e+00       4.858834824107e-17       2.824752989743e-17      -1.670241621716e-18 
 2731       7.246042556146e-12       3.130634621159e-13      -2.158779944085e-13       0.000000000000e+00       4.851323427529e-17       2.825503543488e-17      -1.662558579179e-18 
 2732       7.220101305963e-12       3.139458223957e-13      -2.183579717228e-13       0.000000000000e+00       4.843826354492e-17       2.826104642475e-17      -1.654603057595e-18 
 2733       7.194444577761e-12       3.148145171124e-13      -2.209030366512e-13       0.000000000000e+00       4.836343591294e-17       2.826557178713e-17      -1.646425968810e-18 
 2734       7.169074650388e-12       3.156690816015e-13      -2.235116522916e-13       0.000000000000e+00       4.828875124083e-17       2.826862047542e-17      -1.638078374972e-18 
 2735       7.143993807849e-12       3.165090499083e-13      -2.261822769421e-13       0.000000000000e+00       4.821420938850e-17       2.827020147634e-17      -1.629611488669e-18 
 2736       7.119204339316e-12       3.173339547866e-13      -2.289133640972e-13       0.000000000000e+00       4.813981021429e-17       2.827032380996e-17      -1.621076673069e-18 
 2737       7.094708539126e-12       3.181433276974e-13      -2.317033624425e-13       0.000000000000e+00       4.806555357501e-17       2.826899652976e-17      -1.612525442053e-18 
 2738       7.070508706790e-12       3.189366988081e-13      -2.345507158510e-13       0.000000000000e+00       4.799143932590e-17       2.826622872262e-17      -1.604009460359e-18 
 2739       7.046607146997e-12       3.197135969909e-13      -2.374538633778e-13       0.000000000000e+00       4.791746732064e-17       2.826202950888e-17      -1.595580543713e-18 
 2740       7.023006169615e-12       3.204735498221e-13      -2.404112392565e-13       0.000000000000e+00       4.784363741135e-17       2.825640804236e-17      -1.587290658973e-18 
 2741       6.999708089698e-12       3.212160835804e-13      -2.434212728941e-13       0.000000000000e+00       4.776994944860e-17       2.824937351042e-17      -1.579191924263e-18 
 2742       6.976715227489e-12       3.219407232463e-13      -2.464823888666e-13       0.000000000000e+00       4.769640328138e-17       2.824093513396e-17      -1.571336609113e-18 
 2743       6.954029908424e-12       3.226469925007e-13      -2.495930069148e-13       0.000000000000e+00       4.762299875711e-17       2.823110216746e-17      -1.563777134595e-18 
 2744       6.931654463140e-12       3.233344137235e-13      -2.527515419397e-13       0.000000000000e+00       4.754973572166e-17       2.821988389901e-17      -1.556566073461e-18 
 2745       6.909591227472e-12       3.240025079930e-13      -2.559564039977e-13       0.000000000000e+00       4.747661401930e-17       2.820728965038e-17      -1.549756150283e-18 
 2746       6.887842542463e-12       3.246507950840e-13      -2.592059982967e-13       0.000000000000e+00       4.740363349277e-17       2.819332877700e-17      -1.543400241588e-18 
 2747       6.866410754368e-12       3.252787934675e-13      -2.624987251911e-13       0.000000000000e+00       4.733079398320e-17       2.817801066802e-17      -1.537551375997e-18 
 2748       6.845298214654e-12       3.258860203089e-13      -2.658329801778e-13       0.000000000000e+00       4.725809533016e-17       2.816134474633e-17      -1.532262734366e-18 
 2749       6.824507280010e-12       3.264719914669e-13      -2.692071538912e-13       0.000000000000e+00       4.718553737164e-17       2.814334046862e-17      -1.527587649916e-18 
 2750       6.804039654865e-12       3.270362854147e-13      -2.726196371461e-13       0.000000000000e+00       4.711311988910e-17       2.812401510380e-17      -1.523566002489e-18 
 2751       6.783894415123e-12       3.275787353761e-13      -2.760688361033e-13       0.000000000000e+00       4.704084244233e-17       2.810341711355e-17      -1.520183321858e-18 
 2752       6.764069973914e-12       3.280992382101e-13      -2.795531571759e-13       0.000000000000e+00       4.696870453372e-17       2.808160289639e-17      -1.517411466897e-18 
 2753       6.744564738115e-12       3.285976905816e-13      -2.830710019848e-13       0.000000000000e+00       4.689670566311e-17       2.805862902066e-17      -1.515222211613e-18 
 2754       6.725377108339e-12       3.290739889615e-13      -2.866207673546e-13       0.000000000000e+00       4.682484532777e-17       2.803455222473e-17      -1.513587245073e-18 
 2755       6.706505478935e-12       3.295280296260e-13      -2.902008453094e-13       0.000000000000e+00       4.675312302247e-17       2.800942941712e-17      -1.512478171318e-18 
 2756       6.687948237977e-12       3.299597086573e-13      -2.938096230680e-13       0.000000000000e+00       4.668153823937e-17       2.798331767669e-17      -1.511866509294e-18 
 2757       6.669703767260e-12       3.303689219426e-13      -2.974454830396e-13       0.000000000000e+00       4.661009046810e-17       2.795627425276e-17      -1.511723692765e-18 
 2758       6.651770442292e-12       3.307555651745e-13      -3.011068028196e-13       0.000000000000e+00       4.653877919575e-17       2.792835656528e-17      -1.512021070242e-18 
 2759       6.634146632293e-12       3.311195338507e-13      -3.047919551850e-13       0.000000000000e+00       4.646760390681e-17       2.789962220500e-17      -1.512729904901e-18 
 2760       6.616830700181e-12       3.314607232739e-13      -3.084993080901e-13       0.000000000000e+00       4.639656408323e-17       2.787012893361e-17      -1.513821374506e-18 
 2761       6.599821002572e-12       3.317790285514e-13      -3.122272246621e-13       0.000000000000e+00       4.632565920439e-17       2.783993468390e-17      -1.515266571333e-18 
 2762       6.583115889770e-12       3.320743445953e-13      -3.159740631968e-13       0.000000000000e+00       4.625488874710e-17       2.780909755993e-17      -1.517036502090e-18 
 2763       6.566713705763e-12       3.323465661224e-13      -3.197381771538e-13       0.000000000000e+00       4.618425218559e-17       2.777767583714e-17      -1.519102087837e-18 
 2764       6.550612788217e-12       3.325955876536e-13      -3.235179151526e-13       0.000000000000e+00       4.611374899152e-17       2.774572796256e-17      -1.521434163913e-18 
 2765       6.534811468469e-12       3.328213035141e-13      -3.273116209679e-13       0.000000000000e+00       4.604337863397e-17       2.771331255496e-17      -1.524003479853e-18 
 2766       6.519308071520e-12       3.330236078333e-13      -3.311176335255e-13       0.000000000000e+00       4.597314057945e-17       2.768048840496e-17      -1.526780699316e-18 
 2767       6.504100916028e-12       3.332023945444e-13      -3.349342868974e-13       0.000000000000e+00       4.590303429187e-17       2.764731447523e-17      -1.529736399998e-18 
 2768       6.489188314308e-12       3.333575573845e-13      -3.387599102978e-13       0.000000000000e+00       4.583305923256e-17       2.761384990064e-17      -1.532841073564e-18 
 2769       6.474568572316e-12       3.334889898943e-13      -3.425928280787e-13       0.000000000000e+00       4.576321486027e-17       2.758015398839e-17      -1.536065125564e-18 
 2770       6.460239989652e-12       3.335965854181e-13      -3.464313597253e-13       0.000000000000e+00       4.569350063115e-17       2.754628621820e-17      -1.539378875354e-18 
 2771       6.446200859548e-12       3.336802371035e-13      -3.502738198517e-13       0.000000000000e+00       4.562391599876e-17       2.751230624245e-17      -1.542752556024e-18 
 2772       6.432449468864e-12       3.337398379013e-13      -3.541185181967e-13       0.000000000000e+00       4.555446041405e-17       2.747827388634e-17      -1.546156314314e-18 
 2773       6.418984098082e-12       3.337752805653e-13      -3.579637596189e-13       0.000000000000e+00       4.548513332539e-17       2.744424914802e-17      -1.549560210539e-18 
 2774       6.405803021297e-12       3.337864576526e-13      -3.618078440928e-13       0.000000000000e+00       4.541593417854e-17       2.741029219879e-17      -1.552934218510e-18 
 2775       6.392904506215e-12       3.337732615227e-13      -3.656490667043e-13       0.000000000000e+00       4.534686241664e-17       2.737646338323e-17      -1.556248225457e-18 
 2776       6.380286814146e-12       3.337355843379e-13      -3.694857176459e-13       0.000000000000e+00       4.527791748025e-17       2.734282321935e-17      -1.559472031950e-18 
 2777       6.367948199994e-12       3.336733180630e-13      -3.733160822130e-13       0.000000000000e+00       4.520909880730e-17       2.730943239878e-17      -1.562575351821e-18 
 2778       6.355886912255e-12       3.335863544652e-13      -3.771384407988e-13       0.000000000000e+00       4.514040583311e-17       2.727635178689e-17      -1.565527812087e-18 
 2779       6.344101193009e-12       3.334745851138e-13      -3.809510688905e-13       0.000000000000e+00       4.507183799039e-17       2.724364242294e-17      -1.568298952871e-18 
 2780       6.332589277914e-12       3.333379013803e-13      -3.847522370645e-13       0.000000000000e+00       4.500339470922e-17       2.721136552028e-17      -1.570858227325e-18 
 2781       6.321349396199e-12       3.331761944381e-13      -3.885402109820e-13       0.000000000000e+00       4.493507541706e-17       2.717958246647e-17      -1.573175001550e-18 
 2782       6.310379770661e-12       3.329893552624e-13      -3.923132513850e-13       0.000000000000e+00       4.486687953877e-17       2.714835482345e-17      -1.575218554522e-18 
 2783       6.299678617655e-12       3.327772746299e-13      -3.960696140913e-13       0.000000000000e+00       4.479880649655e-17       2.711774432770e-17      -1.576958078007e-18 
 2784       6.289244147089e-12       3.325398431189e-13      -3.998075499909e-13       0.000000000000e+00       4.473085570999e-17       2.708781289037e-17      -1.578362676492e-18 
 2785       6.279074562418e-12       3.322769511092e-13      -4.035253050406e-13       0.000000000000e+00       4.466302659605e-17       2.705862259747e-17      -1.579401367100e-18 
 2786       6.269168060640e-12       3.319884887815e-13      -4.072211202606e-13       0.000000000000e+00       4.459531856903e-17       2.703023570999e-17      -1.580043079514e-18 
 2787       6.259522832284e-12       3.316743461179e-13      -4.108932317294e-13       0.000000000000e+00       4.452773104062e-17       2.700271466411e-17      -1.580256655901e-18 
 2788       6.250137061411e-12       3.313344129011e-13      -4.145398705797e-13       0.000000000000e+00       4.446026341986e-17       2.697612207130e-17      -1.580010850831e-18 
 2789       6.241008579098e-12       3.309686322095e-13      -4.181593934114e-13       0.000000000000e+00       4.439291521410e-17       2.695050710177e-17      -1.579280977749e-18 
 2790       6.232133821936e-12       3.305771612070e-13      -4.217506742874e-13       0.000000000000e+00       4.432568633249e-17       2.692586455632e-17      -1.578068886666e-18 
 2791       6.223508868050e-12       3.301602111972e-13      -4.253127147877e-13       0.000000000000e+00       4.425857678407e-17       2.690217557989e-17      -1.576383091216e-18 
 2792       6.215129783101e-12       3.297179942057e-13      -4.288445137758e-13       0.000000000000e+00       4.419158657698e-17       2.687942125872e-17      -1.574232131657e-18 
 2793       6.206992620268e-12       3.292507229810e-13      -4.323450673971e-13       0.000000000000e+00       4.412471571843e-17       2.685758262026e-17      -1.571624574901e-18 
 2794       6.199093420241e-12       3.287586109953e-13      -4.358133690758e-13       0.000000000000e+00       4.405796421472e-17       2.683664063317e-17      -1.568569014531e-18 
 2795       6.191428211210e-12       3.282418724446e-13      -4.392484095133e-13       0.000000000000e+00       4.399133207127e-17       2.681657620725e-17      -1.565074070832e-18 
 2796       6.183993008848e-12       3.277007222502e-13      -4.426491766849e-13       0.000000000000e+00       4.392481929253e-17       2.679737019333e-17      -1.561148390814e-18 
 2797       6.176783816306e-12       3.271353760587e-13      -4.460146558381e-13       0.000000000000e+00       4.385842588206e-17       2.677900338331e-17      -1.556800648233e-18 
 2798       6.169796624198e-12       3.265460502432e-13      -4.493438294902e-13       0.000000000000e+00       4.379215184252e-17       2.676145651004e-17      -1.552039543621e-18 
 2799       6.163027410589e-12       3.259329619035e-13      -4.526356774253e-13       0.000000000000e+00       4.372599717561e-17       2.674471024728e-17      -1.546873804305e-18 
 2800       6.156472140984e-12       3.252963288671e-13      -4.558891766926e-13       0.000000000000e+00       4.365996188213e-17       2.672874520966e-17      -1.541312184437e-18 
 2801       6.150126768320e-12       3.246363696899e-13      -4.591033016038e-13       0.000000000000e+00       4.359404596197e-17       2.671354195260e-17      -1.535363465011e-18 
 2802       6.143987232948e-12       3.239533036567e-13      -4.622770237303e-13       0.000000000000e+00       4.352824941408e-17       2.669908097230e-17      -1.529036453898e-18 
 2803       6.138049462627e-12       3.232473507818e-13      -4.654093119016e-13       0.000000000000e+00       4.346257223648e-17       2.668534270563e-17      -1.522339985861e-18 
 2804       6.132309372508e-12       3.225187318101e-13      -4.684991322023e-13       0.000000000000e+00       4.339701442628e-17       2.667230753012e-17      -1.515282922584e-18 
 2805       6.126762865127e-12       3.217676682174e-13      -4.715454479697e-13       0.000000000000e+00       4.333157597967e-17       2.665995576389e-17      -1.507874152695e-18 
 2806       6.121405830391e-12       3.209943822112e-13      -4.745472197918e-13       0.000000000000e+00       4.326625689188e-17       2.664826766559e-17      -1.500122591792e-18 
 2807       6.116234145566e-12       3.201990967313e-13      -4.775034055049e-13       0.000000000000e+00       4.320105715724e-17       2.663722343436e-17      -1.492037182468e-18 
 2808       6.111243675266e-12       3.193820354509e-13      -4.804129601906e-13       0.000000000000e+00       4.313597676915e-17       2.662680320976e-17      -1.483626894330e-18 
 2809       6.106430271442e-12       3.185434227764e-13      -4.832748361743e-13       0.000000000000e+00       4.307101572005e-17       2.661698707173e-17      -1.474900724033e-18 
 2810       6.101789773370e-12       3.176834838492e-13      -4.860879830221e-13       0.000000000000e+00       4.300617400148e-17       2.660775504053e-17      -1.465867695294e-18 
 2811       6.097318007639e-12       3.168024445454e-13      -4.888513475386e-13       0.000000000000e+00       4.294145160403e-17       2.659908707669e-17      -1.456536858927e-18 
 2812       6.093010788141e-12       3.159005314770e-13      -4.915638737649e-13       0.000000000000e+00       4.287684851736e-17       2.659096308095e-17      -1.446917292857e-18 
 2813       6.088863916059e-12       3.149779719926e-13      -4.942245029756e-13       0.000000000000e+00       4.281236473019e-17       2.658336289420e-17      -1.437018102153e-18 
 2814       6.084873179852e-12       3.140349941777e-13      -4.968321736769e-13       0.000000000000e+00       4.274800023031e-17       2.657626629744e-17      -1.426848419048e-18 
 2815       6.081034355250e-12       3.130718268560e-13      -4.993858216040e-13       0.000000000000e+00       4.268375500456e-17       2.656965301174e-17      -1.416417402966e-18 
 2816       6.077343205236e-12       3.120886995892e-13      -5.018843797186e-13       0.000000000000e+00       4.261962903886e-17       2.656350269813e-17      -1.405734240543e-18 
 2817       6.073795480039e-12       3.110858426787e-13      -5.043267782069e-13       0.000000000000e+00       4.255562231816e-17       2.655779495760e-17      -1.394808145655e-18 
 2818       6.070386917120e-12       3.100634871654e-13      -5.067119444769e-13       0.000000000000e+00       4.249173482650e-17       2.655250933105e-17      -1.383648359442e-18 
 2819       6.067113241162e-12       3.090218648311e-13      -5.090388031559e-13       0.000000000000e+00       4.242796654696e-17       2.654762529918e-17      -1.372264150330e-18 
 2820       6.063970164057e-12       3.079612081985e-13      -5.113062760885e-13       0.000000000000e+00       4.236431746168e-17       2.654312228249e-17      -1.360664814059e-18 
 2821       6.060953384895e-12       3.068817505323e-13      -5.135132823339e-13       0.000000000000e+00       4.230078755184e-17       2.653897964120e-17      -1.348859673703e-18 
 2822       6.058058589953e-12       3.057837258401e-13      -5.156587381638e-13       0.000000000000e+00       4.223737679771e-17       2.653517667520e-17      -1.336858079701e-18 
 2823       6.055281452683e-12       3.046673688723e-13      -5.177415570596e-13       0.000000000000e+00       4.217408517857e-17       2.653169262402e-17      -1.324669409875e-18 
 2824       6.052617633701e-12       3.035329151236e-13      -5.197606497104e-13       0.000000000000e+00       4.211091267277e-17       2.652850666672e-17      -1.312303069457e-18 
 2825       6.050062780774e-12       3.023806008333e-13      -5.217149240105e-13       0.000000000000e+00       4.204785925773e-17       2.652559792190e-17      -1.299768491116e-18 
 2826       6.047612528811e-12       3.012106629858e-13      -5.236032850569e-13       0.000000000000e+00       4.198492490988e-17       2.652294544760e-17      -1.287075134979e-18 
 2827       6.045262499848e-12       3.000233393119e-13      -5.254246351470e-13       0.000000000000e+00       4.192210960472e-17       2.652052824126e-17      -1.274232488656e-18 
 2828       6.043008356834e-12       2.988188899606e-13      -5.271780469529e-13       0.000000000000e+00       4.185941325194e-17       2.651832006368e-17      -1.261250502778e-18 
 2829       6.040845965304e-12       2.975976626394e-13      -5.288632840293e-13       0.000000000000e+00       4.179683550043e-17       2.651627388153e-17      -1.248140900023e-18 
 2830       6.038771232519e-12       2.963600278129e-13      -5.304802829963e-13       0.000000000000e+00       4.173437593223e-17       2.651433734417e-17      -1.234915872916e-18 
 2831       6.036780053737e-12       2.951063570628e-13      -5.320289806077e-13       0.000000000000e+00       4.167203412736e-17       2.651245795218e-17      -1.221587648968e-18 
 2832       6.034868312202e-12       2.938370230888e-13      -5.335093137516e-13       0.000000000000e+00       4.160980966374e-17       2.651058305722e-17      -1.208168490700e-18 
 2833       6.033031879135e-12       2.925523997097e-13      -5.349212194503e-13       0.000000000000e+00       4.154770211726e-17       2.650865986191e-17      -1.194670695679e-18 
 2834       6.031266613719e-12       2.912528618644e-13      -5.362646348604e-13       0.000000000000e+00       4.148571106171e-17       2.650663541973e-17      -1.181106596551e-18 
 2835       6.029568363093e-12       2.899387856127e-13      -5.375394972734e-13       0.000000000000e+00       4.142383606885e-17       2.650445663481e-17      -1.167488561066e-18 
 2836       6.027932962339e-12       2.886105481365e-13      -5.387457441155e-13       0.000000000000e+00       4.136207670834e-17       2.650207026189e-17      -1.153828992113e-18 
 2837       6.026356234471e-12       2.872685277407e-13      -5.398833129482e-13       0.000000000000e+00       4.130043254779e-17       2.649942290613e-17      -1.140140327749e-18 
 2838       6.024833990426e-12       2.859131038545e-13      -5.409521414682e-13       0.000000000000e+00       4.123890315271e-17       2.649646102299e-17      -1.126435041234e-18 
 2839       6.023362029051e-12       2.845446570319e-13      -5.419521675078e-13       0.000000000000e+00       4.117748808656e-17       2.649313091809e-17      -1.112725641056e-18 
 2840       6.021936137093e-12       2.831635689532e-13      -5.428833290349e-13       0.000000000000e+00       4.111618691070e-17       2.648937874711e-17      -1.099024670967e-18 
 2841       6.020552089190e-12       2.817702224256e-13      -5.437455641534e-13       0.000000000000e+00       4.105499918443e-17       2.648515051564e-17      -1.085344710013e-18 
 2842       6.019205647859e-12       2.803650013845e-13      -5.445388111035e-13       0.000000000000e+00       4.099392446495e-17       2.648039207904e-17      -1.071698372562e-18 
 2843       6.017892563483e-12       2.789482908944e-13      -5.452630082617e-13       0.000000000000e+00       4.093296230738e-17       2.647504914230e-17      -1.058098308338e-18 
 2844       6.016608574305e-12       2.775204771498e-13      -5.459180941409e-13       0.000000000000e+00       4.087211226477e-17       2.646906725995e-17      -1.044557202454e-18 
 2845       6.015349406413e-12       2.760819474764e-13      -5.465040073910e-13       0.000000000000e+00       4.081137388805e-17       2.646239183589e-17      -1.031087775437e-18 
 2846       6.014110773731e-12       2.746330903321e-13      -5.470206867989e-13       0.000000000000e+00       4.075074672608e-17       2.645496812326e-17      -1.017702783265e-18 
 2847       6.012888378011e-12       2.731742953077e-13      -5.474680712887e-13       0.000000000000e+00       4.069023032563e-17       2.644674122433e-17      -1.004415017393e-18 
 2848       6.011677908816e-12       2.717059531282e-13      -5.478460999217e-13       0.000000000000e+00       4.062982423136e-17       2.643765609037e-17      -9.912373047883e-19 
 2849       6.010475043514e-12       2.702284556540e-13      -5.481547118973e-13       0.000000000000e+00       4.056952798583e-17       2.642765752148e-17      -9.781825079595e-19 
 2850       6.009275447267e-12       2.687421958812e-13      -5.483938465522e-13       0.000000000000e+00       4.050934112952e-17       2.641669016650e-17      -9.652635249876e-19 
 2851       6.008074773018e-12       2.672475679433e-13      -5.485634433617e-13       0.000000000000e+00       4.044926320079e-17       2.640469852285e-17      -9.524932895572e-19 
 2852       6.006868661483e-12       2.657449671120e-13      -5.486634419390e-13       0.000000000000e+00       4.038929373591e-17       2.639162693643e-17      -9.398847709876e-19 
 2853       6.005652741137e-12       2.642347897981e-13      -5.486937820358e-13       0.000000000000e+00       4.032943226903e-17       2.637741960146e-17      -9.274509742639e-19 
 2854       6.004422628207e-12       2.627174335524e-13      -5.486544035428e-13       0.000000000000e+00       4.026967833221e-17       2.636202056034e-17      -9.152049400678e-19 
 2855       6.003173926659e-12       2.611932970671e-13      -5.485452464892e-13       0.000000000000e+00       4.021003145537e-17       2.634537370356e-17      -9.031597448088e-19 
 2856       6.001902228186e-12       2.596627801765e-13      -5.483662510437e-13       0.000000000000e+00       4.015049116635e-17       2.632742276953e-17      -8.913285006553e-19 
 2857       6.000603112202e-12       2.581262838580e-13      -5.481173575140e-13       0.000000000000e+00       4.009105699086e-17       2.630811134448e-17      -8.797243555656e-19 
 2858       5.999272145825e-12       2.565842102333e-13      -5.477985063476e-13       0.000000000000e+00       4.003172845248e-17       2.628738286228e-17      -8.683604933186e-19 
 2859       5.997904883871e-12       2.550369625693e-13      -5.474096381316e-13       0.000000000000e+00       3.997250507270e-17       2.626518060437e-17      -8.572501335455e-19 
 2860       5.996496868843e-12       2.534849452789e-13      -5.469506935930e-13       0.000000000000e+00       3.991338637087e-17       2.624144769958e-17      -8.464065317601e-19 
 2861       5.995043630916e-12       2.519285639225e-13      -5.464216135991e-13       0.000000000000e+00       3.985437186422e-17       2.621612712403e-17      -8.358429793905e-19 
 2862       5.993540687932e-12       2.503682252085e-13      -5.458223391577e-13       0.000000000000e+00       3.979546106785e-17       2.618916170096e-17      -8.255728038096e-19 
 2863       5.991983545386e-12       2.488043369946e-13      -5.451528114169e-13       0.000000000000e+00       3.973665349475e-17       2.616049410065e-17      -8.156093683665e-19 
 2864       5.990367696415e-12       2.472373082887e-13      -5.444129716658e-13       0.000000000000e+00       3.967794865576e-17       2.613006684025e-17      -8.059660724173e-19 
 2865       5.988688621788e-12       2.456675492500e-13      -5.436027613345e-13       0.000000000000e+00       3.961934605959e-17       2.609782228366e-17      -7.966563513564e-19 
 2866       5.986941789896e-12       2.440954711898e-13      -5.427221219943e-13       0.000000000000e+00       3.956084521283e-17       2.606370264139e-17      -7.876936766472e-19 
 2867       5.985123031233e-12       2.425214724390e-13      -5.417711268941e-13       0.000000000000e+00       3.950244570150e-17       2.602767127521e-17      -7.790855955612e-19 
 2868       5.983229663955e-12       2.409458958687e-13      -5.407503763028e-13       0.000000000000e+00       3.944414743615e-17       2.598977673126e-17      -7.708158170699e-19 
 2869       5.981259374048e-12       2.393690711548e-13      -5.396606041871e-13       0.000000000000e+00       3.938595040805e-17       2.595008903372e-17      -7.628620345027e-19 
 2870       5.979209841355e-12       2.377913288921e-13      -5.385025468606e-13       0.000000000000e+00       3.932785460767e-17       2.590867841006e-17      -7.552018774720e-19 
 2871       5.977078739569e-12       2.362130005958e-13      -5.372769429858e-13       0.000000000000e+00       3.926986002470e-17       2.586561529107e-17      -7.478129118171e-19 
 2872       5.974863736229e-12       2.346344187021e-13      -5.359845335768e-13       0.000000000000e+00       3.921196664807e-17       2.582097031118e-17      -7.406726395483e-19 
 2873       5.972562492714e-12       2.330559165687e-13      -5.346260620007e-13       0.000000000000e+00       3.915417446591e-17       2.577481430854e-17      -7.337584987910e-19 
 2874       5.970172664237e-12       2.314778284761e-13      -5.332022739803e-13       0.000000000000e+00       3.909648346560e-17       2.572721832523e-17      -7.270478637298e-19 
 2875       5.967691899841e-12       2.299004896280e-13      -5.317139175959e-13       0.000000000000e+00       3.903889363371e-17       2.567825360746e-17      -7.205180445523e-19 
 2876       5.965117842396e-12       2.283242361522e-13      -5.301617432878e-13       0.000000000000e+00       3.898140495605e-17       2.562799160572e-17      -7.141462873934e-19 
 2877       5.962448128586e-12       2.267494051016e-13      -5.285465038578e-13       0.000000000000e+00       3.892401741764e-17       2.557650397498e-17      -7.079097742791e-19 
 2878       5.959680388913e-12       2.251763344546e-13      -5.268689544721e-13       0.000000000000e+00       3.886673100272e-17       2.552386257486e-17      -7.017856230710e-19 
 2879       5.956812247686e-12       2.236053631164e-13      -5.251298526629e-13       0.000000000000e+00       3.880954569474e-17       2.547013946980e-17      -6.957508874099e-19 
 2880       5.953841323017e-12       2.220368309195e-13      -5.233299583305e-13       0.000000000000e+00       3.875246147637e-17       2.541540692926e-17      -6.897825566599e-19 
 2881       5.950765226817e-12       2.204710786242e-13      -5.214700337458e-13       0.000000000000e+00       3.869547832949e-17       2.535973742788e-17      -6.838575558529e-19 
 2882       5.947581564789e-12       2.189084479202e-13      -5.195508435523e-13       0.000000000000e+00       3.863859623521e-17       2.530320364568e-17      -6.779527456320e-19 
 2883       5.944287936423e-12       2.173492814267e-13      -5.175731547680e-13       0.000000000000e+00       3.858181517383e-17       2.524587846821e-17      -6.720449221960e-19 
 2884       5.940881934992e-12       2.157939226935e-13      -5.155377367878e-13       0.000000000000e+00       3.852513512488e-17       2.518783498676e-17      -6.661108172434e-19 
 2885       5.937361147547e-12       2.142427162016e-13      -5.134453613856e-13       0.000000000000e+00       3.846855606708e-17       2.512914649852e-17      -6.601270979162e-19 
 2886       5.933723154908e-12       2.126960073644e-13      -5.112968027161e-13       0.000000000000e+00       3.841207797839e-17       2.506988650677e-17      -6.540703667443e-19 
 2887       5.929965531663e-12       2.111541425281e-13      -5.090928373175e-13       0.000000000000e+00       3.835570083594e-17       2.501012872105e-17      -6.479171615892e-19 
 2888       5.926085846162e-12       2.096174689725e-13      -5.068342441132e-13       0.000000000000e+00       3.829942461609e-17       2.494994705734e-17      -6.416439555885e-19 
 2889       5.922081660509e-12       2.080863349121e-13      -5.045218044139e-13       0.000000000000e+00       3.824324929443e-17       2.488941563824e-17      -6.352271570994e-19 
 2890       5.917950530560e-12       2.065610894968e-13      -5.021563019203e-13       0.000000000000e+00       3.818717484570e-17       2.482860879318e-17      -6.286431096432e-19 
 2891       5.913690005916e-12       2.050420828125e-13      -4.997385227243e-13       0.000000000000e+00       3.813120124389e-17       2.476760105854e-17      -6.218680918491e-19 
 2892       5.909297629918e-12       2.035296658821e-13      -4.972692553120e-13       0.000000000000e+00       3.807532846219e-17       2.470646717788e-17      -6.148783173984e-19 
 2893       5.904770939641e-12       2.020241906662e-13      -4.947492905655e-13       0.000000000000e+00       3.801955647297e-17       2.464528210207e-17      -6.076499349684e-19 
 2894       5.900107465891e-12       2.005260100639e-13      -4.921794217647e-13       0.000000000000e+00       3.796388524781e-17       2.458412098955e-17      -6.001590281767e-19 
 2895       5.895304733197e-12       1.990354779138e-13      -4.895604445901e-13       0.000000000000e+00       3.790831475751e-17       2.452305920640e-17      -5.923816155249e-19 
 2896       5.890360259809e-12       1.975529489945e-13      -4.868931571243e-13       0.000000000000e+00       3.785284497205e-17       2.446217232664e-17      -5.842936503429e-19 
 2897       5.885271557688e-12       1.960787790255e-13      -4.841783598545e-13       0.000000000000e+00       3.779747586061e-17       2.440153613229e-17      -5.758710207331e-19 
 2898       5.880036132505e-12       1.946133246681e-13      -4.814168556747e-13       0.000000000000e+00       3.774220739159e-17       2.434122661364e-17      -5.670895495139e-19 
 2899       5.874651483636e-12       1.931569435263e-13      -4.786094498873e-13       0.000000000000e+00       3.768703953256e-17       2.428131996939e-17      -5.579249941644e-19 
 2900       5.869115104150e-12       1.917099941471e-13      -4.757569502059e-13       0.000000000000e+00       3.763197225029e-17       2.422189260683e-17      -5.483530467679e-19 
 2901       5.863424480815e-12       1.902728360219e-13      -4.728601667571e-13       0.000000000000e+00       3.757700551077e-17       2.416302114203e-17      -5.383493339565e-19 
 2902       5.857577094080e-12       1.888458295869e-13      -4.699199120825e-13       0.000000000000e+00       3.752213927917e-17       2.410478240002e-17      -5.278894168544e-19 
 2903       5.851570418082e-12       1.874293362241e-13      -4.669370011410e-13       0.000000000000e+00       3.746737351983e-17       2.404725341493e-17      -5.169487910229e-19 
 2904       5.845401920631e-12       1.860237182621e-13      -4.639122513111e-13       0.000000000000e+00       3.741270819632e-17       2.399051143025e-17      -5.055028864037e-19 
 2905       5.839069063210e-12       1.846293389766e-13      -4.608464823928e-13       0.000000000000e+00       3.735814327139e-17       2.393463389892e-17      -4.935270672632e-19 
 2906       5.832569729563e-12       1.832465283109e-13      -4.577405502619e-13       0.000000000000e+00       3.730367866156e-17       2.387967139135e-17      -4.810056567889e-19 
 2907       5.825903513831e-12       1.818754798457e-13      -4.545954480143e-13       0.000000000000e+00       3.724931410067e-17       2.382556616968e-17      -4.679590606787e-19 
 2908       5.819070438898e-12       1.805163533114e-13      -4.514122053362e-13       0.000000000000e+00       3.719504927568e-17       2.377223320346e-17      -4.544167801407e-19 
 2909       5.812070528386e-12       1.791693088218e-13      -4.481918549001e-13       0.000000000000e+00       3.714088387195e-17       2.371958722442e-17      -4.404083997282e-19 
 2910       5.804903806658e-12       1.778345068751e-13      -4.449354323677e-13       0.000000000000e+00       3.708681757331e-17       2.366754272627e-17      -4.259635874124e-19 
 2911       5.797570298814e-12       1.765121083532e-13      -4.416439763927e-13       0.000000000000e+00       3.703285006198e-17       2.361601396446e-17      -4.111120946545e-19 
 2912       5.790070030698e-12       1.752022745230e-13      -4.383185286229e-13       0.000000000000e+00       3.697898101866e-17       2.356491495601e-17      -3.958837564781e-19 
 2913       5.782403028892e-12       1.739051670361e-13      -4.349601337036e-13       0.000000000000e+00       3.692521012246e-17       2.351415947928e-17      -3.803084915412e-19 
 2914       5.774569320725e-12       1.726209479292e-13      -4.315698392793e-13       0.000000000000e+00       3.687153705091e-17       2.346366107379e-17      -3.644163022085e-19 
 2915       5.766568934265e-12       1.713497796246e-13      -4.281486959971e-13       0.000000000000e+00       3.681796147997e-17       2.341333303998e-17      -3.482372746238e-19 
 2916       5.758401898328e-12       1.700918249304e-13      -4.246977575086e-13       0.000000000000e+00       3.676448308405e-17       2.336308843905e-17      -3.318015787822e-19 
 2917       5.750068242473e-12       1.688472470408e-13      -4.212180804731e-13       0.000000000000e+00       3.671110153595e-17       2.331284009270e-17      -3.151394686022e-19 
 2918       5.741567997004e-12       1.676162095364e-13      -4.177107245599e-13       0.000000000000e+00       3.665781650692e-17       2.326250058297e-17      -2.982812819981e-19 
 2919       5.732901192973e-12       1.663988763847e-13      -4.141767524511e-13       0.000000000000e+00       3.660462766662e-17       2.321198225201e-17      -2.812574409522e-19 
 2920       5.724067862180e-12       1.651954119401e-13      -4.106172298439e-13       0.000000000000e+00       3.655153468312e-17       2.316119720189e-17      -2.640984515871e-19 
 2921       5.715068037171e-12       1.640059809444e-13      -4.070332254535e-13       0.000000000000e+00       3.649853722292e-17       2.311005729438e-17      -2.468349042378e-19 
 2922       5.705901751244e-12       1.628307485271e-13      -4.034258110157e-13       0.000000000000e+00       3.644563495094e-17       2.305847415075e-17      -2.294974735240e-19 
 2923       5.696569038444e-12       1.616698802057e-13      -3.997960612893e-13       0.000000000000e+00       3.639282753051e-17       2.300635915157e-17      -2.121169184225e-19 
 2924       5.687069933570e-12       1.605235418861e-13      -3.961450540588e-13       0.000000000000e+00       3.634011462337e-17       2.295362343649e-17      -1.947240823393e-19 
 2925       5.677404472169e-12       1.593918998626e-13      -3.924738701371e-13       0.000000000000e+00       3.628749588967e-17       2.290017790404e-17      -1.773498931817e-19 
 2926       5.667572690543e-12       1.582751208188e-13      -3.887835933680e-13       0.000000000000e+00       3.623497098798e-17       2.284593321147e-17      -1.600253634311e-19 
 2927       5.657574625747e-12       1.571733718271e-13      -3.850753106291e-13       0.000000000000e+00       3.618253957526e-17       2.279079977444e-17      -1.427815902145e-19 
 2928       5.647410315588e-12       1.560868203499e-13      -3.813501118336e-13       0.000000000000e+00       3.613020130691e-17       2.273468776692e-17      -1.256497553772e-19 
 2929       5.637079798630e-12       1.550156342391e-13      -3.776090899342e-13       0.000000000000e+00       3.607795583669e-17       2.267750712093e-17      -1.086611255552e-19 
 2930       5.626583114192e-12       1.539599817371e-13      -3.738533409243e-13       0.000000000000e+00       3.602580281681e-17       2.261916752635e-17      -9.184705224684e-20 
 2931       5.615920302350e-12       1.529200314766e-13      -3.700839638418e-13       0.000000000000e+00       3.597374189784e-17       2.255957843071e-17      -7.523897188570e-20 
 2932       5.605091403936e-12       1.518959524811e-13      -3.663020607708e-13       0.000000000000e+00       3.592177272879e-17       2.249864903897e-17      -5.886840591246e-20 
 2933       5.594096460540e-12       1.508879141655e-13      -3.625087368450e-13       0.000000000000e+00       3.586989495703e-17       2.243628831335e-17      -4.276696084722e-20 
 2934       5.582935514514e-12       1.498960863358e-13      -3.587051002496e-13       0.000000000000e+00       3.581810822836e-17       2.237240497309e-17      -2.696632836182e-20 
 2935       5.571608608967e-12       1.489206391898e-13      -3.548922622244e-13       0.000000000000e+00       3.576641218697e-17       2.230690749428e-17      -1.149828535202e-20 
 2936       5.560115787768e-12       1.479617433177e-13      -3.510713370662e-13       0.000000000000e+00       3.571480647541e-17       2.223970410960e-17       3.605305990219e-21 
 2937       5.548457095551e-12       1.470195697018e-13      -3.472434421313e-13       0.000000000000e+00       3.566329073468e-17       2.217070280817e-17       1.831249810452e-20 
 2938       5.536632577708e-12       1.460942897169e-13      -3.434096978384e-13       0.000000000000e+00       3.561186460412e-17       2.209981133532e-17       3.259125798981e-20 
 2939       5.524642280397e-12       1.451860751313e-13      -3.395712276711e-13       0.000000000000e+00       3.556052772148e-17       2.202693719237e-17       4.640946713210e-20 
 2940       5.512486250539e-12       1.442950981063e-13      -3.357291581804e-13       0.000000000000e+00       3.550927972290e-17       2.195198763648e-17       5.973492143221e-20 
 2941       5.500164535820e-12       1.434215311968e-13      -3.318846189873e-13       0.000000000000e+00       3.545812024291e-17       2.187486968035e-17       7.253533113357e-20 
 2942       5.487677184690e-12       1.425655473518e-13      -3.280387427856e-13       0.000000000000e+00       3.540704891442e-17       2.179549009212e-17       8.477832074991e-20 
 2943       5.475024246368e-12       1.417273199144e-13      -3.241926653444e-13       0.000000000000e+00       3.535606536871e-17       2.171375539508e-17       9.643142899306e-20 
 2944       5.462205770838e-12       1.409070226225e-13      -3.203475255106e-13       0.000000000000e+00       3.530516923545e-17       2.162957186751e-17       1.074621087007e-19 
 2945       5.449222215998e-12       1.401047857258e-13      -3.165044266513e-13       0.000000000000e+00       3.525436018926e-17       2.154289169853e-17       1.178470142409e-19 
 2946       5.436075671304e-12       1.393205640999e-13      -3.126643207656e-13       0.000000000000e+00       3.520363808956e-17       2.145385170680e-17       1.275999143283e-19 
 2947       5.422768640209e-12       1.385542684770e-13      -3.088281238016e-13       0.000000000000e+00       3.515300284139e-17       2.136263531128e-17       1.367439178815e-19 
 2948       5.409303633586e-12       1.378058092691e-13      -3.049967541665e-13       0.000000000000e+00       3.510245434896e-17       2.126942643828e-17       1.453021992109e-19 
 2949       5.395683169722e-12       1.370750965677e-13      -3.011711327287e-13       0.000000000000e+00       3.505199251558e-17       2.117440952189e-17       1.532979980742e-19 
 2950       5.381909774337e-12       1.363620401434e-13      -2.973521828197e-13       0.000000000000e+00       3.500161724371e-17       2.107776950437e-17       1.607546197334e-19 
 2951       5.367985980582e-12       1.356665494457e-13      -2.935408302365e-13       0.000000000000e+00       3.495132843493e-17       2.097969183667e-17       1.676954350104e-19 
 2952       5.353914329047e-12       1.349885336025e-13      -2.897380032436e-13       0.000000000000e+00       3.490112598996e-17       2.088036247875e-17       1.741438803438e-19 
 2953       5.339697367772e-12       1.343279014200e-13      -2.859446325746e-13       0.000000000000e+00       3.485100980864e-17       2.077996790012e-17       1.801234578444e-19 
 2954       5.325337652247e-12       1.336845613827e-13      -2.821616514350e-13       0.000000000000e+00       3.480097978995e-17       2.067869508021e-17       1.856577353522e-19 
 2955       5.310837745423e-12       1.330584216523e-13      -2.783899955039e-13       0.000000000000e+00       3.475103583200e-17       2.057673150882e-17       1.907703464918e-19 
 2956       5.296200217717e-12       1.324493900681e-13      -2.746306029361e-13       0.000000000000e+00       3.470117783202e-17       2.047426518654e-17       1.954849907293e-19 
 2957       5.281427647017e-12       1.318573741466e-13      -2.708844143639e-13       0.000000000000e+00       3.465140568635e-17       2.037148462522e-17       1.998254334282e-19 
 2958       5.266522618692e-12       1.312822810809e-13      -2.671523728998e-13       0.000000000000e+00       3.460171929050e-17       2.026857884835e-17       2.038155059055e-19 
 2959       5.251487725595e-12       1.307240177407e-13      -2.634354241382e-13       0.000000000000e+00       3.455211853905e-17       2.016573739154e-17       2.074791054881e-19 
 2960       5.236325568070e-12       1.301824906718e-13      -2.597345161573e-13       0.000000000000e+00       3.450260332575e-17       2.006315030292e-17       2.108401955692e-19 
 2961       5.221038753962e-12       1.296576060960e-13      -2.560505995216e-13       0.000000000000e+00       3.445317354344e-17       1.996100814360e-17       2.139228056640e-19 
 2962       5.205629898618e-12       1.291492699107e-13      -2.523846272836e-13       0.000000000000e+00       3.440382908409e-17       1.985950198808e-17       2.167510314662e-19 
 2963       5.190101624896e-12       1.286573876887e-13      -2.487375549863e-13       0.000000000000e+00       3.435456983881e-17       1.975882342469e-17       2.193490349044e-19 
 2964       5.174456563175e-12       1.281818646777e-13      -2.451103406646e-13       0.000000000000e+00       3.430539569781e-17       1.965916455602e-17       2.217410441979e-19 
 2965       5.158697351354e-12       1.277226058001e-13      -2.415039448482e-13       0.000000000000e+00       3.425630655041e-17       1.956071799938e-17       2.239513539132e-19 
 2966       5.142826634864e-12       1.272795156529e-13      -2.379193305630e-13       0.000000000000e+00       3.420730228507e-17       1.946367688719e-17       2.260043250202e-19 
 2967       5.126847066675e-12       1.268524985072e-13      -2.343574633335e-13       0.000000000000e+00       3.415838278935e-17       1.936823486743e-17       2.279243849482e-19 
 2968       5.110761307296e-12       1.264414583078e-13      -2.308193111849e-13       0.000000000000e+00       3.410954794994e-17       1.927458610409e-17       2.297360276425e-19 
 2969       5.094572024791e-12       1.260462986733e-13      -2.273058446450e-13       0.000000000000e+00       3.406079765264e-17       1.918292527759e-17       2.314638136201e-19 
 2970       5.078281894776e-12       1.256669228954e-13      -2.238180367463e-13       0.000000000000e+00       3.401213178235e-17       1.909344758519e-17       2.331323700263e-19 
 2971       5.061893600432e-12       1.253032339387e-13      -2.203568630284e-13       0.000000000000e+00       3.396355022310e-17       1.900634874147e-17       2.347663906907e-19 
 2972       5.045409832508e-12       1.249551344407e-13      -2.169233015396e-13       0.000000000000e+00       3.391505285802e-17       1.892182497873e-17       2.363906361838e-19 
 2973       5.028833289331e-12       1.246225267111e-13      -2.135183328392e-13       0.000000000000e+00       3.386663956937e-17       1.884007304742e-17       2.380299338725e-19 
 2974       5.012166676808e-12       1.243053127318e-13      -2.101429399997e-13       0.000000000000e+00       3.381831023849e-17       1.876129021658e-17       2.397091779770e-19 
 2975       4.995412708434e-12       1.240033941564e-13      -2.067981086085e-13       0.000000000000e+00       3.377006474587e-17       1.868567427431e-17       2.414533296267e-19 
 2976       4.978574105302e-12       1.237166723100e-13      -2.034848267706e-13       0.000000000000e+00       3.372190297106e-17       1.861342352812e-17       2.432874169163e-19 
 2977       4.961653596102e-12       1.234450481890e-13      -2.002040851098e-13       0.000000000000e+00       3.367382479275e-17       1.854473680545e-17       2.452365349623e-19 
 2978       4.944653917137e-12       1.231884224607e-13      -1.969568767718e-13       0.000000000000e+00       3.362583008874e-17       1.847981345406e-17       2.473258459591e-19 
 2979       4.927577812321e-12       1.229466954628e-13      -1.937441974253e-13       0.000000000000e+00       3.357791873591e-17       1.841885334243e-17       2.495805792350e-19 
 2980       4.910428033190e-12       1.227197672036e-13      -1.905670452648e-13       0.000000000000e+00       3.353009061026e-17       1.836205686028e-17       2.520260313088e-19 
 2981       4.893207338907e-12       1.225075373613e-13      -1.874264210123e-13       0.000000000000e+00       3.348234558689e-17       1.830962491893e-17       2.546875659457e-19 
 2982       4.875918496269e-12       1.223099052839e-13      -1.843233279194e-13       0.000000000000e+00       3.343468354001e-17       1.826175895175e-17       2.575906142137e-19 
 2983       4.858564279713e-12       1.221267699887e-13      -1.812587717696e-13       0.000000000000e+00       3.338710434292e-17       1.821866091461e-17       2.607606745395e-19 
 2984       4.841146541149e-12       1.219580725526e-13      -1.782334617286e-13       0.000000000000e+00       3.333960800427e-17       1.818047089798e-17       2.642152108110e-19 
 2985       4.823663414463e-12       1.218039235104e-13      -1.752469112881e-13       0.000000000000e+00       3.329219507754e-17       1.814707962783e-17       2.679393031284e-19 
 2986       4.806112097303e-12       1.216644760808e-13      -1.722983329131e-13       0.000000000000e+00       3.324486625352e-17       1.811831504531e-17       2.719098776504e-19 
 2987       4.788489780007e-12       1.215398838337e-13      -1.693869367913e-13       0.000000000000e+00       3.319762222435e-17       1.809400461104e-17       2.761037976404e-19 
 2988       4.770793645588e-12       1.214303006902e-13      -1.665119308304e-13       0.000000000000e+00       3.315046368341e-17       1.807397530470e-17       2.804978634133e-19 
 2989       4.753020869737e-12       1.213358809229e-13      -1.636725206566e-13       0.000000000000e+00       3.310339132540e-17       1.805805362464e-17       2.850688122829e-19 
 2990       4.735168620809e-12       1.212567791560e-13      -1.608679096128e-13       0.000000000000e+00       3.305640584632e-17       1.804606558746e-17       2.897933185087e-19 
 2991       4.717234059825e-12       1.211931503659e-13      -1.580972987562e-13       0.000000000000e+00       3.300950794345e-17       1.803783672763e-17       2.946479932431e-19 
 2992       4.699214340458e-12       1.211451498815e-13      -1.553598868564e-13       0.000000000000e+00       3.296269831538e-17       1.803319209701e-17       2.996093844784e-19 
 2993       4.681106609031e-12       1.211129333839e-13      -1.526548703939e-13       0.000000000000e+00       3.291597766198e-17       1.803195626455e-17       3.046539769939e-19 
 2994       4.662908004511e-12       1.210966569074e-13      -1.499814435577e-13       0.000000000000e+00       3.286934668444e-17       1.803395331579e-17       3.097581923030e-19 
 2995       4.644615658502e-12       1.210964768394e-13      -1.473387982434e-13       0.000000000000e+00       3.282280608523e-17       1.803900685248e-17       3.148983886000e-19 
 2996       4.626226695240e-12       1.211125499207e-13      -1.447261240514e-13       0.000000000000e+00       3.277635656813e-17       1.804693999221e-17       3.200508607077e-19 
 2997       4.607738231586e-12       1.211450332458e-13      -1.421426082849e-13       0.000000000000e+00       3.272999883821e-17       1.805757536794e-17       3.251918400239e-19 
 2998       4.589147377018e-12       1.211940842632e-13      -1.395874359479e-13       0.000000000000e+00       3.268373360187e-17       1.807073512765e-17       3.302974944687e-19 
 2999       4.570451233629e-12       1.212598607757e-13      -1.370597897432e-13       0.000000000000e+00       3.263756156677e-17       1.808624093388e-17       3.353439284315e-19 
 3000       4.551646896119e-12       1.213425209407e-13      -1.345588500706e-13       0.000000000000e+00       3.259148344192e-17       1.810391396337e-17       3.403071827182e-19 
