# l   Dl_TT   Dl_TE   Dl_EE
0.000000000000000000e+00 0.000000000000000000e+00 0.000000000000000000e+00 0.000000000000000000e+00
1.000000000000000000e+00 0.000000000000000000e+00 0.000000000000000000e+00 0.000000000000000000e+00
2.000000000000000000e+00 1.326852971117979223e+02 3.379758713909028489e-01 3.980700374798301980e-03
3.000000000000000000e+00 1.255341790246245210e+02 3.798508034516357990e-01 5.104248572088397953e-03
4.000000000000000000e+00 1.187703275888959240e+02 3.555103719799553863e-01 4.416458655784303439e-03
5.000000000000000000e+00 1.137041092723571296e+02 3.030917915862496037e-01 2.947516476935222070e-03
6.000000000000000000e+00 1.102186475998596364e+02 2.444242400575280527e-01 1.649464240544352457e-03
7.000000000000000000e+00 1.080007952341257464e+02 1.922140688099478467e-01 8.922952470790001438e-04
8.000000000000000000e+00 1.066622279817571837e+02 1.520870433984204684e-01 5.756814241828635097e-04
9.000000000000000000e+00 1.060227622421932239e+02 1.253299443694172455e-01 4.619864671822294304e-04
1.000000000000000000e+01 1.059053978870743009e+02 1.106545159934165384e-01 3.953833249856476243e-04
1.100000000000000000e+01 1.061534066009023860e+02 1.055506111330394708e-01 3.363699661623851134e-04
1.200000000000000000e+01 1.067456113240427698e+02 1.071270728427114877e-01 2.987205802452898989e-04
1.300000000000000000e+01 1.075493647790347893e+02 1.127153129208911531e-01 2.917815521835217976e-04
1.400000000000000000e+01 1.085050828382555608e+02 1.203699081736383791e-01 3.076944348983515556e-04
1.500000000000000000e+01 1.096381468071406147e+02 1.288509735128448297e-01 3.358276141761753261e-04
1.600000000000000000e+01 1.109182020355492284e+02 1.374788010919808234e-01 3.745275192852262972e-04
1.700000000000000000e+01 1.122771241162689222e+02 1.461147006039530127e-01 4.293142899171623560e-04
1.800000000000000000e+01 1.137302866195772992e+02 1.549049221395771836e-01 5.052870090214325698e-04
1.900000000000000000e+01 1.152856636104994124e+02 1.640639227675629308e-01 6.027693343411415390e-04
2.000000000000000000e+01 1.168882667156391761e+02 1.737756706773501969e-01 7.198980415215693431e-04
2.100000000000000000e+01 1.185498630727994254e+02 1.839464150664374409e-01 8.561073388232774261e-04
2.200000000000000000e+01 1.202727337150374183e+02 1.943298993455820634e-01 1.010972939925490911e-03
2.300000000000000000e+01 1.220512201585734715e+02 2.046695625598256574e-01 1.184734620301178916e-03
2.400000000000000000e+01 1.238579932941441939e+02 2.146525078453915547e-01 1.377699619994555069e-03
2.500000000000000000e+01 1.256970210675394810e+02 2.239464492766209958e-01 1.590211722809597343e-03
2.600000000000000000e+01 1.275688138256280126e+02 2.322314746283620224e-01 1.822788467660178694e-03
2.700000000000000000e+01 1.294807310491268879e+02 2.394599238292537402e-01 2.077166110473091694e-03
2.800000000000000000e+01 1.314320395724377306e+02 2.456847544396716099e-01 2.355488936552064400e-03
2.900000000000000000e+01 1.334256866664724441e+02 2.509336091582703987e-01 2.659322729242484529e-03
3.000000000000000000e+01 1.354525127214101019e+02 2.552485612111858870e-01 2.990093057985056084e-03
3.100000000000000000e+01 1.374934397243738715e+02 2.586831236710038229e-01 3.349140500895574600e-03
3.200000000000000000e+01 1.395528668087946187e+02 2.612309631095836027e-01 3.737273691678981175e-03
3.300000000000000000e+01 1.416353151022552197e+02 2.628713808057555612e-01 4.155030403831439303e-03
3.400000000000000000e+01 1.437386168829240205e+02 2.635619215412264849e-01 4.602914882675240675e-03
3.500000000000000000e+01 1.458644874688963284e+02 2.631486913145617001e-01 5.081869581220961260e-03
3.600000000000000000e+01 1.480099865559557486e+02 2.614214847773865258e-01 5.592962126239541323e-03
3.700000000000000000e+01 1.501685083149541811e+02 2.581833603136229893e-01 6.137213796846965885e-03
3.800000000000000000e+01 1.523458194213748413e+02 2.534169639023722276e-01 6.715438360985358582e-03
3.900000000000000000e+01 1.545482390070496024e+02 2.471734686182546215e-01 7.328345024000431848e-03
4.000000000000000000e+01 1.567777075637526423e+02 2.395301077919284871e-01 7.976576065623066855e-03
4.100000000000000000e+01 1.590328966593705786e+02 2.305630514080656279e-01 8.660717688890704966e-03
4.200000000000000000e+01 1.613141722068570800e+02 2.202515565686771204e-01 9.381347195913707082e-03
4.300000000000000000e+01 1.636194069496798988e+02 2.085453170053371552e-01 1.013899390062360066e-02
4.400000000000000000e+01 1.659421297956036483e+02 1.953901362228727678e-01 1.093412207062846586e-02
4.500000000000000000e+01 1.682748430262942918e+02 1.807303380656193892e-01 1.176715973737399099e-02
4.600000000000000000e+01 1.706210723654740491e+02 1.645177378660606093e-01 1.263860311990563749e-02
4.700000000000000000e+01 1.729862583122688875e+02 1.467047180396758854e-01 1.354893784537326666e-02
4.800000000000000000e+01 1.753741923740793709e+02 1.272414692997767272e-01 1.449860818014059478e-02
4.900000000000000000e+01 1.777868418491594582e+02 1.060757775290021993e-01 1.548801560070870234e-02
5.000000000000000000e+01 1.802248196272258838e+02 8.316118459824894948e-02 1.651747093065638120e-02
5.100000000000000000e+01 1.826893504318975374e+02 5.848457674365064446e-02 1.758703875073957049e-02
5.200000000000000000e+01 1.851805354184860732e+02 3.204571633698369976e-02 1.869664828542589446e-02
5.300000000000000000e+01 1.876966123760871881e+02 3.849699090231547757e-03 1.984613261721047267e-02
5.400000000000000000e+01 1.902338108639494578e+02 -2.609286500480532262e-02 2.103522507241080072e-02
5.500000000000000000e+01 1.927881531406255533e+02 -5.777106490666895217e-02 2.226363161245045394e-02
5.600000000000000000e+01 1.953617127274978031e+02 -9.119125930696622695e-02 2.353127734680798486e-02
5.700000000000000000e+01 1.979576568667648928e+02 -1.263635538773485167e-01 2.483811492861259448e-02
5.800000000000000000e+01 2.005783693968330681e+02 -1.632968181177237021e-01 2.618405327581228154e-02
5.900000000000000000e+01 2.032253816987937114e+02 -2.019987145791047323e-01 2.756895691822160155e-02
6.000000000000000000e+01 2.058993036428996959e+02 -2.424757280864581477e-01 2.899264534456930803e-02
6.100000000000000000e+01 2.086003016225527062e+02 -2.847311150900471710e-01 3.045481860841892097e-02
6.200000000000000000e+01 2.113298142616716859e+02 -3.287581477336968261e-01 3.195481610989996807e-02
6.300000000000000000e+01 2.140891010321800820e+02 -3.745453983003038112e-01 3.349180226486333373e-02
6.400000000000000000e+01 2.168786784783031294e+02 -4.220786492280619306e-01 3.506483253480966594e-02
6.500000000000000000e+01 2.196982685217179778e+02 -4.713408563405599438e-01 3.667285043418685997e-02
6.600000000000000000e+01 2.225467467667037624e+02 -5.223121120768803305e-01 3.831468453768757665e-02
6.700000000000000000e+01 2.254220908052919299e+02 -5.749696087216980001e-01 3.998904548754673993e-02
6.800000000000000000e+01 2.283223176284421641e+02 -6.292886880758742363e-01 4.169463725761939771e-02
6.900000000000000000e+01 2.312486319801023740e+02 -6.852463196411010538e-01 4.343052381496782799e-02
7.000000000000000000e+01 2.342028260068040026e+02 -7.428182643901537485e-01 4.519583171870304728e-02
7.100000000000000000e+01 2.371863206714813543e+02 -8.019780418616505591e-01 4.698964236754895468e-02
7.200000000000000000e+01 2.402001393554505171e+02 -8.626969211763521050e-01 4.881099192930810765e-02
7.300000000000000000e+01 2.432448814603890526e+02 -9.249439120534632686e-01 5.065887127032746989e-02
7.400000000000000000e+01 2.463206960103154017e+02 -9.886857558269317447e-01 5.253222588496427037e-02
7.500000000000000000e+01 2.494272552535678926e+02 -1.053886916461750811e+00 5.442995582505175817e-02
7.600000000000000000e+01 2.525641447343938069e+02 -1.120509924681803104e+00 5.635087101423003064e-02
7.700000000000000000e+01 2.557321739815689341e+02 -1.188516502660073471e+00 5.829354793934669876e-02
7.800000000000000000e+01 2.589322579807417242e+02 -1.257866629052415641e+00 6.025644657648157598e-02
7.900000000000000000e+01 2.621650043393012197e+02 -1.328518202365920997e+00 6.223795171825638461e-02
8.000000000000000000e+01 2.654306954284027711e+02 -1.400427039216058045e+00 6.423637198843107354e-02
8.100000000000000000e+01 2.687292705249943765e+02 -1.473546872583810563e+00 6.624993885650014291e-02
8.200000000000000000e+01 2.720603079538425959e+02 -1.547829350072816634e+00 6.827680565228903820e-02
8.300000000000000000e+01 2.754230072295584932e+02 -1.623224032166507902e+00 7.031504658055034995e-02
8.400000000000000000e+01 2.788165508278974016e+02 -1.699679097028242047e+00 7.236272192843012929e-02
8.500000000000000000e+01 2.822412975259433097e+02 -1.777143592967046715e+00 7.441808826683976585e-02
8.600000000000000000e+01 2.856977550705512385e+02 -1.855565557923705367e+00 7.647942145135076808e-02
8.700000000000000000e+01 2.891862068299918178e+02 -1.934891356110744809e+00 7.854495365282350428e-02
8.800000000000000000e+01 2.927067003163014647e+02 -2.015065688144246359e+00 8.061287348448872847e-02
8.900000000000000000e+01 2.962590357076325063e+02 -2.096031601175656345e+00 8.268132612902912015e-02
9.000000000000000000e+01 2.998427543706025062e+02 -2.177730499023597499e+00 8.474841346566072686e-02
9.100000000000000000e+01 3.034571273826451829e+02 -2.260102152305678125e+00 8.681219419721464270e-02
9.200000000000000000e+01 3.071011440543592244e+02 -2.343084708570305263e+00 8.887068397721833990e-02
9.300000000000000000e+01 3.107738355491183597e+02 -2.426615242992356425e+00 9.092188718338070630e-02
9.400000000000000000e+01 3.144753263483385695e+02 -2.510631483196818614e+00 9.296389742842627035e-02
9.500000000000000000e+01 3.182059204414704254e+02 -2.595070363788521295e+00 9.499481247139809903e-02
9.600000000000000000e+01 3.219657735337090116e+02 -2.679867526219360307e+00 9.701270447215640247e-02
9.700000000000000000e+01 3.257548861681688663e+02 -2.764957336340346572e+00 9.901562055286497466e-02
9.800000000000000000e+01 3.295730968480597198e+02 -2.850272901953641913e+00 1.010015833594778006e-01
9.900000000000000000e+01 3.334200751588608682e+02 -2.935746090364606431e+00 1.029685916232254556e-01
1.000000000000000000e+02 3.372953148904965701e+02 -3.021307545933836991e+00 1.049146207221016841e-01
1.010000000000000000e+02 3.411981271595109888e+02 -3.106886707629213262e+00 1.068376232423499800e-01
1.020000000000000000e+02 3.451276335312434753e+02 -3.192411826577935763e+00 1.087355295399498045e-01
1.030000000000000000e+02 3.490827591420034537e+02 -3.277809983618572787e+00 1.106062483021035131e-01
1.040000000000000000e+02 3.530624531865715312e+02 -3.363007877455254313e+00 1.124477207234481219e-01
1.050000000000000000e+02 3.570663991156334305e+02 -3.447934272570354786e+00 1.142580901601378263e-01
1.060000000000000000e+02 3.610943880000525610e+02 -3.532517916250557111e+00 1.160355565470154449e-01
1.070000000000000000e+02 3.651460954061336110e+02 -3.616686823220027325e+00 1.177783259661924348e-01
1.080000000000000000e+02 3.692210770163176790e+02 -3.700368301660613479e+00 1.194846117977080846e-01
1.090000000000000000e+02 3.733187642498778018e+02 -3.783488979232052074e+00 1.211526358701890821e-01
1.100000000000000000e+02 3.774384598836131772e+02 -3.865974829092150511e+00 1.227806296115085127e-01
1.110000000000000000e+02 3.815793336725453173e+02 -3.947751195917000633e+00 1.243668351994455246e-01
1.120000000000000000e+02 3.857404179706125547e+02 -4.028742821921165174e+00 1.259095067123443545e-01
1.130000000000000000e+02 3.899206033513652301e+02 -4.108873872877880196e+00 1.274069112797737435e-01
1.140000000000000000e+02 3.941186342286612216e+02 -4.188067964139256638e+00 1.288573302331864345e-01
1.150000000000000000e+02 3.983331044773609051e+02 -4.266248186656472541e+00 1.302590602565781575e-01
1.160000000000000000e+02 4.025626525494843690e+02 -4.343338061943219586e+00 1.316104622909662070e-01
1.170000000000000000e+02 4.068065830979097086e+02 -4.419264483055759918e+00 1.329101125332391997e-01
1.180000000000000000e+02 4.110643130585068548e+02 -4.493955181707110391e+00 1.341566720421452918e-01
1.190000000000000000e+02 4.153351763302150061e+02 -4.567337865179315060e+00 1.353488421829312782e-01
1.200000000000000000e+02 4.196184211596232103e+02 -4.639340250557111744e+00 1.364853662002281920e-01
1.210000000000000000e+02 4.239132075255517407e+02 -4.709890098961591498e+00 1.375650307909372649e-01
1.220000000000000000e+02 4.282186045236325640e+02 -4.778915249783878494e+00 1.385866676771158323e-01
1.230000000000000000e+02 4.325335877508895237e+02 -4.846343654918777943e+00 1.395491551788630158e-01
1.240000000000000000e+02 4.368570366903202853e+02 -4.912103412998460428e+00 1.404514197872057113e-01
1.250000000000000000e+02 4.411877320954760648e+02 -4.976122803626116919e+00 1.412924377369844386e-01
1.260000000000000000e+02 4.455243533750424945e+02 -5.038330321609618245e+00 1.420712365797387744e-01
1.270000000000000000e+02 4.498654759774213403e+02 -5.098654711195205635e+00 1.427868967565938396e-01
1.280000000000000000e+02 4.542095687753098332e+02 -5.157025000301131534e+00 1.434385531711456496e-01
1.290000000000000000e+02 4.585551436506587493e+02 -5.213371284163407005e+00 1.440254345606138686e-01
1.300000000000000000e+02 4.629012283579474456e+02 -5.267627100756016034e+00 1.445469831516852377e-01
1.310000000000000000e+02 4.672469408334674768e+02 -5.319727381864581162e+00 1.450027511645855527e-01
1.320000000000000000e+02 4.715913401335541266e+02 -5.369607766239941959e+00 1.453923660166853427e-01
1.330000000000000000e+02 4.759334249082576775e+02 -5.417204639194340920e+00 1.457155321658560321e-01
1.340000000000000000e+02 4.802721318750143951e+02 -5.462455172197607567e+00 1.459720329538267136e-01
1.350000000000000000e+02 4.846063342923175128e+02 -5.505297362473336342e+00 1.461617324495401715e-01
1.360000000000000000e+02 4.889348404333886151e+02 -5.545670072595085820e+00 1.462845772925096266e-01
1.370000000000000000e+02 4.932563920598485652e+02 -5.583513070082550378e+00 1.463405985361752037e-01
1.380000000000000000e+02 4.975696628953886602e+02 -5.618767066997760296e+00 1.463299134912601218e-01
1.390000000000000000e+02 5.018732570994418438e+02 -5.651373759541251651e+00 1.462527275691272999e-01
1.400000000000000000e+02 5.061657077408532928e+02 -5.681275867648258426e+00 1.461093361251357414e-01
1.410000000000000000e+02 5.104454752715524251e+02 -5.708417174584905496e+00 1.459001263019970851e-01
1.420000000000000000e+02 5.147109460002230890e+02 -5.732742566544380303e+00 1.456255788731319056e-01
1.430000000000000000e+02 5.189604305659751162e+02 -5.754198072243128514e+00 1.452862700860261813e-01
1.440000000000000000e+02 5.231922975433195688e+02 -5.772731416869351762e+00 1.448828759497038932e-01
1.450000000000000000e+02 5.274053923243393456e+02 -5.788293661886401154e+00 1.444161816820001276e-01
1.460000000000000000e+02 5.315986568234592369e+02 -5.800837802915195240e+00 1.438870767021351860e-01
1.470000000000000000e+02 5.357709973112451962e+02 -5.810318312073878388e+00 1.432965541111911878e-01
1.480000000000000000e+02 5.399212836646926235e+02 -5.816691180530069616e+00 1.426457125495150802e-01
1.490000000000000000e+02 5.440483486175143071e+02 -5.819913961053087448e+00 1.419357580541219799e-01
1.500000000000000000e+02 5.481509870104281390e+02 -5.819945810566184541e+00 1.411680059160979606e-01
1.510000000000000000e+02 5.522279550414440337e+02 -5.816747532698782308e+00 1.403438825380033950e-01
1.520000000000000000e+02 5.562779695161536893e+02 -5.810281620338705544e+00 1.394649272912759086e-01
1.530000000000000000e+02 5.602997070980161425e+02 -5.800512298184410831e+00 1.385327943736334444e-01
1.540000000000000000e+02 5.642918035586473025e+02 -5.787405565297223831e+00 1.375492546664773552e-01
1.550000000000000000e+02 5.682528530281064150e+02 -5.770929237653571242e+00 1.365161975922956072e-01
1.560000000000000000e+02 5.721814072451846869e+02 -5.751052990697211875e+00 1.354356329720656504e-01
1.570000000000000000e+02 5.760759748076934557e+02 -5.727748401891476604e+00 1.343096928826577052e-01
1.580000000000000000e+02 5.799350204227500853e+02 -5.700988993271489669e+00 1.331406335142377717e-01
1.590000000000000000e+02 5.837569641570684098e+02 -5.670750273996412183e+00 1.319308370276706666e-01
1.600000000000000000e+02 5.875401806872441739e+02 -5.637009782901674981e+00 1.306828134119230322e-01
1.610000000000000000e+02 5.912831110335275753e+02 -5.599746858751986522e+00 1.293991353652321763e-01
1.620000000000000000e+02 5.949846104390422852e+02 -5.558941838835120386e+00 1.280822325677813955e-01
1.630000000000000000e+02 5.986436299648547674e+02 -5.514576870491656457e+00 1.267345826810994669e-01
1.640000000000000000e+02 6.022591065430444814e+02 -5.466636218011053927e+00 1.253587782249504790e-01
1.650000000000000000e+02 6.058299627445153419e+02 -5.415106303931080944e+00 1.239575281265877932e-01
1.660000000000000000e+02 6.093551065468051320e+02 -5.359975750337219402e+00 1.225336592700078803e-01
1.670000000000000000e+02 6.128334311018957123e+02 -5.301235420162092815e+00 1.210901180452041564e-01
1.680000000000000000e+02 6.162638145040233439e+02 -5.238878458484886202e+00 1.196299718974209308e-01
1.690000000000000000e+02 6.196451195574885560e+02 -5.172900333830755315e+00 1.181564108764070614e-01
1.700000000000000000e+02 6.229761935444670371e+02 -5.103298879470261618e+00 1.166727491856700966e-01
1.710000000000000000e+02 6.262558679928184802e+02 -5.030074334718769968e+00 1.151824267317298478e-01
1.720000000000000000e+02 6.294829584438980419e+02 -4.953229386235886267e+00 1.136890106733724898e-01
1.730000000000000000e+02 6.326562642203655287e+02 -4.872769209324864903e+00 1.121961969709041190e-01
1.740000000000000000e+02 6.357745681939958331e+02 -4.788701509232032194e+00 1.107078119354049789e-01
1.750000000000000000e+02 6.388366365534899387e+02 -4.701036562446205380e+00 1.092278137779830322e-01
1.760000000000000000e+02 6.418412185722830827e+02 -4.609787257998104515e+00 1.077602941590278945e-01
1.770000000000000000e+02 6.447870463763572388e+02 -4.514969138759785672e+00 1.063094797374647960e-01
1.780000000000000000e+02 6.476728347120493936e+02 -4.416600442744041288e+00 1.048797337200082086e-01
1.790000000000000000e+02 6.504972807138624376e+02 -4.314702144403833373e+00 1.034755574104159193e-01
1.800000000000000000e+02 6.532591504181461914e+02 -4.209296369723113607e+00 1.021014161717800767e-01
1.810000000000000000e+02 6.559575464792637831e+02 -4.100401414338588957e+00 1.007611986071627885e-01
1.820000000000000000e+02 6.585916613373682367e+02 -3.988036407803762895e+00 9.945871726518248912e-02
1.830000000000000000e+02 6.611606924715598552e+02 -3.872222939268747943e+00 9.819788125990537575e-02
1.840000000000000000e+02 6.636638424872026008e+02 -3.752985092789966171e+00 9.698269717337024143e-02
1.850000000000000000e+02 6.661003192032393372e+02 -3.630349482639850134e+00 9.581726995811309933e-02
1.860000000000000000e+02 6.684693357395077555e+02 -3.504345288616537601e+00 9.470580383969175176e-02
1.870000000000000000e+02 6.707701106040574359e+02 -3.375004291353577379e+00 9.365260321921078934e-02
1.880000000000000000e+02 6.730018677804656591e+02 -3.242360907629628475e+00 9.266207357584600735e-02
1.890000000000000000e+02 6.751638368151532177e+02 -3.106452225678158374e+00 9.173872236936937707e-02
1.900000000000000000e+02 6.772552529046997734e+02 -2.967318040497144427e+00 9.088715994267360099e-02
1.910000000000000000e+02 6.792753569831626237e+02 -2.825000889158774786e+00 9.011210042429684819e-02
1.920000000000000000e+02 6.812233958093894444e+02 -2.679546086119146242e+00 8.941836263094744830e-02
1.930000000000000000e+02 6.830986220543369427e+02 -2.531001758527966494e+00 8.881087097002871023e-02
1.940000000000000000e+02 6.849002943883853050e+02 -2.379418881538252428e+00 8.829465634216346337e-02
1.950000000000000000e+02 6.866276775686558267e+02 -2.224851313616033721e+00 8.787485704371900130e-02
1.960000000000000000e+02 6.882800425263257011e+02 -2.067355831850048009e+00 8.755671966933147032e-02
1.970000000000000000e+02 6.898566664539447402e+02 -1.906992167261446713e+00 8.734560001443089639e-02
1.980000000000000000e+02 6.913568328927514131e+02 -1.743823040113488210e+00 8.724696397776571244e-02
1.990000000000000000e+02 6.927798318199889991e+02 -1.577914195221246318e+00 8.726638846392750781e-02
2.000000000000000000e+02 6.941249597362218537e+02 -1.409334437261303030e+00 8.740956228587583310e-02
2.010000000000000000e+02 6.953915742960354009e+02 -1.238152122370845376e+00 8.768199181025768119e-02
2.020000000000000000e+02 6.965792623672691661e+02 -1.064424280239122167e+00 8.808809258525615582e-02
2.030000000000000000e+02 6.976876841588032221e+02 -8.882067821846638678e-01 8.863203449168599590e-02
2.040000000000000000e+02 6.987165200030750611e+02 -7.095578397041550911e-01 8.931803119795164725e-02
2.050000000000000000e+02 6.996654706045987950e+02 -5.285380293086292536e-01 9.015034018993346721e-02
2.060000000000000000e+02 7.005342572884854917e+02 -3.452103173596637875e-01 9.113326280087410969e-02
2.070000000000000000e+02 7.013226222489641941e+02 -1.596400849055739923e-01 9.227114424126485470e-02
2.080000000000000000e+02 7.020303287979005518e+02 2.810484748239177460e-02 9.356837362873174357e-02
2.090000000000000000e+02 7.026571616133180669e+02 2.179541948738579205e-01 9.502938401792204726e-02
2.100000000000000000e+02 7.032029269879184312e+02 4.098351831431266690e-01 9.665865243039062360e-02
2.110000000000000000e+02 7.036674530776002712e+02 6.036725241329841118e-01 9.846069988448594157e-02
2.120000000000000000e+02 7.040505901499810761e+02 7.993883908185038800e-01 1.004400914252367438e-01
2.130000000000000000e+02 7.043522108329158300e+02 9.969023924708556583e-01 1.026014361542380154e-01
2.140000000000000000e+02 7.045722103630182573e+02 1.196131549821107143e+00 1.049493872595375493e-01
2.150000000000000000e+02 7.047105068341803644e+02 1.396990270224032216e+00 1.074886420455221092e-01
2.160000000000000000e+02 7.047670414460926622e+02 1.599390322821913957e+00 1.102239419628037037e-01
2.170000000000000000e+02 7.047417787527643895e+02 1.803240813708352208e+00 1.131600726381060962e-01
2.180000000000000000e+02 7.046347069110436223e+02 2.008448161092068585e+00 1.163018639041508706e-01
2.190000000000000000e+02 7.044458379291376104e+02 2.214916070460709818e+00 1.196541898295438722e-01
2.200000000000000000e+02 7.041752079151325461e+02 2.422545509744655323e+00 1.232219687486613841e-01
2.210000000000000000e+02 7.038228773255140140e+02 2.631234684480822317e+00 1.270101632915366374e-01
2.220000000000000000e+02 7.033889312136874423e+02 2.840879012976471607e+00 1.310237804137459605e-01
2.230000000000000000e+02 7.028734794784968472e+02 3.051371101473009162e+00 1.352678714262951498e-01
2.240000000000000000e+02 7.022766692747723027e+02 3.262606567558628878e+00 1.397471502711475078e-01
2.250000000000000000e+02 7.015987226166413393e+02 3.474501977810658726e+00 1.444648210198674620e-01
2.260000000000000000e+02 7.008399016732563496e+02 3.686978015509967399e+00 1.494236750382638423e-01
2.270000000000000000e+02 7.000004970999793841e+02 3.899953725217132128e+00 1.546264650901005011e-01
2.280000000000000000e+02 6.990808283158571612e+02 4.113346501860648985e+00 1.600759044580431778e-01
2.290000000000000000e+02 6.980812437811005111e+02 4.327072079825137862e+00 1.657746660646073344e-01
2.300000000000000000e+02 6.970021212745606363e+02 4.541044522039555886e+00 1.717253815931052696e-01
2.310000000000000000e+02 6.958438681712063953e+02 4.755176209065393955e+00 1.779306406085934822e-01
2.320000000000000000e+02 6.946069217196021555e+02 4.969377828184893708e+00 1.843929896788200073e-01
2.330000000000000000e+02 6.932917493193851897e+02 5.183558362489253390e+00 1.911149314951720302e-01
2.340000000000000000e+02 6.918988487987425060e+02 5.397625079966828388e+00 1.980989239936228608e-01
2.350000000000000000e+02 6.904287486918880177e+02 5.611483522591347750e+00 2.053473794756795479e-01
2.360000000000000000e+02 6.888820085165410774e+02 5.825037495410116506e+00 2.128626637293300761e-01
2.370000000000000000e+02 6.872592190514028516e+02 6.038189055632221525e+00 2.206470951499908961e-01
2.380000000000000000e+02 6.855610026136333772e+02 6.250838501716745377e+00 2.287029438614541776e-01
2.390000000000000000e+02 6.837880133363298683e+02 6.462884362460965981e+00 2.370324308368350896e-01
2.400000000000000000e+02 6.819409374460036588e+02 6.674223386088572241e+00 2.456377270195193863e-01
2.410000000000000000e+02 6.800204935400574868e+02 6.884750529337861025e+00 2.545209524441104931e-01
2.420000000000000000e+02 6.780274328642625505e+02 7.094358946549956357e+00 2.636841753573769820e-01
2.430000000000000000e+02 6.759625395902362470e+02 7.302939978757005512e+00 2.731294113392001011e-01
2.440000000000000000e+02 6.738266310929197971e+02 7.510383142770392872e+00 2.828586224235207780e-01
2.450000000000000000e+02 6.716205582280548469e+02 7.716576120268952899e+00 2.928737162192873167e-01
2.460000000000000000e+02 6.693452056096616616e+02 7.921404746887161785e+00 3.031765450314024557e-01
2.470000000000000000e+02 6.670014918875150443e+02 8.124753001303355759e+00 3.137689049816709819e-01
2.480000000000000000e+02 6.645903700246237804e+02 8.326502994327940499e+00 3.246525351297468442e-01
2.490000000000000000e+02 6.621128275747059888e+02 8.526534957991589891e+00 3.358291165940806566e-01
2.500000000000000000e+02 6.595698476120924170e+02 8.724734973109226743e+00 3.472999416746965218e-01
2.510000000000000000e+02 6.569622884482288327e+02 8.921018669057938055e+00 3.590649018597429354e-01
2.520000000000000000e+02 6.542909975110943606e+02 9.115308870806618557e+00 3.711234396971765381e-01
2.530000000000000000e+02 6.515568502692076436e+02 9.307527987402750114e+00 3.834748720343892914e-01
2.540000000000000000e+02 6.487607504338585613e+02 9.497598015859312071e+00 3.961183885080851730e-01
2.550000000000000000e+02 6.459036301613389242e+02 9.685440545041638316e+00 4.090530500341542641e-01
2.560000000000000000e+02 6.429864502551736223e+02 9.870976759554336510e+00 4.222777872975485569e-01
2.570000000000000000e+02 6.400102003683521161e+02 1.005412744362814337e+01 4.357913992421566518e-01
2.580000000000000000e+02 6.369758992055582212e+02 1.023481298500684034e+01 4.495925515606793987e-01
2.590000000000000000e+02 6.338845947254020530e+02 1.041295337883410532e+01 4.636797751845043725e-01
2.600000000000000000e+02 6.307373643426509489e+02 1.058846823154043548e+01 4.780514647735819578e-01
2.610000000000000000e+02 6.275353151304600487e+02 1.076127676473000427e+01 4.927058772062994918e-01
2.620000000000000000e+02 6.242795840226033306e+02 1.093129781906756115e+01 5.076411300693569606e-01
2.630000000000000000e+02 6.209713380157052143e+02 1.109844985816531704e+01 5.228552001476426403e-01
2.640000000000000000e+02 6.176117743714710286e+02 1.126265097246983515e+01 5.383459219141072394e-01
2.650000000000000000e+02 6.142021208189173649e+02 1.142381888314889338e+01 5.541109860196394843e-01
2.660000000000000000e+02 6.107436357566047036e+02 1.158187094597841060e+01 5.701479377829417050e-01
2.670000000000000000e+02 6.072376084548668587e+02 1.173672415522928603e+01 5.864541756804043660e-01
2.680000000000000000e+02 6.036853592580428085e+02 1.188829514755433081e+01 6.030269498359812630e-01
2.690000000000000000e+02 6.000882397867070495e+02 1.203650020587511627e+01 6.198633605110653866e-01
2.700000000000000000e+02 5.964476331399018818e+02 1.218125526326889130e+01 6.369603565943634527e-01
2.710000000000000000e+02 5.927649540973666262e+02 1.232247590685544303e+01 6.543147340917708776e-01
2.720000000000000000e+02 5.890416493217695688e+02 1.246007738168399470e+01 6.719231346162475305e-01
2.730000000000000000e+02 5.852791975609393376e+02 1.259397459462009650e+01 6.897820438776923746e-01
2.740000000000000000e+02 5.814791098500951421e+02 1.272408211823250213e+01 7.078877901728194422e-01
2.750000000000000000e+02 5.776429297140776953e+02 1.285031419468005431e+01 7.262365428750315877e-01
2.760000000000000000e+02 5.737722333695813859e+02 1.297258473959858271e+01 7.448243109242972393e-01
2.770000000000000000e+02 5.698686299273833811e+02 1.309080734598778051e+01 7.636469413170238196e-01
2.780000000000000000e+02 5.659337615945762536e+02 1.320489528809808633e+01 7.827001175959346080e-01
2.790000000000000000e+02 5.619692096966680310e+02 1.331476908622576083e+01 8.019793555974409349e-01
2.800000000000000000e+02 5.579762069384109964e+02 1.342037962692474906e+01 8.214799935567327349e-01
2.810000000000000000e+02 5.539559106295528181e+02 1.352168624819628562e+01 8.411971985480336533e-01
2.820000000000000000e+02 5.499094955795094393e+02 1.361864930190135148e+01 8.611259676736564561e-01
2.830000000000000000e+02 5.458381541549244957e+02 1.371123016926180505e+01 8.812611265496657076e-01
2.840000000000000000e+02 5.417430963372322594e+02 1.379939127636161444e+01 9.015973277915407813e-01
2.850000000000000000e+02 5.376255497802173977e+02 1.388309610964801344e+01 9.221290494998373166e-01
2.860000000000000000e+02 5.334867598675766658e+02 1.396230923143268932e+01 9.428505937458502295e-01
2.870000000000000000e+02 5.293279897704795758e+02 1.403699629539298144e+01 9.637560850572761684e-01
2.880000000000000000e+02 5.251505205051292933e+02 1.410712406207304248e+01 9.848394689038751926e-01
2.890000000000000000e+02 5.209556509903246706e+02 1.417266041438504587e+01 1.006094510183134005e+00
2.900000000000000000e+02 5.167446981050198929e+02 1.423357437311035589e+01 1.027514791705928188e+00
2.910000000000000000e+02 5.125189967458866249e+02 1.428983611240071561e+01 1.049093712682184210e+00
2.920000000000000000e+02 5.082798998848746237e+02 1.434141697527944359e+01 1.070824487206542219e+00
2.930000000000000000e+02 5.040287786267729189e+02 1.438828948914258454e+01 1.092700142744018166e+00
2.940000000000000000e+02 4.997670222667706525e+02 1.443042738126013447e+01 1.114713518615666699e+00
2.950000000000000000e+02 4.954960383480180894e+02 1.446780559427720192e+01 1.136857264484242513e+00
2.960000000000000000e+02 4.912172527191881954e+02 1.450040030171519234e+01 1.159123838839863918e+00
2.970000000000000000e+02 4.869321095920370794e+02 1.452818892347300483e+01 1.181505507485675066e+00
2.980000000000000000e+02 4.826420715989652876e+02 1.455115014132819873e+01 1.203994342023507969e+00
2.990000000000000000e+02 4.783486198505788138e+02 1.456926391443819568e+01 1.226582218339543839e+00
3.000000000000000000e+02 4.740532539932506211e+02 1.458251149484145692e+01 1.249260815089978216e+00
3.010000000000000000e+02 4.697574922666805151e+02 1.459087544295866401e+01 1.272021612186681194e+00
3.020000000000000000e+02 4.654628715614575754e+02 1.459433964309390852e+01 1.294855889282860550e+00
3.030000000000000000e+02 4.611709474766198582e+02 1.459288931893586572e+01 1.317754724258723531e+00
3.040000000000000000e+02 4.568832943772171689e+02 1.458651104905900375e+01 1.340708991707140640e+00
3.050000000000000000e+02 4.526015054518700822e+02 1.457519278242474137e+01 1.363709361419306099e+00
3.060000000000000000e+02 4.483271927703324309e+02 1.455892385388263932e+01 1.386746296870402517e+00
3.070000000000000000e+02 4.440619873410518608e+02 1.453769499967160073e+01 1.409810053705260913e+00
3.080000000000000000e+02 4.398075391687310116e+02 1.451149837292103228e+01 1.432890678224025383e+00
3.090000000000000000e+02 4.355655173118884704e+02 1.448032755915203573e+01 1.455978005867813119e+00
3.100000000000000000e+02 4.313376099404196680e+02 1.444417759177861704e+01 1.479061659704379750e+00
3.110000000000000000e+02 4.271255243931582299e+02 1.440304496760882458e+01 1.502131048913778688e+00
3.120000000000000000e+02 4.229308621647039104e+02 1.435693074090888643e+01 1.525176017769800607e+00
3.130000000000000000e+02 4.187547373369004617e+02 1.430584993246811720e+01 1.548188828971715170e+00
3.140000000000000000e+02 4.145981405551403896e+02 1.424982258739501084e+01 1.571162269380136589e+00
3.150000000000000000e+02 4.104620624071851012e+02 1.418887075511804774e+01 1.594089007105965239e+00
3.160000000000000000e+02 4.063474933270381939e+02 1.412301850866983521e+01 1.616961590795378934e+00
3.170000000000000000e+02 4.022554234988197663e+02 1.405229196397124447e+01 1.639772448914829539e+00
3.180000000000000000e+02 3.981868427606398200e+02 1.397671929911553157e+01 1.662513889036035808e+00
3.190000000000000000e+02 3.941427405084721158e+02 1.389633077365248681e+01 1.685178097120975993e+00
3.200000000000000000e+02 3.901241056000279173e+02 1.381115874787255038e+01 1.707757136806882903e+00
3.210000000000000000e+02 3.861319262586296190e+02 1.372123770209094751e+01 1.730242948691235405e+00
3.220000000000000000e+02 3.821671899770845471e+02 1.362660425593182723e+01 1.752627349616755703e+00
3.230000000000000000e+02 3.782308834215589854e+02 1.352729718761239397e+01 1.774902031956399284e+00
3.240000000000000000e+02 3.743239923354514076e+02 1.342335745322703744e+01 1.797058562898351308e+00
3.250000000000000000e+02 3.704475014432662761e+02 1.331482820603145534e+01 1.819088383731017444e+00
3.260000000000000000e+02 3.666023943544881263e+02 1.320175481572679921e+01 1.840982809128020703e+00
3.270000000000000000e+02 3.627896534674553664e+02 1.308418488774380783e+01 1.862733026433192718e+00
3.280000000000000000e+02 3.590102598732335650e+02 1.296216828252692999e+01 1.884330094945569245e+00
3.290000000000000000e+02 3.552651932594894220e+02 1.283575713481845249e+01 1.905764945204381444e+00
3.300000000000000000e+02 3.515554318143642831e+02 1.270500587294264960e+01 1.927028378274052045e+00
3.310000000000000000e+02 3.478819521303485089e+02 1.256997123808990402e+01 1.948111065029187738e+00
3.320000000000000000e+02 3.442457291081545350e+02 1.243071230360084023e+01 1.969003545439572234e+00
3.330000000000000000e+02 3.406477358605908989e+02 1.228729049425045261e+01 1.989696227855161537e+00
3.340000000000000000e+02 3.370889436164358699e+02 1.213976960553224949e+01 2.010179388291076119e+00
3.350000000000000000e+02 3.335703216243114184e+02 1.198821582294237231e+01 2.030443169712595974e+00
3.360000000000000000e+02 3.300928370565567320e+02 1.183269774126373264e+01 2.050477581320152787e+00
3.370000000000000000e+02 3.266574549131019012e+02 1.167328638385015083e+01 2.070272497834323655e+00
3.380000000000000000e+02 3.232651379253420600e+02 1.151005522191048591e+01 2.089817658780828147e+00
3.390000000000000000e+02 3.199168464600105608e+02 1.134308019379274945e+01 2.109102667775515361e+00
3.400000000000000000e+02 3.166135384230530576e+02 1.117243972426826559e+01 2.128116991809364311e+00
3.410000000000000000e+02 3.133561691635013062e+02 1.099821474381578312e+01 2.146849960533473656e+00
3.420000000000000000e+02 3.101456913773465089e+02 1.082048870790562134e+01 2.165290765544055862e+00
3.430000000000000000e+02 3.069830550114136258e+02 1.063934761628379100e+01 2.183428459667433152e+00
3.440000000000000000e+02 3.038692071672348334e+02 1.045488003225613838e+01 2.201251956245028119e+00
3.450000000000000000e+02 3.008050920049227557e+02 1.026717710197245736e+01 2.218750028418358333e+00
3.460000000000000000e+02 2.977916506470452305e+02 1.007633257371065127e+01 2.235911308414030074e+00
3.470000000000000000e+02 2.948298210824980288e+02 9.882442817160832504e+00 2.252724286828734712e+00
3.480000000000000000e+02 2.919205380703795640e+02 9.685606842709479025e+00 2.269177311914237105e+00
3.490000000000000000e+02 2.890646431834195482e+02 9.485920232291480403e+00 2.285259819527569736e+00
3.500000000000000000e+02 2.862626110108437842e+02 9.283456614252193262e+00 2.300966080831795768e+00
3.510000000000000000e+02 2.835148113944217130e+02 9.078285456766064243e+00 2.316291608864777363e+00
3.520000000000000000e+02 2.808215980789995001e+02 8.870478100089163931e+00 2.331231942412579805e+00
3.530000000000000000e+02 2.781833085280958926e+02 8.660107769862069205e+00 2.345782646503463464e+00
3.540000000000000000e+02 2.756002637394965404e+02 8.447249590412711839e+00 2.359939312901882413e+00
3.550000000000000000e+02 2.730727680608492278e+02 8.231980598059253751e+00 2.373697560602482604e+00
3.560000000000000000e+02 2.706011090052588202e+02 8.014379754412953361e+00 2.387053036324100042e+00
3.570000000000000000e+02 2.681855570668820974e+02 7.794527959681009754e+00 2.400001415003756744e+00
3.580000000000000000e+02 2.658263655365228715e+02 7.572508065969456581e+00 2.412538400290660690e+00
3.590000000000000000e+02 2.635237703172268766e+02 7.348404890586006211e+00 2.424659725040198222e+00
3.600000000000000000e+02 2.612779897398766025e+02 7.122305229342916100e+00 2.436361151807937553e+00
3.610000000000000000e+02 2.590892243787864686e+02 6.894297869859868477e+00 2.447638473343625165e+00
3.620000000000000000e+02 2.569576568672975441e+02 6.664473604866807399e+00 2.458487513085177767e+00
3.630000000000000000e+02 2.548834517133727786e+02 6.432925245506835310e+00 2.468904125652688464e+00
3.640000000000000000e+02 2.528667551151916939e+02 6.199747634639050986e+00 2.478884197342415607e+00
3.650000000000000000e+02 2.509076947767454442e+02 5.965037660141427445e+00 2.488423646620789853e+00
3.660000000000000000e+02 2.490063797234318770e+02 5.728894268213676533e+00 2.497518424618401234e+00
3.670000000000000000e+02 2.471629001176502527e+02 5.491418476680105520e+00 2.506164515624005329e+00
3.680000000000000000e+02 2.453773270743965611e+02 5.252713388292491459e+00 2.514357937578515223e+00
3.690000000000000000e+02 2.436497124768578999e+02 5.012884204032935109e+00 2.522094742569003234e+00
3.700000000000000000e+02 2.419800887920082175e+02 4.772038236416738854e+00 2.529371017322695536e+00
3.710000000000000000e+02 2.403684688862024643e+02 4.530284922795254410e+00 2.536182883700968560e+00
3.720000000000000000e+02 2.388148458407720796e+02 4.287735838658761622e+00 2.542526499193351608e+00
3.730000000000000000e+02 2.373191927676198247e+02 4.044504710939327730e+00 2.548398057411520146e+00
3.740000000000000000e+02 2.358814626248146169e+02 3.800707431313670615e+00 2.553793788583293978e+00
3.750000000000000000e+02 2.345015880321865893e+02 3.556462069506022949e+00 2.558709960046635867e+00
3.760000000000000000e+02 2.331794810869219816e+02 3.311888886590999004e+00 2.563142876743648824e+00
3.770000000000000000e+02 2.319150331791582857e+02 3.067110348296460121e+00 2.567088881714572057e+00
3.780000000000000000e+02 2.307081148075788519e+02 2.822251138306374862e+00 2.570544356591780932e+00
3.790000000000000000e+02 2.295585753950081482e+02 2.577438171563688041e+00 2.573505722093782921e+00
3.800000000000000000e+02 2.284662431040067361e+02 2.332800607573180418e+00 2.575969438519214894e+00
3.810000000000000000e+02 2.274309246524658761e+02 2.088469863704338181e+00 2.577932006240843954e+00
3.820000000000000000e+02 2.264524051292028730e+02 1.844579628494214640e+00 2.579389966199558515e+00
3.830000000000000000e+02 2.255304478095557954e+02 1.601265874950294377e+00 2.580339900398372688e+00
3.840000000000000000e+02 2.246647939709784509e+02 1.358666873853359824e+00 2.580778432396419131e+00
3.850000000000000000e+02 2.238551627086355893e+02 1.116923207060354306e+00 2.580702227802949000e+00
3.860000000000000000e+02 2.231012507509974512e+02 8.761777808072439555e-01 2.580107994771328350e+00
3.870000000000000000e+02 2.224027322754351133e+02 6.365758390118887444e-01 2.578992484493037196e+00
3.880000000000000000e+02 2.217592696972034503e+02 3.982510982085798457e-01 2.577353485002300548e+00
3.890000000000000000e+02 2.211705468577124805e+02 1.612835534420952455e-01 2.575192842563264861e+00
3.900000000000000000e+02 2.206362367157770450e+02 -7.425987982156881384e-02 2.572513554269678426e+00
3.910000000000000000e+02 2.201559903112392931e+02 -3.083116275824038244e-01 2.569318786218817596e+00
3.920000000000000000e+02 2.197294365892880421e+02 -5.408034550376590310e-01 2.565611874795231451e+00
3.930000000000000000e+02 2.193561822247786779e+02 -7.716664643131151413e-01 2.561396327954478469e+00
3.940000000000000000e+02 2.190358114465521737e+02 -1.000831092194351513e+00 2.556675826506864535e+00
3.950000000000000000e+02 2.187678858617547633e+02 -1.228227107858023137e+00 2.551454225401185827e+00
3.960000000000000000e+02 2.185519442801571870e+02 -1.453783610603128107e+00 2.545735555008461493e+00
3.970000000000000000e+02 2.183875025384745072e+02 -1.677429027582279408e+00 2.539524022405680537e+00
3.980000000000000000e+02 2.182740533246852692e+02 -1.899091111532978271e+00 2.532824012659535384e+00
3.990000000000000000e+02 2.182110660023510036e+02 -2.118696938508884298e+00 2.525640090110162550e+00
4.000000000000000000e+02 2.181979864349358706e+02 -2.336172905611085149e+00 2.517976999654882420e+00
4.010000000000000000e+02 2.182342368101257364e+02 -2.551444728719372890e+00 2.509839668031937254e+00
4.020000000000000000e+02 2.183192154641482148e+02 -2.764437440223509679e+00 2.501233205104232749e+00
4.030000000000000000e+02 2.184522967060914311e+02 -2.975075386754502560e+00 2.492162905143071594e+00
4.040000000000000000e+02 2.186328306422241212e+02 -3.183282226915873814e+00 2.482634248111900810e+00
4.050000000000000000e+02 2.188601430003145083e+02 -3.388980929014933086e+00 2.472652900950043087e+00
4.060000000000000000e+02 2.191335349539503454e+02 -3.592093768794048625e+00 2.462224718856440120e+00
4.070000000000000000e+02 2.194522829468578777e+02 -3.792542327161916305e+00 2.451355746573391503e+00
4.080000000000000000e+02 2.198156385172216574e+02 -3.990247487924837522e+00 2.440052219670292732e+00
4.090000000000000000e+02 2.202228281220036479e+02 -4.185129435517980667e+00 2.428320565827373212e+00
4.100000000000000000e+02 2.206730529612632097e+02 -4.377107652736661692e+00 2.416167406119439587e+00
4.110000000000000000e+02 2.211654888024757213e+02 -4.566100918467611791e+00 2.403599556299610196e+00
4.120000000000000000e+02 2.216992858048530763e+02 -4.752027305420247316e+00 2.390624028083057073e+00
4.130000000000000000e+02 2.222735683436623901e+02 -4.934804177857945007e+00 2.377248030430743952e+00
4.140000000000000000e+02 2.228874348345455019e+02 -5.114348189329306571e+00 2.363478970833164716e+00
4.150000000000000000e+02 2.235399575578388465e+02 -5.290575280399440139e+00 2.349324456594084509e+00
4.160000000000000000e+02 2.242301824828926442e+02 -5.463400676381224841e+00 2.334792296114276855e+00
4.170000000000000000e+02 2.249571290923903746e+02 -5.632738885066579826e+00 2.319890500175263881e+00
4.180000000000000000e+02 2.257197902066682218e+02 -5.798503694457746604e+00 2.304627283223056988e+00
4.190000000000000000e+02 2.265171318080344065e+02 -5.960608170498545633e+00 2.289011064651889971e+00
4.200000000000000000e+02 2.273480928650891428e+02 -6.118964654805660430e+00 2.273050470087965902e+00
4.210000000000000000e+02 2.282115851570434870e+02 -6.273484762399901271e+00 2.256754332673192476e+00
4.220000000000000000e+02 2.291064930980390955e+02 -6.424079379437479531e+00 2.240131694348918234e+00
4.230000000000000000e+02 2.300316735614678123e+02 -6.570658660941282925e+00 2.223191807139679899e+00
4.240000000000000000e+02 2.309859557042908023e+02 -6.713132028532139195e+00 2.205944134436931492e+00
4.250000000000000000e+02 2.319681407913580244e+02 -6.851408168160088685e+00 2.188398352282789894e+00
4.260000000000000000e+02 2.329770020197282463e+02 -6.985395027835662241e+00 2.170564350653773733e+00
4.270000000000000000e+02 2.340113946057614100e+02 -7.115013279150815606e+00 2.152452041638282410e+00
4.280000000000000000e+02 2.350705905293858677e+02 -7.240237210877184637e+00 2.134070774165729656e+00
4.290000000000000000e+02 2.361539548330225387e+02 -7.361055222178023882e+00 2.115429901889297248e+00
4.300000000000000000e+02 2.372608362848168326e+02 -7.477456491072782541e+00 2.096538975646510483e+00
4.310000000000000000e+02 2.383905672753586487e+02 -7.589430981008881361e+00 2.077407744616186491e+00
4.320000000000000000e+02 2.395424637144012650e+02 -7.696969447433482436e+00 2.058046157475378113e+00
4.330000000000000000e+02 2.407158249275813375e+02 -7.800063444365262555e+00 2.038464363556309333e+00
4.340000000000000000e+02 2.419099335531379609e+02 -7.898705330966185656e+00 2.018672714003328927e+00
4.350000000000000000e+02 2.431240554386320696e+02 -7.992888278113279732e+00 1.998681762929842565e+00
4.360000000000000000e+02 2.443574395376663517e+02 -8.082606274970407512e+00 1.978502268575266010e+00
4.370000000000000000e+02 2.456093178066042242e+02 -8.167854135560036255e+00 1.958145194461960115e+00
4.380000000000000000e+02 2.468789051012894618e+02 -8.248627505335020871e+00 1.937621710552178689e+00
4.390000000000000000e+02 2.481653990737656557e+02 -8.324922867750368383e+00 1.916943194405009043e+00
4.400000000000000000e+02 2.494679800689955869e+02 -8.396737550835007724e+00 1.896121232333315643e+00
4.410000000000000000e+02 2.507858110215810257e+02 -8.464069733763583514e+00 1.875167620560683979e+00
4.420000000000000000e+02 2.521180373524813945e+02 -8.526918453428200095e+00 1.854094366378362224e+00
4.430000000000000000e+02 2.534637868657342494e+02 -8.585283611010218863e+00 1.832913689302205107e+00
4.440000000000000000e+02 2.548221696451737444e+02 -8.639165978552020064e+00 1.811638022229616674e+00
4.450000000000000000e+02 2.561922779511507997e+02 -8.688567205528778814e+00 1.790280012596493275e+00
4.460000000000000000e+02 2.575731861172522486e+02 -8.733489825420235775e+00 1.768852523534165666e+00
4.470000000000000000e+02 2.589639504470201814e+02 -8.773937262282478500e+00 1.747368635026344430e+00
4.480000000000000000e+02 2.603636091106717458e+02 -8.809913837319701457e+00 1.725841645066060304e+00
4.490000000000000000e+02 2.617711820418182924e+02 -8.841424775455990925e+00 1.704285070812608716e+00
4.500000000000000000e+02 2.631856708341846911e+02 -8.868476211907093898e+00 1.682712649748492106e+00
4.510000000000000000e+02 2.646060586383295004e+02 -8.891075198752190545e+00 1.661138340836364025e+00
4.520000000000000000e+02 2.660313100583633172e+02 -8.909229711505670224e+00 1.639576325675969892e+00
4.530000000000000000e+02 2.674603710486694581e+02 -8.922948655688903941e+00 1.618041009661092877e+00
4.540000000000000000e+02 2.688921688106223087e+02 -8.932241873402015031e+00 1.596547023136494881e+00
4.550000000000000000e+02 2.703256116893074932e+02 -8.937120149895648069e+00 1.575109222554859301e+00
4.560000000000000000e+02 2.717595890702409065e+02 -8.937595220142762642e+00 1.553742691633736017e+00
4.570000000000000000e+02 2.731929712760884286e+02 -8.933679775410375612e+00 1.532462742512482823e+00
4.580000000000000000e+02 2.746246094633853545e+02 -8.925387469831365550e+00 1.511284916909208409e+00
4.590000000000000000e+02 2.760533355192557678e+02 -8.912732926976225656e+00 1.490224987277716462e+00
4.600000000000000000e+02 2.774779619581316865e+02 -8.895731746424841546e+00 1.469298957964447316e+00
4.610000000000000000e+02 2.788972818184732319e+02 -8.874400510338261938e+00 1.448523066365421830e+00
4.620000000000000000e+02 2.803100685594873198e+02 -8.848756790030488872e+00 1.427913784083184146e+00
4.630000000000000000e+02 2.817150759578477732e+02 -8.818819152540221751e+00 1.407487818083744902e+00
4.640000000000000000e+02 2.831110380044141834e+02 -8.784607167202661770e+00 1.387262111853523328e+00
4.650000000000000000e+02 2.844966688009518521e+02 -8.746141412221263067e+00 1.367253846556292673e+00
4.660000000000000000e+02 2.858708132949217884e+02 -8.703448256053070153e+00 1.347478983122053942e+00
4.670000000000000000e+02 2.872329048694033986e+02 -8.656574352363278990e+00 1.327947836103031687e+00
4.680000000000000000e+02 2.885825218262606313e+02 -8.605572610239784481e+00 1.308669364003433255e+00
4.690000000000000000e+02 2.899192378185534267e+02 -8.550497469438202103e+00 1.289652616215944958e+00
4.700000000000000000e+02 2.912426218304318013e+02 -8.491404909586524496e+00 1.270906733374124853e+00
4.710000000000000000e+02 2.925522381570292509e+02 -8.428352459389801155e+00 1.252440947704791308e+00
4.720000000000000000e+02 2.938476463843567785e+02 -8.361399205834823434e+00 1.234264583380415337e+00
4.730000000000000000e+02 2.951284013691966948e+02 -8.290605803394790030e+00 1.216387056871512717e+00
4.740000000000000000e+02 2.963940532189963619e+02 -8.216034483233990215e+00 1.198817877299033219e+00
4.750000000000000000e+02 2.976441472717618240e+02 -8.137749062412478196e+00 1.181566646786753605e+00
4.760000000000000000e+02 2.988782240759521756e+02 -8.055814953090751018e+00 1.164643060813667974e+00
4.770000000000000000e+02 3.000958193703727943e+02 -7.970299171734421151e+00 1.148056908566379875e+00
4.780000000000000000e+02 3.012964640640691982e+02 -7.881270348318897057e+00 1.131818073291491533e+00
4.790000000000000000e+02 3.024796842162209600e+02 -7.788798735534052220e+00 1.115936532647997526e+00
4.800000000000000000e+02 3.036450010160358488e+02 -7.692956217988917267e+00 1.100422359059674671e+00
4.810000000000000000e+02 3.047919307626428918e+02 -7.593816321416332116e+00 1.085285720067472814e+00
4.820000000000000000e+02 3.059199848449869137e+02 -7.491454221877649644e+00 1.070536878681907389e+00
4.830000000000000000e+02 3.070286697217217124e+02 -7.385946754967385175e+00 1.056186193735449086e+00
4.840000000000000000e+02 3.081174869011044848e+02 -7.277372425017921032e+00 1.042244120234917082e+00
4.850000000000000000e+02 3.091859329208889449e+02 -7.165811414304152471e+00 1.028721209713868490e+00
4.860000000000000000e+02 3.102334993282197502e+02 -7.051345592248189575e+00 1.015628110584990029e+00
4.870000000000000000e+02 3.112596726595259042e+02 -6.934058524624018283e+00 1.002975568492489034e+00
4.880000000000000000e+02 3.122639344204146141e+02 -6.814035482762184515e+00 9.907744266644855635e-01
4.890000000000000000e+02 3.132457610655653184e+02 -6.691363452754466756e+00 9.790356262654031916e-01
4.900000000000000000e+02 3.142046239786232036e+02 -6.566131144658554852e+00 9.677702067483600068e-01
4.910000000000000000e+02 3.151399894520930047e+02 -6.438429001702722587e+00 9.569893062075597312e-01
4.920000000000000000e+02 3.160513186672333177e+02 -6.308349209490506482e+00 9.467041617306830581e-01
4.930000000000000000e+02 3.169380676739496039e+02 -6.175985705205381038e+00 9.369261097512794345e-01
4.940000000000000000e+02 3.177996873706885026e+02 -6.041434186815442864e+00 9.276665864011574003e-01
4.950000000000000000e+02 3.186356234843315747e+02 -5.904792122278069932e+00 9.189371278627761486e-01
4.960000000000000000e+02 3.194453165500891600e+02 -5.766158758744619028e+00 9.107493707216375300e-01
4.970000000000000000e+02 3.202282018913937804e+02 -5.625635131765079677e+00 9.031150523186757262e-01
4.980000000000000000e+02 3.209837095997944516e+02 -5.483324074492770706e+00 8.960460111026493646e-01
4.990000000000000000e+02 3.217112645148501997e+02 -5.339330226889003939e+00 8.895541869825331904e-01
5.000000000000000000e+02 3.224102862040238620e+02 -5.193760044927763886e+00 8.836516216799084056e-01
5.010000000000000000e+02 3.230801889425760578e+02 -5.046721809800389202e+00 8.783504590813543400e-01
5.020000000000000000e+02 3.237203816934586484e+02 -4.898325637120238163e+00 8.736629455908396791e-01
5.030000000000000000e+02 3.243302680872089354e+02 -4.748683486127377229e+00 8.696014304821129137e-01
5.040000000000000000e+02 3.249092464018433475e+02 -4.597909168893243859e+00 8.661783662510952331e-01
5.050000000000000000e+02 3.254568220829760890e+02 -4.446111319306400134e+00 8.634043853583468486e-01
5.060000000000000000e+02 3.259729489100187720e+02 -4.293372058563929450e+00 8.612824688056309741e-01
5.070000000000000000e+02 3.264576976190365372e+02 -4.139767733196397792e+00 8.598136102559692517e-01
5.080000000000000000e+02 3.269111442840312520e+02 -3.985375905586484357e+00 8.589987239012568665e-01
5.090000000000000000e+02 3.273333703496863905e+02 -3.830275359867489904e+00 8.588386439113052662e-01
5.100000000000000000e+02 3.277244626641108880e+02 -3.674546107821840213e+00 8.593341238828807738e-01
5.110000000000000000e+02 3.280845135115831681e+02 -3.518269394779590886e+00 8.604858362887473078e-01
5.120000000000000000e+02 3.284136206452951114e+02 -3.361527705516929476e+00 8.622943719267046614e-01
5.130000000000000000e+02 3.287118873200963094e+02 -3.204404770154676729e+00 8.647602393686314448e-01
5.140000000000000000e+02 3.289794223252378629e+02 -3.046985570056799819e+00 8.678838644095229204e-01
5.150000000000000000e+02 3.292163400171169201e+02 -2.889356343728903820e+00 8.716655895165347223e-01
5.160000000000000000e+02 3.294227603520199068e+02 -2.731604592716743163e+00 8.761056732780202472e-01
5.170000000000000000e+02 3.295988089188676327e+02 -2.573819087504724212e+00 8.812042898525738188e-01
5.180000000000000000e+02 3.297446169719584645e+02 -2.416089873414407396e+00 8.869615284180699666e-01
5.190000000000000000e+02 3.298603214637128644e+02 -2.258508276503013779e+00 8.933773926207040361e-01
5.200000000000000000e+02 3.299460650774171313e+02 -2.101166909461923193e+00 9.004518000240328002e-01
5.210000000000000000e+02 3.300019962599680525e+02 -1.944159677515187257e+00 9.081845815580157355e-01
5.220000000000000000e+02 3.300282692546162480e+02 -1.787581784318023281e+00 9.165754809680545234e-01
5.230000000000000000e+02 3.300250441337106508e+02 -1.631529737855324402e+00 9.256241542640345488e-01
5.240000000000000000e+02 3.299924868314423065e+02 -1.476101356340161930e+00 9.353301691693649556e-01
5.250000000000000000e+02 3.299307691765887398e+02 -1.321395774112286592e+00 9.456930045700191467e-01
5.260000000000000000e+02 3.298400689252580946e+02 -1.167513447536636439e+00 9.567120499635758391e-01
5.270000000000000000e+02 3.297205697936323077e+02 -1.014556160901837867e+00 9.683866049082587857e-01
5.280000000000000000e+02 3.295724614907124419e+02 -8.626270323187100741e-01 9.807158784719786082e-01
5.290000000000000000e+02 3.293959397510619169e+02 -7.118305196187687534e-01 9.936989886813726303e-01
5.300000000000000000e+02 3.291912063675508193e+02 -5.622724262527308836e-01 1.007334961970844489e+00
5.310000000000000000e+02 3.289584692240996446e+02 -4.140599071890153637e-01 1.021622732631607189e+00
5.320000000000000000e+02 3.286979423284242898e+02 -2.673014748122510831e-01 1.036561142260721047e+00
5.330000000000000000e+02 3.284098458447786584e+02 -1.221070048217778592e-01 1.052148939210135969e+00
5.340000000000000000e+02 3.280944061267001075e+02 2.141225786984871787e-02 1.068384778035730953e+00
5.350000000000000000e+02 3.277518557497526785e+02 1.631436932383536209e-01 1.085267218946355694e+00
5.360000000000000000e+02 3.273824335442715210e+02 3.029733002492403515e-01 1.102794727252870421e+00
5.370000000000000000e+02 3.269863846281066913e+02 4.407856909592836603e-01 1.120965672817186842e+00
5.380000000000000000e+02 3.265639604393674063e+02 5.764640846180287825e-01 1.139778329501307752e+00
5.390000000000000000e+02 3.261154187691662401e+02 7.098903017692862472e-01 1.159230874616370199e+00
5.400000000000000000e+02 3.256410237943627521e+02 8.409447583526286074e-01 1.179321388371681989e+00
5.410000000000000000e+02 3.251410461103079683e+02 9.695064598048859228e-01 1.200047853323766400e+00
5.420000000000000000e+02 3.246157627635879521e+02 1.095452995161644294e+00 1.221408153825399800e+00
5.430000000000000000e+02 3.240654572847686268e+02 1.218660531158738403e+00 1.243400075474653477e+00
5.440000000000000000e+02 3.234904442621115663e+02 1.339018082880547134e+00 1.266020258425152090e+00
5.450000000000000000e+02 3.228911437190287756e+02 1.456470757400312621e+00 1.289261027649977853e+00
5.460000000000000000e+02 3.222680087915177296e+02 1.570977655663798211e+00 1.313113476771140320e+00
5.470000000000000000e+02 3.216215014098174834e+02 1.682497700508094107e+00 1.337568505552948928e+00
5.480000000000000000e+02 3.209520923410859723e+02 1.790989636541532537e+00 1.362616818927631979e+00
5.490000000000000000e+02 3.202602612320766298e+02 1.896412030023605588e+00 1.388248926020951846e+00
5.500000000000000000e+02 3.195464966518156302e+02 1.998723268744874604e+00 1.414455139177821508e+00
5.510000000000000000e+02 3.188112961342787912e+02 2.097881561906891346e+00 1.441225572987923975e+00
5.520000000000000000e+02 3.180551662210685322e+02 2.193844940002108057e+00 1.468550143311325051e+00
5.530000000000000000e+02 3.172786225040911177e+02 2.286571254693795296e+00 1.496418566304094089e+00
5.540000000000000000e+02 3.164821896682332181e+02 2.376018178695958660e+00 1.524820357443919638e+00
5.550000000000000000e+02 3.156664015340392666e+02 2.462143205653247513e+00 1.553744830555724876e+00
5.560000000000000000e+02 3.148318011003884180e+02 2.544903650020877706e+00 1.583181096837286583e+00
5.570000000000000000e+02 3.139789405871713370e+02 2.624256646944540972e+00 1.613118063884851017e+00
5.580000000000000000e+02 3.131083814779674412e+02 2.700159152140322760e+00 1.643544434718750447e+00
5.590000000000000000e+02 3.122206945627215759e+02 2.772567941774616962e+00 1.674448706809021692e+00
5.600000000000000000e+02 3.113164599804214276e+02 2.841439612344040189e+00 1.705819171101019549e+00
5.610000000000000000e+02 3.103962672617741987e+02 2.906730580555345611e+00 1.737643911041038214e+00
5.620000000000000000e+02 3.094607153718836798e+02 2.968397083205343456e+00 1.769910801601925376e+00
5.630000000000000000e+02 3.085104127529274365e+02 3.026395177060809072e+00 1.802607508308698758e+00
5.640000000000000000e+02 3.075459773668333696e+02 3.080680738738401647e+00 1.835721486264165092e+00
5.650000000000000000e+02 3.065680367379572431e+02 3.131209464584579827e+00 1.869239979174534438e+00
5.660000000000000000e+02 3.055772279957593582e+02 3.177936870555514659e+00 1.903150018375040053e+00
5.670000000000000000e+02 3.045741979174813423e+02 3.220818292097006541e+00 1.937438421855552262e+00
5.680000000000000000e+02 3.035596029708239030e+02 3.259808884024399056e+00 1.972091793286197658e+00
5.690000000000000000e+02 3.025341093566228778e+02 3.294863620402494586e+00 2.007096521042974757e+00
5.700000000000000000e+02 3.014983930515269890e+02 3.325937294425468149e+00 2.042438777233370750e+00
5.710000000000000000e+02 3.004531398506743471e+02 3.352984518296785676e+00 2.078104516721980044e+00
5.720000000000000000e+02 2.993990454103696948e+02 3.375959723109115185e+00 2.114079476156118353e+00
5.730000000000000000e+02 2.983368152907614785e+02 3.394817158724244166e+00 2.150349172991443236e+00
5.740000000000000000e+02 2.972671649985184104e+02 3.409510893652993424e+00 2.186898904517566411e+00
5.750000000000000000e+02 2.961908200295071083e+02 3.419994814935133576e+00 2.223713746883675402e+00
5.760000000000000000e+02 2.951085159114684302e+02 3.426222628019299776e+00 2.260778554124147188e+00
5.770000000000000000e+02 2.940209982466950578e+02 3.428147856642904667e+00 2.298077957184166298e+00
5.780000000000000000e+02 2.929290227547079439e+02 3.425723842712055323e+00 2.335596362945341564e+00
5.790000000000000000e+02 2.918333553149337831e+02 3.418903746181468417e+00 2.373317953251322443e+00
5.800000000000000000e+02 2.907347720093819134e+02 3.407640544934388060e+00 2.411226683933417547e+00
5.810000000000000000e+02 2.896340591653208776e+02 3.391887034662489864e+00 2.449306283836208298e+00
5.820000000000000000e+02 2.885320133979558364e+02 3.371595828745812096e+00 2.487540253843170124e+00
5.830000000000000000e+02 2.874293822106977245e+02 3.346731598462484136e+00 2.525912540868613387e+00
5.840000000000000000e+02 2.863266840792633730e+02 3.317308129784848791e+00 2.564409580306227454e+00
5.850000000000000000e+02 2.852243839572821571e+02 3.283352192083006216e+00 2.603018302679679152e+00
5.860000000000000000e+02 2.841229523336391480e+02 3.244891385755008795e+00 2.641725462558885074e+00
5.870000000000000000e+02 2.830228652542021450e+02 3.201954146420902259e+00 2.680517637823524257e+00
5.880000000000000000e+02 2.819246043435478555e+02 3.154569749116765909e+00 2.719381228926546878e+00
5.890000000000000000e+02 2.808286568266883023e+02 3.102768312488758173e+00 2.758302458157685599e+00
5.900000000000000000e+02 2.797355155507970608e+02 3.046580802987155945e+00 2.797267368906963814e+00
5.910000000000000000e+02 2.786456790069360636e+02 2.986039039060399247e+00 2.836261824928206110e+00
5.920000000000000000e+02 2.775596513517816106e+02 2.921175695349133683e+00 2.875271509602550957e+00
5.930000000000000000e+02 2.764779424293508896e+02 2.852024306880250215e+00 2.914281925201954948e+00
5.940000000000000000e+02 2.754010677927283837e+02 2.778619273260930722e+00 2.953278392152709042e+00
5.950000000000000000e+02 2.743295487257927903e+02 2.700995862872690889e+00 2.992246048298947692e+00
5.960000000000000000e+02 2.732639122649421779e+02 2.619190217065416881e+00 3.031169848166151759e+00
5.970000000000000000e+02 2.722046912208218146e+02 2.533239354351417116e+00 3.070034562224670083e+00
5.980000000000000000e+02 2.711524242000497225e+02 2.443181174599455829e+00 3.108824776153219727e+00
5.990000000000000000e+02 2.701076556269431421e+02 2.349054463228799072e+00 3.147524890102399997e+00
6.000000000000000000e+02 2.690709357652453377e+02 2.250898895403260269e+00 3.186119117958203795e+00
6.010000000000000000e+02 2.680428207398514928e+02 2.148755040225237334e+00 3.224591486605525414e+00
6.020000000000000000e+02 2.670238725585357429e+02 2.042664364929758225e+00 3.262925835191671897e+00
6.030000000000000000e+02 2.660146591336767870e+02 1.932669239078522283e+00 3.301105814389870385e+00
6.040000000000000000e+02 2.650157543039850907e+02 1.818812938753943342e+00 3.339114885662783028e+00
6.050000000000000000e+02 2.640277378562286685e+02 1.701139650753191956e+00 3.376936320526012114e+00
6.060000000000000000e+02 2.630511955469599457e+02 1.579694476782237178e+00 3.414553199811612760e+00
6.070000000000000000e+02 2.620867191242418244e+02 1.454523437649889894e+00 3.451948412931604260e+00
6.080000000000000000e+02 2.611349063493744325e+02 1.325673477461846383e+00 3.489104657141476107e+00
6.090000000000000000e+02 2.601963610186209621e+02 1.193192467814726099e+00 3.526004436803701125e+00
6.100000000000000000e+02 2.592716929849348730e+02 1.057129211990120110e+00 3.562630062651244156e+00
6.110000000000000000e+02 2.583615181796856177e+02 9.175334491486294430e-01 3.598963651051073853e+00
6.120000000000000000e+02 2.574664586343853330e+02 7.744558585239093018e-01 3.634987123267670928e+00
6.130000000000000000e+02 2.565871425024153609e+02 6.279480636167120711e-01 3.670682204726537723e+00
6.140000000000000000e+02 2.557242040807522869e+02 4.780626363889256547e-01 3.706030424277710456e+00
6.150000000000000000e+02 2.548782838316947732e+02 3.248531014576223619e-01 3.741013113459267014e+00
6.160000000000000000e+02 2.540500284045895683e+02 1.683739402890963577e-01 3.775611405760839645e+00
6.170000000000000000e+02 2.532400906575583406e+02 8.680595392908035252e-03 3.809806235887122750e+00
6.180000000000000000e+02 2.524491296792236312e+02 -1.541705254840739781e-01 3.843578339021382906e+00
6.190000000000000000e+02 2.516778108104356875e+02 -3.201220451636291875e-01 3.876908250088969776e+00
6.200000000000000000e+02 2.509268056659984438e+02 -4.891156128421459970e-01 3.909776303020826127e+00
6.210000000000000000e+02 2.501967921563963557e+02 -6.610918998965755744e-01 3.942162630017000069e+00
6.220000000000000000e+02 2.494883627332717424e+02 -8.359882106279182823e-01 3.974049242538399973e+00
6.230000000000000000e+02 2.488017467216010630e+02 -1.013731261527675453e+00 4.005426329304343724e+00
6.240000000000000000e+02 2.481370815259720359e+02 -1.194244224572702739e+00 4.036286104372647010e+00
6.250000000000000000e+02 2.474945038113577311e+02 -1.377449092053957491e+00 4.066620738674624036e+00
6.260000000000000000e+02 2.468741494964228309e+02 -1.563266671643869010e+00 4.096422359923251655e+00
6.270000000000000000e+02 2.462761537468292659e+02 -1.751616581463708133e+00 4.125683052521334382e+00
6.280000000000000000e+02 2.457006509685419360e+02 -1.942417245150953597e+00 4.154394857469664970e+00
6.290000000000000000e+02 2.451477748011347444e+02 -2.135585886926663957e+00 4.182549772275199196e+00
6.300000000000000000e+02 2.446176581110962616e+02 -2.331038526662845278e+00 4.210139750859203112e+00
6.310000000000000000e+02 2.441104329851356738e+02 -2.528689974949818176e+00 4.237156703465433161e+00
6.320000000000000000e+02 2.436262307234882485e+02 -2.728453828163593275e+00 4.263592496568294088e+00
6.330000000000000000e+02 2.431651818332215953e+02 -2.930242463533230257e+00 4.289438952781002179e+00
6.340000000000000000e+02 2.427274160215413588e+02 -3.133967034208216429e+00 4.314687850763752053e+00
6.350000000000000000e+02 2.423130621890967689e+02 -3.339537464325831984e+00 4.339330925131875460e+00
6.360000000000000000e+02 2.419222484232868453e+02 -3.546862444078515253e+00 4.363359866364017847e+00
6.370000000000000000e+02 2.415551019915657776e+02 -3.755849424781236845e+00 4.386766320710286493e+00
6.380000000000000000e+02 2.412117493347491290e+02 -3.966404613938868007e+00 4.409541890100426187e+00
6.390000000000000000e+02 2.408923160603196436e+02 -4.178432970313548545e+00 4.431678132051984242e+00
6.400000000000000000e+02 2.405969269357327107e+02 -4.391838198992053854e+00 4.453166559578465744e+00
6.410000000000000000e+02 2.403257058817223140e+02 -4.606522746453166839e+00 4.473998641097503892e+00
6.420000000000000000e+02 2.400787759656072069e+02 -4.822387795635049379e+00 4.494165800339025019e+00
6.430000000000000000e+02 2.398562593945962362e+02 -5.039333261002601816e+00 4.513659416253410939e+00
6.440000000000000000e+02 2.396582775090943755e+02 -5.257257783614841529e+00 4.532470822919660414e+00
6.450000000000000000e+02 2.394849507760085032e+02 -5.476058726192268189e+00 4.550591309453562161e+00
6.460000000000000000e+02 2.393363987820534646e+02 -5.695632168184235233e+00 4.568012119915849212e+00
6.470000000000000000e+02 2.392127402270573953e+02 -5.915872900836312454e+00 4.584724453220370144e+00
6.480000000000000000e+02 2.391140929172678966e+02 -6.136674422257661909e+00 4.600719463042248769e+00
6.490000000000000000e+02 2.390405737586577857e+02 -6.357928932488404961e+00 4.615988257726050037e+00
6.500000000000000000e+02 2.389922987502308445e+02 -6.579527328566986633e+00 4.630521900193950380e+00
6.510000000000000000e+02 2.389693829773277116e+02 -6.801359199597554195e+00 4.644311407853889406e+00
6.520000000000000000e+02 2.389719406049316035e+02 -7.023312821817315310e+00 4.657347752507743799e+00
6.530000000000000000e+02 2.390000848709742058e+02 -7.245275153663915724e+00 4.669621860259491442e+00
6.540000000000000000e+02 2.390539280796414516e+02 -7.467131830842805407e+00 4.681124611423367554e+00
6.550000000000000000e+02 2.391335815946794128e+02 -7.688767161394602034e+00 4.691846840432040366e+00
6.560000000000000000e+02 2.392391558327001064e+02 -7.910064120762469564e+00 4.701779335744769917e+00
6.570000000000000000e+02 2.393707602564869035e+02 -8.130904346859484377e+00 4.710912839755565962e+00
6.580000000000000000e+02 2.395285033683011306e+02 -8.351168135135988990e+00 4.719238048701364541e+00
6.590000000000000000e+02 2.397124927031872517e+02 -8.570734433647000827e+00 4.726745612570184996e+00
6.600000000000000000e+02 2.399228348222787872e+02 -8.789480838119525075e+00 4.733426135009293212e+00
6.610000000000000000e+02 2.401595738176575878e+02 -9.007292334176748128e+00 4.739272326160655524e+00
6.620000000000000000e+02 2.404225053519452331e+02 -9.224087745607166156e+00 4.744285513464168602e+00
6.630000000000000000e+02 2.407113585047066522e+02 -9.439793859571199874e+00 4.748469274247787197e+00
6.640000000000000000e+02 2.410258568660905780e+02 -9.654336729723480559e+00 4.751827296297594039e+00
6.650000000000000000e+02 2.413657185132726966e+02 -9.867641673678988923e+00 4.754363378356365466e+00
6.660000000000000000e+02 2.417306559868995350e+02 -1.007963327047919755e+01 4.756081430622151274e+00
6.670000000000000000e+02 2.421203762675318103e+02 -1.029023535805821155e+01 4.756985475246833239e+00
6.680000000000000000e+02 2.425345807520882033e+02 -1.049937103070891098e+01 4.757079646834713849e+00
6.690000000000000000e+02 2.429729652302886507e+02 -1.070696263654907554e+01 4.756368192941065054e+00
6.700000000000000000e+02 2.434352198610983464e+02 -1.091293177498755185e+01 4.754855474570719664e+00
6.710000000000000000e+02 2.439210291491708062e+02 -1.111719929419035857e+01 4.752545966676626321e+00
6.720000000000000000e+02 2.444300719212918125e+02 -1.131968528854685552e+01 4.749444258658431117e+00
6.730000000000000000e+02 2.449620213028229614e+02 -1.152030909613586473e+01 4.745555054861044120e+00
6.740000000000000000e+02 2.455165446941448124e+02 -1.171898929619181473e+01 4.740883175073207667e+00
6.750000000000000000e+02 2.460933037471012312e+02 -1.191564370657089178e+01 4.735433555026074437e+00
6.760000000000000000e+02 2.466919543414421980e+02 -1.211018938121716104e+01 4.729211246891768639e+00
6.770000000000000000e+02 2.473121465612678662e+02 -1.230254260762871965e+01 4.722221419781967633e+00
6.780000000000000000e+02 2.479535246714718824e+02 -1.249261890432382138e+01 4.714469360246461349e+00
6.790000000000000000e+02 2.486157270941851323e+02 -1.268033301830704396e+01 4.705960472771734793e+00
6.800000000000000000e+02 2.492983863852191462e+02 -1.286559892253539061e+01 4.696700280279528350e+00
6.810000000000000000e+02 2.500011292105097880e+02 -1.304832981338446274e+01 4.686694424625416744e+00
6.820000000000000000e+02 2.507235763225608025e+02 -1.322843810811458098e+01 4.675948667097372002e+00
6.830000000000000000e+02 2.514653425368873911e+02 -1.340583544233692592e+01 4.664468888914343303e+00
6.840000000000000000e+02 2.522260367084597021e+02 -1.358043266747969646e+01 4.652261091724823494e+00
6.850000000000000000e+02 2.530052617081466622e+02 -1.375213984825422564e+01 4.639331398105416504e+00
6.860000000000000000e+02 2.538026143991591823e+02 -1.392086626012111950e+01 4.625686052059411857e+00
6.870000000000000000e+02 2.546176856134939044e+02 -1.408652038675642437e+01 4.611331419515354746e+00
6.880000000000000000e+02 2.554500601283770038e+02 -1.424900991751774271e+01 4.596273988825622325e+00
6.890000000000000000e+02 2.562993166427071969e+02 -1.440824174491036480e+01 4.580520371264982238e+00
6.900000000000000000e+02 2.571650277534999418e+02 -1.456412196205344145e+01 4.564077301529171571e+00
6.910000000000000000e+02 2.580467599323306445e+02 -1.471655586014609796e+01 4.546951638233474924e+00
6.920000000000000000e+02 2.589440735017782345e+02 -1.486544792593356945e+01 4.529150364411275831e+00
6.930000000000000000e+02 2.598565226118689679e+02 -1.501070183917336998e+01 4.510680588012645487e+00
6.940000000000000000e+02 2.607836552165194917e+02 -1.515222047010138340e+01 4.491549542402903050e+00
6.950000000000000000e+02 2.617250130499813849e+02 -1.528990587689806802e+01 4.471764586861195490e+00
6.960000000000000000e+02 2.626801316032835985e+02 -1.542365930315453504e+01 4.451333207079058774e+00
6.970000000000000000e+02 2.636485401006766551e+02 -1.555338117533871767e+01 4.430263015658994163e+00
6.980000000000000000e+02 2.646297614760762826e+02 -1.567897110026151530e+01 4.408561752613039175e+00
6.990000000000000000e+02 2.656233123495067048e+02 -1.580032786254292176e+01 4.386237285861334989e+00
7.000000000000000000e+02 2.666287075690229926e+02 -1.591736334286791354e+01 4.363298389936271171e+00
7.010000000000000000e+02 2.676454739879452518e+02 -1.603004459601138976e+01 4.339757098885312026e+00
7.020000000000000000e+02 2.686731369279869455e+02 -1.613835264429851790e+01 4.315626403366734642e+00
7.030000000000000000e+02 2.697112156173689073e+02 -1.624226863706260104e+01 4.290919477570296792e+00
7.040000000000000000e+02 2.707592231683793216e+02 -1.634177385151552286e+01 4.265649679906127645e+00
7.050000000000000000e+02 2.718166665549339314e+02 -1.643684969361818560e+01 4.239830553693609616e+00
7.060000000000000000e+02 2.728830465901360753e+02 -1.652747769895098173e+01 4.213475827850251321e+00
7.070000000000000000e+02 2.739578579038366684e+02 -1.661363953358421952e+01 4.186599417580572968e+00
7.080000000000000000e+02 2.750405889201941250e+02 -1.669531699494859112e+01 4.159215425064981098e+00
7.090000000000000000e+02 2.761307218352347945e+02 -1.677249201270561230e+01 4.131338140148654858e+00
7.100000000000000000e+02 2.772277325944126574e+02 -1.684514664961806218e+01 4.102982041030418081e+00
7.110000000000000000e+02 2.783310908701695325e+02 -1.691326310242045849e+01 4.074161794951627336e+00
7.120000000000000000e+02 2.794402600394950582e+02 -1.697682370268947949e+01 4.044892258885046665e+00
7.130000000000000000e+02 2.805546971614867857e+02 -1.703581091771443567e+01 4.015188480223727652e+00
7.140000000000000000e+02 2.816738529549104442e+02 -1.709020735136770242e+01 3.985065697469894808e+00
7.150000000000000000e+02 2.827971717757594661e+02 -1.713999574497517386e+01 3.954539340923814983e+00
7.160000000000000000e+02 2.839240915948155930e+02 -1.718515897818672045e+01 3.923625033372689419e+00
7.170000000000000000e+02 2.850540439752086286e+02 -1.722568006984662148e+01 3.892338590779524488e+00
7.180000000000000000e+02 2.861864540499765326e+02 -1.726154217886403330e+01 3.860696022972015307e+00
7.190000000000000000e+02 2.873207404996257992e+02 -1.729272860508343612e+01 3.828713534331428470e+00
7.200000000000000000e+02 2.884563155296905848e+02 -1.731922279015505239e+01 3.796407524481472784e+00
7.210000000000000000e+02 2.895925848482940523e+02 -1.734100831840534340e+01 3.763794588977191324e+00
7.220000000000000000e+02 2.907289476437074995e+02 -1.735806891770743121e+01 3.730891519993831729e+00
7.230000000000000000e+02 2.918647965619106799e+02 -1.737038846035154549e+01 3.697715307015732034e+00
7.240000000000000000e+02 2.929995176841517264e+02 -1.737795096391547389e+01 3.664283137525193634e+00
7.250000000000000000e+02 2.941324905045077571e+02 -1.738074059213504796e+01 3.630612397691373339e+00
7.260000000000000000e+02 2.952630879074440600e+02 -1.737874165577451890e+01 3.596720673059147000e+00
7.270000000000000000e+02 2.963906761453749255e+02 -1.737193861349707902e+01 3.562625749238004680e+00
7.280000000000000000e+02 2.975146148162231157e+02 -1.736031607273527300e+01 3.528345612590922720e+00
7.290000000000000000e+02 2.986342568409803562e+02 -1.734385879056145185e+01 3.493898450923242471e+00
7.300000000000000000e+02 2.997489484412672596e+02 -1.732255167455822686e+01 3.459302654171555247e+00
7.310000000000000000e+02 3.008580291168930785e+02 -1.729637978368892703e+01 3.424576815092579274e+00
7.320000000000000000e+02 3.019608316234163112e+02 -1.726532832916802107e+01 3.389739729952038427e+00
7.330000000000000000e+02 3.030566819497042843e+02 -1.722938267533160328e+01 3.354810399213547178e+00
7.340000000000000000e+02 3.041448992954933601e+02 -1.718852834050781198e+01 3.319808028227484442e+00
7.350000000000000000e+02 3.052247960489492016e+02 -1.714275099788729406e+01 3.284752027919875861e+00
7.360000000000000000e+02 3.062956777642264115e+02 -1.709203647639365542e+01 3.249662015481277866e+00
7.370000000000000000e+02 3.073568431390290243e+02 -1.703637076155390417e+01 3.214557815055647527e+00
7.380000000000000000e+02 3.084075839921700322e+02 -1.697573999636889042e+01 3.179459458429234608e+00
7.390000000000000000e+02 3.094472470031959688e+02 -1.691014054871926930e+01 3.144386027143340367e+00
7.400000000000000000e+02 3.104754203133410897e+02 -1.683960942979176423e+01 3.109352152370671973e+00
7.410000000000000000e+02 3.114917505631001973e+02 -1.676419447774851079e+01 3.074371447320822792e+00
7.420000000000000000e+02 3.124958814548998589e+02 -1.668394434864786291e+01 3.039457659992687244e+00
7.430000000000000000e+02 3.134874537442124165e+02 -1.659890851952379620e+01 3.004624673609118446e+00
7.440000000000000000e+02 3.144661052306676083e+02 -1.650913729146528297e+01 2.969886507051570312e+00
7.450000000000000000e+02 3.154314707491663512e+02 -1.641468179269570626e+01 2.935257315294749869e+00
7.460000000000000000e+02 3.163831821609927033e+02 -1.631559398165224550e+01 2.900751389841263794e+00
7.470000000000000000e+02 3.173208683449270211e+02 -1.621192665006527633e+01 2.866383159156263627e+00
7.480000000000000000e+02 3.182441551883588886e+02 -1.610373342603776692e+01 2.832167189102101190e+00
7.490000000000000000e+02 3.191526655783996489e+02 -1.599106877712465824e+01 2.798118183372968915e+00
7.500000000000000000e+02 3.200460193929952766e+02 -1.587398801341228172e+01 2.764250983929553485e+00
7.510000000000000000e+02 3.209238334920392504e+02 -1.575254729059774306e+01 2.730580571433682824e+00
7.520000000000000000e+02 3.217857217084849708e+02 -1.562680361306831145e+01 2.697122065682971748e+00
7.530000000000000000e+02 3.226312948394591444e+02 -1.549681483698083362e+01 2.663890726045474722e+00
7.540000000000000000e+02 3.234601606373743152e+02 -1.536263967334111058e+01 2.630901951894331514e+00
7.550000000000000000e+02 3.242719238010412823e+02 -1.522433769108329571e+01 2.598171283042412405e+00
7.560000000000000000e+02 3.250661859667824842e+02 -1.508196932014931413e+01 2.565714400176974053e+00
7.570000000000000000e+02 3.258425456995443028e+02 -1.493559585456821104e+01 2.533547125294302038e+00
7.580000000000000000e+02 3.266005984840102201e+02 -1.478527945553559952e+01 2.501685422134358738e+00
7.590000000000000000e+02 3.273399367157133497e+02 -1.463108315449300711e+01 2.470145396615433864e+00
7.600000000000000000e+02 3.280601496921493094e+02 -1.447307085620732003e+01 2.438943297268793664e+00
7.610000000000000000e+02 3.287608236038890368e+02 -1.431130734185012976e+01 2.408095515673326137e+00
7.620000000000000000e+02 3.294415415256916617e+02 -1.414585827207717017e+01 2.377618586890191565e+00
7.630000000000000000e+02 3.301018834076169810e+02 -1.397679019010768364e+01 2.347529189897469948e+00
7.640000000000000000e+02 3.307414260661385583e+02 -1.380417052480383333e+01 2.317844148024807982e+00
7.650000000000000000e+02 3.313597431752564830e+02 -1.362806759375008880e+01 2.288580429388071380e+00
7.660000000000000000e+02 3.319564052576098447e+02 -1.344855060633262767e+01 2.259755147323986080e+00
7.670000000000000000e+02 3.325309796755900038e+02 -1.326568966681872830e+01 2.231385560824794556e+00
7.680000000000000000e+02 3.330830306224529522e+02 -1.307955577743616438e+01 2.203489074972898809e+00
7.690000000000000000e+02 3.336121191134325272e+02 -1.289022084145260294e+01 2.176083241375510458e+00
7.700000000000000000e+02 3.341178029768526017e+02 -1.269775766625499358e+01 2.149185758599298612e+00
7.710000000000000000e+02 3.345996368452403544e+02 -1.250223996642896829e+01 2.122814472605035085e+00
7.720000000000000000e+02 3.350571721464391430e+02 -1.230374236683825018e+01 2.096987377182251144e+00
7.730000000000000000e+02 3.354899570947206939e+02 -1.210234040570401604e+01 2.071722614383876948e+00
7.740000000000000000e+02 3.358975366818986004e+02 -1.189811053768431925e+01 2.047038474960892529e+00
7.750000000000000000e+02 3.362794526684405696e+02 -1.169113013695348613e+01 2.022953398796978774e+00
7.760000000000000000e+02 3.366352435745813523e+02 -1.148147750028147662e+01 1.999485975343160860e+00
7.770000000000000000e+02 3.369644446714359560e+02 -1.126923185011333572e+01 1.976654944052461893e+00
7.780000000000000000e+02 3.372666638522738367e+02 -1.105447339713569477e+01 1.954476834726175394e+00
7.790000000000000000e+02 3.375418108246361726e+02 -1.083728352304104625e+01 1.932958839146879049e+00
7.800000000000000000e+02 3.377898721986287001e+02 -1.061774460729189862e+01 1.912105806629002203e+00
7.810000000000000000e+02 3.380108360022741181e+02 -1.039593997103003353e+01 1.891922591963779876e+00
7.820000000000000000e+02 3.382046916876498699e+02 -1.017195388016769542e+01 1.872414055386607989e+00
7.830000000000000000e+02 3.383714301370247881e+02 -9.945871548478763202e+00 1.853585062544394146e+00
7.840000000000000000e+02 3.385110436689961375e+02 -9.717779140689918549e+00 1.835440484462908195e+00
7.850000000000000000e+02 3.386235260446267716e+02 -9.487763775571824709e+00 1.817985197514137452e+00
7.860000000000000000e+02 3.387088724735819483e+02 -9.255913529030294740e+00 1.801224083383633268e+00
7.870000000000000000e+02 3.387670796202664860e+02 -9.022317437197472145e+00 1.785162029037867137e+00
7.880000000000000000e+02 3.387981456099618640e+02 -8.787065499522995538e+00 1.769803926691582152e+00
7.890000000000000000e+02 3.388020700349630943e+02 -8.550248681865182832e+00 1.755154673775142227e+00
7.900000000000000000e+02 3.387788539607157645e+02 -8.311958919582203009e+00 1.741219172901886214e+00
7.910000000000000000e+02 3.387284999319532517e+02 -8.072289120623235448e+00 1.728002331835478467e+00
7.920000000000000000e+02 3.386510119788333668e+02 -7.831333168619668328e+00 1.715509063457262950e+00
7.930000000000000000e+02 3.385463956230759095e+02 -7.589185925976250857e+00 1.703744285733611585e+00
7.940000000000000000e+02 3.384146578840993129e+02 -7.345943236962280132e+00 1.692712921683278582e+00
7.950000000000000000e+02 3.382558072851574025e+02 -7.101701930802764018e+00 1.682419899344750780e+00
7.960000000000000000e+02 3.380698538594772913e+02 -6.856559824769610678e+00 1.672870151743602207e+00
7.970000000000000000e+02 3.378568091563956841e+02 -6.610615727272784348e+00 1.664068616859841754e+00
7.980000000000000000e+02 3.376166862474960340e+02 -6.363969440951492196e+00 1.656020237595268174e+00
7.990000000000000000e+02 3.373494997327456417e+02 -6.116721765765349872e+00 1.648729961740820649e+00
8.000000000000000000e+02 3.370552657466327560e+02 -5.868974502085561262e+00 1.642202741943930677e+00
8.010000000000000000e+02 3.367340019643035021e+02 -5.620830453786093805e+00 1.636443535675874861e+00
8.020000000000000000e+02 3.363857276076989820e+02 -5.372393431334840486e+00 1.631457305199125907e+00
8.030000000000000000e+02 3.360104634516921465e+02 -5.123768254884806694e+00 1.627249017534702746e+00
8.040000000000000000e+02 3.356082318302247813e+02 -4.875060757365274888e+00 1.623823644429525981e+00
8.050000000000000000e+02 3.351790566424450617e+02 -4.626377787572987010e+00 1.621186162323767554e+00
8.060000000000000000e+02 3.347229633588438560e+02 -4.377827213263311812e+00 1.619341552318202648e+00
8.070000000000000000e+02 3.342399790273921099e+02 -4.129517924241417504e+00 1.618294800141561129e+00
8.080000000000000000e+02 3.337301322796780028e+02 -3.881559835453450180e+00 1.618050896117880555e+00
8.090000000000000000e+02 3.331934533370437066e+02 -3.634063890077707359e+00 1.618614835133856955e+00
8.100000000000000000e+02 3.326299740167223717e+02 -3.387142062615807525e+00 1.619991616606198281e+00
8.110000000000000000e+02 3.320397277379756815e+02 -3.140907361983869439e+00 1.622186244448974302e+00
8.120000000000000000e+02 3.314227495282300424e+02 -2.895473834603679464e+00 1.625203727040967827e+00
8.130000000000000000e+02 3.307790760292142522e+02 -2.650956567493870875e+00 1.629049077193030159e+00
8.140000000000000000e+02 3.301087455030963724e+02 -2.407471691361096955e+00 1.633727312115429209e+00
8.150000000000000000e+02 3.294117978386207142e+02 -2.165136383691199207e+00 1.639243453385203608e+00
8.160000000000000000e+02 3.286882745572447106e+02 -1.924068871840389106e+00 1.645602526913512831e+00
8.170000000000000000e+02 3.279382623787626585e+02 -1.684378902548505641e+00 1.652807529544767950e+00
8.180000000000000000e+02 3.271620247589637529e+02 -1.446138957592360663e+00 1.660853289098151775e+00
8.190000000000000000e+02 3.263598727136887874e+02 -1.209412530108152195e+00 1.669732494588299865e+00
8.200000000000000000e+02 3.255321214861761518e+02 -9.742636129582828985e-01 1.679437719258729977e+00
8.210000000000000000e+02 3.246790905610207005e+02 -7.407567001106979410e-01 1.689961420184088237e+00
8.220000000000000000e+02 3.238011036781324492e+02 -5.089567880182261916e-01 1.701295937872388864e+00
8.230000000000000000e+02 3.228984888466944767e+02 -2.789293769979174775e-01 1.713433495867259904e+00
8.240000000000000000e+02 3.219715783591220202e+02 -5.074047261038339834e-02 1.726366200350185842e+00
8.250000000000000000e+02 3.210207088050206039e+02 1.755434129608665350e-01 1.740086039742749335e+00
8.260000000000000000e+02 3.200462210851446230e+02 3.998552595300806645e-01 1.754584884308878934e+00
8.270000000000000000e+02 3.190484604253559269e+02 6.221275375299322175e-01 1.769854485757087037e+00
8.280000000000000000e+02 3.180277763905822326e+02 8.422922066321743007e-01 1.785886476842717618e+00
8.290000000000000000e+02 3.169845228987757650e+02 1.060280714368305066e+00 1.802672370970186622e+00
8.300000000000000000e+02 3.159190582348713860e+02 1.276023994750227208e+00 1.820203561795226799e+00
8.310000000000000000e+02 3.148317450647456326e+02 1.489452466890905935e+00 1.838471322827131438e+00
8.320000000000000000e+02 3.137229504491748457e+02 1.700496033625035874e+00 1.857466807030995870e+00
8.330000000000000000e+02 3.125930458577938111e+02 1.909084080129696881e+00 1.877181046429962974e+00
8.340000000000000000e+02 3.114424071830538878e+02 2.115145472545015171e+00 1.897604951707464460e+00
8.350000000000000000e+02 3.102714147541823309e+02 2.318608556594828229e+00 1.918729311809466154e+00
8.360000000000000000e+02 3.090804533511400223e+02 2.519401156207340176e+00 1.940544793546710167e+00
8.370000000000000000e+02 3.078699122185802253e+02 2.717450572135788889e+00 1.963041941196958406e+00
8.380000000000000000e+02 3.066401850798069404e+02 2.912683580579098930e+00 1.986211176107235188e+00
8.390000000000000000e+02 3.053916701507340576e+02 3.105026431802550224e+00 2.010042796296073409e+00
8.400000000000000000e+02 3.041247701538429169e+02 3.294404848758433868e+00 2.034526976055754055e+00
8.410000000000000000e+02 3.028398923321414600e+02 3.480744025706715483e+00 2.059653765554552596e+00
8.420000000000000000e+02 3.015374484631223595e+02 3.663968626835693687e+00 2.085413090438979822e+00
8.430000000000000000e+02 3.002178548727217731e+02 3.844002784882664780e+00 2.111794751436027795e+00
8.440000000000000000e+02 2.988815324492778132e+02 4.020770099754579441e+00 2.138788423955411577e+00
8.450000000000000000e+02 2.975289066574889034e+02 4.194193637148707410e+00 2.166383657691812292e+00
8.460000000000000000e+02 2.961604075523722486e+02 4.364195927173290634e+00 2.194569876227121519e+00
8.470000000000000000e+02 2.947764697932226454e+02 4.530698962968218169e+00 2.223336376632684352e+00
8.480000000000000000e+02 2.933775326575707822e+02 4.693624199325674873e+00 2.252672329071543356e+00
8.490000000000000000e+02 2.919640400551414245e+02 4.852892551310802993e+00 2.282566776400678510e+00
8.500000000000000000e+02 2.905364405418126807e+02 5.008424392882370846e+00 2.313008633773256051e+00
8.510000000000000000e+02 2.890951873335736195e+02 5.160139555513426401e+00 2.343986688240866201e+00
8.520000000000000000e+02 2.876407383204834787e+02 5.307957326811960641e+00 2.375489598355772891e+00
8.530000000000000000e+02 2.861735560806297940e+02 5.451796449141569134e+00 2.407505893773149719e+00
8.540000000000000000e+02 2.846941078940869829e+02 5.591575118242114506e+00 2.440023974853330113e+00
8.550000000000000000e+02 2.832028657568747576e+02 5.727210981850379135e+00 2.473032112264045068e+00
8.560000000000000000e+02 2.817002955751417517e+02 5.858633893529893832e+00 2.506518042008547109e+00
8.570000000000000000e+02 2.801868245175589891e+02 5.985824415334177750e+00 2.540467743743345608e+00
8.580000000000000000e+02 2.786628731338905141e+02 6.108775968965328040e+00 2.574866640839308385e+00
8.590000000000000000e+02 2.771288661364851009e+02 6.227482140771448904e+00 2.609700002604625979e+00
8.600000000000000000e+02 2.755852324124657571e+02 6.341936682453810370e+00 2.644952943820876978e+00
8.610000000000000000e+02 2.740324050359174635e+02 6.452133511773967101e+00 2.680610424279087134e+00
8.620000000000000000e+02 2.724708212800766205e+02 6.558066713260918945e+00 2.716657248315796469e+00
8.630000000000000000e+02 2.709009226295189592e+02 6.659730538918239517e+00 2.753078064349122833e+00
8.640000000000000000e+02 2.693231547923484754e+02 6.757119408931221649e+00 2.789857364414823238e+00
8.650000000000000000e+02 2.677379677123864212e+02 6.850227912374023731e+00 2.826979483702361406e+00
8.660000000000000000e+02 2.661458155813589883e+02 6.939050807916798291e+00 2.864428600090967336e+00
8.670000000000000000e+02 2.645471568510868678e+02 7.023583024532840113e+00 2.902188733685701738e+00
8.680000000000000000e+02 2.629424542456732752e+02 7.103819662205733465e+00 2.940243746353522702e+00
8.690000000000000000e+02 2.613321747736927705e+02 7.179755992636478901e+00 2.978577341259346589e+00
8.700000000000000000e+02 2.597167897403799088e+02 7.251387459950642267e+00 3.017173062402111583e+00
8.710000000000000000e+02 2.580967747598178335e+02 7.318709681405501044e+00 3.056014294150844357e+00
8.720000000000000000e+02 2.564726097671266416e+02 7.381718448097172924e+00 3.095084260780718299e+00
8.730000000000000000e+02 2.548447790306526031e+02 7.440409725667766594e+00 3.134366026009122841e+00
8.740000000000000000e+02 2.532137711641559576e+02 7.494779655012516528e+00 3.173842492531723014e+00
8.750000000000000000e+02 2.515800791390003042e+02 7.544824552986930222e+00 3.213496401558526561e+00
8.760000000000000000e+02 2.499442002963407674e+02 7.590540913113922095e+00 3.253310332349943934e+00
8.770000000000000000e+02 2.483066363593125629e+02 7.631925406290958058e+00 3.293266701752854519e+00
8.780000000000000000e+02 2.466678934452199030e+02 7.668974881497195639e+00 3.333347763736669744e+00
8.790000000000000000e+02 2.450284820777246750e+02 7.701686366500631209e+00 3.373535608929395746e+00
8.800000000000000000e+02 2.433889171990344380e+02 7.730057068565226785e+00 3.413812164153698259e+00
8.810000000000000000e+02 2.417497181820918684e+02 7.754084375158064368e+00 3.454159191962966613e+00
8.820000000000000000e+02 2.401114088427625575e+02 7.773765854656482510e+00 3.494558290177374626e+00
8.830000000000000000e+02 2.384745174520244859e+02 7.789099257055211112e+00 3.534990891419948600e+00
8.840000000000000000e+02 2.368395767481557925e+02 7.800082514673524869e+00 3.575438262652625099e+00
8.850000000000000000e+02 2.352071239489239645e+02 7.806713742862373628e+00 3.615881504712322947e+00
8.860000000000000000e+02 2.335777007637744020e+02 7.808991240711525172e+00 3.656301551846997011e+00
8.870000000000000000e+02 2.319518534060186141e+02 7.806913491756710677e+00 3.696679171251709750e+00
8.880000000000000000e+02 2.303301326050232660e+02 7.800479164686762168e+00 3.736994962604690329e+00
8.890000000000000000e+02 2.287130936183987728e+02 7.789687114050753536e+00 3.777229357603403948e+00
8.900000000000000000e+02 2.271012962441875231e+02 7.774536380965144211e+00 3.817362619500605181e+00
8.910000000000000000e+02 2.254953048330530407e+02 7.755026193820913072e+00 3.857374842640410861e+00
8.920000000000000000e+02 2.238956883004681515e+02 7.731155968990712779e+00 3.897245951994363189e+00
8.930000000000000000e+02 2.223030201389038041e+02 7.702925311535991248e+00 3.936955702697484849e+00
8.940000000000000000e+02 2.207178784300176630e+02 7.670334015914151315e+00 3.976483679584357223e+00
8.950000000000000000e+02 2.191407937197114677e+02 7.633390193903649035e+00 4.015810739532769347e+00
8.960000000000000000e+02 2.175720916868655479e+02 7.592134802256080839e+00 4.054923365215810094e+00
8.970000000000000000e+02 2.160120479323044549e+02 7.546617516556039185e+00 4.093809381450387974e+00
8.980000000000000000e+02 2.144609398876899604e+02 7.496888642188394236e+00 4.132456518579107119e+00
8.990000000000000000e+02 2.129190468199078623e+02 7.442999116261606929e+00 4.170852412222235017e+00
9.000000000000000000e+02 2.113866498354548469e+02 7.385000509531028712e+00 4.208984603029663596e+00
9.010000000000000000e+02 2.098640318848249535e+02 7.322945028322210170e+00 4.246840536432882729e+00
9.020000000000000000e+02 2.083514777668967497e+02 7.256885516454200769e+00 4.284407562396940428e+00
9.030000000000000000e+02 2.068492741333195966e+02 7.186875457162859249e+00 4.321672935172411911e+00
9.040000000000000000e+02 2.053577094929011366e+02 7.112968975024158702e+00 4.358623813047369566e+00
9.050000000000000000e+02 2.038770742159931899e+02 7.035220837877482758e+00 4.395247258099344911e+00
9.060000000000000000e+02 2.024076605388793553e+02 6.953686458748939536e+00 4.431530235947297669e+00
9.070000000000000000e+02 2.009497625681612192e+02 6.868421897774666718e+00 4.467459615503583059e+00
9.080000000000000000e+02 1.995036762851451613e+02 6.779483864124123293e+00 4.503022168725912877e+00
9.090000000000000000e+02 1.980696995502296716e+02 6.686929717923417726e+00 4.538204570369330781e+00
9.100000000000000000e+02 1.966481321072913317e+02 6.590817472178588154e+00 4.572993397738172483e+00
9.110000000000000000e+02 1.952392755880721609e+02 6.491205794698922560e+00 4.607375130438033928e+00
9.120000000000000000e+02 1.938434335165661082e+02 6.388154010020261175e+00 4.641336150127739479e+00
9.130000000000000000e+02 1.924609113134060010e+02 6.281722101328294450e+00 4.674862740271306549e+00
9.140000000000000000e+02 1.910920163002502932e+02 6.171970712381881441e+00 4.707941085889916444e+00
9.150000000000000000e+02 1.897370577041694730e+02 6.058961149436335347e+00 4.740557273313871001e+00
9.160000000000000000e+02 1.883963466620333804e+02 5.942755383166747229e+00 4.772697289934572318e+00
9.170000000000000000e+02 1.870701962248976713e+02 5.823416050591280424e+00 4.804347023956479390e+00
9.180000000000000000e+02 1.857589213623905096e+02 5.701006456994475613e+00 4.835492264149078068e+00
9.190000000000000000e+02 1.844628389670997421e+02 5.575590577850562113e+00 4.866118699598851016e+00
9.200000000000000000e+02 1.831822678589591078e+02 5.447233060746754951e+00 4.896211919461237905e+00
9.210000000000000000e+02 1.819175287896354689e+02 5.315999227306566155e+00 4.925757412712607142e+00
9.220000000000000000e+02 1.806689444469151908e+02 5.181955075113100939e+00 4.954740567902218729e+00
9.230000000000000000e+02 1.794368394590914590e+02 5.045167279632375212e+00 4.983146672904195995e+00
9.240000000000000000e+02 1.782215403993504310e+02 4.905703196136609101e+00 5.010960914669484900e+00
9.250000000000000000e+02 1.770233757901583829e+02 4.763630861627538238e+00 5.038168378977830208e+00
9.260000000000000000e+02 1.758426761076484013e+02 4.619018996759713502e+00 5.064754050189730350e+00
9.270000000000000000e+02 1.746797737860071891e+02 4.471937007763812311e+00 5.090702810998416261e+00
9.280000000000000000e+02 1.735350032218616150e+02 4.322454988369936579e+00 5.115999442181809798e+00
9.290000000000000000e+02 1.724087007786658319e+02 4.170643721730924902e+00 5.140628622354490140e+00
9.300000000000000000e+02 1.713012047910877413e+02 4.016574682345649627e+00 5.164574927719667308e+00
9.310000000000000000e+02 1.702128555693959981e+02 3.860320037982331254e+00 5.187822831821143232e+00
9.320000000000000000e+02 1.691439954038465885e+02 3.701952651601828403e+00 5.210356705295277280e+00
9.330000000000000000e+02 1.680949685690696640e+02 3.541546083280958879e+00 5.232160815622957983e+00
9.340000000000000000e+02 1.670660628217441399e+02 3.379173699351305959e+00 5.253221647824619644e+00
9.350000000000000000e+02 1.660573328825911688e+02 3.214905980675104136e+00 5.273534906800572131e+00
9.360000000000000000e+02 1.650687742033315430e+02 3.048813176102390887e+00 5.293098623975914130e+00
9.370000000000000000e+02 1.641003812195830278e+02 2.880966193238764017e+00 5.311910846352211557e+00
9.380000000000000000e+02 1.631521473472077162e+02 2.711436600246012851e+00 5.329969636578398173e+00
9.390000000000000000e+02 1.622240649786593565e+02 2.540296627642739669e+00 5.347273073021664658e+00
9.400000000000000000e+02 1.613161254793305659e+02 2.367619170104992232e+00 5.363819249838346792e+00
9.410000000000000000e+02 1.604283191839000153e+02 2.193477788266880335e+00 5.379606277044813645e+00
9.420000000000000000e+02 1.595606353926799841e+02 2.017946710521210552e+00 5.394632280588364637e+00
9.430000000000000000e+02 1.587130623679634596e+02 1.841100834820109666e+00 5.408895402418118614e+00
9.440000000000000000e+02 1.578855873303711803e+02 1.663015730475645881e+00 5.422393800555899368e+00
9.450000000000000000e+02 1.570781964551994747e+02 1.483767639960462681e+00 5.435125649167130923e+00
9.460000000000000000e+02 1.562908748687671050e+02 1.303433480708400705e+00 5.447089138631726613e+00
9.470000000000000000e+02 1.555236066447626797e+02 1.122090846915122508e+00 5.458282475614983476e+00
9.480000000000000000e+02 1.547763748005919240e+02 9.398180113387434309e-01 5.468703883138466892e+00
9.490000000000000000e+02 1.540491612937250068e+02 7.566939271004523571e-01 5.478351600650902320e+00
9.500000000000000000e+02 1.533419470180437827e+02 5.727982294851406975e-01 5.487223884099072357e+00
9.510000000000000000e+02 1.526547118001890340e+02 3.882112377420287586e-01 5.495319005998697826e+00
9.520000000000000000e+02 1.519874343959077976e+02 2.030139568852904475e-01 5.502635255505337497e+00
9.530000000000000000e+02 1.513400924864007209e+02 1.728807949468040214e-02 5.509170938485272728e+00
9.540000000000000000e+02 1.507126626746691329e+02 -1.688840124838419388e-01 5.514924377586400084e+00
9.550000000000000000e+02 1.501051204818625422e+02 -3.554192459374833635e-01 5.519893912309119521e+00
9.560000000000000000e+02 1.495174403436258217e+02 -5.422338547859925084e-01 5.524077899077231457e+00
9.570000000000000000e+02 1.489495956064464508e+02 -7.292433781810333526e-01 5.527474711308822286e+00
9.580000000000000000e+02 1.484015585240018140e+02 -9.163626587055596628e-01 5.530082739487149901e+00
9.590000000000000000e+02 1.478733002535066703e+02 -1.103505840573187013e+00 5.531900391231553193e+00
9.600000000000000000e+02 1.473647908520601106e+02 -1.290586367827571745e+00 5.532926091368317145e+00
9.610000000000000000e+02 1.468759992729929991e+02 -1.477516982541778212e+00 5.533158282001584105e+00
9.620000000000000000e+02 1.464068933622154418e+02 -1.664209723017656684e+00 5.532595422584235756e+00
9.630000000000000000e+02 1.459574398545635745e+02 -1.850575921985216477e+00 5.531235989988779522e+00
9.640000000000000000e+02 1.455276043701475146e+02 -2.036526204801999640e+00 5.529078478578252742e+00
9.650000000000000000e+02 1.451173514106979496e+02 -2.221970487652456416e+00 5.526121400277098417e+00
9.660000000000000000e+02 1.447266443559139475e+02 -2.406817975747316929e+00 5.522363284642064940e+00
9.670000000000000000e+02 1.443554454598098857e+02 -2.590977161522964867e+00 5.517802678933093397e+00
9.680000000000000000e+02 1.440037158470630914e+02 -2.774355822840814056e+00 5.512438148184211073e+00
9.690000000000000000e+02 1.436714155093606564e+02 -2.956861021186681704e+00 5.506268275274418755e+00
9.700000000000000000e+02 1.433585033017471631e+02 -3.138399099870157194e+00 5.499291660998582465e+00
9.710000000000000000e+02 1.430649369389717265e+02 -3.318875682223988210e+00 5.491506924138324308e+00
9.720000000000000000e+02 1.427906729918351800e+02 -3.498195669803437990e+00 5.482912701532912436e+00
9.730000000000000000e+02 1.425356360087506573e+02 -3.676271697179219533e+00 5.473509353387960630e+00
9.740000000000000000e+02 1.422996253800245086e+02 -3.853049638977620539e+00 5.463304107100638518e+00
9.750000000000000000e+02 1.420824070683228797e+02 -4.028483482136308247e+00 5.452305990785904832e+00
9.760000000000000000e+02 1.418837443491655961e+02 -4.202526903292432614e+00 5.440524135324941390e+00
9.770000000000000000e+02 1.417033978033644814e+02 -4.375133268052803892e+00 5.427967774651975219e+00
9.780000000000000000e+02 1.415411253094609378e+02 -4.546255630264047554e+00 5.414646246041077582e+00
9.790000000000000000e+02 1.413966820361638952e+02 -4.715846731282773874e+00 5.400568990392984325e+00
9.800000000000000000e+02 1.412698204347874480e+02 -4.883858999245743071e+00 5.385745552521900237e+00
9.810000000000000000e+02 1.411602902316890322e+02 -5.050244548340028672e+00 5.370185581442314060e+00
9.820000000000000000e+02 1.410678384207070337e+02 -5.214955178073188868e+00 5.353898830655815289e+00
9.830000000000000000e+02 1.409922092555988229e+02 -5.377942372543422778e+00 5.336895158437895859e+00
9.840000000000000000e+02 1.409331442424783631e+02 -5.539157299709746241e+00 5.319184528124766054e+00
9.850000000000000000e+02 1.408903821322543308e+02 -5.698550810662144528e+00 5.300777008400166856e+00
9.860000000000000000e+02 1.408636589130676953e+02 -5.856073438891751692e+00 5.281682773582176971e+00
9.870000000000000000e+02 1.408527078027298955e+02 -6.011675399561007715e+00 5.261912103910032279e+00
9.880000000000000000e+02 1.408572592411603637e+02 -6.165306588773821872e+00 5.241475385830930200e+00
9.890000000000000000e+02 1.408770408828245309e+02 -6.316916582845746753e+00 5.220383112286841154e+00
9.900000000000000000e+02 1.409117775891717201e+02 -6.466454637574133635e+00 5.198645883001325352e+00
9.910000000000000000e+02 1.409611914210729822e+02 -6.613869687508309170e+00 5.176274404766343373e+00
9.920000000000000000e+02 1.410250016312587888e+02 -6.759110345219727201e+00 5.153279491729057860e+00
9.930000000000000000e+02 1.411029246567571249e+02 -6.902124900572147226e+00 5.129672065678658299e+00
9.940000000000000000e+02 1.411946741113310679e+02 -7.042861319991792435e+00 5.105463156333163610e+00
9.950000000000000000e+02 1.412999607779169935e+02 -7.181267245737514848e+00 5.080663901626238044e+00
9.960000000000000000e+02 1.414184926010620416e+02 -7.317289995170966677e+00 5.055285547994000872e+00
9.970000000000000000e+02 1.415499746793622364e+02 -7.450876560026754802e+00 5.029339450661836075e+00
9.980000000000000000e+02 1.416941092579002373e+02 -7.581973605682622797e+00 5.002837073931209133e+00
9.990000000000000000e+02 1.418505957206831170e+02 -7.710527470429595631e+00 4.975789991466469608e+00
1.000000000000000000e+03 1.420191305830804822e+02 -7.836484164742167025e+00 4.948209886581671491e+00
1.001000000000000000e+03 1.421994074842619966e+02 -7.959789370548445042e+00 4.920108552527383772e+00
1.002000000000000000e+03 1.423911171796353301e+02 -8.080388440500330560e+00 4.891497892777491252e+00
1.003000000000000000e+03 1.425939475332841937e+02 -8.198226397243674413e+00 4.862389921316021102e+00
1.004000000000000000e+03 1.428075835104058910e+02 -8.313247932688453190e+00 4.832796762923941003e+00
1.005000000000000000e+03 1.430317071697495805e+02 -8.425397407278927275e+00 4.802730653465981270e+00
1.006000000000000000e+03 1.432659976560535711e+02 -8.534618849263800655e+00 4.772203940177440096e+00
1.007000000000000000e+03 1.435101311924836125e+02 -8.640855953966397607e+00 4.741229081950995017e+00
1.008000000000000000e+03 1.437637810730707031e+02 -8.744052083054825175e+00 4.709818649623518816e+00
1.009000000000000000e+03 1.440266176551486410e+02 -8.844150263812133872e+00 4.677985326262881216e+00
1.010000000000000000e+03 1.442983083517922580e+02 -8.941093188406481929e+00 4.645741907454773667e+00
1.011000000000000000e+03 1.445785176242550278e+02 -9.034823213161315536e+00 4.613101301589510150e+00
1.012000000000000000e+03 1.448669167020908048e+02 -9.125292551079866143e+00 4.580076613525053020e+00
1.013000000000000000e+03 1.451632129124405708e+02 -9.212494012036541946e+00 4.546681396320638058e+00
1.014000000000000000e+03 1.454671207590766357e+02 -9.296430704847781001e+00 4.512929403706217535e+00
1.015000000000000000e+03 1.457783522266875309e+02 -9.377105884710914552e+00 4.478834507331877823e+00
1.016000000000000000e+03 1.460966167744548727e+02 -9.454522953667511942e+00 4.444410697064414606e+00
1.017000000000000000e+03 1.464216213296296871e+02 -9.528685461066732643e+00 4.409672081283910750e+00
1.018000000000000000e+03 1.467530702811088190e+02 -9.599597104028640970e+00 4.374632887180290197e+00
1.019000000000000000e+03 1.470906654730117680e+02 -9.667261727907572322e+00 4.339307461049907388e+00
1.020000000000000000e+03 1.474341061982568988e+02 -9.731683326755451446e+00 4.303710268592103816e+00
1.021000000000000000e+03 1.477830891921383909e+02 -9.792866043785160457e+00 4.267855895205793892e+00
1.022000000000000000e+03 1.481373086259021363e+02 -9.850814171833844668e+00 4.231759046286017067e+00
1.023000000000000000e+03 1.484964561003229164e+02 -9.905532153826287711e+00 4.195434547520527246e+00
1.024000000000000000e+03 1.488602206392804703e+02 -9.957024583238219151e+00 4.158897345186354677e+00
1.025000000000000000e+03 1.492282886833363023e+02 -1.000529620455968427e+01 4.122162506446372277e+00
1.026000000000000000e+03 1.496003440833100910e+02 -1.005035191375836767e+01 4.085245219645882386e+00
1.027000000000000000e+03 1.499760680938562132e+02 -1.009219675874293465e+01 4.048160794609169777e+00
1.028000000000000000e+03 1.503551393670402661e+02 -1.013083593982637431e+01 4.010924662936085738e+00
1.029000000000000000e+03 1.507372339459157047e+02 -1.016627481018934276e+01 3.973552378298612187e+00
1.030000000000000000e+03 1.511220252581001375e+02 -1.019851887634350085e+01 3.936059616737435540e+00
1.031000000000000000e+03 1.515091841093521623e+02 -1.022757379859485027e+01 3.898462176958517933e+00
1.032000000000000000e+03 1.518983786771476332e+02 -1.025344539150708556e+01 3.860775980629665760e+00
1.033000000000000000e+03 1.522892745042563547e+02 -1.027613962436492123e+01 3.823017072677104000e+00
1.034000000000000000e+03 1.526815344923185478e+02 -1.029566262163744028e+01 3.785201621582045206e+00
1.035000000000000000e+03 1.530748188954212310e+02 -1.031202066344142665e+01 3.747345919677260717e+00
1.036000000000000000e+03 1.534687853136750846e+02 -1.032522018600471903e+01 3.709466383443650539e+00
1.037000000000000000e+03 1.538630886867907748e+02 -1.033526778212955044e+01 3.671579553806822993e+00
1.038000000000000000e+03 1.542573812876553916e+02 -1.034217020165586121e+01 3.633702096433646833e+00
1.039000000000000000e+03 1.546513127159090857e+02 -1.034593435192467581e+01 3.595850802028844218e+00
1.040000000000000000e+03 1.550445298915217336e+02 -1.034656729824142296e+01 3.558042586631546378e+00
1.041000000000000000e+03 1.554366770483691198e+02 -1.034407626433928407e+01 3.520294491911872825e+00
1.042000000000000000e+03 1.558273957278099147e+02 -1.033846863284252571e+01 3.482623685467497676e+00
1.043000000000000000e+03 1.562163247722616859e+02 -1.032975194572983924e+01 3.445047461120223087e+00
1.044000000000000000e+03 1.566031003187779334e+02 -1.031793390479770167e+01 3.407583239212548687e+00
1.045000000000000000e+03 1.569873557926242711e+02 -1.030302237212369398e+01 3.370248566904246346e+00
1.046000000000000000e+03 1.573687219008550073e+02 -1.028502537052983712e+01 3.333061118468925610e+00
1.047000000000000000e+03 1.577468266258899519e+02 -1.026395108404596179e+01 3.296038695590609358e+00
1.048000000000000000e+03 1.581212952190904844e+02 -1.023980785837301966e+01 3.259199227660303233e+00
1.049000000000000000e+03 1.584917501943365323e+02 -1.021260420134644242e+01 3.222560772072566859e+00
1.050000000000000000e+03 1.588578113216027248e+02 -1.018234878339946192e+01 3.186141514522082385e+00
1.051000000000000000e+03 1.592191335004923758e+02 -1.014905618420895372e+01 3.149958289180988746e+00
1.052000000000000000e+03 1.595755209703552850e+02 -1.011276421918376300e+01 3.114022116104997462e+00
1.053000000000000000e+03 1.599268146750130200e+02 -1.007351685474698222e+01 3.078342602383091986e+00
1.054000000000000000e+03 1.602728545244515317e+02 -1.003135848507869277e+01 3.042929416767554684e+00
1.055000000000000000e+03 1.606134793925089355e+02 -9.986333933202942603e+00 3.007792289809893216e+00
1.056000000000000000e+03 1.609485271145629781e+02 -9.938488452074745183e+00 2.972941013996768245e+00
1.057000000000000000e+03 1.612778344852190173e+02 -9.887867725667060625e+00 2.938385443885918491e+00
1.058000000000000000e+03 1.616012372559978019e+02 -9.834517870057812416e+00 2.904135496242099546e+00
1.059000000000000000e+03 1.619185701330230813e+02 -9.778485434516852592e+00 2.870201150173002702e+00
1.060000000000000000e+03 1.622296667747095569e+02 -9.719817402592969557e+00 2.836592447265191552e+00
1.061000000000000000e+03 1.625343597894504057e+02 -9.658561193200871031e+00 2.803319491720021706e+00
1.062000000000000000e+03 1.628324807333053457e+02 -9.594764661708193643e+00 2.770392450489582270e+00
1.063000000000000000e+03 1.631238601076881025e+02 -9.528476101022471667e+00 2.737821553412613351e+00
1.064000000000000000e+03 1.634083273570543327e+02 -9.459744242678141291e+00 2.705617093350440872e+00
1.065000000000000000e+03 1.636857108665894600e+02 -9.388618257923544874e+00 2.673789426322904283e+00
1.066000000000000000e+03 1.639558379598962290e+02 -9.315147758807896139e+00 2.642348971644284283e+00
1.067000000000000000e+03 1.642185348966826837e+02 -9.239382799268291535e+00 2.611306212059233633e+00
1.068000000000000000e+03 1.644736268704496638e+02 -9.161373876216700296e+00 2.580671693878705764e+00
1.069000000000000000e+03 1.647209380061788693e+02 -9.081171930626949163e+00 2.550456027115880264e+00
1.070000000000000000e+03 1.649602913580204984e+02 -8.998828348621731976e+00 2.520669885622098594e+00
1.071000000000000000e+03 1.651915089069808005e+02 -8.914394962559571312e+00 2.491324007222784687e+00
1.072000000000000000e+03 1.654144115586102828e+02 -8.827924052121845833e+00 2.462429193853381104e+00
1.073000000000000000e+03 1.656288191406911210e+02 -8.739468345399755478e+00 2.433996311695275416e+00
1.074000000000000000e+03 1.658345504009249396e+02 -8.649081019981325724e+00 2.406036291311724806e+00
1.075000000000000000e+03 1.660314230046207626e+02 -8.556815704038404746e+00 2.378560127783792666e+00
1.076000000000000000e+03 1.662192535323826519e+02 -8.462726477413637483e+00 2.351578880846271424e+00
1.077000000000000000e+03 1.663978574777975723e+02 -8.366867872707482334e+00 2.325103675023615590e+00
1.078000000000000000e+03 1.665670492451229165e+02 -8.269294876365179903e+00 2.299145699765865913e+00
1.079000000000000000e+03 1.667266421469745126e+02 -8.170062929763762583e+00 2.273716209584582870e+00
1.080000000000000000e+03 1.668764484020143755e+02 -8.069227930299041063e+00 2.248826524188776155e+00
1.081000000000000000e+03 1.670162791326382887e+02 -7.966846232472585498e+00 2.224488028620824842e+00
1.082000000000000000e+03 1.671459443626636130e+02 -7.862974648978737768e+00 2.200712173392419313e+00
1.083000000000000000e+03 1.672652530150173220e+02 -7.757670451791591759e+00 2.177510474620479197e+00
1.084000000000000000e+03 1.673740129094233851e+02 -7.650991373251986971e+00 2.154894514163089081e+00
1.085000000000000000e+03 1.674720307600908029e+02 -7.542995607154499460e+00 2.132875939755423111e+00
1.086000000000000000e+03 1.675591121734011324e+02 -7.433741809834439884e+00 2.111466465145675819e+00
1.087000000000000000e+03 1.676350616455966076e+02 -7.323289101254841782e+00 2.090677870230992497e+00
1.088000000000000000e+03 1.676996825604674086e+02 -7.211697066093447184e+00 2.070522001193395578e+00
1.089000000000000000e+03 1.677527771870399533e+02 -7.099025754829714430e+00 2.051010770635713243e+00
1.090000000000000000e+03 1.677941863620021365e+02 -6.985334194359664295e+00 2.032154140260449715e+00
1.091000000000000000e+03 1.678239091241333369e+02 -6.870675895787974774e+00 2.013954039020473541e+00
1.092000000000000000e+03 1.678419846790049235e+02 -6.755103288576351339e+00 1.996410363709944180e+00
1.093000000000000000e+03 1.678484528613663826e+02 -6.638669206490135366e+00 1.979522988960382035e+00
1.094000000000000000e+03 1.678433541368377746e+02 -6.521426888534907818e+00 1.963291767173025226e+00
1.095000000000000000e+03 1.678267296036019047e+02 -6.403429979893069834e+00 1.947716528451173046e+00
1.096000000000000000e+03 1.677986209940967228e+02 -6.284732532860440202e+00 1.932797080532540956e+00
1.097000000000000000e+03 1.677590706767076654e+02 -6.165389007782840380e+00 1.918533208721603600e+00
1.098000000000000000e+03 1.677081216574598557e+02 -6.045454273992680427e+00 1.904924675821949576e+00
1.099000000000000000e+03 1.676458175817104745e+02 -5.924983610745566232e+00 1.891971222068627556e+00
1.100000000000000000e+03 1.675722027358411310e+02 -5.804032708156868559e+00 1.879672565060496847e+00
1.101000000000000000e+03 1.674873220489500056e+02 -5.682657668138327622e+00 1.868028399692574393e+00
1.102000000000000000e+03 1.673912210945443633e+02 -5.560915005334637229e+00 1.857038398088388664e+00
1.103000000000000000e+03 1.672839460922326964e+02 -5.438861648060036025e+00 1.846702209532324446e+00
1.104000000000000000e+03 1.671655439094171527e+02 -5.316554939234899635e+00 1.837019460401974724e+00
1.105000000000000000e+03 1.670360620629858488e+02 -5.194052637322327470e+00 1.827989754100487696e+00
1.106000000000000000e+03 1.668955487210050705e+02 -5.071412917264734865e+00 1.819612670988919989e+00
1.107000000000000000e+03 1.667440527044116436e+02 -4.948694371420443439e+00 1.811887768318579894e+00
1.108000000000000000e+03 1.665816234887052190e+02 -4.825956010500271454e+00 1.804814580163384141e+00
1.109000000000000000e+03 1.664083112056407288e+02 -4.703257264504121515e+00 1.798392617352200018e+00
1.110000000000000000e+03 1.662241666449205297e+02 -4.580657983657573595e+00 1.792621367401199484e+00
1.111000000000000000e+03 1.660292412558867454e+02 -4.458218439348474504e+00 1.787500294446205951e+00
1.112000000000000000e+03 1.658235871492135516e+02 -4.335999325063525589e+00 1.783028839175045510e+00
1.113000000000000000e+03 1.656072570985996890e+02 -4.214061757324876645e+00 1.779206418759893271e+00
1.114000000000000000e+03 1.653803045424604932e+02 -4.092467276626716277e+00 1.776032426789627694e+00
1.115000000000000000e+03 1.651427835856202933e+02 -3.971277848371855601e+00 1.773506233202172266e+00
1.116000000000000000e+03 1.648947490010050103e+02 -3.850555863808327484e+00 1.771627184216853612e+00
1.117000000000000000e+03 1.646362562313338742e+02 -3.730364140965969355e+00 1.770394602266743389e+00
1.118000000000000000e+03 1.643673613908123912e+02 -3.610765925593017123e+00 1.769807785931011512e+00
1.119000000000000000e+03 1.640881212668241460e+02 -3.491824892092695087e+00 1.769866009867275158e+00
1.120000000000000000e+03 1.637985933216234002e+02 -3.373605144459803640e+00 1.770568524743945327e+00
1.121000000000000000e+03 1.634988356940273206e+02 -3.256171217217312730e+00 1.771914557172580507e+00
1.122000000000000000e+03 1.631889072011082362e+02 -3.139588076352951340e+00 1.773903309640232351e+00
1.123000000000000000e+03 1.628688673398860658e+02 -3.023921120255795181e+00 1.776533960441797344e+00
1.124000000000000000e+03 1.625387762890204613e+02 -2.909236180652858828e+00 1.779805663612362032e+00
1.125000000000000000e+03 1.621986949105033204e+02 -2.795599523545686083e+00 1.783717548859558910e+00
1.126000000000000000e+03 1.618486847513509588e+02 -2.683077850146940779e+00 1.788268721495909208e+00
1.127000000000000000e+03 1.614888080452964232e+02 -2.571738297816992258e+00 1.793458262371177003e+00
1.128000000000000000e+03 1.611191277144819765e+02 -2.461648441000512388e+00 1.799285227804714893e+00
1.129000000000000000e+03 1.607397259231273949e+02 -2.352869461120188799e+00 1.805747355573768420e+00
1.130000000000000000e+03 1.603507599980673035e+02 -2.245435557576298979e+00 1.812837164676121438e+00
1.131000000000000000e+03 1.599524072354014663e+02 -2.139374272108070851e+00 1.820545804949089685e+00
1.132000000000000000e+03 1.595448464175975403e+02 -2.034713295960637769e+00 1.828864346245904660e+00
1.133000000000000000e+03 1.591282578169284534e+02 -1.931480470179097741e+00 1.837783778246351973e+00
1.134000000000000000e+03 1.587028231989098117e+02 -1.829703785902569102e+00 1.847295010267413939e+00
1.135000000000000000e+03 1.582687258257368512e+02 -1.729411384658243733e+00 1.857388871073905934e+00
1.136000000000000000e+03 1.578261504597221858e+02 -1.630631558655448510e+00 1.868056108689118533e+00
1.137000000000000000e+03 1.573752833667329583e+02 -1.533392751079697636e+00 1.879287390205456321e+00
1.138000000000000000e+03 1.569163123196280480e+02 -1.437723556386752533e+00 1.891073301595078471e+00
1.139000000000000000e+03 1.564494266016956772e+02 -1.343652720596675509e+00 1.903404347520537998e+00
1.140000000000000000e+03 1.559748170100904190e+02 -1.251209141587888096e+00 1.916270951145421009e+00
1.141000000000000000e+03 1.554926758592708325e+02 -1.160421869391228045e+00 1.929663453944988838e+00
1.142000000000000000e+03 1.550031969844364426e+02 -1.071320106484001666e+00 1.943572115516813525e+00
1.143000000000000000e+03 1.545065757449654882e+02 -9.839332080840478278e-01 1.957987113391423506e+00
1.144000000000000000e+03 1.540030090278518742e+02 -8.982906824437871807e-01 1.972898542842938641e+00
1.145000000000000000e+03 1.534926952511426066e+02 -8.144221911442821593e-01 1.988296416699710800e+00
1.146000000000000000e+03 1.529758343673752847e+02 -7.323575493892937605e-01 2.004170665154966002e+00
1.147000000000000000e+03 1.524526278670151669e+02 -6.521267262993371006e-01 2.020511135577442552e+00
1.148000000000000000e+03 1.519232787818927193e+02 -5.737598452057378617e-01 2.037307592322030292e+00
1.149000000000000000e+03 1.513879916886408523e+02 -4.972871839446892372e-01 2.054549716540411186e+00
1.150000000000000000e+03 1.508469727121321000e+02 -4.227391751513080997e-01 2.072227105991701457e+00
1.151000000000000000e+03 1.503004295289162826e+02 -3.501464065536922243e-01 2.090329274853084840e+00
1.152000000000000000e+03 1.497485713706574870e+02 -2.795396212669761793e-01 2.108845653530460940e+00
1.153000000000000000e+03 1.491916090275715874e+02 -2.109497180873878275e-01 2.127765588469078040e+00
1.154000000000000000e+03 1.486297548518634812e+02 -1.444077517863053828e-01 2.147078341964176129e+00
1.155000000000000000e+03 1.480632227611645817e+02 -7.994493340431259309e-02 2.166773091971626819e+00
1.156000000000000000e+03 1.474922282419699400e+02 -1.759263054525765646e-02 2.186838931918573259e+00
1.157000000000000000e+03 1.469169883530756522e+02 4.261763232969280335e-02 2.207264870514066502e+00
1.158000000000000000e+03 1.463377217290160957e+02 1.006541736079954730e-01 2.228039831559710304e+00
1.159000000000000000e+03 1.457546485835015631e+02 1.564851542316744171e-01 2.249152653760298826e+00
1.160000000000000000e+03 1.451679907128551292e+02 2.100785774032651876e-01 2.270592090534455210e+00
1.161000000000000000e+03 1.445779714994503706e+02 2.614022882917572677e-01 2.292346809825273279e+00
1.162000000000000000e+03 1.439848159151484879e+02 3.104239737385378617e-01 2.314405393910956121e+00
1.163000000000000000e+03 1.433887505247356273e+02 3.571111619633357548e-01 2.336756339215456446e+00
1.164000000000000000e+03 1.427900034893604015e+02 4.014312222701643673e-01 2.359388056119117394e+00
1.165000000000000000e+03 1.421888045699708698e+02 4.433513647532651425e-01 2.382288868769308454e+00
1.166000000000000000e+03 1.415853851307522575e+02 4.828386400030521552e-01 2.405447014891071600e+00
1.167000000000000000e+03 1.409799781425639651e+02 5.198599388120538345e-01 2.428850645597755431e+00
1.168000000000000000e+03 1.403728088978549522e+02 5.543893850082504127e-01 2.452487958162887782e+00
1.169000000000000000e+03 1.397640670212946077e+02 5.864306158189142026e-01 2.476347596535890982e+00
1.170000000000000000e+03 1.391539341157392187e+02 6.159947797192706354e-01 2.500418255461717809e+00
1.171000000000000000e+03 1.385425930216054837e+02 6.430931689472498825e-01 2.524688547796708704e+00
1.172000000000000000e+03 1.379302278194918188e+02 6.677372198591883246e-01 2.549147004330917898e+00
1.173000000000000000e+03 1.373170238327993218e+02 6.899385132855316849e-01 2.573782073610436427e+00
1.174000000000000000e+03 1.367031676303526240e+02 7.097087748865359424e-01 2.598582121759722696e+00
1.175000000000000000e+03 1.360888470290209682e+02 7.270598755079702435e-01 2.623535432303922832e+00
1.176000000000000000e+03 1.354742510963391169e+02 7.420038315368190363e-01 2.648630205991195918e+00
1.177000000000000000e+03 1.348595701531285158e+02 7.545528052569838717e-01 2.673854560615044118e+00
1.178000000000000000e+03 1.342449957761180599e+02 7.647191052049862048e-01 2.699196530836633912e+00
1.179000000000000000e+03 1.336307208005651717e+02 7.725151865256683070e-01 2.724644068007122222e+00
1.180000000000000000e+03 1.330169393228768513e+02 7.779536513278966225e-01 2.750185039989982538e+00
1.181000000000000000e+03 1.324038467032305277e+02 7.810472490402635692e-01 2.775807230983328822e+00
1.182000000000000000e+03 1.317916395681952793e+02 7.818088767667893402e-01 2.801498341342245180e+00
1.183000000000000000e+03 1.311805158133524856e+02 7.802515796426247041e-01 2.827245987401103555e+00
1.184000000000000000e+03 1.305706746059170769e+02 7.763885511897520297e-01 2.853037701295896511e+00
1.185000000000000000e+03 1.299623163873584986e+02 7.702331336726889743e-01 2.878860930786559802e+00
1.186000000000000000e+03 1.293556428760214772e+02 7.617988184541892860e-01 2.904703039079295390e+00
1.187000000000000000e+03 1.287508570697473544e+02 7.510992463509458261e-01 2.930551304648901567e+00
1.188000000000000000e+03 1.281481632484947681e+02 7.381482079892918158e-01 2.956392921061093304e+00
1.189000000000000000e+03 1.275477669769607303e+02 7.229596441609041912e-01 2.982214996794831041e+00
1.190000000000000000e+03 1.269498751072017910e+02 7.055476461785046283e-01 3.008004555064644592e+00
1.191000000000000000e+03 1.263546957812547333e+02 6.859264562315621205e-01 3.033748533642960599e+00
1.192000000000000000e+03 1.257624384337577368e+02 6.641104677419954472e-01 3.059433784682423330e+00
1.193000000000000000e+03 1.251733137945713707e+02 6.401142257198751961e-01 3.085047074538226131e+00
1.194000000000000000e+03 1.245875338913994739e+02 6.139524271191252325e-01 3.110575083590430889e+00
1.195000000000000000e+03 1.240053120524103321e+02 5.856399211932253879e-01 3.136004406066297268e+00
1.196000000000000000e+03 1.234268629088573590e+02 5.551917098509140391e-01 3.161321549862607938e+00
1.197000000000000000e+03 1.228524023977004305e+02 5.226229480118893544e-01 3.186512936367989823e+00
1.198000000000000000e+03 1.222821477642265648e+02 4.879489439625123715e-01 3.211564900285245994e+00
1.199000000000000000e+03 1.217163175646711579e+02 4.511851597115079104e-01 3.236463689453675130e+00
1.200000000000000000e+03 1.211551316688388340e+02 4.123472113456678745e-01 3.261195464671400313e+00
1.201000000000000000e+03 1.205988112627244107e+02 3.714508693855532173e-01 3.285746299517693814e+00
1.202000000000000000e+03 1.200475788511339772e+02 3.285120591411955226e-01 3.310102180175301445e+00
1.203000000000000000e+03 1.195016582603058168e+02 2.835468610677994716e-01 3.334249005252766906e+00
1.204000000000000000e+03 1.189612746405314709e+02 2.365715111214454491e-01 3.358172585606761462e+00
1.205000000000000000e+03 1.184266544687765901e+02 1.876024011147903181e-01 3.381858644164405625e+00
1.206000000000000000e+03 1.178980255513020552e+02 1.366560790727713581e-01 3.405292815745594392e+00
1.207000000000000000e+03 1.173755906414428978e+02 8.375272805839337198e-02 3.428461974817388569e+00
1.208000000000000000e+03 1.168594479379456743e+02 2.892664804931215777e-02 3.451358236715612371e+00
1.209000000000000000e+03 1.163496696290623760e+02 -2.778409829430528166e-02 3.473975004525542865e+00
1.210000000000000000e+03 1.158463281905111444e+02 -8.634115194453984010e-02 3.496305645476770252e+00
1.211000000000000000e+03 1.153494963859256472e+02 -1.467058568637363281e-01 3.518343490874816126e+00
1.212000000000000000e+03 1.148592472673045819e+02 -2.088392593625177096e-01 3.540081836032745066e+00
1.213000000000000000e+03 1.143756541754611789e+02 -2.727021074577999915e-01 3.561513940202780670e+00
1.214000000000000000e+03 1.138987907404727338e+02 -3.382548502308082017e-01 3.582633026507925589e+00
1.215000000000000000e+03 1.134287308821298836e+02 -4.054576371850905359e-01 3.603432281873571785e+00
1.216000000000000000e+03 1.129655488103864087e+02 -4.742703176045330871e-01 3.623904856959124565e+00
1.217000000000000000e+03 1.125093190258083666e+02 -5.446524399113762405e-01 3.644043866089608841e+00
1.218000000000000000e+03 1.120601163200237806e+02 -6.165632510242285980e-01 3.663842387187292715e+00
1.219000000000000000e+03 1.116180157761721574e+02 -6.899616957160814579e-01 3.683293461703300853e+00
1.220000000000000000e+03 1.111830927693537063e+02 -7.648064159723259037e-01 3.702390094549226962e+00
1.221000000000000000e+03 1.107554229670790704e+02 -8.410557503487658959e-01 3.721125254028758267e+00
1.222000000000000000e+03 1.103350823297187873e+02 -9.186677333296331405e-01 3.739491871769282660e+00
1.223000000000000000e+03 1.099221471109526078e+02 -9.976000946856046214e-01 3.757482842653509625e+00
1.224000000000000000e+03 1.095166938582191705e+02 -1.077810258831814139e+00 3.775091024751086266e+00
1.225000000000000000e+03 1.091187994131651351e+02 -1.159255344185869951e+00 3.792309239250208908e+00
1.226000000000000000e+03 1.087285409120951982e+02 -1.241892162525868759e+00 3.809130270389243123e+00
1.227000000000000000e+03 1.083459957864211134e+02 -1.325677218348410902e+00 3.825546865388342432e+00
1.228000000000000000e+03 1.079712417631113368e+02 -1.410566708226615562e+00 3.841551734381055017e+00
1.229000000000000000e+03 1.076043568651406304e+02 -1.496516520168135411e+00 3.857137550345949961e+00
1.230000000000000000e+03 1.072454194119391104e+02 -1.583482232973170811e+00 3.872296949038226188e+00
1.231000000000000000e+03 1.068945080198424193e+02 -1.671419115592486682e+00 3.887022528921331155e+00
1.232000000000000000e+03 1.065517016025405042e+02 -1.760282126485426923e+00 3.901306851098576889e+00
1.233000000000000000e+03 1.062170793715274897e+02 -1.850025912977928177e+00 3.915142439244755135e+00
1.234000000000000000e+03 1.058907208365511394e+02 -1.940604810620536691e+00 3.928521779537754277e+00
1.235000000000000000e+03 1.055727058060621459e+02 -2.031972842546422964e+00 3.941437320590174931e+00
1.236000000000000000e+03 1.052631143876638191e+02 -2.124083718829393952e+00 3.953881473380945533e+00
1.237000000000000000e+03 1.049620269885614192e+02 -2.216890835841911933e+00 3.965846611186937931e+00
1.238000000000000000e+03 1.046695243160117030e+02 -2.310347275613107598e+00 3.977325069514586087e+00
1.239000000000000000e+03 1.043856873777723138e+02 -2.404405805186796474e+00 3.988309146031496777e+00
1.240000000000000000e+03 1.041105974825514835e+02 -2.499018875979491128e+00 3.998791100498072737e+00
1.241000000000000000e+03 1.038443362404571957e+02 -2.594138623138417810e+00 4.008763154699122033e+00
1.242000000000000000e+03 1.035869855634469303e+02 -2.689716864899535320e+00 4.018217492375477207e+00
1.243000000000000000e+03 1.033386276657769827e+02 -2.785705101945540552e+00 4.027146259155610863e+00
1.244000000000000000e+03 1.030993450644520237e+02 -2.882054516763894014e+00 4.035541562487253486e+00
1.245000000000000000e+03 1.028692205796745611e+02 -2.978715973004828044e+00 4.043395471569005473e+00
1.246000000000000000e+03 1.026483126185156891e+02 -3.075641963076897856e+00 4.050701615499048280e+00
1.247000000000000000e+03 1.024365807076385977e+02 -3.172792477235107711e+00 4.057459998380902988e+00
1.248000000000000000e+03 1.022339590877912769e+02 -3.270129202074637309e+00 4.063672240574293326e+00
1.249000000000000000e+03 1.020403813498738117e+02 -3.367613578048642697e+00 4.069339985657636660e+00
1.250000000000000000e+03 1.018557804334787988e+02 -3.465206798976737890e+00 4.074464900483103946e+00
1.251000000000000000e+03 1.016800886254319636e+02 -3.562869811553475596e+00 4.079048675231658372e+00
1.252000000000000000e+03 1.015132375583326763e+02 -3.660563314856825734e+00 4.083093023468112648e+00
1.253000000000000000e+03 1.013551582090945971e+02 -3.758247759856659265e+00 4.086599682196176531e+00
1.254000000000000000e+03 1.012057808974860080e+02 -3.855883348923228926e+00 4.089570411913499903e+00
1.255000000000000000e+03 1.010650352846706710e+02 -3.953430035335650405e+00 4.092006996666730956e+00
1.256000000000000000e+03 1.009328503717480885e+02 -4.050847522790379962e+00 4.093911244106559266e+00
1.257000000000000000e+03 1.008091544982942906e+02 -4.148095264909705371e+00 4.095284985542770428e+00
1.258000000000000000e+03 1.006938753409022951e+02 -4.245132464750210666e+00 4.096130075999290909e+00
1.259000000000000000e+03 1.005869399117225527e+02 -4.341918074311273301e+00 4.096448394269235571e+00
1.260000000000000000e+03 1.004882745570037628e+02 -4.438410794043538665e+00 4.096241842969967628e+00
1.261000000000000000e+03 1.003978049556331484e+02 -4.534569072357399477e+00 4.095512348598133734e+00
1.262000000000000000e+03 1.003154561176772006e+02 -4.630351105131478739e+00 4.094261861584723938e+00
1.263000000000000000e+03 1.002411523829221380e+02 -4.725714835221110910e+00 4.092492356350117433e+00
1.264000000000000000e+03 1.001748174194145236e+02 -4.820617951966823966e+00 4.090205831359129185e+00
1.265000000000000000e+03 1.001163742220017667e+02 -4.915017890702818804e+00 4.087404309176065453e+00
1.266000000000000000e+03 1.000657451108726832e+02 -5.008871832265450408e+00 4.084089836519766870e+00
1.267000000000000000e+03 1.000228517300980826e+02 -5.102136702501709031e+00 4.080264484318660401e+00
1.268000000000000000e+03 9.998761504617129958e+01 -5.194769171777706696e+00 4.075930347765811312e+00
1.269000000000000000e+03 9.995995534654875314e+01 -5.286725654487147708e+00 4.071089546373968915e+00
1.270000000000000000e+03 9.993979223819052038e+01 -5.377962308559815163e+00 4.065744224030614973e+00
1.271000000000000000e+03 9.992704464610079640e+01 -5.468435034970058339e+00 4.059896549053015669e+00
1.272000000000000000e+03 9.992163081186862428e+01 -5.558099477245264097e+00 4.053548714243273565e+00
1.273000000000000000e+03 9.992346829220829818e+01 -5.646911020974341611e+00 4.046702936943368911e+00
1.274000000000000000e+03 9.993247395749995121e+01 -5.734824793316203539e+00 4.039361459090216933e+00
1.275000000000000000e+03 9.994856399033010064e+01 -5.821795662508248093e+00 4.031526547270712690e+00
1.276000000000000000e+03 9.997165388403233521e+01 -5.907778237374839314e+00 4.023200492776780379e+00
1.277000000000000000e+03 1.000016584412276472e+02 -5.992726866835789146e+00 4.014385611660427955e+00
1.278000000000000000e+03 1.000384917723652052e+02 -6.076595639414835937e+00 4.005084244788789327e+00
1.279000000000000000e+03 1.000820672942626715e+02 -6.159338382748125618e+00 3.995298757899175435e+00
1.280000000000000000e+03 1.001322977286469751e+02 -6.240908663092699094e+00 3.985031541654127540e+00
1.281000000000000000e+03 1.001890951006948143e+02 -6.321259784834964535e+00 3.974285011696465642e+00
1.282000000000000000e+03 1.002523707375731021e+02 -6.400344789999186546e+00 3.963061608704330663e+00
1.283000000000000000e+03 1.003220352669796114e+02 -6.478116457755956681e+00 3.951363798446245301e+00
1.284000000000000000e+03 1.003979986156835338e+02 -6.554527303930690607e+00 3.939194071836152222e+00
1.285000000000000000e+03 1.004801614149746172e+02 -6.629535030267976303e+00 3.926555830903661004e+00
1.286000000000000000e+03 1.005683891129339003e+02 -6.703118941064603931e+00 3.913456057625509299e+00
1.287000000000000000e+03 1.006625375647252127e+02 -6.775263712338019495e+00 3.899902675567984645e+00
1.288000000000000000e+03 1.007624615968852453e+02 -6.845953958919092308e+00 3.885903666845615057e+00
1.289000000000000000e+03 1.008680150052401956e+02 -6.915174234356349814e+00 3.871467072240550422e+00
1.290000000000000000e+03 1.009790505528223719e+02 -6.982909030820199092e+00 3.856600991321942118e+00
1.291000000000000000e+03 1.010954199677866114e+02 -7.049142779007143922e+00 3.841313582565324403e+00
1.292000000000000000e+03 1.012169739413269127e+02 -7.113859848044024936e+00 3.825613063472004249e+00
1.293000000000000000e+03 1.013435621255929391e+02 -7.177044545392227803e+00 3.809507710688427196e+00
1.294000000000000000e+03 1.014750331316066507e+02 -7.238681116751924272e+00 3.793005860125574724e+00
1.295000000000000000e+03 1.016112345271788087e+02 -7.298753745966282125e+00 3.776115907078338552e+00
1.296000000000000000e+03 1.017520128348254644e+02 -7.357246554925702675e+00 3.758846306344901578e+00
1.297000000000000000e+03 1.018972135296846488e+02 -7.414143603472039601e+00 3.741205572346121944e+00
1.298000000000000000e+03 1.020466810374327764e+02 -7.469428889302822228e+00 3.723202279244913093e+00
1.299000000000000000e+03 1.022002587322013483e+02 -7.523086347875487689e+00 3.704845061065628276e+00
1.300000000000000000e+03 1.023577889344933141e+02 -7.575099852311596216e+00 3.686142611813438830e+00
1.301000000000000000e+03 1.025191129090998174e+02 -7.625453213301064181e+00 3.667103685593716911e+00
1.302000000000000000e+03 1.026840708630166574e+02 -7.674130179006387387e+00 3.647737096731418216e+00
1.303000000000000000e+03 1.028525019433607781e+02 -7.721114434966861673e+00 3.628051719890462046e+00
1.304000000000000000e+03 1.030242442352869574e+02 -7.766389604002813307e+00 3.608056490193115362e+00
1.305000000000000000e+03 1.031991347599042257e+02 -7.809939246119819600e+00 3.587760403339371518e+00
1.306000000000000000e+03 1.033770094721924977e+02 -7.851746858412939289e+00 3.567172515726333426e+00
1.307000000000000000e+03 1.035577032589191759e+02 -7.891795874970933156e+00 3.546301944567597175e+00
1.308000000000000000e+03 1.037410499365555268e+02 -7.930069666780484638e+00 3.525157868012627649e+00
1.309000000000000000e+03 1.039268822491933832e+02 -7.966551541630439992e+00 3.503749525266148801e+00
1.310000000000000000e+03 1.041150318664616634e+02 -8.001224744016015578e+00 3.482086216707517057e+00
1.311000000000000000e+03 1.043053293814428599e+02 -8.034072455043038019e+00 3.460177304010107147e+00
1.312000000000000000e+03 1.044976043085896720e+02 -8.065077792332154161e+00 3.438032210260697497e+00
1.313000000000000000e+03 1.046916850816414950e+02 -8.094223809923065005e+00 3.415660420078840076e+00
1.314000000000000000e+03 1.048873990515410810e+02 -8.121493498178759651e+00 3.393071479736257334e+00
1.315000000000000000e+03 1.050845724843509146e+02 -8.146869783689712818e+00 3.370274997276211160e+00
1.316000000000000000e+03 1.052830305591699016e+02 -8.170335529178146317e+00 3.347280642632890935e+00
1.317000000000000000e+03 1.054825973660498306e+02 -8.191873533402223018e+00 3.324098147750794041e+00
1.318000000000000000e+03 1.056830959039121041e+02 -8.211466531060281682e+00 3.300737306704107699e+00
1.319000000000000000e+03 1.058843480784639723e+02 -8.229097192695075336e+00 3.277207975816089913e+00
1.320000000000000000e+03 1.060861747001153930e+02 -8.244748124597970573e+00 3.253520073778450872e+00
1.321000000000000000e+03 1.062883954818954919e+02 -8.258401868713207250e+00 3.229683581770737000e+00
1.322000000000000000e+03 1.064908290373689397e+02 -8.270040902542078243e+00 3.205708543579707470e+00
1.323000000000000000e+03 1.066932928785527537e+02 -8.279647639047198027e+00 3.181605065718723591e+00
1.324000000000000000e+03 1.068956135063190231e+02 -8.287209676508812350e+00 3.157383056354409412e+00
1.325000000000000000e+03 1.070976568077338840e+02 -8.292735611728893730e+00 3.133051438691488944e+00
1.326000000000000000e+03 1.072992979902622466e+02 -8.296239401266811697e+00 3.108618929138559306e+00
1.327000000000000000e+03 1.075004115183446061e+02 -8.297735127593494298e+00 3.084094297814100827e+00
1.328000000000000000e+03 1.077008711120041085e+02 -8.297236999354753451e+00 3.059486368648002497e+00
1.329000000000000000e+03 1.079005497454534890e+02 -8.294759351634638733e+00 3.034804019483072768e+00
1.330000000000000000e+03 1.080993196457017689e+02 -8.290316646218768071e+00 3.010056182176553019e+00
1.331000000000000000e+03 1.082970522911613926e+02 -8.283923471857674414e+00 2.985251842701635017e+00
1.332000000000000000e+03 1.084936184102549959e+02 -8.275594544530131103e+00 2.960400041248976599e+00
1.333000000000000000e+03 1.086888879800224714e+02 -8.265344707706509197e+00 2.935509872328216030e+00
1.334000000000000000e+03 1.088827302247276521e+02 -8.253188932612099293e+00 2.910590484869485461e+00
1.335000000000000000e+03 1.090750136144654334e+02 -8.239142318490470629e+00 2.885651082324929728e+00
1.336000000000000000e+03 1.092656058637685987e+02 -8.223220092866789344e+00 2.860700922770220256e+00
1.337000000000000000e+03 1.094543739302147145e+02 -8.205437611811172260e+00 2.835749319006067193e+00
1.338000000000000000e+03 1.096411840130330262e+02 -8.185810360202019353e+00 2.810805638659739092e+00
1.339000000000000000e+03 1.098259015517114818e+02 -8.164353951989358649e+00 2.785879304286576374e+00
1.340000000000000000e+03 1.100083912246034714e+02 -8.141084130458175139e+00 2.760979793471503907e+00
1.341000000000000000e+03 1.101885169475349642e+02 -8.116016768491766342e+00 2.736116638930552458e+00
1.342000000000000000e+03 1.103661418724111769e+02 -8.089167868835065889e+00 2.711299428612366835e+00
1.343000000000000000e+03 1.105411283858236260e+02 -8.060553564357991974e+00 2.686537805799726453e+00
1.344000000000000000e+03 1.107133381076570089e+02 -8.030190118318783377e+00 2.661841469211056133e+00
1.345000000000000000e+03 1.108826318896961283e+02 -7.998093924627334594e+00 2.637220173101946230e+00
1.346000000000000000e+03 1.110488698142328019e+02 -7.964281508108554064e+00 2.612683727366663877e+00
1.347000000000000000e+03 1.112119111926727300e+02 -7.928769524765671761e+00 2.588241997639669556e+00
1.348000000000000000e+03 1.113716145641424475e+02 -7.891574762043606306e+00 2.563904905397131895e+00
1.349000000000000000e+03 1.115278376940962772e+02 -7.852714139092294765e+00 2.539682428058445129e+00
1.350000000000000000e+03 1.116804375729230827e+02 -7.812204707030021567e+00 2.515584599087739459e+00
1.351000000000000000e+03 1.118292704145534486e+02 -7.770063649206780276e+00 2.491621508095402504e+00
1.352000000000000000e+03 1.119741916550662921e+02 -7.726308281467592742e+00 2.467803300939589661e+00
1.353000000000000000e+03 1.121150559512959290e+02 -7.680956052415856661e+00 2.444140179827740234e+00
1.354000000000000000e+03 1.122517171794390407e+02 -7.634024543676684260e+00 2.420642403418095334e+00
1.355000000000000000e+03 1.123840284336614985e+02 -7.585531470160242762e+00 2.397320286921208687e+00
1.356000000000000000e+03 1.125118420247052313e+02 -7.535494680325087735e+00 2.374184202201466309e+00
1.357000000000000000e+03 1.126350094784952205e+02 -7.483932156441513328e+00 2.351244577878598196e+00
1.358000000000000000e+03 1.127533815347464383e+02 -7.430862014854878517e+00 2.328511899429194898e+00
1.359000000000000000e+03 1.128668081455706584e+02 -7.376302506248959112e+00 2.305996709288225421e+00
1.360000000000000000e+03 1.129751384740834368e+02 -7.320272015909275787e+00 2.283709606950547144e+00
1.361000000000000000e+03 1.130782208930109789e+02 -7.262789063986445193e+00 2.261661249072423274e+00
1.362000000000000000e+03 1.131759029832970924e+02 -7.203872305759503547e+00 2.239862349573040756e+00
1.363000000000000000e+03 1.132680513865468725e+02 -7.143542537939020498e+00 2.218322572076901089e+00
1.364000000000000000e+03 1.133546115982041158e+02 -7.081828740598214544e+00 2.197047194035366413e+00
1.365000000000000000e+03 1.134355488130807430e+02 -7.018762100585212771e+00 2.176040407018819511e+00
1.366000000000000000e+03 1.135108281296091661e+02 -6.954374011756766727e+00 2.155306421158724728e+00
1.367000000000000000e+03 1.135804145497309605e+02 -6.888696075371083971e+00 2.134849465177654615e+00
1.368000000000000000e+03 1.136442729787851249e+02 -6.821760100480639188e+00 2.114673786419301038e+00
1.369000000000000000e+03 1.137023682253965546e+02 -6.753598104325005735e+00 2.094783650878504488e+00
1.370000000000000000e+03 1.137546650013643870e+02 -6.684242312723669421e+00 2.075183343231266520e+00
1.371000000000000000e+03 1.138011279215503464e+02 -6.613725160468847619e+00 2.055877166864773731e+00
1.372000000000000000e+03 1.138417215037673742e+02 -6.542079291718327028e+00 2.036869443907416866e+00
1.373000000000000000e+03 1.138764101686678032e+02 -6.469337560388265906e+00 2.018164515258810798e+00
1.374000000000000000e+03 1.139051582396317599e+02 -6.395533030546024733e+00 1.999766740619813632e+00
1.375000000000000000e+03 1.139279299426557941e+02 -6.320698976802993307e+00 1.981680498522548906e+00
1.376000000000000000e+03 1.139446894062410394e+02 -6.244868884707400092e+00 1.963910186360421806e+00
1.377000000000000000e+03 1.139554006612817147e+02 -6.168076451137142868e+00 1.946460220418143816e+00
1.378000000000000000e+03 1.139600276409535127e+02 -6.090355584692606072e+00 1.929335035901747597e+00
1.379000000000000000e+03 1.139585341806021148e+02 -6.011740406089490563e+00 1.912539086968612967e+00
1.380000000000000000e+03 1.139508840176312674e+02 -5.932265248551619408e+00 1.896076846757480006e+00
1.381000000000000000e+03 1.139370407913916381e+02 -5.851964658203775649e+00 1.879952807418475702e+00
1.382000000000000000e+03 1.139169680430688345e+02 -5.770873394464516082e+00 1.864171480143127946e+00
1.383000000000000000e+03 1.138906292155719626e+02 -5.689026430438990367e+00 1.848737395194389288e+00
1.384000000000000000e+03 1.138579876534221142e+02 -5.606458953311771687e+00 1.833655101936656928e+00
1.385000000000000000e+03 1.138190066026405844e+02 -5.523206364739668750e+00 1.818929168865790702e+00
1.386000000000000000e+03 1.137736492106373731e+02 -5.439304281244553785e+00 1.804564183639133734e+00
1.387000000000000000e+03 1.137218785260996299e+02 -5.354788534606184314e+00 1.790564753105533535e+00
1.388000000000000000e+03 1.136636574988799566e+02 -5.269695172255017823e+00 1.776935503335360433e+00
1.389000000000000000e+03 1.135989489798848382e+02 -5.184060457665042421e+00 1.763681079650527783e+00
1.390000000000000000e+03 1.135277157209631582e+02 -5.097920870746594169e+00 1.750806146654514617e+00
1.391000000000000000e+03 1.134499203747944165e+02 -5.011313108239175307e+00 1.738315388262380079e+00
1.392000000000000000e+03 1.133655254947772306e+02 -4.924274084104282245e+00 1.726213507730788521e+00
1.393000000000000000e+03 1.132744935349177666e+02 -4.836840929918226450e+00 1.714505227688027933e+00
1.394000000000000000e+03 1.131767868497180984e+02 -4.749050995264949115e+00 1.703195290164029041e+00
1.395000000000000000e+03 1.130723676940645390e+02 -4.660941848128850928e+00 1.692288456620385295e+00
1.396000000000000000e+03 1.129611982231162273e+02 -4.572551275287610295e+00 1.681789507980374188e+00
1.397000000000000000e+03 1.128432404921933454e+02 -4.483917282705006890e+00 1.671703244658975906e+00
1.398000000000000000e+03 1.127184564566655922e+02 -4.395078095923737216e+00 1.662034486592893323e+00
1.399000000000000000e+03 1.125868079718406989e+02 -4.306072160458247922e+00 1.652788073270574865e+00
1.400000000000000000e+03 1.124482567928525185e+02 -4.216938142187541594e+00 1.643968863762228283e+00
1.401000000000000000e+03 1.123027645745498830e+02 -4.127714927748014517e+00 1.635581736749847082e+00
1.402000000000000000e+03 1.121503095124461851e+02 -4.038439696311469262e+00 1.627630398430668590e+00
1.403000000000000000e+03 1.119909364557056506e+02 -3.949142112123686932e+00 1.620113792562655419e+00
1.404000000000000000e+03 1.118247073166496506e+02 -3.859850072171415292e+00 1.613029653032939770e+00
1.405000000000000000e+03 1.116516844780258708e+02 -3.770591629575745785e+00 1.606375692544094846e+00
1.406000000000000000e+03 1.114719307939121933e+02 -3.681394993867279197e+00 1.600149602571427909e+00
1.407000000000000000e+03 1.112855095906199381e+02 -3.592288531261284668e+00 1.594349053320270215e+00
1.408000000000000000e+03 1.110924846675978301e+02 -3.503300764932871125e+00 1.588971693683273179e+00
1.409000000000000000e+03 1.108929202983354116e+02 -3.414460375292142302e+00 1.584015151197698090e+00
1.410000000000000000e+03 1.106868812312666108e+02 -3.325796200259366397e+00 1.579477032002710057e+00
1.411000000000000000e+03 1.104744326906735807e+02 -3.237337235540139524e+00 1.575354920796670166e+00
1.412000000000000000e+03 1.102556403775901117e+02 -3.149112634900546048e+00 1.571646380794428532e+00
1.413000000000000000e+03 1.100305704707052712e+02 -3.061151710442323814e+00 1.568348953684616465e+00
1.414000000000000000e+03 1.097992896272671999e+02 -2.973483932878032920e+00 1.565460159586939515e+00
1.415000000000000000e+03 1.095618649839863679e+02 -2.886138931806207619e+00 1.562977497009468086e+00
1.416000000000000000e+03 1.093183641579396408e+02 -2.799146495986537087e+00 1.560898442805934039e+00
1.417000000000000000e+03 1.090688552474734223e+02 -2.712536573615009772e+00 1.559220452133018853e+00
1.418000000000000000e+03 1.088134068331077202e+02 -2.626339272599094610e+00 1.557940958407650234e+00
1.419000000000000000e+03 1.085520879784393742e+02 -2.540584860832892033e+00 1.557057373264290723e+00
1.420000000000000000e+03 1.082849682310459229e+02 -2.455303766472306304e+00 1.556567086512233411e+00
1.421000000000000000e+03 1.080121176233891305e+02 -2.370526578210205404e+00 1.556467466092893659e+00
1.422000000000000000e+03 1.077336066737184836e+02 -2.286284045551581379e+00 1.556755858037099927e+00
1.423000000000000000e+03 1.074495063869751448e+02 -2.202607079088723108e+00 1.557429586422389933e+00
1.424000000000000000e+03 1.071598882556951509e+02 -2.119526750776372648e+00 1.558485953330299489e+00
1.425000000000000000e+03 1.068648242609132666e+02 -2.037074294206890013e+00 1.559922238803657546e+00
1.426000000000000000e+03 1.065643868730666526e+02 -1.955281104885420840e+00 1.561735700803878135e+00
1.427000000000000000e+03 1.062586490528982068e+02 -1.874178740505055396e+00 1.563923575168252089e+00
1.428000000000000000e+03 1.059476842523604887e+02 -1.793798921221995357e+00 1.566483075567241201e+00
1.429000000000000000e+03 1.056315664155191314e+02 -1.714173529930716366e+00 1.569411393461769721e+00
1.430000000000000000e+03 1.053103699794565244e+02 -1.635334612539131705e+00 1.572705698060516522e+00
1.431000000000000000e+03 1.049841698751754251e+02 -1.557314378243756403e+00 1.576363136277209254e+00
1.432000000000000000e+03 1.046530415285026265e+02 -1.480145199804873357e+00 1.580380832687916293e+00
1.433000000000000000e+03 1.043170608609923420e+02 -1.403859613821690333e+00 1.584755889488337788e+00
1.434000000000000000e+03 1.039763042908301998e+02 -1.328490321007511854e+00 1.589485386451100712e+00
1.435000000000000000e+03 1.036308487337364710e+02 -1.254070186464897319e+00 1.594566380883050138e+00
1.436000000000000000e+03 1.032807716038700221e+02 -1.180632239960827778e+00 1.599995907582541177e+00
1.437000000000000000e+03 1.029261508147315851e+02 -1.108209676201868277e+00 1.605770978796733806e+00
1.438000000000000000e+03 1.025670647800677102e+02 -1.036835855109331517e+00 1.611888584178882144e+00
1.439000000000000000e+03 1.022035924147741071e+02 -9.665443020944417540e-01 1.618345690745630172e+00
1.440000000000000000e+03 1.018358131357994552e+02 -8.973687083335001313e-01 1.625139242834303888e+00
1.441000000000000000e+03 1.014638113564995479e+02 -8.293387693752201084e-01 1.632265595598669350e+00
1.442000000000000000e+03 1.010876900177856470e+02 -7.624676542037518434e-01 1.639718809291987212e+00
1.443000000000000000e+03 1.007075571961049292e+02 -6.967644095440085339e-01 1.647492337587288969e+00
1.444000000000000000e+03 1.003235216236126632e+02 -6.322381100241695195e-01 1.655579592392711685e+00
1.445000000000000000e+03 9.993569268933593719e+01 -5.688978582105093107e-01 1.663973943776077213e+00
1.446000000000000000e+03 9.954418044033623403e+01 -5.067527846422243964e-01 1.672668719889472522e+00
1.447000000000000000e+03 9.914909558287287439e+01 -4.458120478662597752e-01 1.681657206893827805e+00
1.448000000000000000e+03 9.875054948356590501e+01 -3.860848344721380943e-01 1.690932648883496592e+00
1.449000000000000000e+03 9.834865417055931403e+01 -3.275803591267849590e-01 1.700488247810834297e+00
1.450000000000000000e+03 9.794352233468420366e+01 -2.703078646093589055e-01 1.710317163410779884e+00
1.451000000000000000e+03 9.753526733062179233e+01 -2.142766218460763483e-01 1.720412513125433529e+00
1.452000000000000000e+03 9.712400317806658734e+01 -1.594959299450407486e-01 1.730767372028635620e+00
1.453000000000000000e+03 9.670984456288942965e+01 -1.059751162310694772e-01 1.741374772750548194e+00
1.454000000000000000e+03 9.629290683830068076e+01 -5.372353628052062291e-02 1.752227705402231717e+00
1.455000000000000000e+03 9.587330602601328167e+01 -2.750573956121864054e-03 1.763319117500227406e+00
1.456000000000000000e+03 9.545115881740593977e+01 4.693435855820345115e-02 1.774641913891134459e+00
1.457000000000000000e+03 9.502658257468608838e+01 9.532182072250837412e-02 1.786188956676189710e+00
1.458000000000000000e+03 9.459969533205311620e+01 1.424023436059947689e-01 1.797953065135848627e+00
1.459000000000000000e+03 9.417061579686152584e+01 1.881664298521859291e-01 1.809927015654362981e+00
1.460000000000000000e+03 9.373946335078389325e+01 2.326045536440993766e-01 1.822103541644362501e+00
1.461000000000000000e+03 9.330635805097405466e+01 2.757071606694193044e-01 1.834475333471430103e+00
1.462000000000000000e+03 9.287142063123029345e+01 3.174646680856690883e-01 1.847035038378686211e+00
1.463000000000000000e+03 9.243477250315828542e+01 3.578674644853837017e-01 1.859775260411365760e+00
1.464000000000000000e+03 9.199653575733432831e+01 3.969059098612827130e-01 1.872688560341396746e+00
1.465000000000000000e+03 9.155683316446845765e+01 4.345703355714423677e-01 1.885767455591982333e+00
1.466000000000000000e+03 9.111578817656747731e+01 4.708510443044684468e-01 1.899004420162177631e+00
1.467000000000000000e+03 9.067352492809808950e+01 5.057383100446692925e-01 1.912391884551470689e+00
1.468000000000000000e+03 9.023016823715016699e+01 5.392223780372269459e-01 1.925922235684361716e+00
1.469000000000000000e+03 8.978584360659949937e+01 5.712934647533710608e-01 1.939587816834941414e+00
1.470000000000000000e+03 8.934067722527140631e+01 6.019417578555513737e-01 1.953380927551471968e+00
1.471000000000000000e+03 8.889479596910328496e+01 6.311574161626088975e-01 1.967293823580966272e+00
1.472000000000000000e+03 8.844832740230827994e+01 6.589305696149511116e-01 1.981318716793766255e+00
1.473000000000000000e+03 8.800139977853791606e+01 6.852513192397214903e-01 1.995447775108122768e+00
1.474000000000000000e+03 8.755414204204551254e+01 7.101097371159741378e-01 2.009673122414775470e+00
1.475000000000000000e+03 8.710668382884918515e+01 7.334958663398455370e-01 2.023986838501532937e+00
1.476000000000000000e+03 8.665915546789494783e+01 7.553997209897278520e-01 2.038380958977849655e+00
1.477000000000000000e+03 8.621168798221985696e+01 7.758112860914393449e-01 2.052847475199406801e+00
1.478000000000000000e+03 8.576441309011505609e+01 7.947205175834010094e-01 2.067378334192693679e+00
1.479000000000000000e+03 8.531746320628906233e+01 8.121173422818044330e-01 2.081965438579584049e+00
1.480000000000000000e+03 8.487096342308326768e+01 8.279953131500915608e-01 2.096600947473838517e+00
1.481000000000000000e+03 8.442500736509109061e+01 8.423626146938396619e-01 2.111278182575202500e+00
1.482000000000000000e+03 8.397968109823668215e+01 8.552311662574830775e-01 2.125990730879695700e+00
1.483000000000000000e+03 8.353507112879279362e+01 8.666129767544952234e-01 2.140732144461360509e+00
1.484000000000000000e+03 8.309126440410480541e+01 8.765201448326801481e-01 2.155495940413321154e+00
1.485000000000000000e+03 8.264834831331478426e+01 8.849648590394645353e-01 2.170275600788838855e+00
1.486000000000000000e+03 8.220641068808546947e+01 8.919593979871880407e-01 2.185064572542366079e+00
1.487000000000000000e+03 8.176553980332434435e+01 8.975161305183959604e-01 2.199856267470611026e+00
1.488000000000000000e+03 8.132582437790770769e+01 9.016475158711297899e-01 2.214644062153586557e+00
1.489000000000000000e+03 8.088735357540461735e+01 9.043661038442190048e-01 2.229421297895672005e+00
1.490000000000000000e+03 8.045021700480104698e+01 9.056845349625717301e-01 2.244181280666667000e+00
1.491000000000000000e+03 8.001450472122382962e+01 9.056155406424676313e-01 2.258917281042850167e+00
1.492000000000000000e+03 7.958030722666474333e+01 9.041719433568483621e-01 2.273622534148037388e+00
1.493000000000000000e+03 7.914771547070451163e+01 9.013666568006084567e-01 2.288290239594634290e+00
1.494000000000000000e+03 7.871682085123691763e+01 8.972126860558882200e-01 2.302913561424697608e+00
1.495000000000000000e+03 7.828771521519277599e+01 8.917231277573638426e-01 2.317485628050990787e+00
1.496000000000000000e+03 7.786049085926393332e+01 8.849111702575397365e-01 2.331999532198039127e+00
1.497000000000000000e+03 7.743524053062745338e+01 8.767900937920392046e-01 2.346448330843188046e+00
1.498000000000000000e+03 7.701205742766944695e+01 8.673732706448961105e-01 2.360825045157660451e+00
1.499000000000000000e+03 7.659103520070934223e+01 8.566741653138467694e-01 2.375122660447613221e+00
1.500000000000000000e+03 7.617226795272371476e+01 8.447063346756208402e-01 2.389334126095193245e+00
1.501000000000000000e+03 7.575585024007047252e+01 8.314834281512326619e-01 2.403452355499595683e+00
1.502000000000000000e+03 7.534187707321282801e+01 8.170191878712732558e-01 2.417470226018120005e+00
1.503000000000000000e+03 7.493044391744331278e+01 8.013274488412012175e-01 2.431380578907227363e+00
1.504000000000000000e+03 7.452164669360790583e+01 7.844221391066343863e-01 2.445176219263597073e+00
1.505000000000000000e+03 7.411558177882994869e+01 7.663172799186409589e-01 2.458849915965183541e+00
1.506000000000000000e+03 7.371234600723431640e+01 7.470269858990317147e-01 2.472394401612274084e+00
1.507000000000000000e+03 7.331203667067136109e+01 7.265654652056504625e-01 2.485802372468544075e+00
1.508000000000000000e+03 7.291475151944095501e+01 7.049470196976657110e-01 2.499066488402114761e+00
1.509000000000000000e+03 7.252058876301657619e+01 6.821860451008624482e-01 2.512179372826611967e+00
1.510000000000000000e+03 7.212964707076937998e+01 6.582970311729336998e-01 2.525133612642219028e+00
1.511000000000000000e+03 7.174202557269202885e+01 6.332945618687709777e-01 2.537921758176736819e+00
1.512000000000000000e+03 7.135782386012304812e+01 6.071933155057569476e-01 2.550536323126642024e+00
1.513000000000000000e+03 7.097714198647059902e+01 5.800080649290556556e-01 2.562969784498137393e+00
1.514000000000000000e+03 7.060008046793664960e+01 5.517536776769051965e-01 2.575214582548216224e+00
1.515000000000000000e+03 7.022674028424096093e+01 5.224451161459077175e-01 2.587263120725715293e+00
1.516000000000000000e+03 6.985722287934517283e+01 4.920974377563224755e-01 2.599107765612372223e+00
1.517000000000000000e+03 6.949163016217679001e+01 4.607257951173554522e-01 2.610740846863883746e+00
1.518000000000000000e+03 6.913006450735325359e+01 4.283454361924523557e-01 2.622154657150959967e+00
1.519000000000000000e+03 6.877261495761688082e+01 3.949728803938433175e-01 2.633342324492845776e+00
1.520000000000000000e+03 6.841931568435099109e+01 3.606294589219485314e-01 2.644300438564883837e+00
1.521000000000000000e+03 6.807018712850209852e+01 3.253378088465250784e-01 2.655026449563561819e+00
1.522000000000000000e+03 6.772524976257636808e+01 2.891207004973534445e-01 2.665517798095456303e+00
1.523000000000000000e+03 6.738452409064677795e+01 2.520010376906451910e-01 2.675771915163634773e+00
1.524000000000000000e+03 6.704803064835979853e+01 2.140018579554517630e-01 2.685786222154054048e+00
1.525000000000000000e+03 6.671579000294239847e+01 1.751463327600727427e-01 2.695558130821956055e+00
1.526000000000000000e+03 6.638782275320889426e+01 1.354577677384637413e-01 2.705085043278265822e+00
1.527000000000000000e+03 6.606414952956787090e+01 9.495960291664506947e-02 2.714364351975992573e+00
1.528000000000000000e+03 6.574479099402908844e+01 5.367541293911008010e-02 2.723393439696625062e+00
1.529000000000000000e+03 6.542976784021030312e+01 1.162890729523283900e-02 2.732169679536527784e+00
1.530000000000000000e+03 6.511910079334431600e+01 -3.115606945432276495e-02 2.740690434893343408e+00
1.531000000000000000e+03 6.481281061028568047e+01 -7.465553745119506146e-02 2.748953059452387215e+00
1.532000000000000000e+03 6.451091807951770818e+01 -1.188453813129169007e-01 2.756954897173046426e+00
1.533000000000000000e+03 6.421344402115941818e+01 -1.637013499065062827e-01 2.764693282275181296e+00
1.534000000000000000e+03 6.392040928697228708e+01 -2.091990561220586076e-01 2.772165539225513786e+00
1.535000000000000000e+03 6.363183476036725494e+01 -2.553139766463389804e-01 2.779368982724036208e+00
1.536000000000000000e+03 6.334774135641157500e+01 -3.020214517363727924e-01 2.786300917690404777e+00
1.537000000000000000e+03 6.306815002183574848e+01 -3.492966849930379536e-01 2.792958639250334052e+00
1.538000000000000000e+03 6.279308173504038137e+01 -3.971147431346570000e-01 2.799339432722001586e+00
1.539000000000000000e+03 6.252255750610306961e+01 -4.454505557705885077e-01 2.805440573602441479e+00
1.540000000000000000e+03 6.225659837678537656e+01 -4.942789151748183674e-01 2.811259327553943699e+00
1.541000000000000000e+03 6.199522542053961160e+01 -5.435744760595518921e-01 2.816792950390450301e+00
1.542000000000000000e+03 6.173845974251585744e+01 -5.933117553488056473e-01 2.822038688063956968e+00
1.543000000000000000e+03 6.148632247956872021e+01 -6.434651319519989476e-01 2.826993776650907009e+00
1.544000000000000000e+03 6.123883480026437809e+01 -6.940088465375456872e-01 2.831655442338594675e+00
1.545000000000000000e+03 6.099601790488733855e+01 -7.449170013064463358e-01 2.836020901411556494e+00
1.546000000000000000e+03 6.075789302544744430e+01 -7.961635597658788255e-01 2.840087360237973702e+00
1.547000000000000000e+03 6.052448142568670164e+01 -8.477223465027909910e-01 2.843852015256068011e+00
1.548000000000000000e+03 6.029580440108620820e+01 -8.995670469574919004e-01 2.847312052960503159e+00
1.549000000000000000e+03 6.007188327887300971e+01 -9.516712071972435183e-01 2.850464649888775792e+00
1.550000000000000000e+03 5.985273941802710596e+01 -1.004008233689853924e+00 2.853306972607623226e+00
1.551000000000000000e+03 5.963839420928815827e+01 -1.056551393077265866e+00 2.855836177699412559e+00
1.552000000000000000e+03 5.942886907516258077e+01 -1.109273811949151423e+00 2.858049411748543100e+00
1.553000000000000000e+03 5.922418546993032606e+01 -1.162148476616502668e+00 2.859943811327843921e+00
1.554000000000000000e+03 5.902436487965178458e+01 -1.215148232885222779e+00 2.861516502984971400e+00
1.555000000000000000e+03 5.882942882217472658e+01 -1.268245785829718253e+00 2.862764603228807214e+00
1.556000000000000000e+03 5.863939884714117312e+01 -1.321413699566492017e+00 2.863685218515855002e+00
1.557000000000000000e+03 5.845429653599426700e+01 -1.374624397027732092e+00 2.864275445236641460e+00
1.558000000000000000e+03 5.827413276661845742e+01 -1.427851716796227910e+00 2.864533223485676405e+00
1.559000000000000000e+03 5.809887539699829517e+01 -1.481075600053287644e+00 2.864459907166548636e+00
1.560000000000000000e+03 5.792848127815362602e+01 -1.534277447186110699e+00 2.864057717990595719e+00
1.561000000000000000e+03 5.776290696144748438e+01 -1.587438564570726518e+00 2.863328893911806894e+00
1.562000000000000000e+03 5.760210869806265777e+01 -1.640540164422513492e+00 2.862275689155405090e+00
1.563000000000000000e+03 5.744604243847814473e+01 -1.693563364646716307e+00 2.860900374246425404e+00
1.564000000000000000e+03 5.729466383194569090e+01 -1.746489188688961969e+00 2.859205236038287357e+00
1.565000000000000000e+03 5.714792822596635347e+01 -1.799298565385782478e+00 2.857192577741384465e+00
1.566000000000000000e+03 5.700579066576694487e+01 -1.851972328815125524e+00 2.854864718951652502e+00
1.567000000000000000e+03 5.686820589377662571e+01 -1.904491218146878495e+00 2.852223995679157298e+00
1.568000000000000000e+03 5.673512834910335556e+01 -1.956835877493382503e+00 2.849272760376665214e+00
1.569000000000000000e+03 5.660651216701049293e+01 -2.008986855759951951e+00 2.846013381968230949e+00
1.570000000000000000e+03 5.648231117839321769e+01 -2.060924606495391664e+00 2.842448245877767121e+00
1.571000000000000000e+03 5.636247890925515236e+01 -2.112629487742514023e+00 2.838579754057630744e+00
1.572000000000000000e+03 5.624696858018482004e+01 -2.164081761888657862e+00 2.834410325017199916e+00
1.573000000000000000e+03 5.613573310583210940e+01 -2.215261595516206050e+00 2.829942393851446969e+00
1.574000000000000000e+03 5.602872509438496706e+01 -2.266149059253101505e+00 2.825178412269525818e+00
1.575000000000000000e+03 5.592589684704572051e+01 -2.316724127623368545e+00 2.820120848623346888e+00
1.576000000000000000e+03 5.582720035750774201e+01 -2.366966678897626242e+00 2.814772187936155134e+00
1.577000000000000000e+03 5.573258731143190658e+01 -2.416856494943610656e+00 2.809134931931109858e+00
1.578000000000000000e+03 5.564200908592307115e+01 -2.466373261076688195e+00 2.803211599059863612e+00
1.579000000000000000e+03 5.555541674900667459e+01 -2.515496565910376958e+00 2.797004724531141573e+00
1.580000000000000000e+03 5.547276105910524535e+01 -2.564205901206861871e+00 2.790516860339318672e+00
1.581000000000000000e+03 5.539399246451485936e+01 -2.612480661727514697e+00 2.783750575293001628e+00
1.582000000000000000e+03 5.531906110288171163e+01 -2.660300145083410950e+00 2.776708455043602530e+00
1.583000000000000000e+03 5.524791680067863808e+01 -2.707643551585845465e+00 2.769393102113922644e+00
1.584000000000000000e+03 5.518050907268156635e+01 -2.754489984096853750e+00 2.761807135926729995e+00
1.585000000000000000e+03 5.511678712144619396e+01 -2.800818447879729334e+00 2.753953192833337393e+00
1.586000000000000000e+03 5.505669983678426860e+01 -2.846607850449536237e+00 2.745833926142179582e+00
1.587000000000000000e+03 5.500019579524035152e+01 -2.891837001423633868e+00 2.737452006147396144e+00
1.588000000000000000e+03 5.494722325956817599e+01 -2.936484612372191716e+00 2.728810120157408647e+00
1.589000000000000000e+03 5.489773017820718337e+01 -2.980529296668707140e+00 2.719910972523496451e+00
1.590000000000000000e+03 5.485166418475915862e+01 -3.023949569340520060e+00 2.710757284668380063e+00
1.591000000000000000e+03 5.480897259746462424e+01 -3.066723846919337415e+00 2.701351795114798726e+00
1.592000000000000000e+03 5.476960241867936929e+01 -3.108830447291745624e+00 2.691697259514084450e+00
1.593000000000000000e+03 5.473350033435104933e+01 -3.150247589549729277e+00 2.681796450674750698e+00
1.594000000000000000e+03 5.470061271349570120e+01 -3.190953393841191588e+00 2.671652158591062864e+00
1.595000000000000000e+03 5.467088560767405880e+01 -3.230925881220466866e+00 2.661267190471617639e+00
1.596000000000000000e+03 5.464426475046842313e+01 -3.270142973498845418e+00 2.650644370767927693e+00
1.597000000000000000e+03 5.462069320350571644e+01 -3.308585405918800237e+00 2.639786894638478376e+00
1.598000000000000000e+03 5.460010427199581784e+01 -3.346245494658605768e+00 2.628699391824749654e+00
1.599000000000000000e+03 5.458242852325509631e+01 -3.383118449343522904e+00 2.617386872577570411e+00
1.600000000000000000e+03 5.456759613363616523e+01 -3.419199467498447387e+00 2.605854375151241520e+00
1.601000000000000000e+03 5.455553688789383671e+01 -3.454483734535407358e+00 2.594106965848744117e+00
1.602000000000000000e+03 5.454618017855088397e+01 -3.488966423741035161e+00 2.582149739066927463e+00
1.603000000000000000e+03 5.453945500526401702e+01 -3.522642696264062234e+00 2.569987817341716330e+00
1.604000000000000000e+03 5.453528997418960245e+01 -3.555507701102792684e+00 2.557626351393301523e+00
1.605000000000000000e+03 5.453361329734961771e+01 -3.587556575092595068e+00 2.545070520171341499e+00
1.606000000000000000e+03 5.453435279199747754e+01 -3.618784442893384412e+00 2.532325530900162214e+00
1.607000000000000000e+03 5.453743587998386033e+01 -3.649186416977102887e+00 2.519396619123949410e+00
1.608000000000000000e+03 5.454278958712264114e+01 -3.678757597615209818e+00 2.506289048751952020e+00
1.609000000000000000e+03 5.455034054255665410e+01 -3.707493072866161921e+00 2.493008112103678453e+00
1.610000000000000000e+03 5.456001497812357570e+01 -3.735387918562895759e+00 2.479559129954092445e+00
1.611000000000000000e+03 5.457173872772186485e+01 -3.762437198300318197e+00 2.465947451578815564e+00
1.612000000000000000e+03 5.458543722667648268e+01 -3.788635963422782194e+00 2.452178454799320839e+00
1.613000000000000000e+03 5.460103551110484688e+01 -3.813979253011578585e+00 2.438257546028133493e+00
1.614000000000000000e+03 5.461845821728262962e+01 -3.838462093872414105e+00 2.424190160314026787e+00
1.615000000000000000e+03 5.463762958100969769e+01 -3.862079500522900055e+00 2.409981761387223198e+00
1.616000000000000000e+03 5.465847343697581806e+01 -3.884826475180032990e+00 2.395637841704589821e+00
1.617000000000000000e+03 5.468091321812671168e+01 -3.906698007747679835e+00 2.381163922494836438e+00
1.618000000000000000e+03 5.470487195502970934e+01 -3.927689075804063901e+00 2.366565553803715805e+00
1.619000000000000000e+03 5.473027227523977700e+01 -3.947794644589244673e+00 2.351848314539218165e+00
1.620000000000000000e+03 5.475703640266523564e+01 -3.967009666992608263e+00 2.337017812516772430e+00
1.621000000000000000e+03 5.478508615693369421e+01 -3.985329083540342321e+00 2.322079684504442909e+00
1.622000000000000000e+03 5.481434295275788315e+01 -4.002747822382930920e+00 2.307039596268127379e+00
1.623000000000000000e+03 5.484472779930156605e+01 -4.019260799282631247e+00 2.291903242616754710e+00
1.624000000000000000e+03 5.487616129954528077e+01 -4.034862917600958276e+00 2.276676347447484261e+00
1.625000000000000000e+03 5.490856364965228664e+01 -4.049549068286171227e+00 2.261364663790902618e+00
1.626000000000000000e+03 5.494185463833436245e+01 -4.063314129860755131e+00 2.245973973856220329e+00
1.627000000000000000e+03 5.497595364621774650e+01 -4.076152968408910837e+00 2.230510089076473967e+00
1.628000000000000000e+03 5.501077964520888486e+01 -4.088060437564027261e+00 2.214978850153721091e+00
1.629000000000000000e+03 5.504625119786038567e+01 -4.099031378496178490e+00 2.199386127104237421e+00
1.630000000000000000e+03 5.508228645673681001e+01 -4.109060619899604028e+00 2.183737819303718464e+00
1.631000000000000000e+03 5.511880316378050537e+01 -4.118142977980182806e+00 2.168039855532474025e+00
1.632000000000000000e+03 5.515571864967757421e+01 -4.126273256442931192e+00 2.152298194020628053e+00
1.633000000000000000e+03 5.519294983322359371e+01 -4.133446246479481445e+00 2.136518822493316261e+00
1.634000000000000000e+03 5.523041322068962700e+01 -4.139656726755562843e+00 2.120707758215885086e+00
1.635000000000000000e+03 5.526802490518785049e+01 -4.144899463398489914e+00 2.104871048039085757e+00
1.636000000000000000e+03 5.530570624671782554e+01 -4.149171602524750924e+00 2.089014502705748733e+00
1.637000000000000000e+03 5.534340096912939089e+01 -4.152479871246722354e+00 2.073142897081475144e+00
1.638000000000000000e+03 5.538105821478701074e+01 -4.154833441036211106e+00 2.057260762861977899e+00
1.639000000000000000e+03 5.541862687738652937e+01 -4.156241541123402605e+00 2.041372653695770367e+00
1.640000000000000000e+03 5.545605560157552816e+01 -4.156713458591550392e+00 2.025483145217457981e+00
1.641000000000000000e+03 5.549329278257371101e+01 -4.156258538471663933e+00 2.009596835081028043e+00
1.642000000000000000e+03 5.553028656579328270e+01 -4.154886183837195546e+00 1.993718342993141546e+00
1.643000000000000000e+03 5.556698484645939118e+01 -4.152605855898725551e+00 1.977852310746424092e+00
1.644000000000000000e+03 5.560333526923049163e+01 -4.149427074098657187e+00 1.962003402252756379e+00
1.645000000000000000e+03 5.563928522781871777e+01 -4.145359416205892877e+00 1.946176303576565347e+00
1.646000000000000000e+03 5.567478186461030276e+01 -4.140412518410532705e+00 1.930375722968116436e+00
1.647000000000000000e+03 5.570977207028595757e+01 -4.134596075418553340e+00 1.914606390896802290e+00
1.648000000000000000e+03 5.574420248344127060e+01 -4.127919840546499408e+00 1.898873060084434794e+00
1.649000000000000000e+03 5.577801949020710026e+01 -4.120393625816172190e+00 1.883180505538537775e+00
1.650000000000000000e+03 5.581116922386996748e+01 -4.112027302049317434e+00 1.867533524585634819e+00
1.651000000000000000e+03 5.584359756449241274e+01 -4.102830798962303405e+00 1.851936936904542197e+00
1.652000000000000000e+03 5.587525013853348099e+01 -4.092814105260824675e+00 1.836395584559659566e+00
1.653000000000000000e+03 5.590607231846898628e+01 -4.081987268734573959e+00 1.820914332034261118e+00
1.654000000000000000e+03 5.593600922241198248e+01 -4.070360396351937915e+00 1.805498066263785395e+00
1.655000000000000000e+03 5.596500571373317001e+01 -4.057943654354685847e+00 1.790151696669129322e+00
1.656000000000000000e+03 5.599300640068124579e+01 -4.044747268352649527e+00 1.774880155189934028e+00
1.657000000000000000e+03 5.601995563600329575e+01 -4.030781523418420775e+00 1.759688396317880876e+00
1.658000000000000000e+03 5.604579751656519448e+01 -4.016056764182026839e+00 1.744581397129980394e+00
1.659000000000000000e+03 5.607047588297204044e+01 -4.000583394925630643e+00 1.729564157321861861e+00
1.660000000000000000e+03 5.609393431918847028e+01 -3.984371879678208828e+00 1.714641699241067796e+00
1.661000000000000000e+03 5.611611615215910831e+01 -3.967432742310242233e+00 1.699819067920340654e+00
1.662000000000000000e+03 5.613696445142892344e+01 -3.949776566628406371e+00 1.685101331110917311e+00
1.663000000000000000e+03 5.615642202876367151e+01 -3.931413996470250805e+00 1.670493579315818211e+00
1.664000000000000000e+03 5.617443143777021675e+01 -3.912355735798899836e+00 1.656000925823139847e+00
1.665000000000000000e+03 5.619093497351698829e+01 -3.892612548797723004e+00 1.641628506739343019e+00
1.666000000000000000e+03 5.620587467215430877e+01 -3.872195259965037994e+00 1.627381481022546872e+00
1.667000000000000000e+03 5.621919231053488630e+01 -3.851114754208788682e+00 1.613265030515818488e+00
1.668000000000000000e+03 5.623082940583405787e+01 -3.829381976941235610e+00 1.599284359980464254e+00
1.669000000000000000e+03 5.624072721517035234e+01 -3.807007934173646468e+00 1.585444697129318570e+00
1.670000000000000000e+03 5.624882673522574095e+01 -3.784003692610974579e+00 1.571751292660039656e+00
1.671000000000000000e+03 5.625506870186608666e+01 -3.760380379746558255e+00 1.558209420288395597e+00
1.672000000000000000e+03 5.625939358976152960e+01 -3.736149183956796627e+00 1.544824376781557485e+00
1.673000000000000000e+03 5.626174161200691515e+01 -3.711321354595847222e+00 1.531601481991392344e+00
1.674000000000000000e+03 5.626205271974213673e+01 -3.685908202090306229e+00 1.518546078887749173e+00
1.675000000000000000e+03 5.626027542014210070e+01 -3.659921713602638516e+00 1.505662894844959521e+00
1.676000000000000000e+03 5.625639331538096855e+01 -3.633376405712135160e+00 1.492954119333275154e+00
1.677000000000000000e+03 5.625039879472505078e+01 -3.606287488105336614e+00 1.480421309502704119e+00
1.678000000000000000e+03 5.624228423720055758e+01 -3.578670249596989983e+00 1.468066027411791374e+00
1.679000000000000000e+03 5.623204201159089877e+01 -3.550540058251051345e+00 1.455889840033608440e+00
1.680000000000000000e+03 5.621966447643401210e+01 -3.521912361501684963e+00 1.443894319261737502e+00
1.681000000000000000e+03 5.620514398001977696e+01 -3.492802686274263380e+00 1.432081041916261954e+00
1.682000000000000000e+03 5.618847286038725031e+01 -3.463226639106369298e+00 1.420451589749751609e+00
1.683000000000000000e+03 5.616964344532211584e+01 -3.433199906268795232e+00 1.409007549453250796e+00
1.684000000000000000e+03 5.614864805235393419e+01 -3.402738253886544051e+00 1.397750512662266242e+00
1.685000000000000000e+03 5.612547898875349262e+01 -3.371857528059827747e+00 1.386682075962752059e+00
1.686000000000000000e+03 5.610012855153025413e+01 -3.340573654985070640e+00 1.375803840897100727e+00
1.687000000000000000e+03 5.607258902742950823e+01 -3.308902641075908146e+00 1.365117413970126536e+00
1.688000000000000000e+03 5.604285269292986982e+01 -3.276860573084185102e+00 1.354624406655055457e+00
1.689000000000000000e+03 5.601091181424056487e+01 -3.244463618220961632e+00 1.344326435399512354e+00
1.690000000000000000e+03 5.597675864729871620e+01 -3.211728024277507032e+00 1.334225121631506195e+00
1.691000000000000000e+03 5.594038543776679262e+01 -3.178670119746305645e+00 1.324322091765419929e+00
1.692000000000000000e+03 5.590178442102987333e+01 -3.145306313942053844e+00 1.314618977207996364e+00
1.693000000000000000e+03 5.586094782219294075e+01 -3.111653097122660583e+00 1.305117414364325157e+00
1.694000000000000000e+03 5.581786785607839363e+01 -3.077727040610250153e+00 1.295819044643831797e+00
1.695000000000000000e+03 5.577253672722316225e+01 -3.043544796912159622e+00 1.286725514466262377e+00
1.696000000000000000e+03 5.572494662987622860e+01 -3.009123099841941151e+00 1.277838475267673690e+00
1.697000000000000000e+03 5.567508974799588373e+01 -2.974478764640362538e+00 1.269159583506418887e+00
1.698000000000000000e+03 5.562295825524704895e+01 -2.939628688096404652e+00 1.260690500669134462e+00
1.699000000000000000e+03 5.556854431499869662e+01 -2.904589848668266860e+00 1.252432893276728576e+00
1.700000000000000000e+03 5.551184008032109318e+01 -2.869379306604360913e+00 1.244388432890367824e+00
1.701000000000000000e+03 5.545283769398320572e+01 -2.834014204064318587e+00 1.236558796117465775e+00
1.702000000000000000e+03 5.539152928845003032e+01 -2.798511765239985571e+00 1.228945664617666411e+00
1.703000000000000000e+03 5.532790698587987777e+01 -2.762889296476426004e+00 1.221550725108837554e+00
1.704000000000000000e+03 5.526196289812182272e+01 -2.727164186392920797e+00 1.214375669373052080e+00
1.705000000000000000e+03 5.519368912671291127e+01 -2.691353906003969954e+00 1.207422194262580240e+00
1.706000000000000000e+03 5.512307776287559591e+01 -2.655476008840288671e+00 1.200692001705872647e+00
1.707000000000000000e+03 5.505012088751504962e+01 -2.619548131069814101e+00 1.194186798713550379e+00
1.708000000000000000e+03 5.497481057121645875e+01 -2.583587991618699675e+00 1.187908297384392187e+00
1.709000000000000000e+03 5.489713887424248639e+01 -2.547613392292320089e+00 1.181858214911320371e+00
1.710000000000000000e+03 5.481709784653046569e+01 -2.511642217896268736e+00 1.176038273587389105e+00
1.711000000000000000e+03 5.473467952768978506e+01 -2.475692436357356918e+00 1.170450200811770980e+00
1.712000000000000000e+03 5.464987594699930185e+01 -2.439782098844621050e+00 1.165095729095745547e+00
1.713000000000000000e+03 5.456267912340455695e+01 -2.403929339890312988e+00 1.159976596068685195e+00
1.714000000000000000e+03 5.447308744147324688e+01 -2.368151205475754306e+00 1.155093955072294065e+00
1.715000000000000000e+03 5.438112483878527570e+01 -2.332460126106047138e+00 1.150446601429250704e+00
1.716000000000000000e+03 5.428682178233128042e+01 -2.296867413868577845e+00 1.146032731044954067e+00
1.717000000000000000e+03 5.419020890767899346e+01 -2.261384431808517892e+00 1.141850528426880729e+00
1.718000000000000000e+03 5.409131701923092095e+01 -2.226022594001974220e+00 1.137898166666508448e+00
1.719000000000000000e+03 5.399017709048182923e+01 -2.190793365629145395e+00 1.134173807421243296e+00
1.720000000000000000e+03 5.388682026427655103e+01 -2.155708263047475537e+00 1.130675600896345001e+00
1.721000000000000000e+03 5.378127785306741515e+01 -2.120778853864808688e+00 1.127401685826850963e+00
1.722000000000000000e+03 5.367358133917203133e+01 -2.086016757012542300e+00 1.124350189459504490e+00
1.723000000000000000e+03 5.356376237503086912e+01 -2.051433642818782488e+00 1.121519227534679919e+00
1.724000000000000000e+03 5.345185278346480828e+01 -2.017041233081497076e+00 1.118906904268306191e+00
1.725000000000000000e+03 5.333788455793290240e+01 -1.982851301141671074e+00 1.116511312333794859e+00
1.726000000000000000e+03 5.322188986278988665e+01 -1.948875671956460165e+00 1.114330532843964550e+00
1.727000000000000000e+03 5.310390103354384195e+01 -1.915126222172344406e+00 1.112362635332967198e+00
1.728000000000000000e+03 5.298395057711386613e+01 -1.881614880198284823e+00 1.110605677738214281e+00
1.729000000000000000e+03 5.286207117208761019e+01 -1.848353626278873341e+00 1.109057706382299946e+00
1.730000000000000000e+03 5.273829566897899923e+01 -1.815354492567491818e+00 1.107716755954930354e+00
1.731000000000000000e+03 5.261265709048578998e+01 -1.782629563199463307e+00 1.106580849494846142e+00
1.732000000000000000e+03 5.248518863174721361e+01 -1.750190974365206209e+00 1.105647998371749985e+00
1.733000000000000000e+03 5.235592366060163982e+01 -1.718050914383391081e+00 1.104916202268231729e+00
1.734000000000000000e+03 5.222489571784410600e+01 -1.686221623774090572e+00 1.104383449161693953e+00
1.735000000000000000e+03 5.209213851748408786e+01 -1.654715395331937788e+00 1.104047715306277322e+00
1.736000000000000000e+03 5.195768594700300014e+01 -1.623544574199279111e+00 1.103906965214787483e+00
1.737000000000000000e+03 5.182157206761186785e+01 -1.592721557939326793e+00 1.103959151640619085e+00
1.738000000000000000e+03 5.168383111450896905e+01 -1.562258796609316214e+00 1.104202215559682676e+00
1.739000000000000000e+03 5.154449749713742079e+01 -1.532168792833657145e+00 1.104634086152329830e+00
1.740000000000000000e+03 5.140360579944286457e+01 -1.502464101877089675e+00 1.105252680785279384e+00
1.741000000000000000e+03 5.126119078013100250e+01 -1.473157331717837915e+00 1.106055904993541894e+00
1.742000000000000000e+03 5.111728737292533253e+01 -1.444261143120764590e+00 1.107041652462346981e+00
1.743000000000000000e+03 5.097193068682468464e+01 -1.415788249710524971e+00 1.108207805009067348e+00
1.744000000000000000e+03 5.082515600636087783e+01 -1.387751418044720797e+00 1.109552232565145458e+00
1.745000000000000000e+03 5.067699879185637002e+01 -1.360163467687055094e+00 1.111072793158019767e+00
1.746000000000000000e+03 5.052749467968184405e+01 -1.333037271280486102e+00 1.112767332893048300e+00
1.747000000000000000e+03 5.037667948251385752e+01 -1.306385754620381423e+00 1.114633685935435770e+00
1.748000000000000000e+03 5.022458918959247143e+01 -1.280221896727672393e+00 1.116669674492160702e+00
1.749000000000000000e+03 5.007125996697883608e+01 -1.254558729922008009e+00 1.118873108793897009e+00
1.750000000000000000e+03 4.991672815781290495e+01 -1.229409339894910191e+00 1.121241787076944663e+00
1.751000000000000000e+03 4.976103028257094962e+01 -1.204786865782926153e+00 1.123773495565151048e+00
1.752000000000000000e+03 4.960420303932326647e+01 -1.180704500240784327e+00 1.126466008451839196e+00
1.753000000000000000e+03 4.944628414270815142e+01 -1.157173539393420159e+00 1.129316874387544134e+00
1.754000000000000000e+03 4.928731484799377682e+01 -1.134197514746578817e+00 1.132322774030766865e+00
1.755000000000000000e+03 4.912733744859793461e+01 -1.111778012440567176e+00 1.135480157098654796e+00
1.756000000000000000e+03 4.896639443957417370e+01 -1.089916618922438740e+00 1.138785455348048981e+00
1.757000000000000000e+03 4.880452851790217750e+01 -1.068614920943041557e+00 1.142235082549077241e+00
1.758000000000000000e+03 4.864178258277804190e+01 -1.047874505554063473e+00 1.145825434458747516e+00
1.759000000000000000e+03 4.847819973590473097e+01 -1.027696960105078494e+00 1.149552888794542760e+00
1.760000000000000000e+03 4.831382328178238339e+01 -1.008083872240593148e+00 1.153413805208012732e+00
1.761000000000000000e+03 4.814869672799868283e+01 -9.890368298970907412e-01 1.157404525258368455e+00
1.762000000000000000e+03 4.798286378551924258e+01 -9.705574213000803807e-01 1.161521372386075779e+00
1.763000000000000000e+03 4.781636836897786935e+01 -9.526472349611401214e-01 1.165760651886448507e+00
1.764000000000000000e+03 4.764925459696705445e+01 -9.353078596749651030e-01 1.170118650883242850e+00
1.765000000000000000e+03 4.748156679232824473e+01 -9.185408845164125813e-01 1.174591638302249441e+00
1.766000000000000000e+03 4.731334948244224137e+01 -9.023478988375478460e-01 1.179175864844888455e+00
1.767000000000000000e+03 4.714464739951953476e+01 -8.867304922646910281e-01 1.183867562961802733e+00
1.768000000000000000e+03 4.697550548089066069e+01 -8.716902546954623521e-01 1.188662946826449796e+00
1.769000000000000000e+03 4.680596886929657785e+01 -8.572287762958282764e-01 1.193558212308697852e+00
1.770000000000000000e+03 4.663608291317900978e+01 -8.433476474971490777e-01 1.198549536948418037e+00
1.771000000000000000e+03 4.646589316697084371e+01 -8.300484589932215496e-01 1.203633079929077310e+00
1.772000000000000000e+03 4.629544539138644410e+01 -8.173328017373291399e-01 1.208804982051333576e+00
1.773000000000000000e+03 4.612478555371199462e+01 -8.052022669392846499e-01 1.214061365706628370e+00
1.774000000000000000e+03 4.595395982809593249e+01 -7.936584460624781512e-01 1.219398334850779975e+00
1.775000000000000000e+03 4.578301459583922650e+01 -7.827029308209215719e-01 1.224811974977577878e+00
1.776000000000000000e+03 4.561199644568581846e+01 -7.723373131762971688e-01 1.230298353092375230e+00
1.777000000000000000e+03 4.544095217411288701e+01 -7.625631853350007816e-01 1.235853517685684189e+00
1.778000000000000000e+03 4.526992878562128908e+01 -7.533821397451894164e-01 1.241473498706767264e+00
1.779000000000000000e+03 4.509897349302586633e+01 -7.447957690938273867e-01 1.247154307537232221e+00
1.780000000000000000e+03 4.492813371774582265e+01 -7.368056663037311216e-01 1.252891936964625641e+00
1.781000000000000000e+03 4.475745709009508744e+01 -7.294134245306170827e-01 1.258682361156026497e+00
1.782000000000000000e+03 4.458699144957270732e+01 -7.226206371601462397e-01 1.264521535631638161e+00
1.783000000000000000e+03 4.441678484515307446e+01 -7.164288978049704326e-01 1.270405397238383527e+00
1.784000000000000000e+03 4.424688553557647452e+01 -7.108398003017788458e-01 1.276329864123499025e+00
1.785000000000000000e+03 4.407734198963931505e+01 -7.058549387083440374e-01 1.282290835708126631e+00
1.786000000000000000e+03 4.390820288648448866e+01 -7.014759073005675249e-01 1.288284192660908101e+00
1.787000000000000000e+03 4.373951711589180746e+01 -6.977043005695261479e-01 1.294305796871578762e+00
1.788000000000000000e+03 4.357133377856829526e+01 -6.945417132185183196e-01 1.300351491424560857e+00
1.789000000000000000e+03 4.340370218643855793e+01 -6.919897401601089459e-01 1.306417100572556445e+00
1.790000000000000000e+03 4.323667186293517517e+01 -6.900499765131776764e-01 1.312498429710142078e+00
1.791000000000000000e+03 4.307029254328902113e+01 -6.887240175999621572e-01 1.318591265347361929e+00
1.792000000000000000e+03 4.290461021697288402e+01 -6.880119913799566111e-01 1.324691589802406755e+00
1.793000000000000000e+03 4.273965521911366494e+01 -6.879081426542649202e-01 1.330796227249601671e+00
1.794000000000000000e+03 4.257545404241508891e+01 -6.884052127967571488e-01 1.336902202894334035e+00
1.795000000000000000e+03 4.241203328631996072e+01 -6.894959039863861605e-01 1.343006528714464132e+00
1.796000000000000000e+03 4.224941965715265013e+01 -6.911728791494229363e-01 1.349106203441938545e+00
1.797000000000000000e+03 4.208763996826168352e+01 -6.934287619016936688e-01 1.355198212544401315e+00
1.798000000000000000e+03 4.192672114016224327e+01 -6.962561364908139705e-01 1.361279528206807754e+00
1.799000000000000000e+03 4.176669020067874527e+01 -6.996475477384270780e-01 1.367347109313038045e+00
1.800000000000000000e+03 4.160757428508735956e+01 -7.035955009824379491e-01 1.373397901427507062e+00
1.801000000000000000e+03 4.144940063625858073e+01 -7.080924620192509122e-01 1.379428836776781298e+00
1.802000000000000000e+03 4.129219660479972021e+01 -7.131308570460047624e-01 1.385436834231188241e+00
1.803000000000000000e+03 4.113598964919751921e+01 -7.187030726028091898e-01 1.391418799286430641e+00
1.804000000000000000e+03 4.098080733596061265e+01 -7.248014555149805416e-01 1.397371624045199434e+00
1.805000000000000000e+03 4.082667733976213498e+01 -7.314183128352779173e-01 1.403292187198786012e+00
1.806000000000000000e+03 4.067362744358224091e+01 -7.385459117861398193e-01 1.409177354008695149e+00
1.807000000000000000e+03 4.052168553885063318e+01 -7.461764797019195816e-01 1.415023976288258378e+00
1.808000000000000000e+03 4.037087962558913290e+01 -7.543022039711212434e-01 1.420828892384245368e+00
1.809000000000000000e+03 4.022123781255417896e+01 -7.629152319786361991e-01 1.426588927158478182e+00
1.810000000000000000e+03 4.007278831737944103e+01 -7.720076710479790716e-01 1.432300891969443324e+00
1.811000000000000000e+03 3.992555946671829759e+01 -7.815715883835232525e-01 1.437961584653905112e+00
1.812000000000000000e+03 3.977957969638639923e+01 -7.915990110127379964e-01 1.443567789508517496e+00
1.813000000000000000e+03 3.963487755150423197e+01 -8.020819257284234061e-01 1.449116277271437880e+00
1.814000000000000000e+03 3.949148168663960234e+01 -8.130122790309464165e-01 1.454603805103939163e+00
1.815000000000000000e+03 3.934942086595026467e+01 -8.243819770704786665e-01 1.460027116572022887e+00
1.816000000000000000e+03 3.920872396332639909e+01 -8.361828855892302625e-01 1.465382941628032398e+00
1.817000000000000000e+03 3.906941996253316063e+01 -8.484068298636866512e-01 1.470667996592264437e+00
1.818000000000000000e+03 3.893153795735327805e+01 -8.610455946468456023e-01 1.475878984134583627e+00
1.819000000000000000e+03 3.879510715172948920e+01 -8.740909241104519722e-01 1.481012593256033183e+00
1.820000000000000000e+03 3.866015685990719675e+01 -8.875345217872336878e-01 1.486065499270449175e+00
1.821000000000000000e+03 3.852671650657695324e+01 -9.013680505131399512e-01 1.491034363786075012e+00
1.822000000000000000e+03 3.839481562701698891e+01 -9.155831323695738932e-01 1.495915834687169266e+00
1.823000000000000000e+03 3.826448386723581052e+01 -9.301713486256319996e-01 1.500706546115623263e+00
1.824000000000000000e+03 3.813575098411468645e+01 -9.451242396803369861e-01 1.505403118452570910e+00
1.825000000000000000e+03 3.800864684555023842e+01 -9.604333050048768916e-01 1.510002158300004504e+00
1.826000000000000000e+03 3.788320143059691958e+01 -9.760900030848386200e-01 1.514500258462383453e+00
1.827000000000000000e+03 3.775944482960963455e+01 -9.920857513624463664e-01 1.518893997928250528e+00
1.828000000000000000e+03 3.763740724438624596e+01 -1.008411926178794493e+00 1.523179941851843244e+00
1.829000000000000000e+03 3.751711898831008085e+01 -1.025059862716086734e+00 1.527354641534706126e+00
1.830000000000000000e+03 3.739861048649253661e+01 -1.042020854939871066e+00 1.531414634407305408e+00
1.831000000000000000e+03 3.728190683008078565e+01 -1.059285914424865194e+00 1.535356889355883991e+00
1.832000000000000000e+03 3.716701139130794473e+01 -1.076845044840993415e+00 1.539180146631412560e+00
1.833000000000000000e+03 3.705392207777378388e+01 -1.094687961553772793e+00 1.542883588612939727e+00
1.834000000000000000e+03 3.694263676633990201e+01 -1.112804332148021880e+00 1.546466395431997487e+00
1.835000000000000000e+03 3.683315330307760860e+01 -1.131183776361470938e+00 1.549927744970146737e+00
1.836000000000000000e+03 3.672546950321554249e+01 -1.149815866018373267e+00 1.553266812856519907e+00
1.837000000000000000e+03 3.661958315108739015e+01 -1.168690124963112975e+00 1.556482772465365816e+00
1.838000000000000000e+03 3.651549200007969631e+01 -1.187796028993819641e+00 1.559574794913596296e+00
1.839000000000000000e+03 3.641319377257946144e+01 -1.207123005795974091e+00 1.562542049058327498e+00
1.840000000000000000e+03 3.631268615992203763e+01 -1.226660434876022165e+00 1.565383701494427848e+00
1.841000000000000000e+03 3.621396682233864794e+01 -1.246397647494982497e+00 1.568098916552059352e+00
1.842000000000000000e+03 3.611703338890426096e+01 -1.266323926602059391e+00 1.570686856294225331e+00
1.843000000000000000e+03 3.602188345748527354e+01 -1.286428506768250601e+00 1.573146680514312390e+00
1.844000000000000000e+03 3.592851459468720066e+01 -1.306700574119959990e+00 1.575477546733636380e+00
1.845000000000000000e+03 3.583692433580245051e+01 -1.327129266272606856e+00 1.577678610198987252e+00
1.846000000000000000e+03 3.574711018475799307e+01 -1.347703672264235042e+00 1.579749023880171466e+00
1.847000000000000000e+03 3.565906961406312803e+01 -1.368412832489125597e+00 1.581687938467559507e+00
1.848000000000000000e+03 3.557280006475720313e+01 -1.389245738631406324e+00 1.583494502369628965e+00
1.849000000000000000e+03 3.548829894635730398e+01 -1.410191333598661112e+00 1.585167861710508719e+00
1.850000000000000000e+03 3.540556363680601493e+01 -1.431238511455541040e+00 1.586707160327524013e+00
1.851000000000000000e+03 3.532459148241910896e+01 -1.452376117357375707e+00 1.588111539768741087e+00
1.852000000000000000e+03 3.524537979783331565e+01 -1.473592947483781224e+00 1.589380139290511584e+00
1.853000000000000000e+03 3.516792586595401104e+01 -1.494877748972273102e+00 1.590512095855018515e+00
1.854000000000000000e+03 3.509222693790292880e+01 -1.516219219851874911e+00 1.591506544127817113e+00
1.855000000000000000e+03 3.501828023296593528e+01 -1.537606008976729166e+00 1.592362616475383241e+00
1.856000000000000000e+03 3.494608293854069814e+01 -1.559026715959707543e+00 1.593079442962656467e+00
1.857000000000000000e+03 3.487563221008443293e+01 -1.580469891106022651e+00 1.593656151350585137e+00
1.858000000000000000e+03 3.480692517106162853e+01 -1.601924035346835140e+00 1.594091867093669013e+00
1.859000000000000000e+03 3.473995891289178672e+01 -1.623377600172867474e+00 1.594385713337507449e+00
1.860000000000000000e+03 3.467473049489709780e+01 -1.644818987568012369e+00 1.594536810916339808e+00
1.861000000000000000e+03 3.461123694425022279e+01 -1.666236549942943457e+00 1.594544278350592981e+00
1.862000000000000000e+03 3.454947525592194779e+01 -1.687618590068725943e+00 1.594407231844425787e+00
1.863000000000000000e+03 3.448944239262900169e+01 -1.708953361010427496e+00 1.594124785283271617e+00
1.864000000000000000e+03 3.443113528478167495e+01 -1.730229066060726684e+00 1.593696050231384609e+00
1.865000000000000000e+03 3.437455083043160187e+01 -1.751433858673525190e+00 1.593120135929383840e+00
1.866000000000000000e+03 3.431968589521951429e+01 -1.772555842397557146e+00 1.592396149291797736e+00
1.867000000000000000e+03 3.426653731232286759e+01 -1.793583070810001123e+00 1.591523194904610028e+00
1.868000000000000000e+03 3.421510188240366546e+01 -1.814503547450088128e+00 1.590500375022801061e+00
1.869000000000000000e+03 3.416537637355611423e+01 -1.835305225752712932e+00 1.589326789567895526e+00
1.870000000000000000e+03 3.411735403341381101e+01 -1.855976897744718412e+00 1.588001919107178583e+00
1.871000000000000000e+03 3.407101409573323991e+01 -1.876510867870911703e+00 1.586526777073108185e+00
1.872000000000000000e+03 3.402633219158504119e+01 -1.896900299961048919e+00 1.584902766556237186e+00
1.873000000000000000e+03 3.398328382956800908e+01 -1.917138330330824925e+00 1.583131298152773425e+00
1.874000000000000000e+03 3.394184439563727551e+01 -1.937218067745970496e+00 1.581213789975263850e+00
1.875000000000000000e+03 3.390198915293231607e+01 -1.957132593386340380e+00 1.579151667663270198e+00
1.876000000000000000e+03 3.386369324160511951e+01 -1.976874960810010684e+00 1.576946364394051336e+00
1.877000000000000000e+03 3.382693167864824346e+01 -1.996438195917367153e+00 1.574599320893243171e+00
1.878000000000000000e+03 3.379167935772289155e+01 -2.015815296915202559e+00 1.572111985445537874e+00
1.879000000000000000e+03 3.375791104898712547e+01 -2.034999234280806757e+00 1.569485813905363791e+00
1.880000000000000000e+03 3.372560139892379283e+01 -2.053982950726061851e+00 1.566722269707566895e+00
1.881000000000000000e+03 3.369472493016876768e+01 -2.072759361161532254e+00 1.563822823878089130e+00
1.882000000000000000e+03 3.366525604133899208e+01 -2.091321352660559629e+00 1.560788955044649207e+00
1.883000000000000000e+03 3.363716900686054601e+01 -2.109661784423355613e+00 1.557622149447420945e+00
1.884000000000000000e+03 3.361043797679684531e+01 -2.127773487741094982e+00 1.554323900949718285e+00
1.885000000000000000e+03 3.358503697667659083e+01 -2.145649265960007490e+00 1.550895711048667858e+00
1.886000000000000000e+03 3.356093990732199472e+01 -2.163281894445470144e+00 1.547339088885894220e+00
1.887000000000000000e+03 3.353812054467682202e+01 -2.180664120546104368e+00 1.543655551258199532e+00
1.888000000000000000e+03 3.351655253963451742e+01 -2.197788663557862510e+00 1.539846622628240791e+00
1.889000000000000000e+03 3.349620941786628237e+01 -2.214648214688128558e+00 1.535913835135213068e+00
1.890000000000000000e+03 3.347706457964911664e+01 -2.231235437019801982e+00 1.531858728605526077e+00
1.891000000000000000e+03 3.345909129969405171e+01 -2.247542965475398447e+00 1.527682850563487404e+00
1.892000000000000000e+03 3.344226272697415681e+01 -2.263563406781138099e+00 1.523387756241980640e+00
1.893000000000000000e+03 3.342655188455260884e+01 -2.279289339431042283e+00 1.518975008593146159e+00
1.894000000000000000e+03 3.341193166941090453e+01 -2.294713313651021380e+00 1.514446178299059476e+00
1.895000000000000000e+03 3.339837485227684510e+01 -2.309827851362972861e+00 1.509802843782414028e+00
1.896000000000000000e+03 3.338585407745267730e+01 -2.324625446148871344e+00 1.505046591217199081e+00
1.897000000000000000e+03 3.337434186264322022e+01 -2.339098563214862203e+00 1.500179014539380074e+00
1.898000000000000000e+03 3.336381059878389976e+01 -2.353239639355353852e+00 1.495201715457578961e+00
1.899000000000000000e+03 3.335423254986892516e+01 -2.367041082917111794e+00 1.490116303463754122e+00
1.900000000000000000e+03 3.334557985277933057e+01 -2.380495273763351349e+00 1.484924395843880696e+00
1.901000000000000000e+03 3.333782451711106631e+01 -2.393594563237829487e+00 1.479627617688628716e+00
1.902000000000000000e+03 3.333093842500315418e+01 -2.406331274128939324e+00 1.474227601904046114e+00
1.903000000000000000e+03 3.332489333096572892e+01 -2.418697700633801961e+00 1.468725989222236850e+00
1.904000000000000000e+03 3.331966086170816510e+01 -2.430686108322360095e+00 1.463124428212040584e+00
1.905000000000000000e+03 3.331521251596717548e+01 -2.442288734101469849e+00 1.457424575289713475e+00
1.906000000000000000e+03 3.331151966433488099e+01 -2.453497786178993945e+00 1.451628094729607632e+00
1.907000000000000000e+03 3.330855354908695887e+01 -2.464305444027897085e+00 1.445736658674852348e+00
1.908000000000000000e+03 3.330628528401070554e+01 -2.474703858350336461e+00 1.439751947148032674e+00
1.909000000000000000e+03 3.330468598142065417e+01 -2.484686453076966117e+00 1.433675767439254622e+00
1.910000000000000000e+03 3.330372713461532186e+01 -2.494251842349498816e+00 1.427510413249525545e+00
1.911000000000000000e+03 3.330338023801008518e+01 -2.503399943495854263e+00 1.421258308321998953e+00
1.912000000000000000e+03 3.330361666004817778e+01 -2.512130677727950623e+00 1.414921887329134709e+00
1.913000000000000000e+03 3.330440764303300938e+01 -2.520443970148655399e+00 1.408503595887309556e+00
1.914000000000000000e+03 3.330572430296049191e+01 -2.528339749758724775e+00 1.402005890571427438e+00
1.915000000000000000e+03 3.330753762935123063e+01 -2.535817949463747389e+00 1.395431238929525808e+00
1.916000000000000000e+03 3.330981848508288579e+01 -2.542878506081090784e+00 1.388782119497385281e+00
1.917000000000000000e+03 3.331253760622240634e+01 -2.549521360346844734e+00 1.382061021813139057e+00
1.918000000000000000e+03 3.331566560185836323e+01 -2.555746456922766363e+00 1.375270446431881455e+00
1.919000000000000000e+03 3.331917295393317602e+01 -2.561553744403222144e+00 1.368412904940276231e+00
1.920000000000000000e+03 3.332303001707545320e+01 -2.566943175322136117e+00 1.361490919971165336e+00
1.921000000000000000e+03 3.332720701843221889e+01 -2.571914706159929231e+00 1.354507025218179450e+00
1.922000000000000000e+03 3.333167405750126022e+01 -2.576468297350468895e+00 1.347463765450344519e+00
1.923000000000000000e+03 3.333640110596338246e+01 -2.580603913288010531e+00 1.340363696526692738e+00
1.924000000000000000e+03 3.334135800751466405e+01 -2.584321522334140475e+00 1.333209385410868641e+00
1.925000000000000000e+03 3.334651447769875432e+01 -2.587621096824721523e+00 1.326003410185740750e+00
1.926000000000000000e+03 3.335184010373922803e+01 -2.590502613076840266e+00 1.318748360068008330e+00
1.927000000000000000e+03 3.335730434437174807e+01 -2.592966051395744653e+00 1.311446835422811485e+00
1.928000000000000000e+03 3.336287652967646977e+01 -2.595011396081796207e+00 1.304101447778340139e+00
1.929000000000000000e+03 3.336852586091021777e+01 -2.596638635437408471e+00 1.296714819840441013e+00
1.930000000000000000e+03 3.337422141033884770e+01 -2.597847761773994790e+00 1.289289585507229274e+00
1.931000000000000000e+03 3.337993212106951546e+01 -2.598638771418908533e+00 1.281828389883694630e+00
1.932000000000000000e+03 3.338562680688290385e+01 -2.599011664722390424e+00 1.274333889296310973e+00
1.933000000000000000e+03 3.339127415206559846e+01 -2.598966446064514102e+00 1.266808751307646475e+00
1.934000000000000000e+03 3.339684271124231429e+01 -2.598503123862128117e+00 1.259255654730972118e+00
1.935000000000000000e+03 3.340230090920816508e+01 -2.597621710575799270e+00 1.251677289644867797e+00
1.936000000000000000e+03 3.340761704076099647e+01 -2.596322222716759498e+00 1.244076357407834621e+00
1.937000000000000000e+03 3.341275927053366246e+01 -2.594604680853850542e+00 1.236455570672903015e+00
1.938000000000000000e+03 3.341769563282626621e+01 -2.592469109620463286e+00 1.228817653402239696e+00
1.939000000000000000e+03 3.342239403143845067e+01 -2.589915537721487304e+00 1.221165340881757766e+00
1.940000000000000000e+03 3.342682223950176734e+01 -2.586943997940255535e+00 1.213501379735725472e+00
1.941000000000000000e+03 3.343094789931185318e+01 -2.583554527145482282e+00 1.205828527941375850e+00
1.942000000000000000e+03 3.343473852216076381e+01 -2.579747166298214545e+00 1.198149554843513931e+00
1.943000000000000000e+03 3.343816148816925704e+01 -2.575521960458771353e+00 1.190467241169126389e+00
1.944000000000000000e+03 3.344118404611906925e+01 -2.570878958793693769e+00 1.182784379041990963e+00
1.945000000000000000e+03 3.344377331328522729e+01 -2.565818214582681556e+00 1.175103771997284330e+00
1.946000000000000000e+03 3.344589627526826092e+01 -2.560339785225543174e+00 1.167428234996189973e+00
1.947000000000000000e+03 3.344751978582655738e+01 -2.554443732249138233e+00 1.159760594440510273e+00
1.948000000000000000e+03 3.344861354326970115e+01 -2.548131022319030325e+00 1.152103526354319118e+00
1.949000000000000000e+03 3.344915904442205346e+01 -2.541406237661010703e+00 1.144459069570487264e+00
1.950000000000000000e+03 3.344914069759844466e+01 -2.534274886017511275e+00 1.136829108915710318e+00
1.951000000000000000e+03 3.344854285207678402e+01 -2.526742501527009743e+00 1.129215536720903357e+00
1.952000000000000000e+03 3.344734979802449715e+01 -2.518814644759453270e+00 1.121620252830697106e+00
1.953000000000000000e+03 3.344554576642480725e+01 -2.510496902751679471e+00 1.114045164612931016e+00
1.954000000000000000e+03 3.344311492900312999e+01 -2.501794889042834757e+00 1.106492186968144997e+00
1.955000000000000000e+03 3.344004139815345411e+01 -2.492714243709802435e+00 1.098963242339077828e+00
1.956000000000000000e+03 3.343630922686466533e+01 -2.483260633402621931e+00 1.091460260720155562e+00
1.957000000000000000e+03 3.343190240864696960e+01 -2.473439751379910234e+00 1.083985179666989929e+00
1.958000000000000000e+03 3.342680487745818141e+01 -2.463257317544285563e+00 1.076539944305868746e+00
1.959000000000000000e+03 3.342100050763014707e+01 -2.452719078477789250e+00 1.069126507343251653e+00
1.960000000000000000e+03 3.341447311379508278e+01 -2.441830807477306298e+00 1.061746829075263854e+00
1.961000000000000000e+03 3.340720645081194817e+01 -2.430598304589990377e+00 1.054402877397187854e+00
1.962000000000000000e+03 3.339918421369281276e+01 -2.419027396648685269e+00 1.047096627812961200e+00
1.963000000000000000e+03 3.339039003752920109e+01 -2.407123937307344086e+00 1.039830063444666219e+00
1.964000000000000000e+03 3.338080749741845210e+01 -2.394893807076454273e+00 1.032605175042025758e+00
1.965000000000000000e+03 3.337042010839013528e+01 -2.382342913358459935e+00 1.025423960991897365e+00
1.966000000000000000e+03 3.335921132533236033e+01 -2.369477190483183282e+00 1.018288427327766588e+00
1.967000000000000000e+03 3.334716454291812937e+01 -2.356302599743245185e+00 1.011200587739239598e+00
1.968000000000000000e+03 3.333426309553178868e+01 -2.342825129429490616e+00 1.004162463581539155e+00
1.969000000000000000e+03 3.332049025719528856e+01 -2.329050794866409646e+00 9.971760838849971220e-01
1.970000000000000000e+03 3.330582924149459245e+01 -2.314985638447554894e+00 9.902434853645478707e-01
1.971000000000000000e+03 3.329026320150607177e+01 -2.300635729670973628e+00 9.833667124292237993e-01
1.972000000000000000e+03 3.327377522972279422e+01 -2.286007165174618549e+00 9.765478171916471828e-01
1.973000000000000000e+03 3.325634835798095423e+01 -2.271106068771779896e+00 9.697888594775245785e-01
1.974000000000000000e+03 3.323796555738622516e+01 -2.255938591486501998e+00 9.630919068351423418e-01
1.975000000000000000e+03 3.321860973824008312e+01 -2.240510911589004284e+00 9.564590345448573672e-01
1.976000000000000000e+03 3.319826374996621610e+01 -2.224829234631109820e+00 9.498923256285934924e-01
1.977000000000000000e+03 3.317691038103686196e+01 -2.208899793481661433e+00 9.433938708593337941e-01
1.978000000000000000e+03 3.315453235889918204e+01 -2.192728848361945371e+00 9.369657687706151039e-01
1.979000000000000000e+03 3.313111234990164178e+01 -2.176322686881115409e+00 9.306101256660219700e-01
1.980000000000000000e+03 3.310663295922031324e+01 -2.159687624071612966e+00 9.243290556286796189e-01
1.981000000000000000e+03 3.308107673078531263e+01 -2.142830002424589875e+00 9.181246805307479164e-01
1.982000000000000000e+03 3.305442614720714545e+01 -2.125756191925330718e+00 9.119991300429162173e-01
1.983000000000000000e+03 3.302666362970300895e+01 -2.108472590088676490e+00 9.059545416438966603e-01
1.984000000000000000e+03 3.299777153802322260e+01 -2.090985621994442045e+00 8.999930606299165747e-01
1.985000000000000000e+03 3.296773217037762294e+01 -2.073301740322843756e+00 8.941168401242147734e-01
1.986000000000000000e+03 3.293652776336179500e+01 -2.055427425389919183e+00 8.883280410865331822e-01
1.987000000000000000e+03 3.290414409908941451e+01 -2.037369255900483456e+00 8.826285337970971590e-01
1.988000000000000000e+03 3.287058135578247686e+01 -2.019134121705598250e+00 8.770189998857359504e-01
1.989000000000000000e+03 3.283584333696075674e+01 -2.000729012682877617e+00 8.714998237071386322e-01
1.990000000000000000e+03 3.279993387152813256e+01 -1.982160948198780526e+00 8.660713902662903196e-01
1.991000000000000000e+03 3.276285681380839065e+01 -1.963436977146175932e+00 8.607340852188963831e-01
1.992000000000000000e+03 3.272461604358132803e+01 -1.944564177981918940e+00 8.554882948718094404e-01
1.993000000000000000e+03 3.268521546611856365e+01 -1.925549658764416971e+00 8.503344061834516854e-01
1.994000000000000000e+03 3.264465901221961985e+01 -1.906400557191203715e+00 8.452728067642431009e-01
1.995000000000000000e+03 3.260295063824769102e+01 -1.887124040636504185e+00 8.403038848770221225e-01
1.996000000000000000e+03 3.256009432616579602e+01 -1.867727306188814218e+00 8.354280294374766269e-01
1.997000000000000000e+03 3.251609408357252562e+01 -1.848217580688459760e+00 8.306456300145622640e-01
1.998000000000000000e+03 3.247095394373813804e+01 -1.828602120765176808e+00 8.259570768309335564e-01
1.999000000000000000e+03 3.242467796564039872e+01 -1.808888212875676249e+00 8.213627607633644523e-01
2.000000000000000000e+03 3.237727023400062620e+01 -1.789083173341217359e+00 8.168630733431762048e-01
2.001000000000000000e+03 3.232873485931953184e+01 -1.769194348385175752e+00 8.124584067566603673e-01
2.002000000000000000e+03 3.227907597791325855e+01 -1.749229114170616439e+00 8.081491538455056745e-01
2.003000000000000000e+03 3.222829775194924906e+01 -1.729194876837862438e+00 8.039357081072215916e-01
2.004000000000000000e+03 3.217640436948226323e+01 -1.709099072542066278e+00 7.998184636955646409e-01
2.005000000000000000e+03 3.212340004449023922e+01 -1.688949167490778613e+00 7.957978154209613963e-01
2.006000000000000000e+03 3.206928901691032507e+01 -1.668752657981521503e+00 7.918741587509363633e-01
2.007000000000000000e+03 3.201407555267478244e+01 -1.648517070439356358e+00 7.880478898105344188e-01
2.008000000000000000e+03 3.195776394374691520e+01 -1.628249961454456329e+00 7.843194053827478029e-01
2.009000000000000000e+03 3.190035850815704777e+01 -1.607958917819676703e+00 7.806891029089394474e-01
2.010000000000000000e+03 3.184186359003845368e+01 -1.587651556568122180e+00 7.771573804892693005e-01
2.011000000000000000e+03 3.178228355966331264e+01 -1.567335525010721931e+00 7.737246368831186549e-01
2.012000000000000000e+03 3.172162281347861779e+01 -1.547018500773795990e+00 7.703912715095156960e-01
2.013000000000000000e+03 3.165988577414219307e+01 -1.526708191836629425e+00 7.671576844475601620e-01
2.014000000000000000e+03 3.159707689055857571e+01 -1.506412336569040500e+00 7.640242764368483375e-01
2.015000000000000000e+03 3.153320063791495542e+01 -1.486138703768949965e+00 7.609914488778980468e-01
2.016000000000000000e+03 3.146826151771720959e+01 -1.465895092699955438e+00 7.580596038325745356e-01
2.017000000000000000e+03 3.140226405782573238e+01 -1.445689333128898690e+00 7.552291440245139098e-01
2.018000000000000000e+03 3.133521281249144153e+01 -1.425529285363435816e+00 7.525004728395497944e-01
2.019000000000000000e+03 3.126711236239173886e+01 -1.405422840289611175e+00 7.498739943261371055e-01
2.020000000000000000e+03 3.119796731466641049e+01 -1.385377919409423564e+00 7.473501131957787091e-01
2.021000000000000000e+03 3.112778230295359805e+01 -1.365402474878399719e+00 7.449292348234479721e-01
2.022000000000000000e+03 3.105656198742574503e+01 -1.345504489543163595e+00 7.426117652480157538e-01
2.023000000000000000e+03 3.098431105482552539e+01 -1.325691976979006315e+00 7.403981111726751774e-01
2.024000000000000000e+03 3.091103421850182187e+01 -1.305972981527458554e+00 7.382886799653660681e-01
2.025000000000000000e+03 3.083673621844563328e+01 -1.286355578333858718e+00 7.362838796592005020e-01
2.026000000000000000e+03 3.076142389602837213e+01 -1.266847234827861879e+00 7.343838761278334015e-01
2.027000000000000000e+03 3.068511243452946502e+01 -1.247452890046924612e+00 7.325878626930564241e-01
2.028000000000000000e+03 3.060781916376564027e+01 -1.228176861511591555e+00 7.308947852412674973e-01
2.029000000000000000e+03 3.052956148957823501e+01 -1.209023482541680350e+00 7.293035845627899860e-01
2.030000000000000000e+03 3.045035689392983258e+01 -1.189997102275190066e+00 7.278131963452039166e-01
2.031000000000000000e+03 3.037022293500078618e+01 -1.171102085687215855e+00 7.264225511666745350e-01
2.032000000000000000e+03 3.028917724728579941e+01 -1.152342813608858263e+00 7.251305744892820870e-01
2.033000000000000000e+03 3.020723754169049258e+01 -1.133723682746135220e+00 7.239361866523514877e-01
2.034000000000000000e+03 3.012442160562799032e+01 -1.115249105698894017e+00 7.228383028657819898e-01
2.035000000000000000e+03 3.004074730311545238e+01 -1.096923510979722183e+00 7.218358332033760760e-01
2.036000000000000000e+03 2.995623257487069324e+01 -1.078751343032859245e+00 7.209276825961697943e-01
2.037000000000000000e+03 2.987089543840869865e+01 -1.060737062253108265e+00 7.201127508257617604e-01
2.038000000000000000e+03 2.978475398813824526e+01 -1.042885145004747605e+00 7.193899325176434933e-01
2.039000000000000000e+03 2.969782639545843139e+01 -1.025200083640441795e+00 7.187581171345276410e-01
2.040000000000000000e+03 2.961013090885526822e+01 -1.007686386520152855e+00 7.182161889696793144e-01
2.041000000000000000e+03 2.952168585399822831e+01 -9.903485780300532726e-01 7.177630271402434259e-01
2.042000000000000000e+03 2.943250963383684393e+01 -9.731911986014354365e-01 7.173975055805764667e-01
2.043000000000000000e+03 2.934262072869724491e+01 -9.562188047296247273e-01 7.171184930355749554e-01
2.044000000000000000e+03 2.925203769637876761e+01 -9.394359689928903911e-01 7.169248530540044406e-01
2.045000000000000000e+03 2.916077917225046789e+01 -9.228472800713567459e-01 7.168154439818307244e-01
2.046000000000000000e+03 2.906886386934774791e+01 -9.064573427659151639e-01 7.167891189555475329e-01
2.047000000000000000e+03 2.897631057846887614e+01 -8.902707780171356111e-01 7.168447258955075174e-01
2.048000000000000000e+03 2.888313816827161062e+01 -8.742922229241772980e-01 7.169811074992507027e-01
2.049000000000000000e+03 2.878936558536970125e+01 -8.585263307637015506e-01 7.171971012348350438e-01
2.050000000000000000e+03 2.869501185442954139e+01 -8.429777710087820175e-01 7.174915393341658731e-01
2.051000000000000000e+03 2.860009607826663824e+01 -8.276512293478165416e-01 7.178632487863242373e-01
2.052000000000000000e+03 2.850463743794227867e+01 -8.125514077034390326e-01 7.183110513308978984e-01
2.053000000000000000e+03 2.840865519286002794e+01 -7.976830242514304503e-01 7.188337634513098928e-01
2.054000000000000000e+03 2.831216868086234584e+01 -7.830508134396311215e-01 7.194301963681493106e-01
2.055000000000000000e+03 2.821519731832711742e+01 -7.686595260068507240e-01 7.200991560324991880e-01
2.056000000000000000e+03 2.811776060026425839e+01 -7.545139290017818245e-01 7.208394431192675089e-01
2.057000000000000000e+03 2.801987810041224591e+01 -7.406188058019089748e-01 7.216498530205158746e-01
2.058000000000000000e+03 2.792156947133472400e+01 -7.269789561324221383e-01 7.225291758387896168e-01
2.059000000000000000e+03 2.782285444451705914e+01 -7.135991960851275628e-01 7.234761963804465790e-01
2.060000000000000000e+03 2.772375283046289951e+01 -7.004843581373587647e-01 7.244896941489880060e-01
2.061000000000000000e+03 2.762428451879075197e+01 -6.876392911708887334e-01 7.255684433383868814e-01
2.062000000000000000e+03 2.752446947833056967e+01 -6.750688604908414714e-01 7.267112128264177073e-01
2.063000000000000000e+03 2.742432775722027216e+01 -6.627779478446023109e-01 7.279167661679861734e-01
2.064000000000000000e+03 2.732387948300237568e+01 -6.507714514407307860e-01 7.291838615884596031e-01
2.065000000000000000e+03 2.722314458282047056e+01 -6.390534317091035588e-01 7.305111896368046143e-01
2.066000000000000000e+03 2.712214194164703684e+01 -6.276245419245679580e-01 7.318971856753250238e-01
2.067000000000000000e+03 2.702089023828122905e+01 -6.164845794081745822e-01 7.333402160474805642e-01
2.068000000000000000e+03 2.691940822479592299e+01 -6.056333381272922534e-01 7.348386402889857116e-01
2.069000000000000000e+03 2.681771472662633116e+01 -5.950706086904908876e-01 7.363908111193850914e-01
2.070000000000000000e+03 2.671582864265873525e+01 -5.847961783424241444e-01 7.379950744336297719e-01
2.071000000000000000e+03 2.661376894531918680e+01 -5.748098309587146293e-01 7.396497692936542245e-01
2.072000000000000000e+03 2.651155468066219001e+01 -5.651113470408355433e-01 7.413532279199510633e-01
2.073000000000000000e+03 2.640920496845937748e+01 -5.557005037109937762e-01 7.431037756831471164e-01
2.074000000000000000e+03 2.630673900228828188e+01 -5.465770747070157753e-01 7.448997310955817186e-01
2.075000000000000000e+03 2.620417604962092639e+01 -5.377408303772274190e-01 7.467394058028795634e-01
2.076000000000000000e+03 2.610153545191261415e+01 -5.291915376753401068e-01 7.486211045755292171e-01
2.077000000000000000e+03 2.599883662469057199e+01 -5.209289601553329652e-01 7.505431253004583025e-01
2.078000000000000000e+03 2.589609905764265463e+01 -5.129528579663356069e-01 7.525037589726093490e-01
2.079000000000000000e+03 2.579334231470607719e+01 -5.052629878475131120e-01 7.545012896865167518e-01
2.080000000000000000e+03 2.569058603415602704e+01 -4.978591031229476771e-01 7.565339946278812899e-01
2.081000000000000000e+03 2.558784992869449582e+01 -4.907409536965234298e-01 7.586001440651490846e-01
2.082000000000000000e+03 2.548515378553880240e+01 -4.839082860468079672e-01 7.606980013410834518e-01
2.083000000000000000e+03 2.538251746651046048e+01 -4.773608432219377806e-01 7.628258228643455263e-01
2.084000000000000000e+03 2.527996090812374419e+01 -4.710983648344998498e-01 7.649818581010658924e-01
2.085000000000000000e+03 2.517750412167447038e+01 -4.651205870564161238e-01 7.671643495664254297e-01
2.086000000000000000e+03 2.507516719332863886e+01 -4.594272426138262810e-01 7.693715328162270550e-01
2.087000000000000000e+03 2.497297028421115783e+01 -4.540180607819711001e-01 7.716016364384742365e-01
2.088000000000000000e+03 2.487093363049455519e+01 -4.488927673800762186e-01 7.738528820449468437e-01
2.089000000000000000e+03 2.476907754348760804e+01 -4.440510847662347826e-01 7.761234842627761088e-01
2.090000000000000000e+03 2.466742240972412858e+01 -4.394927318322916499e-01 7.784116507260226969e-01
2.091000000000000000e+03 2.456598869105160077e+01 -4.352174239987257054e-01 7.807155820672500024e-01
2.092000000000000000e+03 2.446479692471987022e+01 -4.312248732095341763e-01 7.830334719091031070e-01
2.093000000000000000e+03 2.436386772346989815e+01 -4.275147879271153917e-01 7.853635068558830756e-01
2.094000000000000000e+03 2.426322177562239801e+01 -4.240868731271522085e-01 7.877038664851233607e-01
2.095000000000000000e+03 2.416287984516656806e+01 -4.209408302934954382e-01 7.900527233391665405e-01
2.096000000000000000e+03 2.406286277184877420e+01 -4.180763574130472171e-01 7.924082429167393915e-01
2.097000000000000000e+03 2.396319147126123283e+01 -4.154931489706443215e-01 7.947685836645296265e-01
2.098000000000000000e+03 2.386388693493074342e+01 -4.131908959439412055e-01 7.971318969687621880e-01
2.099000000000000000e+03 2.376497023040735712e+01 -4.111692857982940374e-01 7.994963271467745436e-01
2.100000000000000000e+03 2.366646250135306673e+01 -4.094280024816431829e-01 8.018600114385935340e-01
2.101000000000000000e+03 2.356838496763053215e+01 -4.079667264193972409e-01 8.042210799985108904e-01
2.102000000000000000e+03 2.347075892539174546e+01 -4.067851345093160265e-01 8.065776558866599721e-01
2.103000000000000000e+03 2.337360574716677064e+01 -4.058829001163939965e-01 8.089278550605908391e-01
2.104000000000000000e+03 2.327694489222355401e+01 -4.052591389045828718e-01 8.112699045179604385e-01
2.105000000000000000e+03 2.318078792233922059e+01 -4.049107421280252472e-01 8.136024976399370834e-01
2.106000000000000000e+03 2.308514444457163961e+01 -4.048340317338674499e-01 8.159244413032278320e-01
2.107000000000000000e+03 2.299002409724298346e+01 -4.050253134524975929e-01 8.182345379482072190e-01
2.108000000000000000e+03 2.289543654997450162e+01 -4.054808767774136236e-01 8.205315855736916575e-01
2.109000000000000000e+03 2.280139150372133372e+01 -4.061969949450925377e-01 8.228143777317199481e-01
2.110000000000000000e+03 2.270789869080726220e+01 -4.071699249148580946e-01 8.250817035223279028e-01
2.111000000000000000e+03 2.261496787495951821e+01 -4.083959073487496982e-01 8.273323475883271882e-01
2.112000000000000000e+03 2.252260885134355561e+01 -4.098711665913908897e-01 8.295650901100822816e-01
2.113000000000000000e+03 2.243083144659784267e+01 -4.115919106498577840e-01 8.317787068002876483e-01
2.114000000000000000e+03 2.233964551886863958e+01 -4.135543311735473959e-01 8.339719688987452528e-01
2.115000000000000000e+03 2.224906095784481508e+01 -4.157546034340463548e-01 8.361436431671419589e-01
2.116000000000000000e+03 2.215908768479258129e+01 -4.181888863049992300e-01 8.382924918838270401e-01
2.117000000000000000e+03 2.206973565259029968e+01 -4.208533222419770792e-01 8.404172728385884694e-01
2.118000000000000000e+03 2.198101484576329767e+01 -4.237440372623462737e-01 8.425167393274322070e-01
2.119000000000000000e+03 2.189293528051860349e+01 -4.268571409251359361e-01 8.445896401473573789e-01
2.120000000000000000e+03 2.180550700477978765e+01 -4.301887263109079873e-01 8.466347195911357870e-01
2.121000000000000000e+03 2.171874009822168006e+01 -4.337348700016242509e-01 8.486507174420869770e-01
2.122000000000000000e+03 2.163264467230520793e+01 -4.374916320605154452e-01 8.506363689688571927e-01
2.123000000000000000e+03 2.154723087031216977e+01 -4.414550560119501754e-01 8.525904049201968871e-01
2.124000000000000000e+03 2.146250886738000574e+01 -4.456211688213024269e-01 8.545115515197366785e-01
2.125000000000000000e+03 2.137848887053660363e+01 -4.499859808748208345e-01 8.563985304607655280e-01
2.126000000000000000e+03 2.129518111873507635e+01 -4.545454859594968422e-01 8.582500589010084724e-01
2.127000000000000000e+03 2.121259588288852171e+01 -4.592956612429334728e-01 8.600648494574032465e-01
2.128000000000000000e+03 2.113074346590484964e+01 -4.642324672532129881e-01 8.618416102008773505e-01
2.129000000000000000e+03 2.104963420272155616e+01 -4.693518478587668796e-01 8.635790446511274476e-01
2.130000000000000000e+03 2.096927846034048670e+01 -4.746497302482425296e-01 8.652758517713934339e-01
2.131000000000000000e+03 2.088968663786263846e+01 -4.801220249103731463e-01 8.669307259632389462e-01
2.132000000000000000e+03 2.081086916652295216e+01 -4.857646256138458685e-01 8.685423570613266531e-01
2.133000000000000000e+03 2.073283650972507530e+01 -4.915734093871697574e-01 8.701094303281964315e-01
2.134000000000000000e+03 2.065559916307618238e+01 -4.975442364985447341e-01 8.716306264490423228e-01
2.135000000000000000e+03 2.057916765442170259e+01 -5.036729504357299048e-01 8.731046215264903765e-01
2.136000000000000000e+03 2.050355254388018977e+01 -5.099553778859123865e-01 8.745300870753757172e-01
2.137000000000000000e+03 2.042876442387802527e+01 -5.163873287155753555e-01 8.759056900175201665e-01
2.138000000000000000e+03 2.035481391918423455e+01 -5.229645959503663732e-01 8.772300926765083107e-01
2.139000000000000000e+03 2.028171168694529669e+01 -5.296829557549668221e-01 8.785019527724667876e-01
2.140000000000000000e+03 2.020946841671991479e+01 -5.365381674129594547e-01 8.797199234168407989e-01
2.141000000000000000e+03 2.013809483051375082e+01 -5.435259733066970522e-01 8.808826531071706212e-01
2.142000000000000000e+03 2.006760168281430268e+01 -5.506420988971711949e-01 8.819887857218703386e-01
2.143000000000000000e+03 1.999799752801095565e+01 -5.578822374705952880e-01 8.830371578810539690e-01
2.144000000000000000e+03 1.992928200591672905e+01 -5.652420043046834097e-01 8.840273925130339716e-01
2.145000000000000000e+03 1.986145251044991156e+01 -5.727169821491602253e-01 8.849593093320093917e-01
2.146000000000000000e+03 1.979450641806085542e+01 -5.803027364101029928e-01 8.858327278400839333e-01
2.147000000000000000e+03 1.972844108770844684e+01 -5.879948151294120962e-01 8.866474673271967921e-01
2.148000000000000000e+03 1.966325386083658699e+01 -5.957887489642827994e-01 8.874033468710560424e-01
2.149000000000000000e+03 1.959894206135065176e+01 -6.036800511666741142e-01 8.881001853370693588e-01
2.150000000000000000e+03 1.953550299559399051e+01 -6.116642175627807765e-01 8.887378013782774033e-01
2.151000000000000000e+03 1.947293395232436808e+01 -6.197367265325032237e-01 8.893160134352843249e-01
2.152000000000000000e+03 1.941123220269047778e+01 -6.278930389889184616e-01 8.898346397361917015e-01
2.153000000000000000e+03 1.935039500020838688e+01 -6.361285983577511516e-01 8.902934982965295951e-01
2.154000000000000000e+03 1.929041958073801055e+01 -6.444388305568428121e-01 8.906924069191879401e-01
2.155000000000000000e+03 1.923130316245962135e+01 -6.528191439756239056e-01 8.910311831943500405e-01
2.156000000000000000e+03 1.917304294585026980e+01 -6.612649294545840384e-01 8.913096444994238476e-01
2.157000000000000000e+03 1.911563611366031523e+01 -6.697715602647423827e-01 8.915276079989746805e-01
2.158000000000000000e+03 1.905907983088985702e+01 -6.783343920871182098e-01 8.916848906446558365e-01
2.159000000000000000e+03 1.900337124476523343e+01 -6.869487629922019778e-01 8.917813091751429777e-01
2.160000000000000000e+03 1.894850748471548840e+01 -6.956099934194255319e-01 8.918166801160640755e-01
2.161000000000000000e+03 1.889448566234884197e+01 -7.043133861566330811e-01 8.917908197799326864e-01
2.162000000000000000e+03 1.884130287142917481e+01 -7.130542263195512875e-01 8.917035442660792288e-01
2.163000000000000000e+03 1.878895618785249511e+01 -7.218277813312606872e-01 8.915546694605843703e-01
2.164000000000000000e+03 1.873744266962341953e+01 -7.306293009016656681e-01 8.913440110362100821e-01
2.165000000000000000e+03 1.868675935683164013e+01 -7.394540170069653362e-01 8.910713844523313609e-01
2.166000000000000000e+03 1.863690327162840887e+01 -7.482971438691242705e-01 8.907366049548693931e-01
2.167000000000000000e+03 1.858787141820300093e+01 -7.571538779353426118e-01 8.903394875762231653e-01
2.168000000000000000e+03 1.853966078275919926e+01 -7.660193978575274842e-01 8.898798471352010742e-01
2.169000000000000000e+03 1.849226833349176502e+01 -7.748888644717630836e-01 8.893574982369539805e-01
2.170000000000000000e+03 1.844569102056290433e+01 -7.837574207777813218e-01 8.887722552729065972e-01
2.171000000000000000e+03 1.839992577607877067e+01 -7.926201919184330258e-01 8.881239324206895436e-01
2.172000000000000000e+03 1.835496951406589616e+01 -8.014722851591575825e-01 8.874123436440718438e-01
2.173000000000000000e+03 1.831081913044770815e+01 -8.103087898674542489e-01 8.866373026928927592e-01
2.174000000000000000e+03 1.826747150302097467e+01 -8.191247774923529068e-01 8.857986231029939539e-01
2.175000000000000000e+03 1.822492349143230683e+01 -8.279153015438843743e-01 8.848961181961515488e-01
2.176000000000000000e+03 1.818317193715459013e+01 -8.366753975725502723e-01 8.839296010800081760e-01
2.177000000000000000e+03 1.814221366346351871e+01 -8.454000831487958889e-01 8.828988846480052555e-01
2.178000000000000000e+03 1.810204547541400544e+01 -8.540843578424782701e-01 8.818037815793142720e-01
2.179000000000000000e+03 1.806266415981671258e+01 -8.627232032023381958e-01 8.806441043387703838e-01
2.180000000000000000e+03 1.802406648521448673e+01 -8.713115827354710463e-01 8.794196651768031447e-01
2.181000000000000000e+03 1.798624920185886822e+01 -8.798444418867963357e-01 8.781302761293691139e-01
2.182000000000000000e+03 1.794920781855507030e+01 -8.883171273098326992e-01 8.767759011476040643e-01
2.183000000000000000e+03 1.791293292427527462e+01 -8.967266477946246317e-01 8.753571136024415056e-01
2.184000000000000000e+03 1.787741384181999038e+01 -9.050704217585134881e-01 8.738746418492754353e-01
2.185000000000000000e+03 1.784263984865453523e+01 -9.133458587129762440e-01 8.723292173806973526e-01
2.186000000000000000e+03 1.780860017685465380e+01 -9.215503592536590238e-01 8.707215748302575831e-01
2.187000000000000000e+03 1.777528401305220740e+01 -9.296813150504105172e-01 8.690524519762327094e-01
2.188000000000000000e+03 1.774268049838081751e+01 -9.377361088373166176e-01 8.673225897453887834e-01
2.189000000000000000e+03 1.771077872842154832e+01 -9.457121144027327286e-01 8.655327322167457593e-01
2.190000000000000000e+03 1.767956775314852180e+01 -9.536066965793184025e-01 8.636836266253425931e-01
2.191000000000000000e+03 1.764903657687464644e+01 -9.614172112340710896e-01 8.617760233660028968e-01
2.192000000000000000e+03 1.761917415819722166e+01 -9.691410052583585566e-01 8.598106759970964852e-01
2.193000000000000000e+03 1.758996940994362035e+01 -9.767754165579543013e-01 8.577883412443082500e-01
2.194000000000000000e+03 1.756141119911694304e+01 -9.843177740430694156e-01 8.557097790043984853e-01
2.195000000000000000e+03 1.753348834684168978e+01 -9.917653976183882225e-01 8.535757523489712062e-01
2.196000000000000000e+03 1.750618962830942138e+01 -9.991155981731002500e-01 8.513870275282365840e-01
2.197000000000000000e+03 1.747950377272439226e+01 -1.006365677570933981e+00 8.491443739747754904e-01
2.198000000000000000e+03 1.745341946324925431e+01 -1.013512928640192268e+00 8.468485643073055957e-01
2.199000000000000000e+03 1.742792533695069324e+01 -1.020554635163784196e+00 8.445003743344453584e-01
2.200000000000000000e+03 1.740300998474506855e+01 -1.027488071869258723e+00 8.421005830584770147e-01
2.201000000000000000e+03 1.737866195134413161e+01 -1.034310504418839871e+00 8.396499726791146756e-01
2.202000000000000000e+03 1.735486973520061937e+01 -1.041019189399458922e+00 8.371493285972649856e-01
2.203000000000000000e+03 1.733162178845398671e+01 -1.047611374312788834e+00 8.345994394187953302e-01
2.204000000000000000e+03 1.730890651687598947e+01 -1.054084297565277328e+00 8.320010969582953830e-01
2.205000000000000000e+03 1.728671227981641323e+01 -1.060435188458181521e+00 8.293550962428443141e-01
2.206000000000000000e+03 1.726502739014869547e+01 -1.066661267177600569e+00 8.266622355157736690e-01
2.207000000000000000e+03 1.724384011421559748e+01 -1.072759744784509639e+00 8.239233162404331345e-01
2.208000000000000000e+03 1.722313867177485847e+01 -1.078727823204793435e+00 8.211391431039535282e-01
2.209000000000000000e+03 1.720291123594487814e+01 -1.084562695219281059e+00 8.183105240210136744e-01
2.210000000000000000e+03 1.718314593315034955e+01 -1.090261544453777764e+00 8.154382701376035048e-01
2.211000000000000000e+03 1.716383084306793450e+01 -1.095821545369099592e+00 8.125231958347890471e-01
2.212000000000000000e+03 1.714495399857192481e+01 -1.101239863251107565e+00 8.095661187324766361e-01
2.213000000000000000e+03 1.712650338567990715e+01 -1.106513654200740771e+00 8.065678596931789013e-01
2.214000000000000000e+03 1.710846694349839581e+01 -1.111640065124049226e+00 8.035292428257776454e-01
2.215000000000000000e+03 1.709083256416853303e+01 -1.116616233722228291e+00 8.004510954892893881e-01
2.216000000000000000e+03 1.707358809281173606e+01 -1.121439288481653973e+00 7.973342482966304656e-01
2.217000000000000000e+03 1.705672132747534064e+01 -1.126106348663913126e+00 7.941795351183807972e-01
2.218000000000000000e+03 1.704022001907827288e+01 -1.130614524295839862e+00 7.909877930865482076e-01
2.219000000000000000e+03 1.702407187135673539e+01 -1.134960916159548638e+00 7.877598625983343039e-01
2.220000000000000000e+03 1.700826454080981165e+01 -1.139142615782466672e+00 7.844965873198984641e-01
2.221000000000000000e+03 1.699278585931956442e+01 -1.143157233818652641e+00 7.811988469645830824e-01
2.222000000000000000e+03 1.697762450372389509e+01 -1.147004489019192830e+00 7.778676558561683496e-01
2.223000000000000000e+03 1.696276933054879521e+01 -1.150684629715557072e+00 7.745040650227968948e-01
2.224000000000000000e+03 1.694820915368581637e+01 -1.154197906382184335e+00 7.711091294860612511e-01
2.225000000000000000e+03 1.693393274434312801e+01 -1.157544571639363973e+00 7.676839082655656510e-01
2.226000000000000000e+03 1.691992883099658940e+01 -1.160724880256116753e+00 7.642294643834867118e-01
2.227000000000000000e+03 1.690618609934086791e+01 -1.163739089153078776e+00 7.607468648691365631e-01
2.228000000000000000e+03 1.689269319224046129e+01 -1.166587457405381389e+00 7.572371807635233099e-01
2.229000000000000000e+03 1.687943870968079452e+01 -1.169270246245533773e+00 7.537014871239121616e-01
2.230000000000000000e+03 1.686641120871930255e+01 -1.171787719066305522e+00 7.501408630283874501e-01
2.231000000000000000e+03 1.685359920343650586e+01 -1.174140141423607897e+00 7.465563915804158679e-01
2.232000000000000000e+03 1.684099116488706471e+01 -1.176327781039375520e+00 7.429491599134051549e-01
2.233000000000000000e+03 1.682857552105087962e+01 -1.178350907804449621e+00 7.393202591952671154e-01
2.234000000000000000e+03 1.681634065678414558e+01 -1.180209793781457073e+00 7.356707846329796352e-01
2.235000000000000000e+03 1.680427491377044902e+01 -1.181904713207696522e+00 7.320018354771473668e-01
2.236000000000000000e+03 1.679236659047182911e+01 -1.183435942498016757e+00 7.283145150265634138e-01
2.237000000000000000e+03 1.678060394207984629e+01 -1.184803760247699955e+00 7.246099306327720146e-01
2.238000000000000000e+03 1.676897518046668267e+01 -1.186008447235343821e+00 7.208891937046281173e-01
2.239000000000000000e+03 1.675746847413618568e+01 -1.187050286425743062e+00 7.171534197128603960e-01
2.240000000000000000e+03 1.674607194817497913e+01 -1.187929562972771969e+00 7.134037281946330467e-01
2.241000000000000000e+03 1.673477368420349265e+01 -1.188646564222264779e+00 7.096412427581058058e-01
2.242000000000000000e+03 1.672356172032709409e+01 -1.189201579714899371e+00 7.058670910869970783e-01
2.243000000000000000e+03 1.671242405108710471e+01 -1.189594901189078513e+00 7.020824049451442894e-01
2.244000000000000000e+03 1.670134862741193515e+01 -1.189826822583812005e+00 6.982883201810671236e-01
2.245000000000000000e+03 1.669032335656809707e+01 -1.189897640041597704e+00 6.944859767325269884e-01
2.246000000000000000e+03 1.667933610211133555e+01 -1.189807651911303665e+00 6.906765186310895865e-01
2.247000000000000000e+03 1.666837468383766918e+01 -1.189557158751051835e+00 6.868610940066872672e-01
2.248000000000000000e+03 1.665742687773448338e+01 -1.189146463331098191e+00 6.830408550921794886e-01
2.249000000000000000e+03 1.664648041593158467e+01 -1.188575870636713994e+00 6.792169582279139473e-01
2.250000000000000000e+03 1.663552298665231177e+01 -1.187845687871069922e+00 6.753905638662900390e-01
2.251000000000000000e+03 1.662454223416456855e+01 -1.186956224458116660e+00 6.715628365763187668e-01
2.252000000000000000e+03 1.661352575873193160e+01 -1.185907792045466591e+00 6.677349450481845361e-01
2.253000000000000000e+03 1.660246111656471157e+01 -1.184700704507276603e+00 6.639080620978075054e-01
2.254000000000000000e+03 1.659133581977102878e+01 -1.183335277947129560e+00 6.600833646714043823e-01
2.255000000000000000e+03 1.658013733630789233e+01 -1.181811830700915555e+00 6.562620338500501083e-01
2.256000000000000000e+03 1.656885308993227923e+01 -1.180130683339715603e+00 6.524452548542399866e-01
2.257000000000000000e+03 1.655747046015219937e+01 -1.178292158672681555e+00 6.486342170484507008e-01
2.258000000000000000e+03 1.654597678217776746e+01 -1.176296581749918913e+00 6.448301139457013331e-01
2.259000000000000000e+03 1.653435934687230713e+01 -1.174144279865369400e+00 6.410341432121167138e-01
2.260000000000000000e+03 1.652260663019053766e+01 -1.171835910518360668e+00 6.372474282663691536e-01
2.261000000000000000e+03 1.651071199029547998e+01 -1.169373447614327155e+00 6.334707825138065074e-01
2.262000000000000000e+03 1.649866999429362480e+01 -1.166759201658355671e+00 6.297049435941486362e-01
2.263000000000000000e+03 1.648647519090236813e+01 -1.163995492387171371e+00 6.259506516506458951e-01
2.264000000000000000e+03 1.647412211042999175e+01 -1.161084648779724837e+00 6.222086493328019552e-01
2.265000000000000000e+03 1.646160526475557262e+01 -1.158029009067772286e+00 6.184796817990922957e-01
2.266000000000000000e+03 1.644891914730894911e+01 -1.154830920746460432e+00 6.147644967196841392e-01
2.267000000000000000e+03 1.643605823305067659e+01 -1.151492740584911356e+00 6.110638442791588298e-01
2.268000000000000000e+03 1.642301697845194752e+01 -1.148016834636804484e+00 6.073784771792301029e-01
2.269000000000000000e+03 1.640978982147459675e+01 -1.144405578250961675e+00 6.037091506414653530e-01
2.270000000000000000e+03 1.639637118155097539e+01 -1.140661356081929645e+00 6.000566224100056800e-01
2.271000000000000000e+03 1.638275545956395618e+01 -1.136786562100564835e+00 5.964216527542861579e-01
2.272000000000000000e+03 1.636893703782687126e+01 -1.132783599604616942e+00 5.928050044717564360e-01
2.273000000000000000e+03 1.635491028006343228e+01 -1.128654881229311124e+00 5.892074428906005634e-01
2.274000000000000000e+03 1.634066953138772149e+01 -1.124402828957934197e+00 5.856297358724577018e-01
2.275000000000000000e+03 1.632620911828410826e+01 -1.120029874132416170e+00 5.820726538151421714e-01
2.276000000000000000e+03 1.631152334858720110e+01 -1.115538457463914890e+00 5.785369696553634977e-01
2.277000000000000000e+03 1.629660651146183170e+01 -1.110931029043400686e+00 5.750234588714480122e-01
2.278000000000000000e+03 1.628145287738293234e+01 -1.106210048352237241e+00 5.715328994860569001e-01
2.279000000000000000e+03 1.626605669811556965e+01 -1.101377984272768895e+00 5.680660720689088006e-01
2.280000000000000000e+03 1.625041220669482911e+01 -1.096437315098901522e+00 5.646237597394984098e-01
2.281000000000000000e+03 1.623451361740578847e+01 -1.091390528546687388e+00 5.612067481698177485e-01
2.282000000000000000e+03 1.621835512576347327e+01 -1.086240121764909361e+00 5.578158255870763194e-01
2.283000000000000000e+03 1.620193090849278406e+01 -1.080988601345662881e+00 5.544517827764207096e-01
2.284000000000000000e+03 1.618523512350845905e+01 -1.075638483334941720e+00 5.511154130836558585e-01
2.285000000000000000e+03 1.616826190989502976e+01 -1.070192293243220849e+00 5.478075124179647704e-01
2.286000000000000000e+03 1.615100538788674811e+01 -1.064652566056039307e+00 5.445288792546291168e-01
2.287000000000000000e+03 1.613345965884755628e+01 -1.059021846244584619e+00 5.412803146377488384e-01
2.288000000000000000e+03 1.611561880525103163e+01 -1.053302687776277224e+00 5.380626221829636346e-01
2.289000000000000000e+03 1.609747689066031739e+01 -1.047497654125353339e+00 5.348766080801721223e-01
2.290000000000000000e+03 1.607902795970809606e+01 -1.041609318283448493e+00 5.317230810962532139e-01
2.291000000000000000e+03 1.606026603807651654e+01 -1.035640262770181508e+00 5.286028525777849429e-01
2.292000000000000000e+03 1.604118513247715327e+01 -1.029593079643738474e+00 5.255167364537662866e-01
2.293000000000000000e+03 1.602177923063096543e+01 -1.023470370511455840e+00 5.224655492383365463e-01
2.294000000000000000e+03 1.600204230124822757e+01 -1.017274746540405506e+00 5.194501100334961707e-01
2.295000000000000000e+03 1.598196829400847641e+01 -1.011008828467976128e+00 5.164712405318263588e-01
2.296000000000000000e+03 1.596155113954048232e+01 -1.004675246612458661e+00 5.135297650192098828e-01
2.297000000000000000e+03 1.594078474940217305e+01 -9.982766408836302174e-01 5.106265103775518011e-01
2.298000000000000000e+03 1.591966301606060341e+01 -9.918156607933368285e-01 5.077623060874985050e-01
2.299000000000000000e+03 1.589818115615818428e+01 -9.852949554798375864e-01 5.049378609212796798e-01
2.300000000000000000e+03 1.587633974970017547e+01 -9.787171436901702659e-01 5.021533921576076809e-01
2.301000000000000000e+03 1.585414072654966233e+01 -9.720848436277272908e-01 4.994089940109617265e-01
2.302000000000000000e+03 1.583158602548729732e+01 -9.654006829314882854e-01 4.967047607269828302e-01
2.303000000000000000e+03 1.580867759422176100e+01 -9.586672986863777890e-01 4.940407865823970845e-01
2.304000000000000000e+03 1.578541738940018746e+01 -9.518873374336229709e-01 4.914171658849366131e-01
2.305000000000000000e+03 1.576180737661858799e+01 -9.450634551811087913e-01 4.888339929732616329e-01
2.306000000000000000e+03 1.573784953043229784e+01 -9.381983174137366044e-01 4.862913622168825722e-01
2.307000000000000000e+03 1.571354583436639629e+01 -9.312945991037804294e-01 4.837893680160816334e-01
2.308000000000000000e+03 1.568889828092615879e+01 -9.243549847212454429e-01 4.813281048018350772e-01
2.309000000000000000e+03 1.566390887160748058e+01 -9.173821682442230285e-01 4.789076670357347298e-01
2.310000000000000000e+03 1.563857961690729681e+01 -9.103788531692488251e-01 4.765281492099099903e-01
2.311000000000000000e+03 1.561291253633403109e+01 -9.033477525216604409e-01 4.741896458469496700e-01
2.312000000000000000e+03 1.558690965841803688e+01 -8.962915888659532815e-01 4.718922514998239448e-01
2.313000000000000000e+03 1.556057302072200876e+01 -8.892130943161384860e-01 4.696360607518063612e-01
2.314000000000000000e+03 1.553390466985143625e+01 -8.821150105461001978e-01 4.674211682163954551e-01
2.315000000000000000e+03 1.550690666146502039e+01 -8.750000887999513921e-01 4.652476685372367027e-01
2.316000000000000000e+03 1.547958106028511693e+01 -8.678710899023919234e-01 4.631156563880444166e-01
2.317000000000000000e+03 1.545192994010817600e+01 -8.607307842690662403e-01 4.610252264725239746e-01
2.318000000000000000e+03 1.542395538381515152e+01 -8.535819519169184355e-01 4.589764735242929383e-01
2.319000000000000000e+03 1.539565948338196399e+01 -8.464273824745515151e-01 4.569694923068037817e-01
2.320000000000000000e+03 1.536704433988991525e+01 -8.392698751925831147e-01 4.550043776132651763e-01
2.321000000000000000e+03 1.533811206353612455e+01 -8.321122389540025477e-01 4.530812242665637757e-01
2.322000000000000000e+03 1.530886477364396825e+01 -8.249572922845290757e-01 4.512001271191869445e-01
2.323000000000000000e+03 1.527930459867350876e+01 -8.178078633629678462e-01 4.493611810531437656e-01
2.324000000000000000e+03 1.524943367623193424e+01 -8.106667900315671638e-01 4.475644809798873802e-01
2.325000000000000000e+03 1.521925415308397156e+01 -8.035369198063755380e-01 4.458101218402364396e-01
2.326000000000000000e+03 1.518876818516234550e+01 -7.964211098875998429e-01 4.440981986042976115e-01
2.327000000000000000e+03 1.515797793757820067e+01 -7.893222271699605885e-01 4.424288062713868652e-01
2.328000000000000000e+03 1.512688558463153043e+01 -7.822431482530500801e-01 4.408020398699517561e-01
2.329000000000000000e+03 1.509549330982162374e+01 -7.751867594516894666e-01 4.392179944574932104e-01
2.330000000000000000e+03 1.506380330585747984e+01 -7.681559568062853449e-01 4.376767651204871989e-01
2.331000000000000000e+03 1.503181777466826397e+01 -7.611536460931881409e-01 4.361784469743068549e-01
2.332000000000000000e+03 1.499953892741371142e+01 -7.541827428350464935e-01 4.347231351631442586e-01
2.333000000000000000e+03 1.496696898449460456e+01 -7.472461723111678555e-01 4.333109248599322227e-01
2.334000000000000000e+03 1.493411017556315201e+01 -7.403468695678723233e-01 4.319419112662665761e-01
2.335000000000000000e+03 1.490096473953346567e+01 -7.334877794288517938e-01 4.306161896123275601e-01
2.336000000000000000e+03 1.486753492459198078e+01 -7.266718565055261259e-01 4.293338551568017247e-01
2.337000000000000000e+03 1.483382298820787426e+01 -7.199020652074008542e-01 4.280950031868043792e-01
2.338000000000000000e+03 1.479983187034449088e+01 -7.131811142039514717e-01 4.268996366147356780e-01
2.339000000000000000e+03 1.476556721767967773e+01 -7.065106579722967295e-01 4.257473881366510837e-01
2.340000000000000000e+03 1.473103537208225333e+01 -6.998920902701268876e-01 4.246377963338427985e-01
2.341000000000000000e+03 1.469624269858727672e+01 -6.933268092346805966e-01 4.235703979158111920e-01
2.342000000000000000e+03 1.466119558542124146e+01 -6.868162173872738308e-01 4.225447277181590411e-01
2.343000000000000000e+03 1.462590044402729283e+01 -6.803617216378311516e-01 4.215603187004861030e-01
2.344000000000000000e+03 1.459036370909041658e+01 -6.739647332894140863e-01 4.206167019442827448e-01
2.345000000000000000e+03 1.455459183856265959e+01 -6.676266680427530575e-01 4.197134066508250161e-01
2.346000000000000000e+03 1.451859131368833289e+01 -6.613489460007755394e-01 4.188499601390677785e-01
2.347000000000000000e+03 1.448236863902921634e+01 -6.551329916731376546e-01 4.180258878435402781e-01
2.348000000000000000e+03 1.444593034248975805e+01 -6.489802339807527742e-01 4.172407133122388312e-01
2.349000000000000000e+03 1.440928297534228797e+01 -6.428921062603223380e-01 4.164939582045223410e-01
2.350000000000000000e+03 1.437243311225222797e+01 -6.368700462688661190e-01 4.157851422890062043e-01
2.351000000000000000e+03 1.433538735130327879e+01 -6.309154961882511570e-01 4.151137834414557748e-01
2.352000000000000000e+03 1.429815231402264786e+01 -6.250299026297230220e-01 4.144793976426821569e-01
2.353000000000000000e+03 1.426073464540624514e+01 -6.192147166384348589e-01 4.138814989764345587e-01
2.354000000000000000e+03 1.422314101394388430e+01 -6.134713936979776516e-01 4.133195996272960304e-01
2.355000000000000000e+03 1.418537811164450169e+01 -6.078013937349106000e-01 4.127932098785768722e-01
2.356000000000000000e+03 1.414745265406134678e+01 -6.022061811232906070e-01 4.123018381102093177e-01
2.357000000000000000e+03 1.410937138031719762e+01 -5.966872246892026554e-01 4.118449907966413859e-01
2.358000000000000000e+03 1.407114105312956376e+01 -5.912459977152897395e-01 4.114221725047313982e-01
2.359000000000000000e+03 1.403276845883589807e+01 -5.858839779452824637e-01 4.110328858916421080e-01
2.360000000000000000e+03 1.399426040741878552e+01 -5.806026475885298632e-01 4.106766317027347180e-01
2.361000000000000000e+03 1.395562373253117983e+01 -5.754034933245285588e-01 4.103529087694637312e-01
2.362000000000000000e+03 1.391686529152156382e+01 -5.702880063074529104e-01 4.100612140072704692e-01
2.363000000000000000e+03 1.387799196545920566e+01 -5.652576821706859489e-01 4.098010424134775898e-01
2.364000000000000000e+03 1.383901065915932982e+01 -5.603140210313483083e-01 4.095718870651835486e-01
2.365000000000000000e+03 1.379992830120833602e+01 -5.554585274948281581e-01 4.093732391171563956e-01
2.366000000000000000e+03 1.376075184398899687e+01 -5.506927106593123566e-01 4.092045877997284586e-01
2.367000000000000000e+03 1.372148826370568031e+01 -5.460180841203154944e-01 4.090654204166901953e-01
2.368000000000000000e+03 1.368214456040953309e+01 -5.414361659752098266e-01 4.089552223431845990e-01
2.369000000000000000e+03 1.364272775802371029e+01 -5.369484788277558707e-01 4.088734770236014948e-01
2.370000000000000000e+03 1.360324490436856060e+01 -5.325565497926320058e-01 4.088196659694714463e-01
2.371000000000000000e+03 1.356370307118684160e+01 -5.282619104999649595e-01 4.087932687573604396e-01
2.372000000000000000e+03 1.352410935416892457e+01 -5.240660970998588519e-01 4.087937630267638456e-01
2.373000000000000000e+03 1.348447087297800628e+01 -5.199706502669263486e-01 4.088206244780008269e-01
2.374000000000000000e+03 1.344479477127529776e+01 -5.159771152048178156e-01 4.088733268701081336e-01
2.375000000000000000e+03 1.340508821674525208e+01 -5.120870416507515843e-01 4.089513420187349535e-01
2.376000000000000000e+03 1.336535840112075846e+01 -5.083019838800444390e-01 4.090541397940365975e-01
2.377000000000000000e+03 1.332561231360881493e+01 -5.046231817478636916e-01 4.091811684240426739e-01
2.378000000000000000e+03 1.328585605959191618e+01 -5.010506016584345135e-01 4.093317952764041201e-01
2.379000000000000000e+03 1.324609553778039661e+01 -4.975838896976131354e-01 4.095053657076863640e-01
2.380000000000000000e+03 1.320633666645127136e+01 -4.942226900570116377e-01 4.097012227222506242e-01
2.381000000000000000e+03 1.316658538346863772e+01 -4.909666450317577424e-01 4.099187069697308172e-01
2.382000000000000000e+03 1.312684764630406598e+01 -4.878153950182523291e-01 4.101571567425087994e-01
2.383000000000000000e+03 1.308712943205699197e+01 -4.847685785119284496e-01 4.104159079731910520e-01
2.384000000000000000e+03 1.304743673747512567e+01 -4.818258321050103987e-01 4.106942942320849221e-01
2.385000000000000000e+03 1.300777557897481884e+01 -4.789867904842707302e-01 4.109916467246738092e-01
2.386000000000000000e+03 1.296815199266150387e+01 -4.762510864287910484e-01 4.113072942890949046e-01
2.387000000000000000e+03 1.292857203435003122e+01 -4.736183508077183579e-01 4.116405633936134345e-01
2.388000000000000000e+03 1.288904177958512420e+01 -4.710882125780254670e-01 4.119907781341005104e-01
2.389000000000000000e+03 1.284956732366172893e+01 -4.686602987822687250e-01 4.123572602315080382e-01
2.390000000000000000e+03 1.281015478164543353e+01 -4.663342345463459271e-01 4.127393290293452921e-01
2.391000000000000000e+03 1.277081028839286247e+01 -4.641096430772565506e-01 4.131363014911552667e-01
2.392000000000000000e+03 1.273153999857205143e+01 -4.619861456608588268e-01 4.135474921979905294e-01
2.393000000000000000e+03 1.269235008668287534e+01 -4.599633616596289776e-01 4.139722133458890729e-01
2.394000000000000000e+03 1.265324674707740726e+01 -4.580409085104200084e-01 4.144097747433512779e-01
2.395000000000000000e+03 1.261423619398034468e+01 -4.562184017222197241e-01 4.148594838088150438e-01
2.396000000000000000e+03 1.257532466150939499e+01 -4.544954548739096323e-01 4.153206455681326403e-01
2.397000000000000000e+03 1.253651840369565384e+01 -4.528716796120234589e-01 4.157925626520463935e-01
2.398000000000000000e+03 1.249782369450401909e+01 -4.513466856485055523e-01 4.162745352936652599e-01
2.399000000000000000e+03 1.245924682785358861e+01 -4.499200807584700090e-01 4.167658613259405675e-01
2.400000000000000000e+03 1.242079411763804409e+01 -4.485914707779585786e-01 4.172658361791420911e-01
2.401000000000000000e+03 1.238247189774604351e+01 -4.473604596016997337e-01 4.177737528783346810e-01
2.402000000000000000e+03 1.234428652208163513e+01 -4.462266491808667412e-01 4.182889020408538938e-01
2.403000000000000000e+03 1.230624436458462867e+01 -4.451896395208366775e-01 4.188105718737820671e-01
2.404000000000000000e+03 1.226835181925101281e+01 -4.442490286789492759e-01 4.193380481714251151e-01
2.405000000000000000e+03 1.223061530015333176e+01 -4.434044127622643328e-01 4.198706143127879375e-01
2.406000000000000000e+03 1.219304124146109558e+01 -4.426553859253217760e-01 4.204075512590508268e-01
2.407000000000000000e+03 1.215563609746116569e+01 -4.420015403678990151e-01 4.209481375510455980e-01
2.408000000000000000e+03 1.211840634257815097e+01 -4.414424663327701226e-01 4.214916493067316083e-01
2.409000000000000000e+03 1.208135847139481100e+01 -4.409777521034647374e-01 4.220373602186722195e-01
2.410000000000000000e+03 1.204449899867243445e+01 -4.406069840020254147e-01 4.225845415515103731e-01
2.411000000000000000e+03 1.200783445937126181e+01 -4.403297463867678063e-01 4.231324621394453311e-01
2.412000000000000000e+03 1.197137140867085492e+01 -4.401456216500378993e-01 4.236803883837081952e-01
2.413000000000000000e+03 1.193511642199049838e+01 -4.400541902159713081e-01 4.242275842500384253e-01
2.414000000000000000e+03 1.189907609500959573e+01 -4.400550305382517347e-01 4.247733112661600252e-01
2.415000000000000000e+03 1.186325704368807976e+01 -4.401477190978690390e-01 4.253168285192572839e-01
2.416000000000000000e+03 1.182766510492447765e+01 -4.403316490430642105e-01 4.258574440728161714e-01
2.417000000000000000e+03 1.179230293319560907e+01 -4.406054849125976558e-01 4.263946695627201522e-01
2.418000000000000000e+03 1.175717238939237852e+01 -4.409677046034464198e-01 4.269280665330276725e-01
2.419000000000000000e+03 1.172227533886341000e+01 -4.414167804225751501e-01 4.274571951002180681e-01
2.420000000000000000e+03 1.168761365141903497e+01 -4.419511790809684260e-01 4.279816139517246265e-01
2.421000000000000000e+03 1.165318920133524472e+01 -4.425693616876620329e-01 4.285008803444673720e-01
2.422000000000000000e+03 1.161900386735767476e+01 -4.432697837437747368e-01 4.290145501033855724e-01
2.423000000000000000e+03 1.158505953270555366e+01 -4.440508951365401136e-01 4.295221776199713015e-01
2.424000000000000000e+03 1.155135808507568385e+01 -4.449111401333377680e-01 4.300233158508009468e-01
2.425000000000000000e+03 1.151790141664641176e+01 -4.458489573757261626e-01 4.305175163160693264e-01
2.426000000000000000e+03 1.148469142408159094e+01 -4.468627798734730594e-01 4.310043290981215303e-01
2.427000000000000000e+03 1.145173000853455214e+01 -4.479510349985880713e-01 4.314833028399861492e-01
2.428000000000000000e+03 1.141901907565207175e+01 -4.491121444793539919e-01 4.319539847439081148e-01
2.429000000000000000e+03 1.138656053557833836e+01 -4.503445243943583476e-01 4.324159205698808184e-01
2.430000000000000000e+03 1.135435630295892828e+01 -4.516465851665261155e-01 4.328686546341800612e-01
2.431000000000000000e+03 1.132240829694476680e+01 -4.530167315571496101e-01 4.333117298078955071e-01
2.432000000000000000e+03 1.129071844119609302e+01 -4.544533626599221443e-01 4.337446875154647441e-01
2.433000000000000000e+03 1.125928866388644600e+01 -4.559548718949684720e-01 4.341670677332051254e-01
2.434000000000000000e+03 1.122812089770660826e+01 -4.575196470028768947e-01 4.345784089878466649e-01
2.435000000000000000e+03 1.119721707986860437e+01 -4.591460700387309801e-01 4.349782483550658219e-01
2.436000000000000000e+03 1.116657915210963381e+01 -4.608325173661412255e-01 4.353661214580165639e-01
2.437000000000000000e+03 1.113620906069607308e+01 -4.625773596512768870e-01 4.357415624658648179e-01
2.438000000000000000e+03 1.110610875642741391e+01 -4.643789618568974209e-01 4.361041040923196999e-01
2.439000000000000000e+03 1.107628019464026714e+01 -4.662356832363844794e-01 4.364532775941682985e-01
2.440000000000000000e+03 1.104672533521229383e+01 -4.681458773277736296e-01 4.367886127698063503e-01
2.441000000000000000e+03 1.101744614256620203e+01 -4.701078919477853502e-01 4.371096379577720237e-01
2.442000000000000000e+03 1.098844458567369387e+01 -4.721200691858580267e-01 4.374158800352790921e-01
2.443000000000000000e+03 1.095972263805946412e+01 -4.741807453981787268e-01 4.377068644167491085e-01
2.444000000000000000e+03 1.093128227780512063e+01 -4.762882512017148628e-01 4.379821150523441897e-01
2.445000000000000000e+03 1.090312548755320954e+01 -4.784409114682467434e-01 4.382411544265000236e-01
2.446000000000000000e+03 1.087525425451113747e+01 -4.806370453183979596e-01 4.384835035564584316e-01
2.447000000000000000e+03 1.084767057045515948e+01 -4.828749661156684359e-01 4.387086819908007085e-01
2.448000000000000000e+03 1.082037643173435626e+01 -4.851529814604652602e-01 4.389162078079794638e-01
2.449000000000000000e+03 1.079337383927458482e+01 -4.874693931841350691e-01 4.391055976148525719e-01
2.450000000000000000e+03 1.076666479858245928e+01 -4.898224973429948781e-01 4.392763665452149024e-01
2.451000000000000000e+03 1.074025131974930680e+01 -4.922105842123646324e-01 4.394280282583314379e-01
2.452000000000000000e+03 1.071413541745515197e+01 -4.946319382805983711e-01 4.395600949374706135e-01
2.453000000000000000e+03 1.068831911097267273e+01 -4.970848382431161117e-01 4.396720772884360473e-01
2.454000000000000000e+03 1.066280442417117769e+01 -4.995675569964359020e-01 4.397634845381003799e-01
2.455000000000000000e+03 1.063759274648778330e+01 -5.020783845105800669e-01 4.398338932124997713e-01
2.456000000000000000e+03 1.061268291166825684e+01 -5.046156966073384043e-01 4.398831539223113096e-01
2.457000000000000000e+03 1.058807310757525855e+01 -5.071778865803134861e-01 4.399111858077666137e-01
2.458000000000000000e+03 1.056376151417181397e+01 -5.097633423482863524e-01 4.399179078709863910e-01
2.459000000000000000e+03 1.053974630351256536e+01 -5.123704464497043087e-01 4.399032389758833483e-01
2.460000000000000000e+03 1.051602563973502669e+01 -5.149975760371662270e-01 4.398670978480626048e-01
2.461000000000000000e+03 1.049259767905082974e+01 -5.176431028719113980e-01 4.398094030747237704e-01
2.462000000000000000e+03 1.046946056973697559e+01 -5.203053933183051649e-01 4.397300731045631350e-01
2.463000000000000000e+03 1.044661245212708067e+01 -5.229828083383273318e-01 4.396290262476746924e-01
2.464000000000000000e+03 1.042405145860263893e+01 -5.256737034860575752e-01 4.395061806754516076e-01
2.465000000000000000e+03 1.040177571358425368e+01 -5.283764289021639637e-01 4.393614544204885175e-01
2.466000000000000000e+03 1.037978333352291038e+01 -5.310893293083893685e-01 4.391947653764830539e-01
2.467000000000000000e+03 1.035807242689120322e+01 -5.338107440020383176e-01 4.390060312981369783e-01
2.468000000000000000e+03 1.033664109417460608e+01 -5.365390068504639620e-01 4.387951698010582602e-01
2.469000000000000000e+03 1.031548742786271511e+01 -5.392724462855563727e-01 4.385620983616627666e-01
2.470000000000000000e+03 1.029460951244048594e+01 -5.420093852982273974e-01 4.383067343170753971e-01
2.471000000000000000e+03 1.027400542437950293e+01 -5.447481414328997351e-01 4.380289948650327725e-01
2.472000000000000000e+03 1.025367323212923587e+01 -5.474870267819927916e-01 4.377287970637837033e-01
2.473000000000000000e+03 1.023361099610825242e+01 -5.502243479804102000e-01 4.374060578319913795e-01
2.474000000000000000e+03 1.021381676869551569e+01 -5.529584062000268974e-01 4.370606939486353926e-01
2.475000000000000000e+03 1.019428859422159128e+01 -5.556874971441755351e-01 4.366926220529124825e-01
2.476000000000000000e+03 1.017502450895993782e+01 -5.584099110421343326e-01 4.363017586441391704e-01
2.477000000000000000e+03 1.015602254111812108e+01 -5.611239326436138208e-01 4.358880200816526163e-01
2.478000000000000000e+03 1.013728071082909921e+01 -5.638278412132436967e-01 4.354513225847127522e-01
2.479000000000000000e+03 1.011879703014243326e+01 -5.665199105250596778e-01 4.349915822324037507e-01
2.480000000000000000e+03 1.010056950301557421e+01 -5.691984088569914668e-01 4.345087149635354362e-01
2.481000000000000000e+03 1.008259612530509486e+01 -5.718615989853488291e-01 4.340026365765457528e-01
2.482000000000000000e+03 1.006487488475794123e+01 -5.745077381793090021e-01 4.334732627294012874e-01
2.483000000000000000e+03 1.004740376100268939e+01 -5.771350781954041054e-01 4.329205089394999040e-01
2.484000000000000000e+03 1.003018072554078266e+01 -5.797418652720068843e-01 4.323442905835715999e-01
2.485000000000000000e+03 1.001320374173780081e+01 -5.823263401238196746e-01 4.317445228975806959e-01
2.486000000000000000e+03 9.996470764814695542e+00 -5.848867379363598129e-01 4.311211209766275254e-01
2.487000000000000000e+03 9.979979741839043683e+00 -5.874212883604474911e-01 4.304739997748495139e-01
2.488000000000000000e+03 9.963728611716303973e+00 -5.899282155066923883e-01 4.298030741053235904e-01
2.489000000000000000e+03 9.947715305181059620e+00 -5.924057379399814138e-01 4.291082586399668775e-01
2.490000000000000000e+03 9.931937744788275069e+00 -5.948520686739646735e-01 4.283894679094394364e-01
2.491000000000000000e+03 9.916393844904538568e+00 -5.972654151655434340e-01 4.276466163030452905e-01
2.492000000000000000e+03 9.901081511699318938e+00 -5.996439793093566450e-01 4.268796180686338371e-01
2.493000000000000000e+03 9.885998643136215236e+00 -6.019859574322682372e-01 4.260883873125021482e-01
2.494000000000000000e+03 9.871142549247789333e+00 -6.042897309592326627e-01 4.252729267987983564e-01
2.495000000000000000e+03 9.856508209258461051e+00 -6.065544396451507669e-01 4.244335949176142320e-01
2.496000000000000000e+03 9.842090004211536680e+00 -6.087794116975321357e-01 4.235708402840979714e-01
2.497000000000000000e+03 9.827882295736458218e+00 -6.109639734089050700e-01 4.226851130829009096e-01
2.498000000000000000e+03 9.813879426028886854e+00 -6.131074491549808325e-01 4.217768650697927280e-01
2.499000000000000000e+03 9.800075717830775801e+00 -6.152091613928173386e-01 4.208465495732743866e-01
2.500000000000000000e+03 9.786465474410428911e+00 -6.172684306589830694e-01 4.198946214961931100e-01
