# l   Dl_TT   Dl_TE   Dl_EE
0.000000000000000000e+00 0.000000000000000000e+00 0.000000000000000000e+00 0.000000000000000000e+00
1.000000000000000000e+00 0.000000000000000000e+00 0.000000000000000000e+00 0.000000000000000000e+00
2.000000000000000000e+00 1.752164001727352058e+02 3.067843304932995063e-01 4.418402120547474873e-03
3.000000000000000000e+00 1.575352226956084962e+02 3.652298435251971065e-01 5.303410442880163687e-03
4.000000000000000000e+00 1.436304076591175374e+02 3.470123266283159369e-01 4.212916690151514640e-03
5.000000000000000000e+00 1.336583582483463886e+02 2.956997573136941337e-01 2.573742849640504177e-03
6.000000000000000000e+00 1.266727488973258033e+02 2.368884089792127057e-01 1.359432451537913875e-03
7.000000000000000000e+00 1.218874140877330063e+02 1.851337508926637621e-01 7.589401329997715094e-04
8.000000000000000000e+00 1.186709511032462387e+02 1.466100422326506170e-01 5.338827640274338305e-04
9.000000000000000000e+00 1.165635191115471514e+02 1.224506823472465006e-01 4.354681721370488087e-04
1.000000000000000000e+01 1.152937807212522472e+02 1.108230179021906237e-01 3.619825213303721600e-04
1.100000000000000000e+01 1.146629853315653804e+02 1.085470615160231134e-01 3.107088519122136591e-04
1.200000000000000000e+01 1.144880400750169827e+02 1.123507719384811143e-01 2.924825282718301932e-04
1.300000000000000000e+01 1.146712446146400879e+02 1.195487914138422675e-01 3.008410472512437588e-04
1.400000000000000000e+01 1.151859633936547738e+02 1.282092796005144530e-01 3.248947199261015316e-04
1.500000000000000000e+01 1.159276834398994822e+02 1.372144801987386087e-01 3.631093199644524713e-04
1.600000000000000000e+01 1.168301785318693504e+02 1.462913960876227604e-01 4.208748697143956173e-04
1.700000000000000000e+01 1.179361005054385174e+02 1.555895617667956976e-01 5.020080803370928491e-04
1.800000000000000000e+01 1.191707267061865423e+02 1.652819908819850026e-01 6.058963833264131198e-04
1.900000000000000000e+01 1.205325531123221481e+02 1.755244489534645846e-01 7.316696854292988267e-04
2.000000000000000000e+01 1.219949235091088298e+02 1.863808678570658683e-01 8.780635027808606722e-04
2.100000000000000000e+01 1.235475679682944872e+02 1.975083304186040778e-01 1.045117598445721068e-03
2.200000000000000000e+01 1.251561150685423485e+02 2.083657338405756343e-01 1.233062864110227863e-03
2.300000000000000000e+01 1.268404888066126830e+02 2.186117239789886202e-01 1.442195249980608544e-03
2.400000000000000000e+01 1.286118445867911362e+02 2.279551714374437599e-01 1.672981602396300845e-03
2.500000000000000000e+01 1.304555564619966503e+02 2.362097321201607758e-01 1.927328887297989493e-03
2.600000000000000000e+01 1.323347857517697435e+02 2.432640852886709670e-01 2.207668527718386221e-03
2.700000000000000000e+01 1.342511426064797035e+02 2.492152274861356709e-01 2.515927748266518025e-03
2.800000000000000000e+01 1.362075153031488526e+02 2.542294965931796713e-01 2.853820171647429745e-03
2.900000000000000000e+01 1.382100453227209869e+02 2.583173883867477261e-01 3.222566738220745009e-03
3.000000000000000000e+01 1.402525088690964878e+02 2.614464979717421311e-01 3.623149120364744635e-03
3.100000000000000000e+01 1.423182961361147534e+02 2.635691487182099668e-01 4.056466462703812656e-03
3.200000000000000000e+01 1.444128919400369000e+02 2.645546375165379605e-01 4.523531493614667276e-03
3.300000000000000000e+01 1.465409512245470012e+02 2.642285084192631528e-01 5.025333976370317812e-03
3.400000000000000000e+01 1.487003881342061788e+02 2.624174861532694303e-01 5.562817400337218519e-03
3.500000000000000000e+01 1.508955641569550039e+02 2.590526962768899266e-01 6.136997739957753863e-03
3.600000000000000000e+01 1.531269928165972374e+02 2.541024406944939473e-01 6.748879103505598352e-03
3.700000000000000000e+01 1.553901029880649958e+02 2.475479101645016722e-01 7.399403102873907886e-03
3.800000000000000000e+01 1.576860462226583479e+02 2.393908265046411354e-01 8.089393839059625876e-03
3.900000000000000000e+01 1.600132131638673059e+02 2.296496626299039945e-01 8.819587617471813523e-03
4.000000000000000000e+01 1.623635203621913377e+02 2.183586871486520864e-01 9.590641710621350402e-03
4.100000000000000000e+01 1.647266322240040495e+02 2.055458853369778460e-01 1.040316471948337859e-02
4.200000000000000000e+01 1.671058197408938781e+02 1.911560493302632280e-01 1.125783075644265670e-02
4.300000000000000000e+01 1.695061861061834350e+02 1.751040714418267696e-01 1.215529458252673396e-02
4.400000000000000000e+01 1.719299490379766553e+02 1.572949873275680255e-01 1.309615757521997992e-02
4.500000000000000000e+01 1.743776884863353303e+02 1.376389295245670497e-01 1.408091787160664979e-02
4.600000000000000000e+01 1.768532570940161293e+02 1.161030437083866301e-01 1.510980840171149454e-02
4.700000000000000000e+01 1.793598162169765544e+02 9.267384843709192133e-02 1.618290655129196731e-02
4.800000000000000000e+01 1.818981975980852326e+02 6.734306425070681057e-02 1.730017264088387630e-02
4.900000000000000000e+01 1.844666862733459993e+02 4.010778515454740956e-02 1.846144490366856752e-02
5.000000000000000000e+01 1.870623727738041566e+02 1.096373876152572334e-02 1.966654323866165455e-02
5.100000000000000000e+01 1.896861460934362356e+02 -2.011748787673597882e-02 2.091562532264792940e-02
5.200000000000000000e+01 1.923386807460529155e+02 -5.317155947226850227e-02 2.220891847974122701e-02
5.300000000000000000e+01 1.950188460762431930e+02 -8.823517156127341776e-02 2.354661944885241831e-02
5.400000000000000000e+01 1.977235630148068140e+02 -1.253462042603672444e-01 2.492889448039525141e-02
5.500000000000000000e+01 2.004495264163493857e+02 -1.645331889372413925e-01 2.635575054663411368e-02
5.600000000000000000e+01 2.031992012760116211e+02 -2.057802917398017795e-01 2.782661128510239418e-02
5.700000000000000000e+01 2.059760651975935843e+02 -2.490539005400692618e-01 2.934063587981341689e-02
5.800000000000000000e+01 2.087828042962958932e+02 -2.943122929724597547e-01 3.089683390030197041e-02
5.900000000000000000e+01 2.116212426391720385e+02 -3.415053738100716219e-01 3.249406037678366499e-02
6.000000000000000000e+01 2.144922716855798797e+02 -3.905744123409704005e-01 3.413101087531438677e-02
6.100000000000000000e+01 2.173962831416839379e+02 -4.414639730343577484e-01 3.580635887869062367e-02
6.200000000000000000e+01 2.203347406860876276e+02 -4.941614310264681453e-01 3.751921510492773476e-02
6.300000000000000000e+01 2.233088374312623330e+02 -5.486659006448983966e-01 3.926876301772858763e-02
6.400000000000000000e+01 2.263189701350064240e+02 -6.049769465946797098e-01 4.105412521691687022e-02
6.500000000000000000e+01 2.293646846138439059e+02 -6.630947082184299735e-01 4.287436302885004602e-02
6.600000000000000000e+01 2.324446211564237217e+02 -7.230200237565085342e-01 4.472847609683232306e-02
6.700000000000000000e+01 2.355564599369189125e+02 -7.847545546071693634e-01 4.661540197152761605e-02
6.800000000000000000e+01 2.386979265358403666e+02 -8.482933345658315583e-01 4.853397250501866045e-02
6.900000000000000000e+01 2.418701671127207646e+02 -9.136003866647323113e-01 5.048277368831050743e-02
7.000000000000000000e+01 2.450749622128103624e+02 -9.806283661889337866e-01 5.246025654692634821e-02
7.100000000000000000e+01 2.483137001894064610e+02 -1.049325630320073532e+00 5.446477633718450201e-02
7.200000000000000000e+01 2.515873497299738801e+02 -1.119636168661968911e+00 5.649459103184524544e-02
7.300000000000000000e+01 2.548964323822654876e+02 -1.191499533766221086e+00 5.854785980575782228e-02
7.400000000000000000e+01 2.582409950804430991e+02 -1.264850771657818784e+00 6.062264152150715485e-02
7.500000000000000000e+01 2.616205826711978375e+02 -1.339620352360742839e+00 6.271689321506083992e-02
7.600000000000000000e+01 2.650346427755034142e+02 -1.415738848643144365e+00 6.482853695560074347e-02
7.700000000000000000e+01 2.684838863396605575e+02 -1.493152110826842849e+00 6.695567784828947155e-02
7.800000000000000000e+01 2.719691264254971088e+02 -1.571808745813002561e+00 6.909642321878259330e-02
7.900000000000000000e+01 2.754908495774854487e+02 -1.651655641792239670e+00 7.124881765529678113e-02
8.000000000000000000e+01 2.790491972142557984e+02 -1.732637996136316305e+00 7.341084289632458793e-02
8.100000000000000000e+01 2.826439470201088966e+02 -1.814699343289830846e+00 7.558041771834951572e-02
8.200000000000000000e+01 2.862744943365293580e+02 -1.897781582661911770e+00 7.775539782356076512e-02
8.300000000000000000e+01 2.899398335536986338e+02 -1.981825006517910825e+00 7.993357572756831786e-02
8.400000000000000000e+01 2.936389451452200205e+02 -2.066767556792969973e+00 8.211270876475088021e-02
8.500000000000000000e+01 2.973720712546446521e+02 -2.152542392877322186e+00 8.429060868461001055e-02
8.600000000000000000e+01 3.011396184396397189e+02 -2.239079969884630650e+00 8.646506677178433797e-02
8.700000000000000000e+01 3.049417592132886057e+02 -2.326308788592464261e+00 8.863382740400306548e-02
8.800000000000000000e+01 3.087784202531369715e+02 -2.414155410374696498e+00 9.079458841236634492e-02
8.900000000000000000e+01 3.126492706102386023e+02 -2.502544472133898523e+00 9.294500144162536059e-02
9.000000000000000000e+01 3.165537099182016050e+02 -2.591398701233740276e+00 9.508267231046250989e-02
9.100000000000000000e+01 3.204908566022337482e+02 -2.680638930431379574e+00 9.720516137177155624e-02
9.200000000000000000e+01 3.244595360881892248e+02 -2.770184112809864985e+00 9.930998387293782370e-02
9.300000000000000000e+01 3.284585946613711940e+02 -2.859952325387006944e+00 1.013946683922819225e-01
9.400000000000000000e+01 3.324879206506151945e+02 -2.949863920172079101e+00 1.034569414194281278e-01
9.500000000000000000e+01 3.365475557447141455e+02 -3.039838876841952420e+00 1.054945713311318534e-01
9.600000000000000000e+01 3.406373758047819820e+02 -3.129795884413565599e+00 1.075053139306374750e-01
9.700000000000000000e+01 3.447570835434406149e+02 -3.219652369747716847e+00 1.094869136051605935e-01
9.800000000000000000e+01 3.489062012040063792e+02 -3.309324526052865423e+00 1.114371044833702695e-01
9.900000000000000000e+01 3.530840632396771639e+02 -3.398727341388922962e+00 1.133536115928711063e-01
1.000000000000000000e+02 3.572898089927185197e+02 -3.487774627171051911e+00 1.152341520176853040e-01
1.010000000000000000e+02 3.615223753736514141e+02 -3.576379046673463069e+00 1.170764360557349920e-01
1.020000000000000000e+02 3.657804895404378840e+02 -3.664452143533205586e+00 1.188781683763241587e-01
1.030000000000000000e+02 3.700626615776685071e+02 -3.751904370253972498e+00 1.206370491776209558e-01
1.040000000000000000e+02 3.743674387097357226e+02 -3.838646231612404591e+00 1.223508366423058658e-01
1.050000000000000000e+02 3.786942228179782433e+02 -3.924591829392899633e+00 1.240175414200386933e-01
1.060000000000000000e+02 3.830425502242044900e+02 -4.009655851863183962e+00 1.256352606969181607e-01
1.070000000000000000e+02 3.874118356251917703e+02 -4.093752541895535835e+00 1.272021210523454904e-01
1.080000000000000000e+02 3.918013676458729719e+02 -4.176795737722275526e+00 1.287162802901129777e-01
1.090000000000000000e+02 3.962103043925233692e+02 -4.258698913691223886e+00 1.301759292694924242e-01
1.100000000000000000e+02 4.006376690059469183e+02 -4.339375221021182227e+00 1.315792937363231829e-01
1.110000000000000000e+02 4.050823452146628938e+02 -4.418737528557398875e+00 1.329246361541008004e-01
1.120000000000000000e+02 4.095430728880928655e+02 -4.496698463527047274e+00 1.342102575350653804e-01
1.130000000000000000e+02 4.140184435897467665e+02 -4.573170452294688992e+00 1.354344992712897544e-01
1.140000000000000000e+02 4.185068961304099844e+02 -4.648065761117756267e+00 1.365957449657680123e-01
1.150000000000000000e+02 4.230067121213297696e+02 -4.721296536902019447e+00 1.376924222635039219e-01
1.160000000000000000e+02 4.275162145391383319e+02 -4.792775764449587861e+00 1.387230569344869713e-01
1.170000000000000000e+02 4.320344003158687087e+02 -4.862420183104743998e+00 1.396864386676016645e-01
1.180000000000000000e+02 4.365603766675034194e+02 -4.930147802900680887e+00 1.405814789664754927e-01
1.190000000000000000e+02 4.410931623410555176e+02 -4.995877068123837361e+00 1.414071629693661181e-01
1.200000000000000000e+02 4.456316849627307306e+02 -5.059526906172762573e+00 1.421625517422467344e-01
1.210000000000000000e+02 4.501747783860899972e+02 -5.121016776416956517e+00 1.428467845718917051e-01
1.220000000000000000e+02 4.547211800402112090e+02 -5.180266719055740765e+00 1.434590812589625619e-01
1.230000000000000000e+02 4.592695282778519186e+02 -5.237197403977099874e+00 1.439987444110931158e-01
1.240000000000000000e+02 4.638183597236108540e+02 -5.291730179616544127e+00 1.444651617359752893e-01
1.250000000000000000e+02 4.683661066220908538e+02 -5.343787121815957164e+00 1.448578083344448375e-01
1.260000000000000000e+02 4.729110941860597563e+02 -5.393291082682451609e+00 1.451762489935665701e-01
1.270000000000000000e+02 4.774515379446146426e+02 -5.440165739447230919e+00 1.454201404797205166e-01
1.280000000000000000e+02 4.819855410913419860e+02 -5.484335643324431686e+00 1.455892338316870371e-01
1.290000000000000000e+02 4.865112585074903109e+02 -5.525727090874514857e+00 1.456834040725024093e-01
1.300000000000000000e+02 4.910274148080293912e+02 -5.564270742392747771e+00 1.457027381596311399e-01
1.310000000000000000e+02 4.955328383790056819e+02 -5.599899384431100913e+00 1.456474610613926191e-01
1.320000000000000000e+02 5.000262983519443196e+02 -5.632547187247855192e+00 1.455179116678604334e-01
1.330000000000000000e+02 5.045065031446771400e+02 -5.662149759551997619e+00 1.453145452801465343e-01
1.340000000000000000e+02 5.089720990021700686e+02 -5.688644203247623210e+00 1.450379360996855438e-01
1.350000000000000000e+02 5.134216685373509108e+02 -5.711969168178323564e+00 1.446887797175190615e-01
1.360000000000000000e+02 5.178537292719371408e+02 -5.732064906871588761e+00 1.442678956035801097e-01
1.370000000000000000e+02 5.222667321772640889e+02 -5.748873329283200384e+00 1.437762295959773562e-01
1.380000000000000000e+02 5.266590602151117082e+02 -5.762338057541634306e+00 1.432148563902794214e-01
1.390000000000000000e+02 5.310290268785327044e+02 -5.772404480692451045e+00 1.425849820287992398e-01
1.400000000000000000e+02 5.353748747326807234e+02 -5.779019809442694111e+00 1.418879463898783388e-01
1.410000000000000000e+02 5.396947739556376291e+02 -5.782133130905286578e+00 1.411252256771711733e-01
1.420000000000000000e+02 5.439868208792407813e+02 -5.781695463343428543e+00 1.402984349089294591e-01
1.430000000000000000e+02 5.482490365299117911e+02 -5.777659810914992811e+00 1.394093304072865080e-01
1.440000000000000000e+02 5.524795120586779831e+02 -5.769981420578487175e+00 1.384597795113333141e-01
1.450000000000000000e+02 5.566768642706052788e+02 -5.758618465784533846e+00 1.374516610959772567e-01
1.460000000000000000e+02 5.608398224397166132e+02 -5.743531534567610564e+00 1.363869599319335046e-01
1.470000000000000000e+02 5.649670848428613681e+02 -5.724683488848224755e+00 1.352678008618168060e-01
1.480000000000000000e+02 5.690573181447334719e+02 -5.702039520339162948e+00 1.340964511010565574e-01
1.490000000000000000e+02 5.731091567828908637e+02 -5.675567206451737512e+00 1.328753225388123738e-01
1.500000000000000000e+02 5.771212023527730253e+02 -5.645236566202025408e+00 1.316069740388891851e-01
1.510000000000000000e+02 5.810920229927198761e+02 -5.611020116117119372e+00 1.302941137406526673e-01
1.520000000000000000e+02 5.850201527689905561e+02 -5.572892926141370218e+00 1.289396013599445057e-01
1.530000000000000000e+02 5.889040910607814112e+02 -5.530832675542628252e+00 1.275464504899976870e-01
1.540000000000000000e+02 5.927423019452446624e+02 -5.484819708818492678e+00 1.261178309023518740e-01
1.550000000000000000e+02 5.965332135825069599e+02 -5.434837091602553016e+00 1.246570708477686279e-01
1.560000000000000000e+02 6.002752176006879381e+02 -5.380870666570634064e+00 1.231676593571466860e-01
1.570000000000000000e+02 6.039666684809183153e+02 -5.322909109347044421e+00 1.216532485424374477e-01
1.580000000000000000e+02 6.076058829423590169e+02 -5.260943984410811680e+00 1.201176558975600162e-01
1.590000000000000000e+02 6.111911393272191617e+02 -5.194969801001938059e+00 1.185648665993167400e-01
1.600000000000000000e+02 6.147206769857745030e+02 -5.124984069027640032e+00 1.169990358083084353e-01
1.610000000000000000e+02 6.181928143534141782e+02 -5.050986332101974341e+00 1.154243525618044025e-01
1.620000000000000000e+02 6.216063162072226760e+02 -4.972975053200896944e+00 1.138446130956853874e-01
1.630000000000000000e+02 6.249600578627465666e+02 -4.890950559160771149e+00 1.122636140119709636e-01
1.640000000000000000e+02 6.282529093346383888e+02 -4.804916089567616844e+00 1.106852889441128640e-01
1.650000000000000000e+02 6.314837352677618583e+02 -4.714877847957279933e+00 1.091137102211122700e-01
1.660000000000000000e+02 6.346513948682973023e+02 -4.620845053015585790e+00 1.075530905316369190e-01
1.670000000000000000e+02 6.377547418348481187e+02 -4.522829989778514914e+00 1.060077845881387398e-01
1.680000000000000000e+02 6.407926242895451878e+02 -4.420848060832358151e+00 1.044822907909708776e-01
1.690000000000000000e+02 6.437638847091531034e+02 -4.314917837513885246e+00 1.029812528925051485e-01
1.700000000000000000e+02 6.466673598561760627e+02 -4.205061111110508065e+00 1.015094616612493006e-01
1.710000000000000000e+02 6.495018807099625064e+02 -4.091302944060443814e+00 1.000718565459643439e-01
1.720000000000000000e+02 6.522662723978114627e+02 -3.973671721152881364e+00 9.867352733978179691e-02
1.730000000000000000e+02 6.549593541260778693e+02 -3.852199200728139594e+00 9.731971584432105860e-02
1.740000000000000000e+02 6.575799391112780086e+02 -3.726920565877838154e+00 9.601581753380666884e-02
1.750000000000000000e+02 6.601268345111955114e+02 -3.597874475645057579e+00 9.476738321918568020e-02
1.760000000000000000e+02 6.625988413559861101e+02 -3.465103116224504287e+00 9.358012071224484918e-02
1.770000000000000000e+02 6.649947544792844383e+02 -3.328652252162675573e+00 9.245989648972809116e-02
1.780000000000000000e+02 6.673133624493085563e+02 -3.188571277558021944e+00 9.141273735745361617e-02
1.790000000000000000e+02 6.695534474999651593e+02 -3.044913267261109002e+00 9.044483211443134218e-02
1.800000000000000000e+02 6.717138703928961831e+02 -2.897732002338648805e+00 8.956225046498396403e-02
1.810000000000000000e+02 6.737938326908168847e+02 -2.747072675110908246e+00 8.877007129336475511e-02
1.820000000000000000e+02 6.757926352480534433e+02 -2.592980541875202327e+00 8.807318813156989057e-02
1.830000000000000000e+02 6.777095953952433547e+02 -2.435503922016323042e+00 8.747658630270276070e-02
1.840000000000000000e+02 6.795440471832629328e+02 -2.274694238062195506e+00 8.698534354364760579e-02
1.850000000000000000e+02 6.812953416271536753e+02 -2.110606055739519871e+00 8.660463062774280407e-02
1.860000000000000000e+02 6.829628469500486290e+02 -1.943297124029416567e+00 8.633971198745445108e-02
1.870000000000000000e+02 6.845459488270992097e+02 -1.772828415223081766e+00 8.619594633704975861e-02
1.880000000000000000e+02 6.860440506294023635e+02 -1.599264164977429736e+00 8.617878729527077286e-02
1.890000000000000000e+02 6.874565736679267047e+02 -1.422671912370741865e+00 8.629378400800755133e-02
1.900000000000000000e+02 6.887829574374396771e+02 -1.243122539958315897e+00 8.654658177097189486e-02
1.910000000000000000e+02 6.900226598604341461e+02 -1.060690313828112741e+00 8.694292265237076045e-02
1.920000000000000000e+02 6.911751575310547651e+02 -8.754529236564030370e-01 8.748864611557971571e-02
1.930000000000000000e+02 6.922399459590254764e+02 -6.874915227634176285e-01 8.818968964181643500e-02
1.940000000000000000e+02 6.932165398135748546e+02 -4.968907681689926359e-01 8.905208935281419547e-02
1.950000000000000000e+02 6.941044731673647448e+02 -3.037388606482207543e-01 9.008198063349541485e-02
1.960000000000000000e+02 6.949032997404146954e+02 -1.081275847870947077e-01 9.128559875464514750e-02
1.970000000000000000e+02 6.956125931440312797e+02 8.984765096184038624e-02 9.266927949558444177e-02
1.980000000000000000e+02 6.962319471247320735e+02 2.900877742238430756e-01 9.423945976684387771e-02
1.990000000000000000e+02 6.967609758081745213e+02 4.924900086463243620e-01 9.600267823283727131e-02
2.000000000000000000e+02 6.971993139430817337e+02 6.969478338432034681e-01 9.796557593453483759e-02
2.010000000000000000e+02 6.975466585519141063e+02 9.033564902397801522e-01 1.001344844565514175e-01
2.020000000000000000e+02 6.978028966910914050e+02 1.111630015103778346e+00 1.025141563507783043e-01
2.030000000000000000e+02 6.979679872978575759e+02 1.321685347586706305e+00 1.051089451207543046e-01
2.040000000000000000e+02 6.980419209677373829e+02 1.533436869682621717e+00 1.079232089337837375e-01
2.050000000000000000e+02 6.980247203208406290e+02 1.746796382560545924e+00 1.109613100245896156e-01
2.060000000000000000e+02 6.979164403681680824e+02 1.961673082896875586e+00 1.142276140989663819e-01
2.070000000000000000e+02 6.977171688779164924e+02 2.177973539207798570e+00 1.177264897374331737e-01
2.080000000000000000e+02 6.974270267417829245e+02 2.395601668181705168e+00 1.214623077988865735e-01
2.090000000000000000e+02 6.970461683412710272e+02 2.614458711011601100e+00 1.254394408242537062e-01
2.100000000000000000e+02 6.965747819139960484e+02 2.834443209727525392e+00 1.296622624401453372e-01
2.110000000000000000e+02 6.960130899199888290e+02 3.055450983528958719e+00 1.341351467625086502e-01
2.120000000000000000e+02 6.953613494080025248e+02 3.277375105117237730e+00 1.388624678002804425e-01
2.130000000000000000e+02 6.946198523818168269e+02 3.500105877027970713e+00 1.438485988590398612e-01
2.140000000000000000e+02 6.937889261665428648e+02 3.723530807963449263e+00 1.490979119446616541e-01
2.150000000000000000e+02 6.928689337749297010e+02 3.947534589125063942e+00 1.546147771669691418e-01
2.160000000000000000e+02 6.918602742736675282e+02 4.171999070545711064e+00 1.604035621433869407e-01
2.170000000000000000e+02 6.907633831496946186e+02 4.396803237422214572e+00 1.664686314025942138e-01
2.180000000000000000e+02 6.895787326765016587e+02 4.621823186447737264e+00 1.728143457881776701e-01
2.190000000000000000e+02 6.883068322804365380e+02 4.846932102144188903e+00 1.794450618622843996e-01
2.200000000000000000e+02 6.869482289070106162e+02 5.072000233194643215e+00 1.863651313092749007e-01
2.210000000000000000e+02 6.855035073872022622e+02 5.296894868775755327e+00 1.935789003393761643e-01
2.220000000000000000e+02 6.839732908037639163e+02 5.521480314890171215e+00 2.010907090923345908e-01
2.230000000000000000e+02 6.823582408575257432e+02 5.745617870698935370e+00 2.089048910410689630e-01
2.240000000000000000e+02 6.806590426345999276e+02 5.969173969625802378e+00 2.170253261497452624e-01
2.250000000000000000e+02 6.788763570611603200e+02 6.192045233203293364e+00 2.254540696660104204e-01
2.260000000000000000e+02 6.770108661004500163e+02 6.414134982433906451e+00 2.341926340025626552e-01
2.270000000000000000e+02 6.750632884043498052e+02 6.635345213618083271e+00 2.432424254083468962e-01
2.280000000000000000e+02 6.730343796425422624e+02 6.855576594126547185e+00 2.526047423097181888e-01
2.290000000000000000e+02 6.709249328316757328e+02 7.074728458172658385e+00 2.622807736516052923e-01
2.300000000000000000e+02 6.687357786645294482e+02 7.292698802584755668e+00 2.722715972386741679e-01
2.310000000000000000e+02 6.664677858391772816e+02 7.509384282578500880e+00 2.825781780764912154e-01
2.320000000000000000e+02 6.641218613881526380e+02 7.724680207529230458e+00 2.932013667126874834e-01
2.330000000000000000e+02 6.616989510076133456e+02 7.938480536744299876e+00 3.041418975781214895e-01
2.340000000000000000e+02 6.592000393865047272e+02 8.150677875235432523e+00 3.154003873280429859e-01
2.350000000000000000e+02 6.566261505357252872e+02 8.361163469491055267e+00 3.269773331832567242e-01
2.360000000000000000e+02 6.539783481172905795e+02 8.569827203248660652e+00 3.388731112712854432e-01
2.370000000000000000e+02 6.512577357734977568e+02 8.776557593267142465e+00 3.510879749675339667e-01
2.380000000000000000e+02 6.484654574560900073e+02 8.981241785099149055e+00 3.636220532364524138e-01
2.390000000000000000e+02 6.456026977554205359e+02 9.183765548863418005e+00 3.764753489726995195e-01
2.400000000000000000e+02 6.426706822296188193e+02 9.384013275017140998e+00 3.896477373423068435e-01
2.410000000000000000e+02 6.396706777337518588e+02 9.581867970128298495e+00 4.031389641238413701e-01
2.420000000000000000e+02 6.366039927489921411e+02 9.777211252647999729e+00 4.169486440495697721e-01
2.430000000000000000e+02 6.334719777117787771e+02 9.969923348682842246e+00 4.310762591466215654e-01
2.440000000000000000e+02 6.302760253429846671e+02 1.015988308776725724e+01 4.455211570781527075e-01
2.450000000000000000e+02 6.270175709770793446e+02 1.034696789863585309e+01 4.602825494845093068e-01
2.460000000000000000e+02 6.236980928912938680e+02 1.053105380499575361e+01 4.753595103243906106e-01
2.470000000000000000e+02 6.203191126347851423e+02 1.071201542129895401e+01 4.907509742160131583e-01
2.480000000000000000e+02 6.168821953578005832e+02 1.088972594851466624e+01 5.064557347782737695e-01
2.490000000000000000e+02 6.133889501408423257e+02 1.106405716990166610e+01 5.224724429719136420e-01
2.500000000000000000e+02 6.098409503994631677e+02 1.123488886288075506e+01 5.387993661383040367e-01
2.510000000000000000e+02 6.062394893251637313e+02 1.140213764573783983e+01 5.554336531181252035e-01
2.520000000000000000e+02 6.025858109673563376e+02 1.156572978780227601e+01 5.723720234918632244e-01
2.530000000000000000e+02 5.988811890629051504e+02 1.172559195688321410e+01 5.896110009597629320e-01
2.540000000000000000e+02 5.951269272124493455e+02 1.188165123304885462e+01 6.071469112253634615e-01
2.550000000000000000e+02 5.913243590567223009e+02 1.203383512240565878e+01 6.249758798790293612e-01
2.560000000000000000e+02 5.874748484528738572e+02 1.218207157087759818e+01 6.430938302814855900e-01
2.570000000000000000e+02 5.835797896507904170e+02 1.232628897798537615e+01 6.614964814473511812e-01
2.580000000000000000e+02 5.796406074694168638e+02 1.246641621062565797e+01 6.801793459286711307e-01
2.590000000000000000e+02 5.756587574730770029e+02 1.260238261685030281e+01 6.991377276984513944e-01
2.600000000000000000e+02 5.716357261477945713e+02 1.273411803964560107e+01 7.183667200341918857e-01
2.610000000000000000e+02 5.675730310776143597e+02 1.286155283071149746e+01 7.378612034014201404e-01
2.620000000000000000e+02 5.634722211209232228e+02 1.298461786424082298e+01 7.576158433372237599e-01
2.630000000000000000e+02 5.593348765867716565e+02 1.310324455069853933e+01 7.776250883337854081e-01
2.640000000000000000e+02 5.551626094111938983e+02 1.321736485060094957e+01 7.978831677219156981e-01
2.650000000000000000e+02 5.509570633335290495e+02 1.332691128829494076e+01 8.183840895545858585e-01
2.660000000000000000e+02 5.467199140727432223e+02 1.343181696573721418e+01 8.391216384904621739e-01
2.670000000000000000e+02 5.424528695037487296e+02 1.353201557627351548e+01 8.600893736774394283e-01
2.680000000000000000e+02 5.381576698337270273e+02 1.362744141841786849e+01 8.812806266361736807e-01
2.690000000000000000e+02 5.338360877784479044e+02 1.371802940963179829e+01 9.026884991436167072e-01
2.700000000000000000e+02 5.294899287385925390e+02 1.380371510010357206e+01 9.243058611165486660e-01
2.710000000000000000e+02 5.251210309760723476e+02 1.388443468652743285e+01 9.461253484951115400e-01
2.720000000000000000e+02 5.207312657903514719e+02 1.396012502588280846e+01 9.681393611263434673e-01
2.730000000000000000e+02 5.163225376947674476e+02 1.403072364921357007e+01 9.903400606477114065e-01
2.740000000000000000e+02 5.118967845928521001e+02 1.409616877540725000e+01 1.012719368370645023e+00
2.750000000000000000e+02 5.074559779546524965e+02 1.415639932497427012e+01 1.035268963164069911e+00
2.760000000000000000e+02 5.030021229930522395e+02 1.421135493382718096e+01 1.057980279337941143e+00
2.770000000000000000e+02 4.985372588400919085e+02 1.426097596705988302e+01 1.080844504526776939e+00
2.780000000000000000e+02 4.940634587232910917e+02 1.430520353272687295e+01 1.103852577573191329e+00
2.790000000000000000e+02 4.895826960813512301e+02 1.434398648135321253e+01 1.126995529307273980e+00
2.800000000000000000e+02 4.850964348705603015e+02 1.437730277752138441e+01 1.150265528781933000e+00
2.810000000000000000e+02 4.806060183761852613e+02 1.440513926236406128e+01 1.173654887118406043e+00
2.820000000000000000e+02 4.761128013317617160e+02 1.442748479196065503e+01 1.197155717910406425e+00
2.830000000000000000e+02 4.716181498894829360e+02 1.444433026184730195e+01 1.220759935634375903e+00
2.840000000000000000e+02 4.671234415905921651e+02 1.445566863152689763e+01 1.244459254059740783e+00
2.850000000000000000e+02 4.626300653357722581e+02 1.446149494897906962e+01 1.268245184659167801e+00
2.860000000000000000e+02 4.581394213555371948e+02 1.446180637517017864e+01 1.292109035018818908e+00
2.870000000000000000e+02 4.536529211806222861e+02 1.445660220856334277e+01 1.316041907248605147e+00
2.880000000000000000e+02 4.491719876123747213e+02 1.444588390962840307e+01 1.340034696392443880e+00
2.890000000000000000e+02 4.446980546931453659e+02 1.442965512535195138e+01 1.364078088838513336e+00
2.900000000000000000e+02 4.402325676766782863e+02 1.440792171374732433e+01 1.388162560729507167e+00
2.910000000000000000e+02 4.357769829985020351e+02 1.438069176836459206e+01 1.412278376372889666e+00
2.920000000000000000e+02 4.313327682463204837e+02 1.434797564280058246e+01 1.436415586651152321e+00
2.930000000000000000e+02 4.269014021304032553e+02 1.430978597520884144e+01 1.460564027432067480e+00
2.940000000000000000e+02 4.224843744539768977e+02 1.426613771280969090e+01 1.484713317978944680e+00
2.950000000000000000e+02 4.180831860836145211e+02 1.421704813640016063e+01 1.508852859360884535e+00
2.960000000000000000e+02 4.136993489196282212e+02 1.416253688486404805e+01 1.532971832863035067e+00
2.970000000000000000e+02 4.093343858664584332e+02 1.410262597968189446e+01 1.557059198396847144e+00
2.980000000000000000e+02 4.049898308030653880e+02 1.403733984944097202e+01 1.581103692910328151e+00
2.990000000000000000e+02 4.006672285533192053e+02 1.396670535434530969e+01 1.605093828798298317e+00
3.000000000000000000e+02 3.963681348563915776e+02 1.389075181072567666e+01 1.629017892312647042e+00
3.010000000000000000e+02 3.920941163371452376e+02 1.380951101554959237e+01 1.652863941972584572e+00
3.020000000000000000e+02 3.878467504765260969e+02 1.372301727093131873e+01 1.676619806974901650e+00
3.030000000000000000e+02 3.836276255819526568e+02 1.363130740864185775e+01 1.700273085604220968e+00
3.040000000000000000e+02 3.794383407577079765e+02 1.353442081461897928e+01 1.723811143643254606e+00
3.050000000000000000e+02 3.752805058753291405e+02 1.343239945347716713e+01 1.747221112783057695e+00
3.060000000000000000e+02 3.711557415439991701e+02 1.332528789301768590e+01 1.770489889033286079e+00
3.070000000000000000e+02 3.670656790809368317e+02 1.321313332873852708e+01 1.793604131132448432e+00
3.080000000000000000e+02 3.630119604817879804e+02 1.309598560834443859e+01 1.816550258958163688e+00
3.090000000000000000e+02 3.589962383910158792e+02 1.297389725625690993e+01 1.839314451937414496e+00
3.100000000000000000e+02 3.550201760722923154e+02 1.284692349812418932e+01 1.861882647456804651e+00
3.110000000000000000e+02 3.510854473788880910e+02 1.271512228533126887e+01 1.884240539272812098e+00
3.120000000000000000e+02 3.471935975773875498e+02 1.257855295175933641e+01 1.906374761979360732e+00
3.130000000000000000e+02 3.433456187423241772e+02 1.243727206490306436e+01 1.928276508413468759e+00
3.140000000000000000e+02 3.395423546021350489e+02 1.229133743012910784e+01 1.949938076990449964e+00
3.150000000000000000e+02 3.357846377098604194e+02 1.214080946380474124e+01 1.971351700647269611e+00
3.160000000000000000e+02 3.320732892425513683e+02 1.198575121612715400e+01 1.992509546710237389e+00
3.170000000000000000e+02 3.284091188006760262e+02 1.182622839395275705e+01 2.013403716762689033e+00
3.180000000000000000e+02 3.247929242075267666e+02 1.166230938362649105e+01 2.034026246512675495e+00
3.190000000000000000e+02 3.212254913086273405e+02 1.149406527381112042e+01 2.054369105660646788e+00
3.200000000000000000e+02 3.177075937711389884e+02 1.132156987831655570e+01 2.074424197767138711e+00
3.210000000000000000e+02 3.142399928832679166e+02 1.114489975892912810e+01 2.094183360120460691e+00
3.220000000000000000e+02 3.108234373536719204e+02 1.096413424824093497e+01 2.113638363604378512e+00
3.230000000000000000e+02 3.074586631108672918e+02 1.077935547247910364e+01 2.132780912565805487e+00
3.240000000000000000e+02 3.041463931026357841e+02 1.059064837433511919e+01 2.151602644682483412e+00
3.250000000000000000e+02 3.008873370954310644e+02 1.039810073579412197e+01 2.170095130830671959e+00
3.260000000000000000e+02 2.976821914737860197e+02 1.020180320096420701e+01 2.188249874952833185e+00
3.270000000000000000e+02 2.945316390397194937e+02 1.000184929890574104e+01 2.206058313925319148e+00
3.280000000000000000e+02 2.914363488121431942e+02 9.798335466460658338e+00 2.223511817426058190e+00
3.290000000000000000e+02 2.883969758262681466e+02 9.591361071081760059e+00 2.240601687802238562e+00
3.300000000000000000e+02 2.854141609330121696e+02 9.381028433662020660e+00 2.257319159937997366e+00
3.310000000000000000e+02 2.824885305984062711e+02 9.167442851363912126e+00 2.273655401122104180e+00
3.320000000000000000e+02 2.796206967030016699e+02 8.950712620448671331e+00 2.289601510915650895e+00
3.330000000000000000e+02 2.768112563412767031e+02 8.730949059105633125e+00 2.305148521019733554e+00
3.340000000000000000e+02 2.740607916210437338e+02 8.508266530281531459e+00 2.320287395143143083e+00
3.350000000000000000e+02 2.713698694628556609e+02 8.282782464509779174e+00 2.335009028870045800e+00
3.360000000000000000e+02 2.687390413994131109e+02 8.054617382739811760e+00 2.349304249527674582e+00
3.370000000000000000e+02 2.661688433749712885e+02 7.823894919166355599e+00 2.363163816054014266e+00
3.380000000000000000e+02 2.636597955447468280e+02 7.590741844058757515e+00 2.376578418865484377e+00
3.390000000000000000e+02 2.612124020743243022e+02 7.355288086590267227e+00 2.389538679724629411e+00
3.400000000000000000e+02 2.588271509390634719e+02 7.117666757667358901e+00 2.402035151607802455e+00
3.410000000000000000e+02 2.565045137235061929e+02 6.878014172759028710e+00 2.414058318572851469e+00
3.420000000000000000e+02 2.542449454207829262e+02 6.636469874726098617e+00 2.425598595626806908e+00
3.430000000000000000e+02 2.520488842320197591e+02 6.393176656650516598e+00 2.436646328593568445e+00
3.440000000000000000e+02 2.499167513657455117e+02 6.148280584664679083e+00 2.447191793981588592e+00
3.450000000000000000e+02 2.478489508372980765e+02 5.901931020780703641e+00 2.457225198851557657e+00
3.460000000000000000e+02 2.458458692682317519e+02 5.654280645719762077e+00 2.466736680684096683e+00
3.470000000000000000e+02 2.439078756857237522e+02 5.405485481741370002e+00 2.475716307247435743e+00
3.480000000000000000e+02 2.420353213219813995e+02 5.155704915472695049e+00 2.484154076465105554e+00
3.490000000000000000e+02 2.402284878189841208e+02 4.905088423687373300e+00 2.492041428014712068e+00
3.500000000000000000e+02 2.384874298785246651e+02 4.653735095376451802e+00 2.499375847694619512e+00
3.510000000000000000e+02 2.368121256834013195e+02 4.401732473038729054e+00 2.506156454051684079e+00
3.520000000000000000e+02 2.352025276519942736e+02 4.149169707748969316e+00 2.512382505255149834e+00
3.530000000000000000e+02 2.336585621869857903e+02 3.896137568924194827e+00 2.518053400449451473e+00
3.540000000000000000e+02 2.321801294240808886e+02 3.642728454089996237e+00 2.523168681107028188e+00
3.550000000000000000e+02 2.307671029807271452e+02 3.389036398646820381e+00 2.527728032381130419e+00
3.560000000000000000e+02 2.294193297048357465e+02 3.135157085636278040e+00 2.531731284458629272e+00
3.570000000000000000e+02 2.281366294235008922e+02 2.881187855507434836e+00 2.535178413912823281e+00
3.580000000000000000e+02 2.269187946917211320e+02 2.627227715883122539e+00 2.538069545056251819e+00
3.590000000000000000e+02 2.257655905411187973e+02 2.373377351326223739e+00 2.540404951293499192e+00
3.600000000000000000e+02 2.246767542286609398e+02 2.119739133105981388e+00 2.542185056474004501e+00
3.610000000000000000e+02 2.236519949853794742e+02 1.866417128964297012e+00 2.543410436244874173e+00
3.620000000000000000e+02 2.226909937650911502e+02 1.613517112882021598e+00 2.544081819403683387e+00
3.630000000000000000e+02 2.217934029931185762e+02 1.361146574845267132e+00 2.544200089251295260e+00
3.640000000000000000e+02 2.209588463150099358e+02 1.109414730611695044e+00 2.543766284944656064e+00
3.650000000000000000e+02 2.201869183452596985e+02 8.584325314768223025e-01 2.542781602849618849e+00
3.660000000000000000e+02 2.194771844160286207e+02 6.083126740403174137e-01 2.541247397893741322e+00
3.670000000000000000e+02 2.188291803258644279e+02 3.591696099723006852e-01 2.539165184919099261e+00
3.680000000000000000e+02 2.182424120884219008e+02 1.111195557796434974e-01 2.536536640035093715e+00
3.690000000000000000e+02 2.177163556811831597e+02 -1.357194974277358135e-01 2.533363601971261314e+00
3.700000000000000000e+02 2.172504567941782341e+02 -3.812277741705664691e-01 2.529648073430082800e+00
3.710000000000000000e+02 2.168441305787052613e+02 -6.252837048339309201e-01 2.525392222439790668e+00
3.720000000000000000e+02 2.164967613960506014e+02 -8.677639159009640224e-01 2.520598383707177259e+00
3.730000000000000000e+02 2.162077025662096332e+02 -1.108543220186554157e+00 2.515269059970408172e+00
3.740000000000000000e+02 2.159762761166066127e+02 -1.347494607071042738e+00 2.509406923351824581e+00
3.750000000000000000e+02 2.158017725308153558e+02 -1.584489232733930386e+00 2.503014816710757540e+00
3.760000000000000000e+02 2.156834504972792388e+02 -1.819396410387568608e+00 2.496095754996332516e+00
3.770000000000000000e+02 2.156205366580318241e+02 -2.052083600510868688e+00 2.488652926600283255e+00
3.780000000000000000e+02 2.156122253574170315e+02 -2.282416401082997037e+00 2.480689694709753645e+00
3.790000000000000000e+02 2.156576783908095081e+02 -2.510258537817079638e+00 2.472209598660114249e+00
3.800000000000000000e+02 2.157560247533349695e+02 -2.735471854393903612e+00 2.463216355287764614e+00
3.810000000000000000e+02 2.159063603885903433e+02 -2.957916302695613453e+00 2.453713860282945802e+00
3.820000000000000000e+02 2.161077479373644792e+02 -3.177449933039414365e+00 2.443706189542547591e+00
3.830000000000000000e+02 2.163592164863580649e+02 -3.393928884411274716e+00 2.433197600522919668e+00
3.840000000000000000e+02 2.166597613169042233e+02 -3.607207374699624047e+00 2.422192533592676167e+00
3.850000000000000000e+02 2.170083436536887405e+02 -3.817137690929054195e+00 2.410695613385508196e+00
3.860000000000000000e+02 2.174038904134704353e+02 -4.023570179494024401e+00 2.398711650152989705e+00
3.870000000000000000e+02 2.178452939538014164e+02 -4.226353236392557555e+00 2.386245641117392235e+00
3.880000000000000000e+02 2.183315026894269124e+02 -4.425351780175489580e+00 2.373303255289115121e+00
3.890000000000000000e+02 2.188617971911648681e+02 -4.620503452500668295e+00 2.359892305150081526e+00
3.900000000000000000e+02 2.194355239215598772e+02 -4.811764500636907194e+00 2.346021332674824489e+00
3.910000000000000000e+02 2.200520051213365491e+02 -4.999091489485704365e+00 2.331699132567997879e+00
3.920000000000000000e+02 2.207105386303656189e+02 -5.182441306509832479e+00 2.316934754001570784e+00
3.930000000000000000e+02 2.214103977086295743e+02 -5.361771166661892352e+00 2.301737502352021458e+00
3.940000000000000000e+02 2.221508308571879411e+02 -5.537038617312888711e+00 2.286116940937524156e+00
3.950000000000000000e+02 2.229310616391430528e+02 -5.708201543180799753e+00 2.270082892755148407e+00
3.960000000000000000e+02 2.237502885006054782e+02 -5.875218171259141364e+00 2.253645442218043637e+00
3.970000000000000000e+02 2.246076845916598472e+02 -6.038047075745540226e+00 2.236814936892639327e+00
3.980000000000000000e+02 2.255023975873303073e+02 -6.196647182970306922e+00 2.219601989235829187e+00
3.990000000000000000e+02 2.264335495085460082e+02 -6.350977776324993052e+00 2.202017478332170430e+00
4.000000000000000000e+02 2.274002365431069279e+02 -6.500998501190974999e+00 2.184072551631071502e+00
4.010000000000000000e+02 2.284015288666491585e+02 -6.646669369868009269e+00 2.165778626683985131e+00
4.020000000000000000e+02 2.294364704636108456e+02 -6.787950766502813593e+00 2.147147392881602279e+00
4.030000000000000000e+02 2.305040789481975025e+02 -6.924803452017627592e+00 2.128190813191042530e+00
4.040000000000000000e+02 2.316033453853475521e+02 -7.057188569038785886e+00 2.108921125893046700e+00
4.050000000000000000e+02 2.327332341116984082e+02 -7.185067646825283205e+00 2.089350846319169008e+00
4.060000000000000000e+02 2.338926825565512218e+02 -7.308402606197351936e+00 2.069492768588970133e+00
4.070000000000000000e+02 2.350806010628373315e+02 -7.427155764465023680e+00 2.049359967347209821e+00
4.080000000000000000e+02 2.362958727080832659e+02 -7.541289840356702356e+00 2.028965799501034617e+00
4.090000000000000000e+02 2.375373531253765975e+02 -7.650767958947726655e+00 2.008323905957178024e+00
4.100000000000000000e+02 2.388038703243314558e+02 -7.755553656588948463e+00 1.987448213359145122e+00
4.110000000000000000e+02 2.400942245120540406e+02 -7.855610885835297985e+00 1.966352935824407622e+00
4.120000000000000000e+02 2.414071879141084480e+02 -7.950904020374350623e+00 1.945052576681599366e+00
4.130000000000000000e+02 2.427415045954820414e+02 -8.041397859954898308e+00 1.923561930207702053e+00
4.140000000000000000e+02 2.440958902815508793e+02 -8.127057635315518169e+00 1.901896083365243184e+00
4.150000000000000000e+02 2.454690321790457972e+02 -8.207849013113143855e+00 1.880070417539483785e+00
4.160000000000000000e+02 2.468595887970176648e+02 -8.283738100851634201e+00 1.858100610275615461e+00
4.170000000000000000e+02 2.482661897678027856e+02 -8.354691451810333902e+00 1.836002637015948791e+00
4.180000000000000000e+02 2.496874356679890923e+02 -8.420676069972659050e+00 1.813792772837106160e+00
4.190000000000000000e+02 2.511218978393810630e+02 -8.481659414954648923e+00 1.791487594187214150e+00
4.200000000000000000e+02 2.525681182099656326e+02 -8.537609406933547973e+00 1.769103980623097705e+00
4.210000000000000000e+02 2.540246091148779328e+02 -8.588494431576368271e+00 1.746659116547469415e+00
4.220000000000000000e+02 2.554898531173665788e+02 -8.634283344968459062e+00 1.724170492946122790e+00
4.230000000000000000e+02 2.569623028297593237e+02 -8.674945478542085198e+00 1.701655909125126875e+00
4.240000000000000000e+02 2.584403807344288566e+02 -8.710450644004975373e+00 1.679133474448013752e+00
4.250000000000000000e+02 2.599224790047580314e+02 -8.740769138268912997e+00 1.656621610072974038e+00
4.260000000000000000e+02 2.614069593261057207e+02 -8.765871748378298633e+00 1.634139050690049055e+00
4.270000000000000000e+02 2.628923329055284626e+02 -8.785740537746262291e+00 1.611703531263687372e+00
4.280000000000000000e+02 2.643778076108175696e+02 -8.800401598989322949e+00 1.589327794512230607e+00
4.290000000000000000e+02 2.658627590940940877e+02 -8.809893425089896368e+00 1.567023451011303692e+00
4.300000000000000000e+02 2.673465522243677697e+02 -8.814256240738361114e+00 1.544802282786918779e+00
4.310000000000000000e+02 2.688285410268174473e+02 -8.813532014340783149e+00 1.522676244189226091e+00
4.320000000000000000e+02 2.703080686220704933e+02 -8.807764470026622661e+00 1.500657462766262551e+00
4.330000000000000000e+02 2.717844671654826243e+02 -8.796999099656456877e+00 1.478758240137700852e+00
4.340000000000000000e+02 2.732570577864183861e+02 -8.781283174829701110e+00 1.456991052868599867e+00
4.350000000000000000e+02 2.747251505275301042e+02 -8.760665758892313804e+00 1.435368553343151721e+00
4.360000000000000000e+02 2.761880442840391652e+02 -8.735197718944542444e+00 1.413903570638435303e+00
4.370000000000000000e+02 2.776450267430142844e+02 -8.704931737848603746e+00 1.392609111398161348e+00
4.380000000000000000e+02 2.790953743226528445e+02 -8.669922326236434884e+00 1.371498360706424391e+00
4.390000000000000000e+02 2.805383521115599024e+02 -8.630225834517389671e+00 1.350584682961451177e+00
4.400000000000000000e+02 2.819732138080282766e+02 -8.585900464885964922e+00 1.329881622749349956e+00
4.410000000000000000e+02 2.833992016593187486e+02 -8.537006283329523271e+00 1.309402905717861554e+00
4.420000000000000000e+02 2.848155464009398088e+02 -8.483605231635996446e+00 1.289162439450105557e+00
4.430000000000000000e+02 2.862214671959271755e+02 -8.425761139401616973e+00 1.269174314338333165e+00
4.440000000000000000e+02 2.876161715741244507e+02 -8.363539736038637429e+00 1.249452804457673816e+00
4.450000000000000000e+02 2.889988553714622412e+02 -8.297008662783028399e+00 1.230012368439886483e+00
4.460000000000000000e+02 2.903687026692385302e+02 -8.226237484702222602e+00 1.210867650347107860e+00
4.470000000000000000e+02 2.917248857333985370e+02 -8.151297702702805736e+00 1.192033480545602320e+00
4.480000000000000000e+02 2.930665649538145203e+02 -8.072262765538265938e+00 1.173524876579511433e+00
4.490000000000000000e+02 2.943928887835655246e+02 -7.989208081816682849e+00 1.155357044044602599e+00
4.500000000000000000e+02 2.957029936782176947e+02 -7.902211032008461977e+00 1.137545377462019447e+00
4.510000000000000000e+02 2.969960040351037378e+02 -7.811350980454041526e+00 1.120105461152030024e+00
4.520000000000000000e+02 2.982710321326032954e+02 -7.716709287371625869e+00 1.103053070107778089e+00
4.530000000000000000e+02 2.995271780694222343e+02 -7.618369320864887939e+00 1.086404170869029739e+00
4.540000000000000000e+02 3.007635297038730755e+02 -7.516416468930689376e+00 1.070174922395925154e+00
4.550000000000000000e+02 3.019791625931546832e+02 -7.410938151466814006e+00 1.054381676942727664e+00
4.560000000000000000e+02 3.031731399326321821e+02 -7.302023832279664006e+00 1.039040980931571267e+00
4.570000000000000000e+02 3.043445124951168168e+02 -7.189765031091989833e+00 1.024169575826212597e+00
4.580000000000000000e+02 3.054923185701459829e+02 -7.074255335550606816e+00 1.009784399005778655e+00
4.590000000000000000e+02 3.066155839032630297e+02 -6.955590413234112646e+00 9.959025846385166636e-01
4.600000000000000000e+02 3.077133216352969498e+02 -6.833868023660605751e+00 9.825414645555431425e-01
4.610000000000000000e+02 3.087845322416428075e+02 -6.709188030295396565e+00 9.697185691245939765e-01
4.620000000000000000e+02 3.098282034715412010e+02 -6.581652412558738341e+00 9.574516281237731574e-01
4.630000000000000000e+02 3.108433102873583493e+02 -6.451365277833534861e+00 9.457585716153029676e-01
4.640000000000000000e+02 3.118288148038657823e+02 -6.318432873473056155e+00 9.346575308192714981e-01
4.650000000000000000e+02 3.127836662275207118e+02 -6.182963598808671080e+00 9.241668389873852751e-01
4.660000000000000000e+02 3.137069653399919389e+02 -6.045063572877650948e+00 9.143026456606166974e-01
4.670000000000000000e+02 3.145984637197691427e+02 -5.904823160997906939e+00 9.050716757507625276e-01
4.680000000000000000e+02 3.154580799763095342e+02 -5.762330051474324755e+00 8.964782462684520725e-01
4.690000000000000000e+02 3.162857366436639950e+02 -5.617673671409954217e+00 8.885266320768060444e-01
4.700000000000000000e+02 3.170813602104892652e+02 -5.470945196263073740e+00 8.812210654491705597e-01
4.710000000000000000e+02 3.178448811500595639e+02 -5.322237559404277896e+00 8.745657356268508043e-01
4.720000000000000000e+02 3.185762339502787768e+02 -5.171645461673540112e+00 8.685647883768441435e-01
4.730000000000000000e+02 3.192753571436927018e+02 -5.019265380937307341e+00 8.632223255495752312e-01
4.740000000000000000e+02 3.199421933375007256e+02 -4.865195581645552991e+00 8.585424046366287865e-01
4.750000000000000000e+02 3.205766892435682394e+02 -4.709536124388872480e+00 8.545290383284838143e-01
4.760000000000000000e+02 3.211787957084382583e+02 -4.552388875455547712e+00 8.511861940722483810e-01
4.770000000000000000e+02 3.217484677433440652e+02 -4.393857516388632867e+00 8.485177936293917256e-01
4.780000000000000000e+02 3.222856645542206593e+02 -4.234047553543017983e+00 8.465277126334795899e-01
4.790000000000000000e+02 3.227903495717168312e+02 -4.073066327642512086e+00 8.452197801479065520e-01
4.800000000000000000e+02 3.232624904812078626e+02 -3.911023023336924087e+00 8.445977782236325782e-01
4.810000000000000000e+02 3.237020592528066345e+02 -3.748028678759127263e+00 8.446654414569133573e-01
4.820000000000000000e+02 3.241090321713765547e+02 -3.584196195082144598e+00 8.454264565470371862e-01
4.830000000000000000e+02 3.244833898665426091e+02 -3.419640346076219029e+00 8.468844618540566360e-01
4.840000000000000000e+02 3.248251173427047434e+02 -3.254477787665896127e+00 8.490430469565244387e-01
4.850000000000000000e+02 3.251342040090484602e+02 -3.088827067487092570e+00 8.519057522092253754e-01
4.860000000000000000e+02 3.254106437095578599e+02 -2.922808634444173492e+00 8.554760683009112743e-01
4.870000000000000000e+02 3.256544347530270329e+02 -2.756544848267033831e+00 8.597574358120346760e-01
4.880000000000000000e+02 3.258655799430728166e+02 -2.590159989068170354e+00 8.647532447724823879e-01
4.890000000000000000e+02 3.260440866081463014e+02 -2.423780266899756786e+00 8.704668342193099262e-01
4.900000000000000000e+02 3.261899666315447348e+02 -2.257533831310723382e+00 8.769014917544751819e-01
4.910000000000000000e+02 3.263032364814242214e+02 -2.091550780903828066e+00 8.840604531025713086e-01
4.920000000000000000e+02 3.263839172408109448e+02 -1.925963172892736441e+00 8.919469016685620533e-01
4.930000000000000000e+02 3.264320346376140378e+02 -1.760905032659096481e+00 9.005639680955149773e-01
4.940000000000000000e+02 3.264476190746370321e+02 -1.596512363309614324e+00 9.099147298223346780e-01
4.950000000000000000e+02 3.264307056595899894e+02 -1.432923155233130297e+00 9.200022106414980083e-01
4.960000000000000000e+02 3.263813342351017468e+02 -1.270277395657695818e+00 9.308293802567867425e-01
4.970000000000000000e+02 3.262995494087318775e+02 -1.108717078207646534e+00 9.423991538410220192e-01
4.980000000000000000e+02 3.261854005829825383e+02 -9.483862124606826649e-01 9.547143915937976733e-01
4.990000000000000000e+02 3.260389419853107711e+02 -7.894308335049413650e-01 9.677778982992151224e-01
5.000000000000000000e+02 3.258602326981405781e+02 -6.319990114960745142e-01 9.815924228836161447e-01
5.010000000000000000e+02 3.256493366888744845e+02 -4.762408612143242959e-01 9.961606579733170985e-01
5.020000000000000000e+02 3.254063228399061813e+02 -3.223085516215997148e-01 1.011485239452342810e+00
5.030000000000000000e+02 3.251312649786322595e+02 -1.703563154185500639e-01 1.027568746020161017e+00
5.040000000000000000e+02 3.248242419074640566e+02 -2.054045860164467954e-02 1.044413698749414809e+00
5.050000000000000000e+02 3.244853971574218008e+02 1.269971848353833865e-01 1.062020845832386762e+00
5.060000000000000000e+02 3.241151200811224840e+02 2.721794324216303407e-01 1.080383963374263789e+00
5.070000000000000000e+02 3.237138700360758889e+02 4.149450004765020683e-01 1.099494903943657675e+00
5.080000000000000000e+02 3.232821171908170754e+02 5.552320782102210250e-01 1.119345296593914130e+00
5.090000000000000000e+02 3.228203425829661342e+02 6.929783259411117502e-01 1.139926545615550735e+00
5.100000000000000000e+02 3.223290381772863498e+02 8.281208733128871957e-01 1.161229829288695337e+00
5.110000000000000000e+02 3.218087069237440687e+02 9.605963175119341946e-01 1.183246098635522880e+00
5.120000000000000000e+02 3.212598628155666347e+02 1.090340721484599262e+00 1.205966076172692913e+00
5.130000000000000000e+02 3.206830309473022567e+02 1.217289612154475176e+00 1.229380254663787531e+00
5.140000000000000000e+02 3.200787475728783420e+02 1.341377978639684443e+00 1.253478895871749099e+00
5.150000000000000000e+02 3.194475601636610236e+02 1.462540270470170212e+00 1.278252029311317095e+00
5.160000000000000000e+02 3.187900274665134361e+02 1.580710395804974633e+00 1.303689451001466715e+00
5.170000000000000000e+02 3.181067195618552432e+02 1.695821719649531989e+00 1.329780722217846156e+00
5.180000000000000000e+02 3.173982179217213684e+02 1.807807062072950499e+00 1.356515168245213676e+00
5.190000000000000000e+02 3.166651154678210673e+02 1.916598696425297899e+00 1.383881877129875759e+00
5.200000000000000000e+02 3.159080166295964887e+02 2.022128347554888350e+00 1.411869698432124176e+00
5.210000000000000000e+02 3.151275374022823144e+02 2.124327190025570911e+00 1.440467241978674595e+00
5.220000000000000000e+02 3.143243054049642637e+02 2.223125846334010003e+00 1.469662876615103420e+00
5.230000000000000000e+02 3.134989599386379382e+02 2.318454385126973882e+00 1.499444728958284401e+00
5.240000000000000000e+02 3.126521520442683482e+02 2.410242319418621992e+00 1.529800682148829249e+00
5.250000000000000000e+02 3.117845445608482464e+02 2.498418604807788324e+00 1.560718374603521363e+00
5.260000000000000000e+02 3.108968121834574276e+02 2.582911637695270546e+00 1.592185198767756882e+00
5.270000000000000000e+02 3.099896415213216301e+02 2.663649253501109371e+00 1.624188299867979968e+00
5.280000000000000000e+02 3.090637311558715510e+02 2.740558724881880792e+00 1.656714574664121420e+00
5.290000000000000000e+02 3.081197916988016914e+02 2.813566759947979889e+00 1.689750670202036398e+00
5.300000000000000000e+02 3.071585458501293715e+02 2.882599500480906407e+00 1.723282982565941035e+00
5.310000000000000000e+02 3.061807284562537461e+02 2.947582520150551222e+00 1.757297655630850830e+00
5.320000000000000000e+02 3.051870865680146494e+02 3.008440822732479258e+00 1.791780579815019925e+00
5.330000000000000000e+02 3.041783794987515535e+02 3.065098840325219065e+00 1.826717390832373500e+00
5.340000000000000000e+02 3.031553788823626974e+02 3.117480431567547061e+00 1.862093468444951716e+00
5.350000000000000000e+02 3.021188687313641026e+02 3.165508879855772673e+00 1.897893935215342776e+00
5.360000000000000000e+02 3.010696454949480199e+02 3.209106891561027464e+00 1.934103655259122645e+00
5.370000000000000000e+02 3.000085181170425699e+02 3.248196594246545388e+00 1.970707232997292779e+00
5.380000000000000000e+02 2.989363080943700197e+02 3.282699534884951920e+00 2.007689011908715404e+00
5.390000000000000000e+02 2.978538495345065371e+02 3.312536678075553631e+00 2.045033073282554792e+00
5.400000000000000000e+02 2.967619892139404669e+02 3.337628404261614889e+00 2.082723234970711434e+00
5.410000000000000000e+02 2.956615866361315739e+02 3.357894507947649654e+00 2.120743050140261321e+00
5.420000000000000000e+02 2.945535140895700010e+02 3.373254195916711051e+00 2.159075806025893218e+00
5.430000000000000000e+02 2.934386567058351716e+02 3.383626085447665410e+00 2.197704522682347061e+00
5.440000000000000000e+02 2.923178545727717506e+02 3.388944866289986813e+00 2.236612379765916980e+00
5.450000000000000000e+02 2.911917272536377936e+02 3.389211780264031582e+00 2.275784011963180031e+00
5.460000000000000000e+02 2.900608446868023975e+02 3.384445488934333390e+00 2.315204245765101199e+00
5.470000000000000000e+02 2.889257847403411006e+02 3.374665537004428284e+00 2.354857673502259718e+00
5.480000000000000000e+02 2.877871332466426679e+02 3.359892357278782438e+00 2.394728652270528890e+00
5.490000000000000000e+02 2.866454840370143415e+02 3.340147275624718137e+00 2.434801302856760774e+00
5.500000000000000000e+02 2.855014389762876021e+02 3.315452515934336652e+00 2.475059508664466890e+00
5.510000000000000000e+02 2.843556079974246131e+02 3.285831205086450435e+00 2.515486914639500249e+00
5.520000000000000000e+02 2.832086091361231865e+02 3.251307377908499774e+00 2.556066926195734723e+00
5.530000000000000000e+02 2.820610685654232839e+02 3.211905982138489879e+00 2.596782708140752405e+00
5.540000000000000000e+02 2.809136206303126073e+02 3.167652883386905760e+00 2.637617183601522086e+00
5.550000000000000000e+02 2.797669078823322479e+02 3.118574870098647533e+00 2.678553032950080404e+00
5.560000000000000000e+02 2.786215811141828453e+02 3.064699658514949299e+00 2.719572692729216978e+00
5.570000000000000000e+02 2.774782993943302358e+02 3.006055897635309559e+00 2.760658354578153340e+00
5.580000000000000000e+02 2.763377301016111574e+02 2.942673174179415874e+00 2.801791964158225401e+00
5.590000000000000000e+02 2.752005489598392387e+02 2.874582017549068613e+00 2.842955220078569933e+00
5.600000000000000000e+02 2.740674400724109887e+02 2.801813904790110499e+00 2.884129572821795939e+00
5.610000000000000000e+02 2.729390959569111033e+02 2.724401265554350360e+00 2.925296223669680451e+00
5.620000000000000000e+02 2.718162175797188524e+02 2.642377487061490005e+00 2.966436123628839461e+00
5.630000000000000000e+02 2.706995143906135581e+02 2.555776919061048869e+00 3.007529972356414838e+00
5.640000000000000000e+02 2.695897043573804126e+02 2.464634878794289996e+00 3.048558217085755029e+00
5.650000000000000000e+02 2.684875140004166383e+02 2.368987655956148686e+00 3.089501051552097977e+00
5.660000000000000000e+02 2.673936784273370222e+02 2.268872517657157140e+00 3.130338414918251821e+00
5.670000000000000000e+02 2.663089413675795640e+02 2.164327713385365115e+00 3.171049990700276489e+00
5.680000000000000000e+02 2.652340552070118065e+02 2.055392479968276120e+00 3.211615205693169273e+00
5.690000000000000000e+02 2.641697810225363128e+02 1.942107046534764514e+00 3.252013228896541541e+00
5.700000000000000000e+02 2.631168886166965990e+02 1.824512639477004594e+00 3.292222970440303875e+00
5.710000000000000000e+02 2.620761565522827823e+02 1.702651487412397247e+00 3.332223080510348989e+00
5.720000000000000000e+02 2.610483721869377405e+02 1.576566826145496147e+00 3.371991948274230211e+00
5.730000000000000000e+02 2.600343317077625329e+02 1.446302903629931080e+00 3.411507700806845289e+00
5.740000000000000000e+02 2.590348401659226738e+02 1.311904984930337026e+00 3.450748202016120647e+00
5.750000000000000000e+02 2.580507115112535530e+02 1.173419357184276812e+00 3.489691051568689417e+00
5.760000000000000000e+02 2.570827686268664820e+02 1.030893334564170649e+00 3.528313583815574805e+00
5.770000000000000000e+02 2.561318433637545127e+02 8.843752632392187785e-01 3.566592866717872123e+00
5.780000000000000000e+02 2.551987765753980852e+02 7.339145263373304529e-01 3.604505700772433929e+00
5.790000000000000000e+02 2.542844181523710176e+02 5.795615489070468085e-01 3.642028617937544954e+00
5.800000000000000000e+02 2.533896270569465798e+02 4.213678028794700103e-01 3.679137880558611240e+00
5.810000000000000000e+02 2.525152713577024315e+02 2.593858120301847370e-01 3.715809480293836398e+00
5.820000000000000000e+02 2.516622282641276342e+02 9.366915694118931046e-02 3.752019137039909413e+00
5.830000000000000000e+02 2.508312698757988812e+02 -7.572266362869081724e-02 3.787744751605483184e+00
5.840000000000000000e+02 2.500227172242223048e+02 -2.487095252758976527e-01 3.822973833221549711e+00
5.850000000000000000e+02 2.492367776567623139e+02 -4.252050082045556456e-01 3.857696255460118184e+00
5.860000000000000000e+02 2.484736583342899507e+02 -6.051212137268402458e-01 3.891901819068996460e+00
5.870000000000000000e+02 2.477335662255094064e+02 -7.883687575894042787e-01 3.925580251762307959e+00
5.880000000000000000e+02 2.470167081012830010e+02 -9.748567632997995336e-01 3.958721208010997472e+00
5.890000000000000000e+02 2.463232905289573296e+02 -1.164492855452901043e+00 3.991314268833342283e+00
5.900000000000000000e+02 2.456535198666886686e+02 -1.357183153057331060e+00 4.023348941585459748e+00
5.910000000000000000e+02 2.450076022577690367e+02 -1.552832262861882917e+00 4.054814659751823314e+00
5.920000000000000000e+02 2.443857436249515445e+02 -1.751343272681943786e+00 4.085700782735764314e+00
5.930000000000000000e+02 2.437881496647762560e+02 -1.952617744725919646e+00 4.115996595649987100e+00
5.940000000000000000e+02 2.432150258418960505e+02 -2.156555708921657821e+00 4.145691309107080613e+00
5.950000000000000000e+02 2.426665773834019717e+02 -2.363055656242872171e+00 4.174774059010026406e+00
5.960000000000000000e+02 2.421430092731492607e+02 -2.572014532035565182e+00 4.203233906342703108e+00
5.970000000000000000e+02 2.416445262460830747e+02 -2.783327729344452273e+00 4.231059836960406884e+00
5.980000000000000000e+02 2.411713327825638373e+02 -2.996889082239385882e+00 4.258240761380354122e+00
5.990000000000000000e+02 2.407236331026933556e+02 -3.212590859141779109e+00 4.284765514572192124e+00
6.000000000000000000e+02 2.403016311606402837e+02 -3.430323756151030246e+00 4.310622855748513338e+00
6.010000000000000000e+02 2.399055306389659279e+02 -3.649976890370942861e+00 4.335801468155359828e+00
6.020000000000000000e+02 2.395355349429499938e+02 -3.871437793236153446e+00 4.360289958862737514e+00
6.030000000000000000e+02 2.391918471949160221e+02 -4.094592403838555938e+00 4.384076858555125078e+00
6.040000000000000000e+02 2.388746702285575623e+02 -4.319325062253721370e+00 4.407150621321981987e+00
6.050000000000000000e+02 2.385842065832634376e+02 -4.545518502867320620e+00 4.429499624448260064e+00
6.060000000000000000e+02 2.383206584984438621e+02 -4.773053847701557828e+00 4.451112168204913289e+00
6.070000000000000000e+02 2.380842279078556771e+02 -5.001810599741580710e+00 4.471976475639410253e+00
6.080000000000000000e+02 2.378751164339284969e+02 -5.231666636261915748e+00 4.492080692366241301e+00
6.090000000000000000e+02 2.376935253820902574e+02 -5.462498202152884730e+00 4.511412886357425656e+00
6.100000000000000000e+02 2.375396557350926514e+02 -5.694179903247031937e+00 4.529961047733029211e+00
6.110000000000000000e+02 2.374137081473373883e+02 -5.926584699645543353e+00 4.547713088551668115e+00
6.120000000000000000e+02 2.373158829392014866e+02 -6.159583899044678290e+00 4.564656842601020337e+00
6.130000000000000000e+02 2.372463800913630791e+02 -6.393047150062186823e+00 4.580780065188339023e+00
6.140000000000000000e+02 2.372053992391270469e+02 -6.626842435563733424e+00 4.596070432930956073e+00
6.150000000000000000e+02 2.371931396667511933e+02 -6.860836065989324162e+00 4.610515543546799044e+00
6.160000000000000000e+02 2.372098003017711108e+02 -7.094892672679732115e+00 4.624102915644895617e+00
6.170000000000000000e+02 2.372555797093267245e+02 -7.328875201202912137e+00 4.636819988515888724e+00
6.180000000000000000e+02 2.373306760864874718e+02 -7.562644904680428048e+00 4.648654121922539240e+00
6.190000000000000000e+02 2.374352872565780501e+02 -7.796061337113886935e+00 4.659592595890246436e+00
6.200000000000000000e+02 2.375696106635047045e+02 -8.028982346711348583e+00 4.669622610497544457e+00
6.210000000000000000e+02 2.377338433660800092e+02 -8.261264069213758887e+00 4.678731285666628104e+00
6.220000000000000000e+02 2.379281003961498016e+02 -8.492771071729592336e+00 4.686908413484723646e+00
6.230000000000000000e+02 2.381521677443539318e+02 -8.723407058692277616e+00 4.694154786391876222e+00
6.240000000000000000e+02 2.384057435767322772e+02 -8.953084872012514239e+00 4.700474063670558422e+00
6.250000000000000000e+02 2.386885193162421217e+02 -9.181716402159201706e+00 4.705870037216225654e+00
6.260000000000000000e+02 2.390001796118032757e+02 -9.409212584629212728e+00 4.710346632180217874e+00
6.270000000000000000e+02 2.393404023073433677e+02 -9.635483396417139801e+00 4.713907907612647108e+00
6.280000000000000000e+02 2.397088584108428506e+02 -9.860437852485057775e+00 4.716558057105293855e+00
6.290000000000000000e+02 2.401052120633803781e+02 -1.008398400223228819e+01 4.718301409434503491e+00
6.300000000000000000e+02 2.405291205081780674e+02 -1.030602892596514941e+01 4.719142429204070233e+00
6.310000000000000000e+02 2.409802340596465626e+02 -1.052647873136671386e+01 4.719085717488139764e+00
6.320000000000000000e+02 2.414581960724301837e+02 -1.074523854996657413e+01 4.718136012474100305e+00
6.330000000000000000e+02 2.419626429104525016e+02 -1.096221253361059311e+01 4.716298190105472798e+00
6.340000000000000000e+02 2.424932039159611463e+02 -1.117730385093067014e+01 4.713577264724809979e+00
6.350000000000000000e+02 2.430495013785732681e+02 -1.139041468381449285e+01 4.709978389716584779e+00
6.360000000000000000e+02 2.436311505043206580e+02 -1.160144622387529978e+01 4.705506858150084959e+00
6.370000000000000000e+02 2.442377593846948969e+02 -1.181029866892163049e+01 4.700168103422311283e+00
6.380000000000000000e+02 2.448689289656927599e+02 -1.201687121942709702e+01 4.693967699900861490e+00
6.390000000000000000e+02 2.455242530168613371e+02 -1.222106207500013042e+01 4.686911363566833799e+00
6.400000000000000000e+02 2.462033181003429547e+02 -1.242276843085374693e+01 4.679004952657714433e+00
6.410000000000000000e+02 2.469057035399210633e+02 -1.262188647427529986e+01 4.670254468310273133e+00
6.420000000000000000e+02 2.476309813900647043e+02 -1.281831138109624213e+01 4.660666055203456892e+00
6.430000000000000000e+02 2.483787164049742842e+02 -1.301193731216188354e+01 4.650246002201279261e+00
6.440000000000000000e+02 2.491484660076263538e+02 -1.320265740980114089e+01 4.639000742995720294e+00
6.450000000000000000e+02 2.499397802588191269e+02 -1.339036379429631651e+01 4.626936856749614968e+00
6.460000000000000000e+02 2.507522018262178278e+02 -1.357494756035283956e+01 4.614061068739552240e+00
6.470000000000000000e+02 2.515852659533992721e+02 -1.375629877356902320e+01 4.600380250998761689e+00
6.480000000000000000e+02 2.524385004288977541e+02 -1.393430646690583430e+01 4.585901422960009022e+00
6.490000000000000000e+02 2.533114255552499969e+02 -1.410885863715664001e+01 4.570631752098495149e+00
6.500000000000000000e+02 2.542035541180401026e+02 -1.427984224141697922e+01 4.554578554574741922e+00
6.510000000000000000e+02 2.551143913549452407e+02 -1.444714319355430376e+01 4.537749295877488542e+00
6.520000000000000000e+02 2.560434349247807404e+02 -1.461064636067775524e+01 4.520151591466588847e+00
6.530000000000000000e+02 2.569901748765448133e+02 -1.477023555960790802e+01 4.501793207415897946e+00
6.540000000000000000e+02 2.579540936184645830e+02 -1.492579355334653712e+01 4.482682061056168621e+00
6.550000000000000000e+02 2.589346658870405236e+02 -1.507720204754636661e+01 4.462826221617949507e+00
6.560000000000000000e+02 2.599313587160923475e+02 -1.522434168698084278e+01 4.442233910874471725e+00
6.570000000000000000e+02 2.609436314058035578e+02 -1.536709205201387540e+01 4.420913503784543508e+00
6.580000000000000000e+02 2.619709354917671931e+02 -1.550533165506961275e+01 4.398873529135445715e+00
6.590000000000000000e+02 2.630127147140307784e+02 -1.563893793710218638e+01 4.376122670185828234e+00
6.600000000000000000e+02 2.640684049861416725e+02 -1.576778726406546838e+01 4.352669765308594840e+00
6.610000000000000000e+02 2.651374392630601733e+02 -1.589177237096412476e+01 4.328524804952431637e+00
6.620000000000000000e+02 2.662192623253900479e+02 -1.601085512339897932e+01 4.303701945357207848e+00
6.630000000000000000e+02 2.673133162599399384e+02 -1.612501491252663399e+01 4.278216562568066372e+00
6.640000000000000000e+02 2.684190355608225218e+02 -1.623423131407642828e+01 4.252084263048414137e+00
6.650000000000000000e+02 2.695358470998426128e+02 -1.633848408960485799e+01 4.225320884596037274e+00
6.660000000000000000e+02 2.706631700968863470e+02 -1.643775318775012195e+01 4.197942497259220751e+00
6.670000000000000000e+02 2.718004160903091702e+02 -1.653201874548656747e+01 4.169965404252869767e+00
6.680000000000000000e+02 2.729469889073253626e+02 -1.662126108937917834e+01 4.141406142874623164e+00
6.690000000000000000e+02 2.741022846343956303e+02 -1.670546073683807364e+01 4.112281485420971272e+00
6.700000000000000000e+02 2.752656915876167432e+02 -1.678459839737297443e+01 4.082608440103383529e+00
6.710000000000000000e+02 2.764365902831095241e+02 -1.685865497384770606e+01 4.052404251964413007e+00
6.720000000000000000e+02 2.776143534074079753e+02 -1.692761156373466136e+01 4.021686403793825804e+00
6.730000000000000000e+02 2.787983457878474383e+02 -1.699144946036929937e+01 3.990472617044712234e+00
6.740000000000000000e+02 2.799879243629535495e+02 -1.705015015420460855e+01 3.958780852749607782e+00
6.750000000000000000e+02 2.811824381528309118e+02 -1.710369533406563747e+01 3.926629312436613617e+00
6.760000000000000000e+02 2.823812282295517093e+02 -1.715206688840391891e+01 3.894036439045510889e+00
6.770000000000000000e+02 2.835836276875442650e+02 -1.719524690655199706e+01 3.861020917843880351e+00
6.780000000000000000e+02 2.847889616139816553e+02 -1.723321767997788356e+01 3.827601677343220654e+00
6.790000000000000000e+02 2.859965470591706094e+02 -1.726596170353956694e+01 3.793797890215067525e+00
6.800000000000000000e+02 2.872056930069398391e+02 -1.729346167673947576e+01 3.759628974207110730e+00
6.810000000000000000e+02 2.884157003450289949e+02 -1.731570050497895963e+01 3.725114593059311918e+00
6.820000000000000000e+02 2.896258618354771102e+02 -1.733266130081280210e+01 3.690274657420024695e+00
6.830000000000000000e+02 2.908354620850111587e+02 -1.734432738520366968e+01 3.655129325762112025e+00
6.840000000000000000e+02 2.920437775154352948e+02 -1.735068228877662122e+01 3.619699005299063188e+00
6.850000000000000000e+02 2.932500763340186154e+02 -1.735170975307358177e+01 3.584004352901114743e+00
6.860000000000000000e+02 2.944536185038845133e+02 -1.734739373180781641e+01 3.548066276011364373e+00
6.870000000000000000e+02 2.956536557143988375e+02 -1.733771839211842547e+01 3.511905933561893178e+00
6.880000000000000000e+02 2.968494313515592467e+02 -1.732266811582483967e+01 3.475544736889884856e+00
6.890000000000000000e+02 2.980401804683829141e+02 -1.730222750068126913e+01 3.439004350653736442e+00
6.900000000000000000e+02 2.992251297552957681e+02 -1.727638136163121985e+01 3.402306693749185929e+00
6.910000000000000000e+02 3.004034975105213903e+02 -1.724511473206197820e+01 3.365473940225427008e+00
6.920000000000000000e+02 3.015744936104688918e+02 -1.720841286505906709e+01 3.328528520201222030e+00
6.930000000000000000e+02 3.027373194801220961e+02 -1.716626123466074105e+01 3.291493120781028736e+00
6.940000000000000000e+02 3.038911680634282106e+02 -1.711864553711247794e+01 3.254390686971111002e+00
6.950000000000000000e+02 3.050352237936862139e+02 -1.706555169212147760e+01 3.217244422595664677e+00
6.960000000000000000e+02 3.061686625639356976e+02 -1.700696584411110379e+01 3.180077791212929217e+00
6.970000000000000000e+02 3.072906516973455382e+02 -1.694287436347539355e+01 3.142914517031307753e+00
6.980000000000000000e+02 3.084003499176022274e+02 -1.687326384783355238e+01 3.105778585825487603e+00
6.990000000000000000e+02 3.094969073192988844e+02 -1.679812112328441387e+01 3.068694245852557234e+00
7.000000000000000000e+02 3.105795451425282749e+02 -1.671744540304219839e+01 3.031684446503801311e+00
7.010000000000000000e+02 3.116477969799818197e+02 -1.663128503871785213e+01 2.994766116718968085e+00
7.020000000000000000e+02 3.127012725356737519e+02 -1.653970153706280399e+01 2.957954790032847114e+00
7.030000000000000000e+02 3.137395782656905681e+02 -1.644275747613735916e+01 2.921266158465534168e+00
7.040000000000000000e+02 3.147623173680949549e+02 -1.634051650953825074e+01 2.884716073056503127e+00
7.050000000000000000e+02 3.157690897728310802e+02 -1.623304337062618785e+01 2.848320544398674325e+00
7.060000000000000000e+02 3.167594921316285763e+02 -1.612040387675343567e+01 2.812095743172478901e+00
7.070000000000000000e+02 3.177331178079079450e+02 -1.600266493349132801e+01 2.776058000679933802e+00
7.080000000000000000e+02 3.186895568666844270e+02 -1.587989453885785274e+01 2.740223809378707021e+00
7.090000000000000000e+02 3.196283960644731792e+02 -1.575216178754519980e+01 2.704609823416186387e+00
7.100000000000000000e+02 3.205492188391936565e+02 -1.561953687514731293e+01 2.669232859163546134e+00
7.110000000000000000e+02 3.214516053000749025e+02 -1.548209110238745012e+01 2.634109895749822350e+00
7.120000000000000000e+02 3.223351322175588507e+02 -1.533989687934571222e+01 2.599258075595973327e+00
7.130000000000000000e+02 3.231993730132066389e+02 -1.519302772968663540e+01 2.564694704948954129e+00
7.140000000000000000e+02 3.240438977496020811e+02 -1.504155829488672858e+01 2.530437254415783599e+00
7.150000000000000000e+02 3.248682731202567311e+02 -1.488556433846200733e+01 2.496503359497610486e+00
7.160000000000000000e+02 3.256720624395144910e+02 -1.472512275019559347e+01 2.462910821123786231e+00
7.170000000000000000e+02 3.264548256324564477e+02 -1.456031155036522051e+01 2.429677606185931982e+00
7.180000000000000000e+02 3.272161192248052544e+02 -1.439120989397082084e+01 2.396821848072004268e+00
7.190000000000000000e+02 3.279554963328300801e+02 -1.421789807496208269e+01 2.364361847200370903e+00
7.200000000000000000e+02 3.286725066532507071e+02 -1.404045753046596090e+01 2.332316071553870440e+00
7.210000000000000000e+02 3.293666964531429926e+02 -1.385897084501429077e+01 2.300703157213888961e+00
7.220000000000000000e+02 3.300376085598429086e+02 -1.367352175477130416e+01 2.269541908894423088e+00
7.230000000000000000e+02 3.306847823508514352e+02 -1.348419515176118821e+01 2.238851300476152328e+00
7.240000000000000000e+02 3.313077537437392266e+02 -1.329107708809565302e+01 2.208650475540505642e+00
7.250000000000000000e+02 3.319060551860512192e+02 -1.309425478020148148e+01 2.178958747903732007e+00
7.260000000000000000e+02 3.324792156452111840e+02 -1.289381661304805959e+01 2.149795602150965212e+00
7.270000000000000000e+02 3.330267605984267334e+02 -1.268985214437497611e+01 2.121180694170297532e+00
7.280000000000000000e+02 3.335482120225933613e+02 -1.248245210891954216e+01 2.093133851686845848e+00
7.290000000000000000e+02 3.340430883842000185e+02 -1.227170842264435180e+01 2.065675074796819111e+00
7.300000000000000000e+02 3.345109046292326411e+02 -1.205771418696484432e+01 2.038824536501589790e+00
7.310000000000000000e+02 3.349511721730799536e+02 -1.184056369297685585e+01 2.012602583241759557e+00
7.320000000000000000e+02 3.353633988904369971e+02 -1.162035242568416926e+01 1.987029735431231403e+00
7.330000000000000000e+02 3.357470891052109891e+02 -1.139717706822607823e+01 1.962126687991275764e+00
7.340000000000000000e+02 3.361017435804248521e+02 -1.117113550610492290e+01 1.937914310884599089e+00
7.350000000000000000e+02 3.364268595081225612e+02 -1.094232683141366813e+01 1.914413649649414850e+00
7.360000000000000000e+02 3.367219304992738103e+02 -1.071085134706344455e+01 1.891645925933509220e+00
7.370000000000000000e+02 3.369864465736779380e+02 -1.047681057101109658e+01 1.869632538028312085e+00
7.380000000000000000e+02 3.372198941498696740e+02 -1.024030724048674657e+01 1.848395061402963391e+00
7.390000000000000000e+02 3.374218497072399146e+02 -1.000144390517424675e+01 1.827952227243174965e+00
7.400000000000000000e+02 3.375922628206768650e+02 -9.760318667746965104e+00 1.808310791570810983e+00
7.410000000000000000e+02 3.377311786922209080e+02 -9.517029367634140868e+00 1.789474486964685696e+00
7.420000000000000000e+02 3.378386449953000010e+02 -9.271674988363782788e+00 1.771447028102652421e+00
7.430000000000000000e+02 3.379147118851897744e+02 -9.024355661480601754e+00 1.754232111632545887e+00
7.440000000000000000e+02 3.379594320094729483e+02 -8.775172670463916802e+00 1.737833416043115253e+00
7.450000000000000000e+02 3.379728605184994308e+02 -8.524228454645600195e+00 1.722254601534968677e+00
7.460000000000000000e+02 3.379550550758450527e+02 -8.271626613127978089e+00 1.707499309891507444e+00
7.470000000000000000e+02 3.379060758687716088e+02 -8.017471908701757854e+00 1.693571164349864322e+00
7.480000000000000000e+02 3.378259856186866728e+02 -7.761870271763961604e+00 1.680473769471844347e+00
7.490000000000000000e+02 3.377148495916026718e+02 -7.504928804235831308e+00 1.668210711014862069e+00
7.500000000000000000e+02 3.375727356085967585e+02 -7.246755783480761437e+00 1.656785555802879228e+00
7.510000000000000000e+02 3.373997140562705113e+02 -6.987460666222216510e+00 1.646201851597344223e+00
7.520000000000000000e+02 3.371958578972088389e+02 -6.727154092461650414e+00 1.636463126968128901e+00
7.530000000000000000e+02 3.369612426804408187e+02 -6.465947889396439052e+00 1.627572891164470015e+00
7.540000000000000000e+02 3.366959465518979755e+02 -6.203955075337790781e+00 1.619534633985904470e+00
7.550000000000000000e+02 3.364000502648744941e+02 -5.941289863628668400e+00 1.612351825653209225e+00
7.560000000000000000e+02 3.360736371904868633e+02 -5.678067666561720905e+00 1.606027916679338752e+00
7.570000000000000000e+02 3.357167933281333490e+02 -5.414405099297197488e+00 1.600566337740364942e+00
7.580000000000000000e+02 3.353296073159534672e+02 -5.150419983780869515e+00 1.595970499546414567e+00
7.590000000000000000e+02 3.349121704412874578e+02 -4.886231352661953409e+00 1.592243792712606298e+00
7.600000000000000000e+02 3.344645766511363831e+02 -4.621959453211033519e+00 1.589389587629991940e+00
7.610000000000000000e+02 3.339869225626211460e+02 -4.357725751237984113e+00 1.587411234336493671e+00
7.620000000000000000e+02 3.334793074734425886e+02 -4.093652935009892246e+00 1.586312062387840838e+00
7.630000000000000000e+02 3.329418333723403407e+02 -3.829864919168971316e+00 1.586095380728510307e+00
7.640000000000000000e+02 3.323746049495532020e+02 -3.566486848650497254e+00 1.586764477562664366e+00
7.650000000000000000e+02 3.317777296072783884e+02 -3.303645102600714978e+00 1.588322620225088411e+00
7.660000000000000000e+02 3.311513174701306639e+02 -3.041467298294771471e+00 1.590773055052129514e+00
7.670000000000000000e+02 3.304954813956030648e+02 -2.780082295054635111e+00 1.594119007252636777e+00
7.680000000000000000e+02 3.298103369845251223e+02 -2.519620198167010106e+00 1.598363680778896567e+00
7.690000000000000000e+02 3.290960025915235860e+02 -2.260212362801273134e+00 1.603510258197573757e+00
7.700000000000000000e+02 3.283525993354811590e+02 -2.001991397927377125e+00 1.609561900560646741e+00
7.710000000000000000e+02 3.275802511099964818e+02 -1.745091170233786348e+00 1.616521747276349341e+00
7.720000000000000000e+02 3.267790845938439475e+02 -1.489646808045395288e+00 1.624392915980107377e+00
7.730000000000000000e+02 3.259492292614328335e+02 -1.235794705241447966e+00 1.633178502405478572e+00
7.740000000000000000e+02 3.250908173932668319e+02 -9.836725251734597109e-01 1.642881580255086904e+00
7.750000000000000000e+02 3.242039840864043185e+02 -7.334192045831433582e-01 1.653505201071567399e+00
7.760000000000000000e+02 3.232888672649169735e+02 -4.851749575203235243e-01 1.665052394108497591e+00
7.770000000000000000e+02 3.223456076903502776e+02 -2.390812792608666693e-01 1.677526166201341651e+00
7.780000000000000000e+02 3.213743930815319914e+02 4.732425074085631900e-03 1.690927195938446648e+00
7.790000000000000000e+02 3.203755913602137184e+02 2.461892375666551447e-01 1.705246869014170441e+00
7.800000000000000000e+02 3.193496199248951939e+02 4.852250802532071527e-01 1.720474112012712498e+00
7.810000000000000000e+02 3.182969017870141215e+02 7.217754071912361180e-01 1.736597685690789428e+00
7.820000000000000000e+02 3.172178655901397519e+02 9.557752031897462919e-01 1.753606184392047851e+00
7.830000000000000000e+02 3.161129456291662336e+02 1.187158982539633145e+00 1.771488035461474819e+00
7.840000000000000000e+02 3.149825818695052817e+02 1.415860787744064764e+00 1.790231498659806908e+00
7.850000000000000000e+02 3.138272199662800404e+02 1.641814188248863493e+00 1.809824665577945302e+00
7.860000000000000000e+02 3.126473112835177517e+02 1.864952279172886307e+00 1.830255459051361777e+00
7.870000000000000000e+02 3.114433129133432203e+02 2.085207680038405176e+00 1.851511632574511568e+00
7.880000000000000000e+02 3.102156876951719937e+02 2.302512533501492875e+00 1.873580769715245120e+00
7.890000000000000000e+02 3.089649042349036563e+02 2.516798504082397248e+00 1.896450283529218517e+00
7.900000000000000000e+02 3.076914369241150098e+02 2.727996776895928122e+00 1.920107415974303233e+00
7.910000000000000000e+02 3.063957659592528557e+02 2.936038056381836903e+00 1.944539237324996783e+00
7.920000000000000000e+02 3.050783773608280853e+02 3.140852565035195276e+00 1.969732645586836917e+00
7.930000000000000000e+02 3.037397629926081777e+02 3.342370042136781016e+00 1.995674365910808268e+00
7.940000000000000000e+02 3.023804205808105507e+02 3.540519742483456245e+00 2.022350950007755443e+00
7.950000000000000000e+02 3.010008537332959122e+02 3.735230435118547021e+00 2.049748775562791892e+00
7.960000000000000000e+02 2.996015719587615536e+02 3.926430402062230929e+00 2.077854045649715431e+00
7.970000000000000000e+02 2.981830906859343600e+02 4.114047437041909561e+00 2.106652788145413790e+00
7.980000000000000000e+02 2.967459312827639337e+02 4.298008844222597880e+00 2.136130855144278140e+00
7.990000000000000000e+02 2.952906210756161158e+02 4.478241436937302034e+00 2.166273922372613292e+00
8.000000000000000000e+02 2.938176933684659389e+02 4.654671536417397171e+00 2.197067488603047458e+00
8.010000000000000000e+02 2.923276874620910917e+02 4.827224970523014136e+00 2.228496875068947336e+00
8.020000000000000000e+02 2.908211486732649860e+02 4.995827072473420394e+00 2.260547224878822981e+00
8.030000000000000000e+02 2.892986283539497663e+02 5.160402679577396512e+00 2.293203502430742891e+00
8.040000000000000000e+02 2.877606839104899450e+02 5.320876131963621525e+00 2.326450492826743321e+00
8.050000000000000000e+02 2.862078788228052417e+02 5.477171271311053857e+00 2.360272801287239819e+00
8.060000000000000000e+02 2.846407826635841047e+02 5.629211439579311360e+00 2.394654852565436975e+00
8.070000000000000000e+02 2.830599711174765503e+02 5.776919477739048681e+00 2.429580890361739964e+00
8.080000000000000000e+02 2.814660260002878545e+02 5.920217724502350620e+00 2.465034976738166073e+00
8.090000000000000000e+02 2.798595352781714496e+02 6.059028015053100624e+00 2.501000991532754902e+00
8.100000000000000000e+02 2.782410930868219907e+02 6.193271679777366145e+00 2.537462631773976351e+00
8.110000000000000000e+02 2.766112997506690476e+02 6.322869542993784009e+00 2.574403411095149696e+00
8.120000000000000000e+02 2.749707618020698874e+02 6.447741921683935118e+00 2.611806659148843579e+00
8.130000000000000000e+02 2.733200920005028252e+02 6.567808624222728042e+00 2.649655521021295979e+00
8.140000000000000000e+02 2.716599093517604615e+02 6.682988949108786159e+00 2.687932956646818194e+00
8.150000000000000000e+02 2.699908391271430901e+02 6.793201683694819693e+00 2.726621740222213042e+00
8.160000000000000000e+02 2.683135128826514801e+02 6.898365102918011971e+00 2.765704459621177058e+00
8.170000000000000000e+02 2.666285404939588375e+02 6.998412550396460929e+00 2.805163565734005271e+00
8.180000000000000000e+02 2.649364256749010451e+02 7.093339489420368515e+00 2.844981522635588789e+00
8.190000000000000000e+02 2.632376489880051622e+02 7.183157289877880380e+00 2.885140658939024050e+00
8.200000000000000000e+02 2.615326957061215012e+02 7.267877723568112458e+00 2.925623117537685669e+00
8.210000000000000000e+02 2.598220558265915656e+02 7.347512965729469769e+00 2.966410855028603244e+00
8.220000000000000000e+02 2.581062240854168977e+02 7.422075596567989209e+00 3.007485641135836385e+00
8.230000000000000000e+02 2.563856999714272433e+02 7.491578602785649466e+00 3.048829058133850634e+00
8.240000000000000000e+02 2.546609877404488316e+02 7.556035379108709371e+00 3.090422500270888495e+00
8.250000000000000000e+02 2.529325964294730511e+02 7.615459729816026702e+00 3.132247173192351575e+00
8.260000000000000000e+02 2.512010398708248147e+02 7.669865870267396524e+00 3.174284093364170278e+00
8.270000000000000000e+02 2.494668367063307244e+02 7.719268428431862006e+00 3.216514087496183283e+00
8.280000000000000000e+02 2.477305104014877770e+02 7.763682446416052763e+00 3.258917791965509458e+00
8.290000000000000000e+02 2.459925892596316714e+02 7.803123381992516983e+00 3.301475652239925562e+00
8.300000000000000000e+02 2.442536064361050876e+02 7.837607110128029575e+00 3.344167922301239493e+00
8.310000000000000000e+02 2.425140999524263634e+02 7.867149924511939396e+00 3.386974664068669760e+00
8.320000000000000000e+02 2.407746127104576601e+02 7.891768539084481837e+00 3.429875746822215188e+00
8.330000000000000000e+02 2.390356925065734970e+02 7.911480089565115392e+00 3.472850846626035715e+00
8.340000000000000000e+02 2.372978920458289736e+02 7.926302134980835135e+00 3.515879445751822097e+00
8.350000000000000000e+02 2.355617689561285601e+02 7.936252659194522607e+00 3.558940832102176710e+00
8.360000000000000000e+02 2.338278858023941780e+02 7.941350072433252194e+00 3.602014098633987249e+00
8.370000000000000000e+02 2.320968101007336770e+02 7.941613212816624134e+00 3.645078142781797759e+00
8.380000000000000000e+02 2.303691143326092572e+02 7.937061347885091322e+00 3.688111665881191215e+00
8.390000000000000000e+02 2.286453759590060315e+02 7.927714176128292323e+00 3.731093172592160112e+00
8.400000000000000000e+02 2.269261774346000777e+02 7.913591828513371951e+00 3.774000970322481940e+00
8.410000000000000000e+02 2.252121062219272574e+02 7.894714870013306296e+00 3.816813168651096433e+00
8.420000000000000000e+02 2.235037548055514094e+02 7.871104301135238401e+00 3.859507678751481041e+00
8.430000000000000000e+02 2.218017207062326293e+02 7.842781559448795292e+00 3.902062212815024189e+00
8.440000000000000000e+02 2.201066064950960879e+02 7.809768521114422768e+00 3.944454283474401191e+00
8.450000000000000000e+02 2.184190198078000265e+02 7.772087502411709536e+00 3.986661203226951500e+00
8.460000000000000000e+02 2.167395733587042912e+02 7.729761261267707795e+00 4.028660083858052410e+00
8.470000000000000000e+02 2.150688849550388397e+02 7.682812998785278680e+00 4.070427835864492749e+00
8.480000000000000000e+02 2.134075775110721622e+02 7.631266360771394197e+00 4.111941167877856351e+00
8.490000000000000000e+02 2.117562790622794751e+02 7.575145439265486225e+00 4.153176586087882427e+00
8.500000000000000000e+02 2.101156227795113409e+02 7.514474774067757323e+00 4.194110393665857472e+00
8.510000000000000000e+02 2.084862469831620331e+02 7.449279354267517306e+00 4.234718690187977863e+00
8.520000000000000000e+02 2.068687951573378996e+02 7.379584619771510923e+00 4.274977371058735542e+00
8.530000000000000000e+02 2.052639159640257844e+02 7.305416462832236668e+00 4.314862126934279729e+00
8.540000000000000000e+02 2.036722632572613918e+02 7.226801229576279795e+00 4.354348443145811487e+00
8.550000000000000000e+02 2.020944960972978208e+02 7.143765721532640889e+00 4.393411599122939215e+00
8.560000000000000000e+02 2.005312053605551057e+02 7.056344494960898217e+00 4.432028979991184059e+00
8.570000000000000000e+02 1.989826921690905692e+02 6.964601892186530918e+00 4.470187055735896919e+00
8.580000000000000000e+02 1.974491857109479724e+02 6.868610388980004977e+00 4.507874519905361588e+00
8.590000000000000000e+02 1.959309163041271233e+02 6.768443333521195093e+00 4.545079988023910111e+00
8.600000000000000000e+02 1.944281153987454331e+02 6.664174949121477454e+00 4.581791997393531268e+00
8.610000000000000000e+02 1.929410155791983641e+02 6.555880336945826947e+00 4.617999006895455061e+00
8.620000000000000000e+02 1.914698505663208152e+02 6.443635478734899280e+00 4.653689396791759414e+00
8.630000000000000000e+02 1.900148552195481386e+02 6.327517239527128190e+00 4.688851468526966215e+00
8.640000000000000000e+02 1.885762655390770135e+02 6.207603370380814667e+00 4.723473444529637355e+00
8.650000000000000000e+02 1.871543186680268605e+02 6.083972511096225944e+00 4.757543468013975207e+00
8.660000000000000000e+02 1.857492528946004313e+02 5.956704192937668729e+00 4.791049602781416894e+00
8.670000000000000000e+02 1.843613076542449960e+02 5.825878841355599747e+00 4.823979833022230324e+00
8.680000000000000000e+02 1.829907235318137850e+02 5.691577778708711399e+00 4.856322063117123555e+00
8.690000000000000000e+02 1.816377422637263805e+02 5.553883226986011223e+00 4.888064117438825740e+00
8.700000000000000000e+02 1.803026067401302726e+02 5.412878310528932424e+00 4.919193740153699146e+00
8.710000000000000000e+02 1.789855610070617047e+02 5.268647058753411550e+00 4.949698595023329872e+00
8.720000000000000000e+02 1.776868502686066051e+02 5.121274408871982153e+00 4.979566265206122111e+00
8.730000000000000000e+02 1.764067208890619156e+02 4.970846208615873785e+00 5.008784253058905733e+00
8.740000000000000000e+02 1.751454203950963802e+02 4.817449218957090551e+00 5.037339979938527890e+00
8.750000000000000000e+02 1.739031974779117604e+02 4.661171116830518102e+00 5.065220786003449938e+00
8.760000000000000000e+02 1.726803019954038234e+02 4.502100497855995975e+00 5.092413930015346146e+00
8.770000000000000000e+02 1.714769849743232157e+02 4.340326879060427245e+00 5.118906589140703289e+00
8.780000000000000000e+02 1.702934986124368493e+02 4.175940701599857974e+00 5.144685858752417573e+00
8.790000000000000000e+02 1.691300962806887469e+02 4.009033333481574424e+00 5.169738752231392453e+00
8.800000000000000000e+02 1.679870325253609167e+02 3.839697072286190060e+00 5.194052200768132899e+00
8.810000000000000000e+02 1.668645630702349081e+02 3.668025147889743209e+00 5.217613053164348536e+00
8.820000000000000000e+02 1.657629448187522030e+02 3.494111725185780060e+00 5.240408075634547025e+00
8.830000000000000000e+02 1.646824358561758004e+02 3.318051906807452323e+00 5.262423951607635431e+00
8.840000000000000000e+02 1.636232954517509768e+02 3.139941735849607340e+00 5.283647281528515371e+00
8.850000000000000000e+02 1.625857840608664446e+02 2.959878198590878196e+00 5.304064582659679949e+00
8.860000000000000000e+02 1.615701633272153117e+02 2.777959227215774707e+00 5.323662288882814231e+00
8.870000000000000000e+02 1.605766960849562111e+02 2.594283702536775316e+00 5.342426750500391286e+00
8.880000000000000000e+02 1.596056463608743172e+02 2.408951456716420303e+00 5.360344234037270894e+00
8.890000000000000000e+02 1.586572793765423341e+02 2.222063275989401010e+00 5.377400922042294695e+00
8.900000000000000000e+02 1.577318615504815966e+02 2.033720903384651280e+00 5.393582912889888448e+00
8.910000000000000000e+02 1.568296605003231718e+02 1.844027041447439341e+00 5.408876220581657179e+00
8.920000000000000000e+02 1.559509450449688188e+02 1.653085354961460363e+00 5.423266774547979452e+00
8.930000000000000000e+02 1.550959852067519762e+02 1.461000473670922561e+00 5.436740419449610506e+00
8.940000000000000000e+02 1.542650522135990059e+02 1.267877995002646418e+00 5.449282914979279191e+00
8.950000000000000000e+02 1.534583525780803654e+02 1.073819513593508468e+00 5.460882814024740739e+00
8.960000000000000000e+02 1.526758291517291184e+02 8.789076155223332076e-01 5.471540149011491216e+00
8.970000000000000000e+02 1.519173568296929204e+02 6.832206446950481737e-01 5.481257886863116546e+00
8.980000000000000000e+02 1.511828081720044565e+02 4.868376558278652011e-01 5.490039063714792000e+00
8.990000000000000000e+02 1.504720533958779640e+02 2.898384164251784911e-01 5.497886785145610133e+00
9.000000000000000000e+02 1.497849603680054145e+02 9.230340875746335938e-02 5.504804226410896284e+00
9.010000000000000000e+02 1.491213945968527526e+02 -1.056861681608256831e-01 5.510794632674522298e+00
9.020000000000000000e+02 1.484812192249559644e+02 -3.040483965933574173e-01 5.515861319241232685e+00
9.030000000000000000e+02 1.478642950212176856e+02 -5.027006381040253213e-01 5.520007671788952130e+00
9.040000000000000000e+02 1.472704803732032701e+02 -7.015595315790478237e-01 5.523237146601115199e+00
9.050000000000000000e+02 1.466996312794369146e+02 -9.005409912490732749e-01 5.525553270798975625e+00
9.060000000000000000e+02 1.461516013416981821e+02 -1.099560204711279354e+00 5.526959642573931575e+00
9.070000000000000000e+02 1.456262417573180983e+02 -1.298531630951474725e+00 5.527459931419839378e+00
9.080000000000000000e+02 1.451234013114752486e+02 -1.497368998366203297e+00 5.527057878365327248e+00
9.090000000000000000e+02 1.446429263694925851e+02 -1.695985302784842608e+00 5.525757296206129432e+00
9.100000000000000000e+02 1.441846608691329834e+02 -1.894292805491707865e+00 5.523562069737384839e+00
9.110000000000000000e+02 1.437484463128958794e+02 -2.092203031248153877e+00 5.520476155985965860e+00
9.120000000000000000e+02 1.433341217603135362e+02 -2.289626766314675432e+00 5.516503584442800090e+00
9.130000000000000000e+02 1.429415238202472551e+02 -2.486474056473009675e+00 5.511648457295177828e+00
9.140000000000000000e+02 1.425704866431835853e+02 -2.682654205048240037e+00 5.505914949659080904e+00
9.150000000000000000e+02 1.422208419135304496e+02 -2.878075770930891952e+00 5.499307309811490185e+00
9.160000000000000000e+02 1.418924188419136669e+02 -3.072646566599044782e+00 5.491829859422715288e+00
9.170000000000000000e+02 1.415850441574731633e+02 -3.266273656140422421e+00 5.483486993788703856e+00
9.180000000000000000e+02 1.412985421001589259e+02 -3.458863353274501229e+00 5.474283182063360620e+00
9.190000000000000000e+02 1.410327344130276970e+02 -3.650321219374613957e+00 5.464222967490873550e+00
9.200000000000000000e+02 1.407874403345388714e+02 -3.840552061490042579e+00 5.453310967638021367e+00
9.210000000000000000e+02 1.405624765908509062e+02 -4.029459930368134657e+00 5.441551874626502361e+00
9.220000000000000000e+02 1.403576573881175875e+02 -4.216948118476388174e+00 5.428950455365238348e+00
9.230000000000000000e+02 1.401727944047842698e+02 -4.402919158024566570e+00 5.415511551782711486e+00
9.240000000000000000e+02 1.400076967838840289e+02 -4.587274818986791125e+00 5.401240081059263787e+00
9.250000000000000000e+02 1.398621711253340720e+02 -4.769916107123652438e+00 5.386141035859430382e+00
9.260000000000000000e+02 1.397360214782319190e+02 -4.950743262004303702e+00 5.370219484564247914e+00
9.270000000000000000e+02 1.396290493331515847e+02 -5.129655755028567299e+00 5.353480571503578034e+00
9.280000000000000000e+02 1.395410536144400169e+02 -5.306552287449034289e+00 5.335929517188422899e+00
9.290000000000000000e+02 1.394718306725131072e+02 -5.481330788393167452e+00 5.317571618543243339e+00
9.300000000000000000e+02 1.394211742761521862e+02 -5.653888412885400783e+00 5.298412249138279684e+00
9.310000000000000000e+02 1.393888756048001767e+02 -5.824121539869246078e+00 5.278456859421869929e+00
9.320000000000000000e+02 1.393747232408577190e+02 -5.991925770229392434e+00 5.257710976952760795e+00
9.330000000000000000e+02 1.393785031619795802e+02 -6.157195924813801291e+00 5.236180206632434775e+00
9.340000000000000000e+02 1.393999800314513777e+02 -6.319838686089342517e+00 5.213871653840602249e+00
9.350000000000000000e+02 1.394388407643516530e+02 -6.479810743657739458e+00 5.190798217752264243e+00
9.360000000000000000e+02 1.394947500637931341e+02 -6.637081241197208215e+00 5.166974365605116581e+00
9.370000000000000000e+02 1.395673690326033238e+02 -6.791619186649850981e+00 5.142414716308228329e+00
9.380000000000000000e+02 1.396563551630511029e+02 -6.943393451981155096e+00 5.117134040869903977e+00
9.390000000000000000e+02 1.397613623265727085e+02 -7.092372772939468106e+00 5.091147262825502118e+00
9.400000000000000000e+02 1.398820407634987646e+02 -7.238525748815481720e+00 5.064469458665297630e+00
9.410000000000000000e+02 1.400180370727799186e+02 -7.381820842201703314e+00 5.037115858262308343e+00
9.420000000000000000e+02 1.401689942017138151e+02 -7.522226378751946996e+00 5.009101845300137690e+00
9.430000000000000000e+02 1.403345514356713579e+02 -7.659710546940818432e+00 4.980442957700833340e+00
9.440000000000000000e+02 1.405143443878229448e+02 -7.794241397823175710e+00 4.951154888052695213e+00
9.450000000000000000e+02 1.407080049888649285e+02 -7.925786844793636376e+00 4.921253484038154546e+00
9.460000000000000000e+02 1.409151614767462206e+02 -8.054314663346039183e+00 4.890754748861583678e+00
9.470000000000000000e+02 1.411354383863944406e+02 -8.179792490832936025e+00 4.859674841677160018e+00
9.480000000000000000e+02 1.413684565394422918e+02 -8.302187826225068790e+00 4.828030078016693594e+00
9.490000000000000000e+02 1.416138330339542222e+02 -8.421468029870847971e+00 4.795836930217470595e+00
9.500000000000000000e+02 1.418711812341526013e+02 -8.537600323255842838e+00 4.763112027850105790e+00
9.510000000000000000e+02 1.421401107601441822e+02 -8.650551788762252059e+00 4.729872158146365635e+00
9.520000000000000000e+02 1.424202274776464492e+02 -8.760289369428392092e+00 4.696134266427020698e+00
9.530000000000000000e+02 1.427111334877142212e+02 -8.866779868708178469e+00 4.661915456529692747e+00
9.540000000000000000e+02 1.430124271164656022e+02 -8.969989950230594644e+00 4.627232991236678750e+00
9.550000000000000000e+02 1.433237029048089539e+02 -9.069886137559189265e+00 4.592104292702808621e+00
9.560000000000000000e+02 1.436445515981689027e+02 -9.166434813951555682e+00 4.556546942883276330e+00
9.570000000000000000e+02 1.439745601362127445e+02 -9.259602222118804349e+00 4.520578683961486988e+00
9.580000000000000000e+02 1.443133116425769629e+02 -9.349354463985037000e+00 4.484217418776894171e+00
9.590000000000000000e+02 1.446603854145938328e+02 -9.435657500446858137e+00 4.447481211252846123e+00
9.600000000000000000e+02 1.450153569130172571e+02 -9.518477151132826108e+00 4.410388286824419524e+00
9.610000000000000000e+02 1.453777977517495970e+02 -9.597779094162939728e+00 4.372957032866269245e+00
9.620000000000000000e+02 1.457472756875681341e+02 -9.673528865908140872e+00 4.335205999120464782e+00
9.630000000000000000e+02 1.461233546098510487e+02 -9.745691860749762014e+00 4.297153898124330240e+00
9.640000000000000000e+02 1.465055945303042506e+02 -9.814233330839041258e+00 4.258819605638291428e+00
9.650000000000000000e+02 1.468935515726874428e+02 -9.879118385856566320e+00 4.220222161073712286e+00
9.660000000000000000e+02 1.472867779625407820e+02 -9.940311992771800220e+00 4.181380767920733987e+00
9.670000000000000000e+02 1.476848220169110562e+02 -9.997778975602519935e+00 4.142314794176126469e+00
9.680000000000000000e+02 1.480872281340783161e+02 -1.005148401517432610e+01 4.103043772771119535e+00
9.690000000000000000e+02 1.484935367832820532e+02 -1.010139164888011010e+01 4.063587401999247284e+00
9.700000000000000000e+02 1.489032844944476039e+02 -1.014746627043954241e+01 4.023965545944189870e+00
9.710000000000000000e+02 1.493160038479128104e+02 -1.018967212965855396e+01 3.984198234907617930e+00
9.720000000000000000e+02 1.497312234641541124e+02 -1.022797333218879601e+01 3.944305665837025909e+00
9.730000000000000000e+02 1.501485003094942385e+02 -1.026234499615635620e+01 3.904307297652348296e+00
9.740000000000000000e+02 1.505675171651752180e+02 -1.029280690599218318e+01 3.864219121486613062e+00
9.750000000000000000e+02 1.509879866009395926e+02 -1.031939036328073023e+01 3.824056350319844366e+00
9.760000000000000000e+02 1.514096187855134019e+02 -1.034212707685815147e+01 3.783834320678386209e+00
9.770000000000000000e+02 1.518321214804249450e+02 -1.036104916398450193e+01 3.743568492948150084e+00
9.780000000000000000e+02 1.522552000338228311e+02 -1.037618915151591992e+01 3.703274451687838198e+00
9.790000000000000000e+02 1.526785573742945132e+02 -1.038757997707682179e+01 3.662967905942188462e+00
9.800000000000000000e+02 1.531018940046843682e+02 -1.039525499023207011e+01 3.622664689555203044e+00
9.810000000000000000e+02 1.535249079959120309e+02 -1.039924795365917021e+01 3.582380761483388021e+00
9.820000000000000000e+02 1.539472949807910709e+02 -1.039959304432048448e+01 3.542132206108989934e+00
9.830000000000000000e+02 1.543687481478467873e+02 -1.039632485463536682e+01 3.501935233553224780e+00
9.840000000000000000e+02 1.547889582351349134e+02 -1.038947839365239467e+01 3.461806179989523002e+00
9.850000000000000000e+02 1.552076135240596102e+02 -1.037908908822153720e+01 3.421761507956756709e+00
9.860000000000000000e+02 1.556243998331920864e+02 -1.036519278416633227e+01 3.381817806672477111e+00
9.870000000000000000e+02 1.560390005120887906e+02 -1.034782574745610617e+01 3.341991792346156398e+00
9.880000000000000000e+02 1.564510964351096902e+02 -1.032702466537812747e+01 3.302300308492413183e+00
9.890000000000000000e+02 1.568603659952364922e+02 -1.030282664770980539e+01 3.262760326244254827e+00
9.900000000000000000e+02 1.572664850978912341e+02 -1.027526922789088815e+01 3.223388944666310874e+00
9.910000000000000000e+02 1.576691271547544488e+02 -1.024439036419563998e+01 3.184203391068071376e+00
9.920000000000000000e+02 1.580679630775833004e+02 -1.021022844090502169e+01 3.145221021317115895e+00
9.930000000000000000e+02 1.584626612720302035e+02 -1.017282226947888724e+01 3.106459320152354930e+00
9.940000000000000000e+02 1.588528876314609306e+02 -1.013221108972818030e+01 3.067935901497263362e+00
9.950000000000000000e+02 1.592383055307730046e+02 -1.008843457098709351e+01 3.029668508773116997e+00
9.960000000000000000e+02 1.596185758202140619e+02 -1.004153281328528458e+01 2.991675015212225119e+00
9.970000000000000000e+02 1.599933568191999882e+02 -9.991546348520044418e+00 2.953973424171169260e+00
9.980000000000000000e+02 1.603623043101335668e+02 -9.938516141628495504e+00 2.916581869444039743e+00
9.990000000000000000e+02 1.607250715322222163e+02 -9.882483591759768871e+00 2.879518615575662910e+00
1.000000000000000000e+03 1.610813091752970365e+02 -9.823490533447204243e+00 2.842802058174849655e+00
1.001000000000000000e+03 1.614306653736305748e+02 -9.761579237780523499e+00 2.806450724227619986e+00
1.002000000000000000e+03 1.617727856997552465e+02 -9.696792413578030789e+00 2.770483272410443121e+00
1.003000000000000000e+03 1.621073131582818974e+02 -9.629173208558786001e+00 2.734918493403472706e+00
1.004000000000000000e+03 1.624338881797178260e+02 -9.558765210514803101e+00 2.699775310203781586e+00
1.005000000000000000e+03 1.627521486142852609e+02 -9.485612448483232484e+00 2.665072778438599244e+00
1.006000000000000000e+03 1.630617297257394966e+02 -9.409759393918550430e+00 2.630830086678543900e+00
1.007000000000000000e+03 1.633622641851874562e+02 -9.331250961864741456e+00 2.597066556750862176e+00
1.008000000000000000e+03 1.636533820649059692e+02 -9.250132512127493101e+00 2.563801644052660755e+00
1.009000000000000000e+03 1.639347108321597375e+02 -9.166449850446376502e+00 2.531054937864143817e+00
1.010000000000000000e+03 1.642058753430200966e+02 -9.080249229667028743e+00 2.498846161661846921e+00
1.011000000000000000e+03 1.644664978361831515e+02 -8.991577350913363631e+00 2.467195173431877997e+00
1.012000000000000000e+03 1.647162517771141950e+02 -8.900483966197258567e+00 2.436119520879457045e+00
1.013000000000000000e+03 1.649550242542327680e+02 -8.807029725032814227e+00 2.405627067773325134e+00
1.014000000000000000e+03 1.651827559145196744e+02 -8.711278443409492311e+00 2.375723261790161356e+00
1.015000000000000000e+03 1.653993873258439464e+02 -8.613294514098420507e+00 2.346413569995156490e+00
1.016000000000000000e+03 1.656048589770850015e+02 -8.513142908129090358e+00 2.317703478869040712e+00
1.017000000000000000e+03 1.657991112782545429e+02 -8.410889176266074685e+00 2.289598494335109091e+00
1.018000000000000000e+03 1.659820845606179489e+02 -8.306599450485689928e+00 2.262104141786235978e+00
1.019000000000000000e+03 1.661537190768163725e+02 -8.200340445452736660e+00 2.235225966111906715e+00
1.020000000000000000e+03 1.663139550009884147e+02 -8.092179459997161928e+00 2.208969531725235580e+00
1.021000000000000000e+03 1.664627324288919681e+02 -7.982184378590795326e+00 2.183340422589992613e+00
1.022000000000000000e+03 1.665999913780257771e+02 -7.870423672824012229e+00 2.158344242247621114e+00
1.023000000000000000e+03 1.667256717877515371e+02 -7.756966402882459199e+00 2.133986613844266689e+00
1.024000000000000000e+03 1.668397135194155396e+02 -7.641882219023743872e+00 2.110273180157796968e+00
1.025000000000000000e+03 1.669420563564702604e+02 -7.525241363054131050e+00 2.087209603624823551e+00
1.026000000000000000e+03 1.670326400045966579e+02 -7.407114669805251239e+00 2.064801566367731045e+00
1.027000000000000000e+03 1.671114040918253352e+02 -7.287573568610788755e+00 2.043054770221691019e+00
1.028000000000000000e+03 1.671782881686587245e+02 -7.166690084783191139e+00 2.021974936761692820e+00
1.029000000000000000e+03 1.672332317081927329e+02 -7.044536841090362600e+00 2.001567807329563298e+00
1.030000000000000000e+03 1.672761741062385852e+02 -6.921187059232362770e+00 1.981839143060987851e+00
1.031000000000000000e+03 1.673070546814445265e+02 -6.796714561318115244e+00 1.962794724912540145e+00
1.032000000000000000e+03 1.673258126754177511e+02 -6.671193771342089462e+00 1.944440353688696499e+00
1.033000000000000000e+03 1.673323872528459901e+02 -6.544699716661021682e+00 1.926781850068866708e+00
1.034000000000000000e+03 1.673267175016194415e+02 -6.417308029470595088e+00 1.909825054634410879e+00
1.035000000000000000e+03 1.673087424329524424e+02 -6.289094948282152764e+00 1.893575827895666031e+00
1.036000000000000000e+03 1.672784009815053139e+02 -6.160137319399384026e+00 1.878040050318968479e+00
1.037000000000000000e+03 1.672356320055063748e+02 -6.030512598395044499e+00 1.863223622353678666e+00
1.038000000000000000e+03 1.671803742868731035e+02 -5.900298851587628235e+00 1.849132464459197100e+00
1.039000000000000000e+03 1.671125665313346360e+02 -5.769574757518089569e+00 1.835772517131997850e+00
1.040000000000000000e+03 1.670321473685529838e+02 -5.638419608426529450e+00 1.823149740932643148e+00
1.041000000000000000e+03 1.669390553522451910e+02 -5.506913311728903970e+00 1.811270116512810224e+00
1.042000000000000000e+03 1.668332289603051493e+02 -5.375136391493717802e+00 1.800139644642314574e+00
1.043000000000000000e+03 1.667146065949247600e+02 -5.243169989918721186e+00 1.789764346236129011e+00
1.044000000000000000e+03 1.665831265827166021e+02 -5.111095868807614906e+00 1.780150262381413606e+00
1.045000000000000000e+03 1.664387271748350656e+02 -4.978996411046752613e+00 1.771303454364533181e+00
1.046000000000000000e+03 1.662813465470984227e+02 -4.846954622081828035e+00 1.763230003698080139e+00
1.047000000000000000e+03 1.661109228001104725e+02 -4.715054131394586179e+00 1.755936012147902403e+00
1.048000000000000000e+03 1.659273939593825560e+02 -4.583379193979516764e+00 1.749427601760121798e+00
1.049000000000000000e+03 1.657306979754550014e+02 -4.452014691820555647e+00 1.743710914888158214e+00
1.050000000000000000e+03 1.655207727240191105e+02 -4.321046135367780039e+00 1.738792114219754881e+00
1.051000000000000000e+03 1.652975935100980678e+02 -4.190553220839645654e+00 1.734675171495383417e+00
1.052000000000000000e+03 1.650612861512929612e+02 -4.060590401072760258e+00 1.731355199945362244e+00
1.053000000000000000e+03 1.648120154667149961e+02 -3.931206047526110137e+00 1.728825029222590626e+00
1.054000000000000000e+03 1.645499479196522259e+02 -3.802448870741918618e+00 1.727077408094171540e+00
1.055000000000000000e+03 1.642752516217617824e+02 -3.674367921122934089e+00 1.726105004228432938e+00
1.056000000000000000e+03 1.639880963372616520e+02 -3.547012589709727770e+00 1.725900403981949660e+00
1.057000000000000000e+03 1.636886534871232186e+02 -3.420432608957978182e+00 1.726456112186565806e+00
1.058000000000000000e+03 1.633770961532636363e+02 -3.294678053515771143e+00 1.727764551936419757e+00
1.059000000000000000e+03 1.630535990827375770e+02 -3.169799341000886450e+00 1.729818064374962105e+00
1.060000000000000000e+03 1.627183386919300290e+02 -3.045847232778092994e+00 1.732608908481984900e+00
1.061000000000000000e+03 1.623714930707477606e+02 -2.922872834736438108e+00 1.736129260860635126e+00
1.062000000000000000e+03 1.620132419868125169e+02 -2.800927598066544455e+00 1.740371215524446846e+00
1.063000000000000000e+03 1.616437668896523974e+02 -2.680063320037897157e+00 1.745326783684357341e+00
1.064000000000000000e+03 1.612632509148943427e+02 -2.560332144776138463e+00 1.750987893535730144e+00
1.065000000000000000e+03 1.608718788884565924e+02 -2.441786564040361096e+00 1.757346390045382067e+00
1.066000000000000000e+03 1.604698373307406314e+02 -2.324479418000396702e+00 1.764394034738599570e+00
1.067000000000000000e+03 1.600573144608235339e+02 -2.208463896014112748e+00 1.772122505486166677e+00
1.068000000000000000e+03 1.596345002006500522e+02 -2.093793537404699645e+00 1.780523396291382898e+00
1.069000000000000000e+03 1.592015861792249609e+02 -1.980522232237968083e+00 1.789588217077090038e+00
1.070000000000000000e+03 1.587587657368054010e+02 -1.868704222099638157e+00 1.799308393472692114e+00
1.071000000000000000e+03 1.583062339290926559e+02 -1.758394100872629595e+00 1.809675266601177723e+00
1.072000000000000000e+03 1.578441875314249501e+02 -1.649646815514359988e+00 1.820680092866143962e+00
1.073000000000000000e+03 1.573728250429692253e+02 -1.542517666834031242e+00 1.832314043738819009e+00
1.074000000000000000e+03 1.568923466909134845e+02 -1.437062310269924481e+00 1.844568205545082051e+00
1.075000000000000000e+03 1.564029544346591365e+02 -1.333336756666692269e+00 1.857433579252489642e+00
1.076000000000000000e+03 1.559048519700130555e+02 -1.231397373052649291e+00 1.870901080257295401e+00
1.077000000000000000e+03 1.553982447333799826e+02 -1.131300883417065473e+00 1.884961538171474604e+00
1.078000000000000000e+03 1.548833399059544718e+02 -1.033104369487459318e+00 1.899605696609743877e+00
1.079000000000000000e+03 1.543603464179133198e+02 -9.368652715068875869e-01 1.914824212976585782e+00
1.080000000000000000e+03 1.538294749526079102e+02 -8.426413890112399718e-01 1.930607658253273184e+00
1.081000000000000000e+03 1.532909379507559606e+02 -7.504908816065295474e-01 1.946946516784886505e+00
1.082000000000000000e+03 1.527449496146342653e+02 -6.604722697461848924e-01 1.963831186067341639e+00
1.083000000000000000e+03 1.521917259122706128e+02 -5.726444355083440962e-01 1.981251976534409431e+00
1.084000000000000000e+03 1.516314845816361014e+02 -4.870666233731453243e-01 1.999199111344738267e+00
1.085000000000000000e+03 1.510644451348373423e+02 -4.037984410000194924e-01 2.017662726168878873e+00
1.086000000000000000e+03 1.504908288623086889e+02 -3.228998600049822199e-01 2.036632868976303801e+00
1.087000000000000000e+03 1.499108588370044117e+02 -2.444312167379267819e-01 2.056099499822432897e+00
1.088000000000000000e+03 1.493247599185909849e+02 -1.684532130599145361e-01 2.076052490635653669e+00
1.089000000000000000e+03 1.487327587576393171e+02 -9.502691712046941463e-02 2.096481625004343208e+00
1.090000000000000000e+03 1.481350843840880316e+02 -2.420380015498593482e-02 2.117376073353403942e+00
1.091000000000000000e+03 1.475319699728255785e+02 4.400430093788187946e-02 2.138722811199101237e+00
1.092000000000000000e+03 1.469236511101045437e+02 1.095955472871811137e-01 2.160508179267510709e+00
1.093000000000000000e+03 1.463103652156625003e+02 1.725681708127323188e-01 2.182718405916561633e+00
1.094000000000000000e+03 1.456923515469736401e+02 2.329204744532916982e-01 2.205339606870122537e+00
1.095000000000000000e+03 1.450698512034994110e+02 2.906508323947153416e-01 2.228357784952085474e+00
1.096000000000000000e+03 1.444431071309402341e+02 3.457576902981218114e-01 2.251758829820451613e+00
1.097000000000000000e+03 1.438123641254863117e+02 3.982395655280559499e-01 2.275528517701414177e+00
1.098000000000000000e+03 1.431778688380689175e+02 4.480950473806520340e-01 2.299652511123444487e+00
1.099000000000000000e+03 1.425398697786116884e+02 4.953227973117965144e-01 2.324116358651376668e+00
1.100000000000000000e+03 1.418986173202816303e+02 5.399215491652926691e-01 2.348905494620490586e+00
1.101000000000000000e+03 1.412543637037403244e+02 5.818901094010220376e-01 2.374005238870597445e+00
1.102000000000000000e+03 1.406073630413951605e+02 6.212273573231088530e-01 2.399400796480124942e+00
1.103000000000000000e+03 1.399578713216506003e+02 6.579322453080838073e-01 2.425077257500201977e+00
1.104000000000000000e+03 1.393061464131591833e+02 6.920037990330453193e-01 2.451019596688741142e+00
1.105000000000000000e+03 1.386524480690727898e+02 7.234411177038254648e-01 2.477212673244525654e+00
1.106000000000000000e+03 1.379970379312938178e+02 7.522433742831513559e-01 2.503641230541294060e+00
1.107000000000000000e+03 1.373401795347263032e+02 7.784098157188085176e-01 2.530289895861822291e+00
1.108000000000000000e+03 1.366821383115272113e+02 8.019397631718055974e-01 2.557143180132010585e+00
1.109000000000000000e+03 1.360231815953575563e+02 8.228326122445359658e-01 2.584185477654965979e+00
1.110000000000000000e+03 1.353635786256335791e+02 8.410878332089423148e-01 2.611401065845092351e+00
1.111000000000000000e+03 1.347036005517778392e+02 8.567049712346785917e-01 2.638774104962167577e+00
1.112000000000000000e+03 1.340435204374705052e+02 8.696836466172749303e-01 2.666288637845430021e+00
1.113000000000000000e+03 1.333836132649006174e+02 8.800235550062988077e-01 2.693928589647669014e+00
1.114000000000000000e+03 1.327241559390170380e+02 8.877244676335213081e-01 2.721677767569302464e+00
1.115000000000000000e+03 1.320654272917797414e+02 8.927862315410769467e-01 2.749519860592462894e+00
1.116000000000000000e+03 1.314077080864111053e+02 8.952087698096296009e-01 2.777438439215087485e+00
1.117000000000000000e+03 1.307512810216468608e+02 8.949920817865349987e-01 2.805416955184995231e+00
1.118000000000000000e+03 1.300964307359874397e+02 8.921362433140030967e-01 2.833438741233973879e+00
1.119000000000000000e+03 1.294434438119491233e+02 8.866414069572626788e-01 2.861487010811867737e+00
1.120000000000000000e+03 1.287926087803151347e+02 8.785078022327236225e-01 2.889544857820658841e+00
1.121000000000000000e+03 1.281442161243869577e+02 8.677357358361413864e-01 2.917595256348552990e+00
1.122000000000000000e+03 1.274985582842353864e+02 8.543255918707790553e-01 2.945621060404064018e+00
1.123000000000000000e+03 1.268559296609518867e+02 8.382778320755711610e-01 2.973605003650098499e+00
1.124000000000000000e+03 1.262166266208993903e+02 8.195929960532866154e-01 3.001529699138038243e+00
1.125000000000000000e+03 1.255809474999639974e+02 7.982717014986929760e-01 3.029377639041829884e+00
1.126000000000000000e+03 1.249491926078057134e+02 7.743146444267182682e-01 3.057131194392063822e+00
1.127000000000000000e+03 1.243216642321098959e+02 7.477225994006158061e-01 3.084772614810063818e+00
1.128000000000000000e+03 1.236986666428383046e+02 7.184964197601260150e-01 3.112284028241968592e+00
1.129000000000000000e+03 1.230804766007323678e+02 6.866434496502099583e-01 3.139648771394760285e+00
1.130000000000000000e+03 1.224672544563117782e+02 6.521968505178900033e-01 3.166855400434680945e+00
1.131000000000000000e+03 1.218591319086055336e+02 6.151965252272962870e-01 3.193893731674144032e+00
1.132000000000000000e+03 1.212562413980131311e+02 5.756827297769504526e-01 3.220753515437413395e+00
1.133000000000000000e+03 1.206587161077812880e+02 5.336960741310252665e-01 3.247424435919850527e+00
1.134000000000000000e+03 1.200666899654810038e+02 4.892775230506100081e-01 3.273896111047168933e+00
1.135000000000000000e+03 1.194802976444839118e+02 4.424683969249710858e-01 3.300158092334680049e+00
1.136000000000000000e+03 1.188996745654393976e+02 3.933103726028155389e-01 3.326199864746551160e+00
1.137000000000000000e+03 1.183249568977513348e+02 3.418454842235538194e-01 3.352010846555053103e+00
1.138000000000000000e+03 1.177562815610546778e+02 2.881161240485620723e-01 3.377580389199813293e+00
1.139000000000000000e+03 1.171937862266925379e+02 2.321650432924449448e-01 3.402897777147066094e+00
1.140000000000000000e+03 1.166376093191926060e+02 1.740353529542980060e-01 3.427952227748906289e+00
1.141000000000000000e+03 1.160878900177443711e+02 1.137705246489707916e-01 3.452732891102539448e+00
1.142000000000000000e+03 1.155447682576754715e+02 5.141439143832885611e-02 3.477228849909530517e+00
1.143000000000000000e+03 1.150083847319288282e+02 -1.298885133748268160e-02 3.501429119335064399e+00
1.144000000000000000e+03 1.144788808925391379e+02 -7.939464522877753838e-02 3.525322646867184773e+00
1.145000000000000000e+03 1.139563989521099359e+02 -1.477580678450650942e-01 3.548898312176057779e+00
1.146000000000000000e+03 1.134410818852901031e+02 -2.180338320237875660e-01 3.572144926973213952e+00
1.147000000000000000e+03 1.129330734302509285e+02 -2.901762849990576210e-01 3.595051234870806134e+00
1.148000000000000000e+03 1.124325180901626595e+02 -3.641394075703956457e-01 3.617605911240859395e+00
1.149000000000000000e+03 1.119395611346714077e+02 -4.398768132714677703e-01 3.639797563074520514e+00
1.150000000000000000e+03 1.114543486013758695e+02 -5.173417475388221165e-01 3.661614728841310118e+00
1.151000000000000000e+03 1.109770272973042040e+02 -5.964870868806264603e-01 3.683045878348378821e+00
1.152000000000000000e+03 1.105077448003906682e+02 -6.772653380454061178e-01 3.704079412599751375e+00
1.153000000000000000e+03 1.100466494609526222e+02 -7.596286371907813306e-01 3.724703663655583696e+00
1.154000000000000000e+03 1.095938904031670091e+02 -8.435287490522030973e-01 3.744906894491411009e+00
1.155000000000000000e+03 1.091496175265474449e+02 -9.289170661116936678e-01 3.764677298857403986e+00
1.156000000000000000e+03 1.087139815074207831e+02 -1.015744607766580376e+00 3.784003001137613786e+00
1.157000000000000000e+03 1.082871338004040354e+02 -1.103962019498234692e+00 3.802872056209230855e+00
1.158000000000000000e+03 1.078692266398810773e+02 -1.193519572040809829e+00 3.821272449301828633e+00
1.159000000000000000e+03 1.074604130414794412e+02 -1.284367160549978237e+00 3.839192095856622355e+00
1.160000000000000000e+03 1.070608468035471077e+02 -1.376454303771667664e+00 3.856618841385717644e+00
1.161000000000000000e+03 1.066706825086293549e+02 -1.469730143210800533e+00 3.873540461331357765e+00
1.162000000000000000e+03 1.062900755249454079e+02 -1.564143442300027553e+00 3.889944660925185094e+00
1.163000000000000000e+03 1.059191820078653024e+02 -1.659642585568470663e+00 3.905819075047481270e+00
1.164000000000000000e+03 1.055581589013867472e+02 -1.756175577810455080e+00 3.921151268086429109e+00
1.165000000000000000e+03 1.052071639396117035e+02 -1.853690043254250241e+00 3.935928733797355861e+00
1.166000000000000000e+03 1.048663556482233759e+02 -1.952133224730805194e+00 3.950138895161988906e+00
1.167000000000000000e+03 1.045358933459628901e+02 -2.051451982842487531e+00 3.963769104247709674e+00
1.168000000000000000e+03 1.042159026713440539e+02 -2.151593645857314829e+00 3.976808736895813379e+00
1.169000000000000000e+03 1.039063716875871251e+02 -2.252508572707959900e+00 3.989255505764097265e+00
1.170000000000000000e+03 1.036072534805685450e+02 -2.354147620411743969e+00 4.001109226000422403e+00
1.171000000000000000e+03 1.033185005141167636e+02 -2.456461295498353792e+00 4.012369727621917015e+00
1.172000000000000000e+03 1.030400646284594899e+02 -2.559399753253342347e+00 4.023036855558345337e+00
1.173000000000000000e+03 1.027718970386703035e+02 -2.662912796961637074e+00 4.033110469695460054e+00
1.174000000000000000e+03 1.025139483331158914e+02 -2.766949877151044124e+00 4.042590444918363168e+00
1.175000000000000000e+03 1.022661684719026312e+02 -2.871460090835752599e+00 4.051476671154871312e+00
1.176000000000000000e+03 1.020285067853235859e+02 -2.976392180759838357e+00 4.059769053418862406e+00
1.177000000000000000e+03 1.018009119723056131e+02 -3.081694534640772698e+00 4.067467511853650741e+00
1.178000000000000000e+03 1.015833320988560189e+02 -3.187315184412923941e+00 4.074571981775336305e+00
1.179000000000000000e+03 1.013757145965095106e+02 -3.293201805471063004e+00 4.081082413716163870e+00
1.180000000000000000e+03 1.011780062607752342e+02 -3.399301715913868538e+00 4.086998773467887425e+00
1.181000000000000000e+03 1.009901532495834999e+02 -3.505561875787432946e+00 4.092321042125128372e+00
1.182000000000000000e+03 1.008121010817329051e+02 -3.611928886328767074e+00 4.097049216128734628e+00
1.183000000000000000e+03 1.006437946353370165e+02 -3.718348989209302236e+00 4.101183307309137049e+00
1.184000000000000000e+03 1.004851781462713518e+02 -3.824768065778400228e+00 4.104723342929713858e+00
1.185000000000000000e+03 1.003361952066204452e+02 -3.931131636306853583e+00 4.107669365730146183e+00
1.186000000000000000e+03 1.001967887631244309e+02 -4.037384859230392031e+00 4.110021433969778926e+00
1.187000000000000000e+03 1.000669011156263224e+02 -4.143472530393189857e+00 4.111779621470983415e+00
1.188000000000000000e+03 9.994647391551851001e+01 -4.249339082291369252e+00 4.112944017662508500e+00
1.189000000000000000e+03 9.983544816419011170e+01 -4.354928583316502788e+00 4.113514727622851197e+00
1.190000000000000000e+03 9.973376421147348481e+01 -4.460184736999119437e+00 4.113491872123604232e+00
1.191000000000000000e+03 9.964136175409134921e+01 -4.565050881252211923e+00 4.112875587672828459e+00
1.192000000000000000e+03 9.955817983410368299e+01 -4.669469987614743189e+00 4.111666026558399523e+00
1.193000000000000000e+03 9.948415683735451864e+01 -4.773384660495142207e+00 4.109863356891374941e+00
1.194000000000000000e+03 9.941923049191896666e+01 -4.876737136414821983e+00 4.107467762649354093e+00
1.195000000000000000e+03 9.936333786655001177e+01 -4.979469283251672707e+00 4.104479443719832865e+00
1.196000000000000000e+03 9.931641536912553647e+01 -5.081522599483571767e+00 4.100898615943567194e+00
1.197000000000000000e+03 9.927839874509514573e+01 -5.182838213431891106e+00 4.096725511157931265e+00
1.198000000000000000e+03 9.924922307592707682e+01 -5.283356882504998353e+00 4.091960377240274838e+00
1.199000000000000000e+03 9.922882277755510927e+01 -5.383018992441763295e+00 4.086603478151285884e+00
1.200000000000000000e+03 9.921713159882557420e+01 -5.481764556555061674e+00 4.080655093978349690e+00
1.201000000000000000e+03 9.921408261994402267e+01 -5.579533214975282540e+00 4.074115520978906169e+00
1.202000000000000000e+03 9.921960825092240555e+01 -5.676264233893829392e+00 4.066985071623811621e+00
1.203000000000000000e+03 9.923364023002574186e+01 -5.771896504806628414e+00 4.059264074640695164e+00
1.204000000000000000e+03 9.925610962221919920e+01 -5.866368543757632281e+00 4.050952875057322267e+00
1.205000000000000000e+03 9.928694681761496099e+01 -5.959618490582327510e+00 4.042051834244953845e+00
1.206000000000000000e+03 9.932608152991899431e+01 -6.051584108151234709e+00 4.032561329961698249e+00
1.207000000000000000e+03 9.937342703376496900e+01 -6.142209284110183631e+00 4.022483141340035928e+00
1.208000000000000000e+03 9.942883267089204935e+01 -6.231463623811271724e+00 4.011824622121460848e+00
1.209000000000000000e+03 9.949213076572118553e+01 -6.319323093151874460e+00 4.000594578046623440e+00
1.210000000000000000e+03 9.956315233145059551e+01 -6.405763537379076666e+00 3.988801886652529216e+00
1.211000000000000000e+03 9.964172706720540873e+01 -6.490760680868337573e+00 3.976455497429879582e+00
1.212000000000000000e+03 9.972768335518749439e+01 -6.574290126902163856e+00 3.963564431980411307e+00
1.213000000000000000e+03 9.982084825782520454e+01 -6.656327357448776461e+00 3.950137784174246214e+00
1.214000000000000000e+03 9.992104751492304615e+01 -6.736847732940779210e+00 3.936184720307225327e+00
1.215000000000000000e+03 1.000281055408114668e+02 -6.815826492053830954e+00 3.921714479258255004e+00
1.216000000000000000e+03 1.001418454214966971e+02 -6.893238751485316840e+00 3.906736372646650857e+00
1.217000000000000000e+03 1.002620889118102809e+02 -6.969059505733008031e+00 3.891259784989476334e+00
1.218000000000000000e+03 1.003886564325590456e+02 -7.043263626873742744e+00 3.875294173858887525e+00
1.219000000000000000e+03 1.005213670676746744e+02 -7.115825864342086859e+00 3.858849070039473528e+00
1.220000000000000000e+03 1.006600385613634927e+02 -7.186720844709005185e+00 3.841934077685599025e+00
1.221000000000000000e+03 1.008044873152563383e+02 -7.255923071460539830e+00 3.824558874478751758e+00
1.222000000000000000e+03 1.009545283855581062e+02 -7.323406924776461935e+00 3.806733211784873117e+00
1.223000000000000000e+03 1.011099754801976900e+02 -7.389146661308957142e+00 3.788466914811714492e+00
1.224000000000000000e+03 1.012706409559775409e+02 -7.453116413961287101e+00 3.769769882766168756e+00
1.225000000000000000e+03 1.014363358157234956e+02 -7.515290191666458064e+00 3.750652089011616397e+00
1.226000000000000000e+03 1.016068697054346046e+02 -7.575641879165894821e+00 3.731123581225269437e+00
1.227000000000000000e+03 1.017820509114327194e+02 -7.634145236788107525e+00 3.711194481555510460e+00
1.228000000000000000e+03 1.019616863575123773e+02 -7.690773900227358517e+00 3.690874986779237421e+00
1.229000000000000000e+03 1.021455816020904308e+02 -7.745501380322340701e+00 3.670175368459205778e+00
1.230000000000000000e+03 1.023335408353558478e+02 -7.798301062834828379e+00 3.649105973101365752e+00
1.231000000000000000e+03 1.025253668764194828e+02 -7.849146208228371613e+00 3.627677222312215122e+00
1.232000000000000000e+03 1.027208611704637491e+02 -7.898009951446944399e+00 3.605899612956129374e+00
1.233000000000000000e+03 1.029198237858924045e+02 -7.944865301693624815e+00 3.583783717312713613e+00
1.234000000000000000e+03 1.031220534114803513e+02 -7.989685142209258295e+00 3.561340183234137147e+00
1.235000000000000000e+03 1.033273473535232654e+02 -8.032442230051135112e+00 3.538579734302483182e+00
1.236000000000000000e+03 1.035355015329874249e+02 -8.073109195871651877e+00 3.515513169987085629e+00
1.237000000000000000e+03 1.037463104826593963e+02 -8.111658543696981027e+00 3.492151365801874352e+00
1.238000000000000000e+03 1.039595673442958628e+02 -8.148062650705750087e+00 3.468505273462712868e+00
1.239000000000000000e+03 1.041750638657732253e+02 -8.182293767007694285e+00 3.444585921044747590e+00
1.240000000000000000e+03 1.043925903982375729e+02 -8.214324015422345582e+00 3.420404413139745081e+00
1.241000000000000000e+03 1.046119358932541701e+02 -8.244125391257680846e+00 3.395971931013436418e+00
1.242000000000000000e+03 1.048328878999574272e+02 -8.271669762088812661e+00 3.371299732762857548e+00
1.243000000000000000e+03 1.050552325622004020e+02 -8.296928867536637497e+00 3.346399153473692323e+00
1.244000000000000000e+03 1.052787546157048126e+02 -8.319874319046524747e+00 3.321281605377616852e+00
1.245000000000000000e+03 1.055032373852105962e+02 -8.340477599666970221e+00 3.295958578009640316e+00
1.246000000000000000e+03 1.057284730200360912e+02 -8.358717137271231223e+00 3.270441490576996291e+00
1.247000000000000000e+03 1.059542933379313894e+02 -8.374599615495613492e+00 3.244741246853386496e+00
1.248000000000000000e+03 1.061805393374293232e+02 -8.388138912388853896e+00 3.218868675375431643e+00
1.249000000000000000e+03 1.064070509902040556e+02 -8.399349049974489390e+00 3.192834676903179680e+00
1.250000000000000000e+03 1.066336672390116007e+02 -8.408244194575845043e+00 3.166650224566037064e+00
1.251000000000000000e+03 1.068602259956303300e+02 -8.414838657140972344e+00 3.140326364008691140e+00
1.252000000000000000e+03 1.070865641388013927e+02 -8.419146893567635459e+00 3.113874213537042746e+00
1.253000000000000000e+03 1.073125175121692365e+02 -8.421183505028256633e+00 3.087304964264133922e+00
1.254000000000000000e+03 1.075379209222219998e+02 -8.420963238294891795e+00 3.060629880256073854e+00
1.255000000000000000e+03 1.077626081362321173e+02 -8.418500986064206160e+00 3.033860298677971024e+00
1.256000000000000000e+03 1.079864118801966555e+02 -8.413811787282407195e+00 3.007007629939856486e+00
1.257000000000000000e+03 1.082091638367779609e+02 -8.406910827470250425e+00 2.980083357842616909e+00
1.258000000000000000e+03 1.084306946432439389e+02 -8.397813439047965289e+00 2.953099039723920072e+00
1.259000000000000000e+03 1.086508338894086307e+02 -8.386535101660243186e+00 2.926066306604143907e+00
1.260000000000000000e+03 1.088694101155728049e+02 -8.373091442501204185e+00 2.898996863332306440e+00
1.261000000000000000e+03 1.090862508104641364e+02 -8.357498236639344213e+00 2.871902488731988612e+00
1.262000000000000000e+03 1.093011824091779971e+02 -8.339771407342512433e+00 2.844795035747269996e+00
1.263000000000000000e+03 1.095140302911177486e+02 -8.319927026402876180e+00 2.817686431588652951e+00
1.264000000000000000e+03 1.097246187779352624e+02 -8.297981314461882363e+00 2.790588677878988566e+00
1.265000000000000000e+03 1.099327711314714264e+02 -8.273950641335220624e+00 2.763513850799411475e+00
1.266000000000000000e+03 1.101383095516965369e+02 -8.247851526337793615e+00 2.736474101235262246e+00
1.267000000000000000e+03 1.103410551746508617e+02 -8.219700638608676613e+00 2.709481654922018201e+00
1.268000000000000000e+03 1.105408280703851318e+02 -8.189514797436084237e+00 2.682548812591222465e+00
1.269000000000000000e+03 1.107374472409009059e+02 -8.157310972582331843e+00 2.655687950116408569e+00
1.270000000000000000e+03 1.109307306180911468e+02 -8.123106284608816452e+00 2.628911518659033053e+00
1.271000000000000000e+03 1.111204950616806570e+02 -8.086918005200951498e+00 2.602232044814402290e+00
1.272000000000000000e+03 1.113065563571665280e+02 -8.048763557493160192e+00 2.575662130757600199e+00
1.273000000000000000e+03 1.114887292137587309e+02 -8.008660516393829809e+00 2.549214454389416851e+00
1.274000000000000000e+03 1.116668272623204530e+02 -7.966626608910267748e+00 2.522901769482273959e+00
1.275000000000000000e+03 1.118406630533086172e+02 -7.922679714473678914e+00 2.496736905826160147e+00
1.276000000000000000e+03 1.120100480547144031e+02 -7.876837865264127103e+00 2.470732769374552440e+00
1.277000000000000000e+03 1.121747926500037096e+02 -7.829119246535499954e+00 2.444902342390347538e+00
1.278000000000000000e+03 1.123347061360576333e+02 -7.779542196940466781e+00 2.419258683591789971e+00
1.279000000000000000e+03 1.124895967211128038e+02 -7.728125208855451511e+00 2.393814928298398925e+00
1.280000000000000000e+03 1.126392715227021029e+02 -7.674886928705596745e+00 2.368584288576898622e+00
1.281000000000000000e+03 1.127835365655950142e+02 -7.619846157289721589e+00 2.343580053387145590e+00
1.282000000000000000e+03 1.129221967797380444e+02 -7.563021850105299038e+00 2.318815588728055488e+00
1.283000000000000000e+03 1.130550559981953143e+02 -7.504433117673409370e+00 2.294304337783535264e+00
1.284000000000000000e+03 1.131819169550889796e+02 -7.444099225863708647e+00 2.270059821068406869e+00
1.285000000000000000e+03 1.133026066266571661e+02 -7.382042566751925605e+00 2.246094253912474858e+00
1.286000000000000000e+03 1.134170525741034368e+02 -7.318297607529606452e+00 2.222414381404839379e+00
1.287000000000000000e+03 1.135252074652363632e+02 -7.252902044056102504e+00 2.199025596352193634e+00
1.288000000000000000e+03 1.136270238099298950e+02 -7.185893840102721697e+00 2.175933317687222868e+00
1.289000000000000000e+03 1.137224539599041577e+02 -7.117311227893404535e+00 2.153142990514133270e+00
1.290000000000000000e+03 1.138114501085063921e+02 -7.047192708645396486e+00 2.130660086154171573e+00
1.291000000000000000e+03 1.138939642904915956e+02 -6.975577053109927483e+00 2.108490102191149962e+00
1.292000000000000000e+03 1.139699483818034196e+02 -6.902503302112887873e+00 2.086638562516971440e+00
1.293000000000000000e+03 1.140393540993549522e+02 -6.828010767095495481e+00 2.065111017377149860e+00
1.294000000000000000e+03 1.141021330008096442e+02 -6.752139030654981333e+00 2.043913043416338393e+00
1.295000000000000000e+03 1.141582364843618791e+02 -6.674927947085258495e+00 2.023050243723850894e+00
1.296000000000000000e+03 1.142076157885180692e+02 -6.596417642917598911e+00 2.002528247879184597e+00
1.297000000000000000e+03 1.142502219918772823e+02 -6.516648517461314682e+00 1.982352711997546368e+00
1.298000000000000000e+03 1.142860060129120541e+02 -6.435661243344419802e+00 1.962529318775373843e+00
1.299000000000000000e+03 1.143149186097493697e+02 -6.353496767054321204e+00 1.943063777535862346e+00
1.300000000000000000e+03 1.143369103799512203e+02 -6.270196309478482277e+00 1.923961824274486254e+00
1.301000000000000000e+03 1.143519317602956562e+02 -6.185801366445104144e+00 1.905229221704522802e+00
1.302000000000000000e+03 1.143599330265574423e+02 -6.100353709263801605e+00 1.886871759302578111e+00
1.303000000000000000e+03 1.143608642932889410e+02 -6.013895385266271099e+00 1.868895253354108554e+00
1.304000000000000000e+03 1.143546755136009239e+02 -5.926468718346978193e+00 1.851305546998945228e+00
1.305000000000000000e+03 1.143413164789433552e+02 -5.838116309503821100e+00 1.834108510276818871e+00
1.306000000000000000e+03 1.143207368188861750e+02 -5.748881037378813730e+00 1.817310040172881003e+00
1.307000000000000000e+03 1.142928860009002818e+02 -5.658806058798760752e+00 1.800916060663232177e+00
1.308000000000000000e+03 1.142577133301380172e+02 -5.567934809315922884e+00 1.784932522760440232e+00
1.309000000000000000e+03 1.142151679492144041e+02 -5.476311003748711492e+00 1.769365404559069210e+00
1.310000000000000000e+03 1.141651988379875604e+02 -5.383978636722342337e+00 1.754220711281199163e+00
1.311000000000000000e+03 1.141077548133397386e+02 -5.290981983209525730e+00 1.739504475321952404e+00
1.312000000000000000e+03 1.140427845289581512e+02 -5.197365599071140707e+00 1.725222756295016646e+00
1.313000000000000000e+03 1.139702364751155841e+02 -5.103174321596898544e+00 1.711381641078167704e+00
1.314000000000000000e+03 1.138900589784514636e+02 -5.008453270046035577e+00 1.697987243858795514e+00
1.315000000000000000e+03 1.138022002017524983e+02 -4.913247846187975831e+00 1.685045706179425506e+00
1.316000000000000000e+03 1.137066081437335754e+02 -4.817603734843007857e+00 1.672563196983244849e+00
1.317000000000000000e+03 1.136032306388184026e+02 -4.721566904422967781e+00 1.660545912659623369e+00
1.318000000000000000e+03 1.134920153569206320e+02 -4.625183607471904601e+00 1.649000077089639360e+00
1.319000000000000000e+03 1.133729098032244025e+02 -4.528500381206764125e+00 1.637931941691603388e+00
1.320000000000000000e+03 1.132458613179652787e+02 -4.431564048058057814e+00 1.627347785466581875e+00
1.321000000000000000e+03 1.131108170762110490e+02 -4.334421716210543174e+00 1.617253915043920021e+00
1.322000000000000000e+03 1.129677240876423951e+02 -4.237120780143894372e+00 1.607656664726764939e+00
1.323000000000000000e+03 1.128165291963340167e+02 -4.139708921173382628e+00 1.598562396537593244e+00
1.324000000000000000e+03 1.126572008114215322e+02 -4.042231663511813622e+00 1.589975949353901630e+00
1.325000000000000000e+03 1.124897943621505902e+02 -3.944725011833470685e+00 1.581895967482134235e+00
1.326000000000000000e+03 1.123143875652329484e+02 -3.847222733479827017e+00 1.574319520586255017e+00
1.327000000000000000e+03 1.121310587608050469e+02 -3.749758795934968081e+00 1.567243649856789434e+00
1.328000000000000000e+03 1.119398869136956307e+02 -3.652367367199065296e+00 1.560665367950261340e+00
1.329000000000000000e+03 1.117409516146927047e+02 -3.555082816161831083e+00 1.554581658928628540e+00
1.330000000000000000e+03 1.115343330818109848e+02 -3.457939712975989011e+00 1.548989478198718572e+00
1.331000000000000000e+03 1.113201121615591092e+02 -3.360972829430740383e+00 1.543885752451667148e+00
1.332000000000000000e+03 1.110983703302068903e+02 -3.264217139325221950e+00 1.539267379602351715e+00
1.333000000000000000e+03 1.108691896950527820e+02 -3.167707818841980050e+00 1.535131228728831454e+00
1.334000000000000000e+03 1.106326529956908047e+02 -3.071480246920426094e+00 1.531474140011779284e+00
1.335000000000000000e+03 1.103888436052782396e+02 -2.975570005630308934e+00 1.528292924673922304e+00
1.336000000000000000e+03 1.101378455318025686e+02 -2.880012880545177012e+00 1.525584364919474911e+00
1.337000000000000000e+03 1.098797434193489266e+02 -2.784844861115839620e+00 1.523345213873578130e+00
1.338000000000000000e+03 1.096146225493673398e+02 -2.690102141043838824e+00 1.521572195521732285e+00
1.339000000000000000e+03 1.093425688419399933e+02 -2.595821118654908055e+00 1.520262004649237442e+00
1.340000000000000000e+03 1.090636688570484694e+02 -2.502038397272439152e+00 1.519411306780626525e+00
1.341000000000000000e+03 1.087780097958411716e+02 -2.408790785590949834e+00 1.519016738119103982e+00
1.342000000000000000e+03 1.084856795019004068e+02 -2.316115298049543636e+00 1.519074905485979787e+00
1.343000000000000000e+03 1.081867664625098371e+02 -2.224049155205378270e+00 1.519582386260108553e+00
1.344000000000000000e+03 1.078813598099216335e+02 -2.132629784107129556e+00 1.520535728317323532e+00
1.345000000000000000e+03 1.075695493226237431e+02 -2.041894818668454903e+00 1.521931449969873729e+00
1.346000000000000000e+03 1.072514254266073834e+02 -1.951882100041461454e+00 1.523766039905861458e+00
1.347000000000000000e+03 1.069270791966340397e+02 -1.862629676990167127e+00 1.526035957128676790e+00
1.348000000000000000e+03 1.065966023575028458e+02 -1.774175806263967425e+00 1.528737630896435107e+00
1.349000000000000000e+03 1.062600872853179794e+02 -1.686558952971100700e+00 1.531867460661412883e+00
1.350000000000000000e+03 1.059176270087557299e+02 -1.599817790952110297e+00 1.535421816009484353e+00
1.351000000000000000e+03 1.055693152103320074e+02 -1.513991203153314480e+00 1.539397036599558621e+00
1.352000000000000000e+03 1.052152462276694251e+02 -1.429118282000265694e+00 1.543789432103014336e+00
1.353000000000000000e+03 1.048555150547646662e+02 -1.345238329771218488e+00 1.548595282143137020e+00
1.354000000000000000e+03 1.044902173432557362e+02 -1.262390858970594776e+00 1.553810836234555293e+00
1.355000000000000000e+03 1.041194494036892593e+02 -1.180615592702445538e+00 1.559432313722677987e+00
1.356000000000000000e+03 1.037433082067877734e+02 -1.099952465043919414e+00 1.565455903723128595e+00
1.357000000000000000e+03 1.033618913847169694e+02 -1.020441621418725298e+00 1.571877765061184151e+00
1.358000000000000000e+03 1.029752972323529434e+02 -9.421234189705972595e-01 1.578694026211209023e+00
1.359000000000000000e+03 1.025836247085496353e+02 -8.650384269367608070e-01 1.585900785236093125e+00
1.360000000000000000e+03 1.021869734374058396e+02 -7.892274270213964771e-01 1.593494109726687924e+00
1.361000000000000000e+03 1.017854437095327569e+02 -7.147314137691046509e-01 1.601470036741242664e+00
1.362000000000000000e+03 1.013791364833210338e+02 -6.415915949383700356e-01 1.609824572744839033e+00
1.363000000000000000e+03 1.009681584190335855e+02 -5.698439402542745391e-01 1.618553007217784945e+00
1.364000000000000000e+03 1.005526370376279459e+02 -4.995027629241485245e-01 1.627647845545197258e+00
1.365000000000000000e+03 1.001327057270830210e+02 -4.305769627227439833e-01 1.637100853830401936e+00
1.366000000000000000e+03 9.970849872591915641e+01 -3.630754616532777534e-01 1.646903743109149776e+00
1.367000000000000000e+03 9.928015112479062054e+01 -2.970072039690166421e-01 1.657048169244756952e+00
1.368000000000000000e+03 9.884779886807740468e+01 -2.323811561948586624e-01 1.667525732823237794e+00
1.369000000000000000e+03 9.841157875547764888e+01 -1.692063071489172121e-01 1.678327979048443774e+00
1.370000000000000000e+03 9.797162844359952771e+01 -1.074916679641040873e-01 1.689446397637197839e+00
1.371000000000000000e+03 9.752808644755349121e+01 -4.724627210971204389e-02 1.700872422714430510e+00
1.372000000000000000e+03 9.708109214254444908e+01 1.152082458700093466e-02 1.712597432708318657e+00
1.373000000000000000e+03 9.663078576546374165e+01 6.880054391922980905e-02 1.724612750245418935e+00
1.374000000000000000e+03 9.617730841648140938e+01 1.245837852790380729e-01 1.736909642045804780e+00
1.375000000000000000e+03 9.572080206063823482e+01 1.788614256357752563e-01 1.749479318818204066e+00
1.376000000000000000e+03 9.526140952943789841e+01 2.316243195144942757e-01 1.762312935155134541e+00
1.377000000000000000e+03 9.479927452243919106e+01 2.828632989743666282e-01 1.775401589428038607e+00
1.378000000000000000e+03 9.433454160884791406e+01 3.325691735871010302e-01 1.788736323682421636e+00
1.379000000000000000e+03 9.386735622910933330e+01 3.807327304153596548e-01 1.802308123532988082e+00
1.380000000000000000e+03 9.339786469649995126e+01 4.273447339911741749e-01 1.816107918058775805e+00
1.381000000000000000e+03 9.292621419871996125e+01 4.723959262943639437e-01 1.830126579698295730e+00
1.382000000000000000e+03 9.245255279948511884e+01 5.158770267309514823e-01 1.844354924144663288e+00
1.383000000000000000e+03 9.197702944011901138e+01 5.577787321115806884e-01 1.858783710240739184e+00
1.384000000000000000e+03 9.149979394114521369e+01 5.980917166299325460e-01 1.873403639874264393e+00
1.385000000000000000e+03 9.102099700387925907e+01 6.368066318411430560e-01 1.888205357872994483e+00
1.386000000000000000e+03 9.054079021202089450e+01 6.739141066402182245e-01 1.903179451899838392e+00
1.387000000000000000e+03 9.005932603324622221e+01 7.094047472404534371e-01 1.918316452347993417e+00
1.388000000000000000e+03 8.957675782079972748e+01 7.432691371518480583e-01 1.933606832236081319e+00
1.389000000000000000e+03 8.909323981508647705e+01 7.754978371595239173e-01 1.949041007103284651e+00
1.390000000000000000e+03 8.860892714526424641e+01 8.060813853021413511e-01 1.964609334904485305e+00
1.391000000000000000e+03 8.812397583083559027e+01 8.350102968503159140e-01 1.980302115905396620e+00
1.392000000000000000e+03 8.763854278324002678e+01 8.622750642850349756e-01 1.996109592577701930e+00
1.393000000000000000e+03 8.715278580744622161e+01 8.878661572760758736e-01 2.012021949494192885e+00
1.394000000000000000e+03 8.666686360354397323e+01 9.117740226604217346e-01 2.028029313223900676e+00
1.395000000000000000e+03 8.618093576833639702e+01 9.339890844206786280e-01 2.044121752227237021e+00
1.396000000000000000e+03 8.569516279693210947e+01 9.545017436634916086e-01 2.060289276751129162e+00
1.397000000000000000e+03 8.520970608433736970e+01 9.733023785979634246e-01 2.076521838724153746e+00
1.398000000000000000e+03 8.472472792704799360e+01 9.903813445140685623e-01 2.092809331651674487e+00
1.399000000000000000e+03 8.424039152464183644e+01 1.005728973761073508e+00 2.109141590510982045e+00
1.400000000000000000e+03 8.375686098137057911e+01 1.019335575725950571e+00 2.125508391646423689e+00
1.401000000000000000e+03 8.327430130775204020e+01 1.031191436811796702e+00 2.141899452664544956e+00
1.402000000000000000e+03 8.279286666072707135e+01 1.041291336380747001e+00 2.158304932815929611e+00
1.403000000000000000e+03 8.231266492672129687e+01 1.049648146163286944e+00 2.174716940062146442e+00
1.404000000000000000e+03 8.183379277232693028e+01 1.056279372657595417e+00 2.191128039519960158e+00
1.405000000000000000e+03 8.135634737309226239e+01 1.061202654289539860e+00 2.207530754326687550e+00
1.406000000000000000e+03 8.088042641439639624e+01 1.064435761666597591e+00 2.223917565565868504e+00
1.407000000000000000e+03 8.040612809232362679e+01 1.065996597831773141e+00 2.240280912192931684e+00
1.408000000000000000e+03 7.993355111453831796e+01 1.065903198517521133e+00 2.256613190960870430e+00
1.409000000000000000e+03 7.946279470115931076e+01 1.064173732399662287e+00 2.272906756345903556e+00
1.410000000000000000e+03 7.899395858563460138e+01 1.060826501351305851e+00 2.289153920473150805e+00
1.411000000000000000e+03 7.852714301561591981e+01 1.055879940696768715e+00 2.305346953042298974e+00
1.412000000000000000e+03 7.806244875383339377e+01 1.049352619465494296e+00 2.321478081253272929e+00
1.413000000000000000e+03 7.759997707897008468e+01 1.041263240645972532e+00 2.337539489731901732e+00
1.414000000000000000e+03 7.713982978653660894e+01 1.031630641439660101e+00 2.353523320455594092e+00
1.415000000000000000e+03 7.668210918974573076e+01 1.020473793514899530e+00 2.369421672678997393e+00
1.416000000000000000e+03 7.622691812038712555e+01 1.007811803260839634e+00 2.385226602859678913e+00
1.417000000000000000e+03 7.577435992970161749e+01 9.936639120413535142e-01 2.400930124583784409e+00
1.418000000000000000e+03 7.532453848925625550e+01 9.780494964489607757e-01 2.416524208491713122e+00
1.419000000000000000e+03 7.487755819181847983e+01 9.609880685587443017e-01 2.432000782203785239e+00
1.420000000000000000e+03 7.443352395223102747e+01 9.424992761822730269e-01 2.447351730245913348e+00
1.421000000000000000e+03 7.399254120828646819e+01 9.226029031215192688e-01 2.462568893975267681e+00
1.422000000000000000e+03 7.355471592160162686e+01 9.013188694227782793e-01 2.477644071505945345e+00
1.423000000000000000e+03 7.312015457849254574e+01 8.786672316305905728e-01 2.492569017634646666e+00
1.424000000000000000e+03 7.268896419084870786e+01 8.546681830416591463e-01 2.507335443766334215e+00
1.425000000000000000e+03 7.226125229700784303e+01 8.293420539587693652e-01 2.521935017839909587e+00
1.426000000000000000e+03 7.183712696263059172e+01 8.027093119447100689e-01 2.536359364253878645e+00
1.427000000000000000e+03 7.141669678157497003e+01 7.747905620761916801e-01 2.550600063792020755e+00
1.428000000000000000e+03 7.100007087677097672e+01 7.456065471977671999e-01 2.564648653549062463e+00
1.429000000000000000e+03 7.058735890109534239e+01 7.151781481757504277e-01 2.578496626856340068e+00
1.430000000000000000e+03 7.017867103824595176e+01 6.835263841521372896e-01 2.592135433207472417e+00
1.431000000000000000e+03 6.977411800361660710e+01 6.506724127985242800e-01 2.605556478184030134e+00
1.432000000000000000e+03 6.937381104517153574e+01 6.166375305700291243e-01 2.618751123381206192e+00
1.433000000000000000e+03 6.897786194431999718e+01 5.814431729592089981e-01 2.631710686333478932e+00
1.434000000000000000e+03 6.858638301679094695e+01 5.451109147499819674e-01 2.644426440440287962e+00
1.435000000000000000e+03 6.819948711350761528e+01 5.076624702715454296e-01 2.656889614891702056e+00
1.436000000000000000e+03 6.781728762146207146e+01 4.691196936522965544e-01 2.669091394594084399e+00
1.437000000000000000e+03 6.743989846458988779e+01 4.295045790737512803e-01 2.681022920095766260e+00
1.438000000000000000e+03 6.706743410464470401e+01 3.888392610244647551e-01 2.692675287512713567e+00
1.439000000000000000e+03 6.670000954207282007e+01 3.471460145539498332e-01 2.704039548454196584e+00
1.440000000000000000e+03 6.633774031688790274e+01 3.044472555265985148e-01 2.715106709948460040e+00
1.441000000000000000e+03 6.598072440972561026e+01 2.607664487778351137e-01 2.725868922799137284e+00
1.442000000000000000e+03 6.562898774228924026e+01 2.161308421555442061e-01 2.736323059998781559e+00
1.443000000000000000e+03 6.528253812551682245e+01 1.705687607322823873e-01 2.746467174485522911e+00
1.444000000000000000e+03 6.494138330903994927e+01 1.241087017269732334e-01 2.756299314002089051e+00
1.445000000000000000e+03 6.460553098101335934e+01 7.677933481125832904e-02 2.765817521090113473e+00
1.446000000000000000e+03 6.427498876794412297e+01 2.860950241584834380e-02 2.775019833084436005e+00
1.447000000000000000e+03 6.394976423452107639e+01 -2.037177996312596745e-02 2.783904282107398043e+00
1.448000000000000000e+03 6.362986488344405700e+01 -7.013532345776266053e-02 2.792468895063152434e+00
1.449000000000000000e+03 6.331529815525331628e+01 -1.206517655220378515e-01 2.800711693631952937e+00
1.450000000000000000e+03 6.300607142815887585e+01 -1.718915696254539327e-01 2.808630694264467209e+00
1.451000000000000000e+03 6.270219201786981955e+01 -2.238250249466895991e-01 2.816223908176072044e+00
1.452000000000000000e+03 6.240366717742364244e+01 -2.764222460672478565e-01 2.823489341341153036e+00
1.453000000000000000e+03 6.211050409701564234e+01 -3.296531726651055205e-01 2.830424994487409140e+00
1.454000000000000000e+03 6.182270990382814801e+01 -3.834875692083622445e-01 2.837028863090151010e+00
1.455000000000000000e+03 6.154029166185999600e+01 -4.378950246488884090e-01 2.843298937366604662e+00
1.456000000000000000e+03 6.126325637175576588e+01 -4.928449521159761204e-01 2.849233202270208931e+00
1.457000000000000000e+03 6.099161097063518611e+01 -5.483065886099863784e-01 2.854829637484919580e+00
1.458000000000000000e+03 6.072536233192239763e+01 -6.042489946959981317e-01 2.860086217419510302e+00
1.459000000000000000e+03 6.046451726517543079e+01 -6.606410541974586659e-01 2.865000911201871503e+00
1.460000000000000000e+03 6.020908251591538374e+01 -7.174514738898311039e-01 2.869571682673313084e+00
1.461000000000000000e+03 5.995906476545584951e+01 -7.746487831942441282e-01 2.873796490382865443e+00
1.462000000000000000e+03 5.971447063073226502e+01 -8.322013338711403696e-01 2.877673287581579142e+00
1.463000000000000000e+03 5.947530666413123868e+01 -8.900772997139265730e-01 2.881200022216828138e+00
1.464000000000000000e+03 5.924157935331983538e+01 -9.482446762426198772e-01 2.884374636926609003e+00
1.465000000000000000e+03 5.901329512107502495e+01 -1.006671280397501089e+00 2.887195069033842376e+00
1.466000000000000000e+03 5.879046032511291031e+01 -1.065324750232758522e+00 2.889659250540674851e+00
1.467000000000000000e+03 5.857308125791815456e+01 -1.124172544610142044e+00 2.891765108122780426e+00
1.468000000000000000e+03 5.836116414657326601e+01 -1.183181942892608252e+00 2.893510563123657064e+00
1.469000000000000000e+03 5.815471515258794000e+01 -1.242320044637969634e+00 2.894893531548933474e+00
1.470000000000000000e+03 5.795374037172847181e+01 -1.301553769292547624e+00 2.895911924060669218e+00
1.471000000000000000e+03 5.775824583384698485e+01 -1.360849855884815440e+00 2.896563645971651724e+00
1.472000000000000000e+03 5.756823750271087192e+01 -1.420174862719052467e+00 2.896846597239701726e+00
1.473000000000000000e+03 5.738372127583207316e+01 -1.479495167068989980e+00 2.896758672461973383e+00
1.474000000000000000e+03 5.720470298429641076e+01 -1.538776964871460651e+00 2.896297760869250837e+00
1.475000000000000000e+03 5.703118839259299477e+01 -1.597986270420048704e+00 2.895461746320257213e+00
1.476000000000000000e+03 5.686318319844352231e+01 -1.657088916058738537e+00 2.894248507295949846e+00
1.477000000000000000e+03 5.670069303263156968e+01 -1.716050551875560659e+00 2.892655916893821733e+00
1.478000000000000000e+03 5.654372345883199813e+01 -1.774836645396246526e+00 2.890681842822203418e+00
1.479000000000000000e+03 5.639227997344032417e+01 -1.833412481277872264e+00 2.888324147394568442e+00
1.480000000000000000e+03 5.624635600576753802e+01 -1.891745798589418825e+00 2.885581704988557039e+00
1.481000000000000000e+03 5.610589678924056045e+01 -1.949814731780601607e+00 2.882457465434095756e+00
1.482000000000000000e+03 5.597083513281900480e+01 -2.007599947580064548e+00 2.878955420887901795e+00
1.483000000000000000e+03 5.584110338740337198e+01 -2.065082014367915608e+00 2.875079591165877524e+00
1.484000000000000000e+03 5.571663344500749560e+01 -2.122241402013777201e+00 2.870834023793114920e+00
1.485000000000000000e+03 5.559735673793085198e+01 -2.179058481714833295e+00 2.866222794053897793e+00
1.486000000000000000e+03 5.548320423793101241e+01 -2.235513525833884518e+00 2.861250005041708899e+00
1.487000000000000000e+03 5.537410645539603138e+01 -2.291586707737396811e+00 2.855919787709235269e+00
1.488000000000000000e+03 5.526999343851681346e+01 -2.347258101633549643e+00 2.850236300918373100e+00
1.489000000000000000e+03 5.517079477245948027e+01 -2.402507682410288670e+00 2.844203731490228648e+00
1.490000000000000000e+03 5.507643957853780137e+01 -2.457315325473374390e+00 2.837826294255126225e+00
1.491000000000000000e+03 5.498685651338558245e+01 -2.511660806584434802e+00 2.831108232102612643e+00
1.492000000000000000e+03 5.490197376812905361e+01 -2.565523801699012285e+00 2.824053816031462549e+00
1.493000000000000000e+03 5.482171906755922208e+01 -2.618883886804617145e+00 2.816667345199678874e+00
1.494000000000000000e+03 5.474601966930429597e+01 -2.671720537758778047e+00 2.808953146974505710e+00
1.495000000000000000e+03 5.467480236300210095e+01 -2.724013130127087123e+00 2.800915576982424327e+00
1.496000000000000000e+03 5.460799346947241162e+01 -2.775740939021257070e+00 2.792559019159162936e+00
1.497000000000000000e+03 5.454551883988935401e+01 -2.826883138937167583e+00 2.783887885799700257e+00
1.498000000000000000e+03 5.448730385495382933e+01 -2.877418803592914909e+00 2.774906617608270398e+00
1.499000000000000000e+03 5.443327342406590219e+01 -2.927326905766867604e+00 2.765619683748365976e+00
1.500000000000000000e+03 5.438335198449713914e+01 -2.976586317135709425e+00 2.756031581892745663e+00
1.501000000000000000e+03 5.433746350056302532e+01 -3.025175808112494646e+00 2.746146838273437307e+00
1.502000000000000000e+03 5.429553146279540243e+01 -3.073074047684697163e+00 2.735970007731741482e+00
1.503000000000000000e+03 5.425747888711477884e+01 -3.120259603252258707e+00 2.725505673768239046e+00
1.504000000000000000e+03 5.422322831400280307e+01 -3.166710940465645052e+00 2.714758448592793805e+00
1.505000000000000000e+03 5.419270180767453127e+01 -3.212406423063887129e+00 2.703732973174556964e+00
1.506000000000000000e+03 5.416582095525097884e+01 -3.257324312712640779e+00 2.692433917291972900e+00
1.507000000000000000e+03 5.414250686593139505e+01 -3.301442768842230979e+00 2.680865979582784497e+00
1.508000000000000000e+03 5.412268017016565125e+01 -3.344739848485703160e+00 2.669033887594036258e+00
1.509000000000000000e+03 5.410626101882670724e+01 -3.387193506116875419e+00 2.656942397832079639e+00
1.510000000000000000e+03 5.409316908238294275e+01 -3.428781593488388513e+00 2.644596295812577935e+00
1.511000000000000000e+03 5.408332355007055270e+01 -3.469481859469752738e+00 2.632000396110510732e+00
1.512000000000000000e+03 5.407664312906597814e+01 -3.509271949885405029e+00 2.619159542410180119e+00
1.513000000000000000e+03 5.407304604365820921e+01 -3.548129407352750064e+00 2.606078607555211590e+00
1.514000000000000000e+03 5.407245003442130127e+01 -3.586031671120218700e+00 2.592762493598563367e+00
1.515000000000000000e+03 5.407477235738662813e+01 -3.622956076905315292e+00 2.579216131852528182e+00
1.516000000000000000e+03 5.407992978321538402e+01 -3.658879856732666802e+00 2.565444482938739057e+00
1.517000000000000000e+03 5.408783859637089364e+01 -3.693780138772075450e+00 2.551452536838174190e+00
1.518000000000000000e+03 5.409841459429108568e+01 -3.727633947176565599e+00 2.537245312941159181e+00
1.519000000000000000e+03 5.411157333187573926e+01 -3.760422072347739952e+00 2.522828084039899998e+00
1.520000000000000000e+03 5.412723085918776178e+01 -3.792140722823893473e+00 2.508207050564890572e+00
1.521000000000000000e+03 5.414530298920841744e+01 -3.822789985270963253e+00 2.493388672940568984e+00
1.522000000000000000e+03 5.416570505235275590e+01 -3.852369964276413761e+00 2.478379448293554610e+00
1.523000000000000000e+03 5.418835189565488264e+01 -3.880880782388455685e+00 2.463185910514301913e+00
1.524000000000000000e+03 5.421315788195300911e+01 -3.908322580155246140e+00 2.447814630318740470e+00
1.525000000000000000e+03 5.424003688907459519e+01 -3.934695516164098628e+00 2.432272215309917662e+00
1.526000000000000000e+03 5.426890230902154855e+01 -3.959999767080696120e+00 2.416565310039644032e+00
1.527000000000000000e+03 5.429966704715531023e+01 -3.984235527688298362e+00 2.400700596070137749e+00
1.528000000000000000e+03 5.433224352138202562e+01 -4.007403010926949172e+00 2.384684792035665080e+00
1.529000000000000000e+03 5.436654366133764427e+01 -4.029502447932685527e+00 2.368524653704187077e+00
1.530000000000000000e+03 5.440247890757312632e+01 -4.050534088076751082e+00 2.352226974039003604e+00
1.531000000000000000e+03 5.443996021073949976e+01 -4.070498199004797257e+00 2.335798583260394246e+00
1.532000000000000000e+03 5.447889803077305260e+01 -4.089395066676099866e+00 2.319246348907263666e+00
1.533000000000000000e+03 5.451920233608050381e+01 -4.107224995402765089e+00 2.302577175898786965e+00
1.534000000000000000e+03 5.456078260272406055e+01 -4.123988307888937221e+00 2.285798006596050147e+00
1.535000000000000000e+03 5.460354781360660326e+01 -4.139685345270009087e+00 2.268915820863697697e+00
1.536000000000000000e+03 5.464740645765682814e+01 -4.154316467151828007e+00 2.251937636131571274e+00
1.537000000000000000e+03 5.469226652901437546e+01 -4.167882051649912434e+00 2.234870507456358624e+00
1.538000000000000000e+03 5.473803552621500046e+01 -4.180382495428654366e+00 2.217721527583234487e+00
1.539000000000000000e+03 5.478462045137565894e+01 -4.191818213740528876e+00 2.200497827007504181e+00
1.540000000000000000e+03 5.483192780937969957e+01 -4.202189640465304521e+00 2.183206574036248959e+00
1.541000000000000000e+03 5.487986360706192812e+01 -4.211497228149251093e+00 2.165854974849968695e+00
1.542000000000000000e+03 5.492833335239384951e+01 -4.219741448044352694e+00 2.148450273564224577e+00
1.543000000000000000e+03 5.497724205366874628e+01 -4.226922790147510156e+00 2.130999752291286242e+00
1.544000000000000000e+03 5.502649421868681401e+01 -4.233041763239757671e+00 2.113510731201771797e+00
1.545000000000000000e+03 5.507599385394033931e+01 -4.238098894925463433e+00 2.095990568586293179e+00
1.546000000000000000e+03 5.512564446379879968e+01 -4.242094731671545382e+00 2.078446660917099731e+00
1.547000000000000000e+03 5.517534904969400600e+01 -4.245029838846676284e+00 2.060886442909722227e+00
1.548000000000000000e+03 5.522501010930528054e+01 -4.246904800760495036e+00 2.043317387584617340e+00
1.549000000000000000e+03 5.527452963574457812e+01 -4.247720220702814409e+00 2.025747006328808553e+00
1.550000000000000000e+03 5.532380911674157886e+01 -4.247476720982830578e+00 2.008182848957532851e+00
1.551000000000000000e+03 5.537274953382891596e+01 -4.246174942968331756e+00 1.990632503775883189e+00
1.552000000000000000e+03 5.542125136152724707e+01 -4.243815547124905940e+00 1.973103597640452733e+00
1.553000000000000000e+03 5.546921456653038263e+01 -4.240399213055153993e+00 1.955603796020977780e+00
1.554000000000000000e+03 5.551653860689055620e+01 -4.235926639537895610e+00 1.938140803061981998e+00
1.555000000000000000e+03 5.556312243120336092e+01 -4.230398544567377961e+00 1.920722361644420895e+00
1.556000000000000000e+03 5.560886447779304120e+01 -4.223815665392482543e+00 1.903356253447324065e+00
1.557000000000000000e+03 5.565366267389759969e+01 -4.216178758555942707e+00 1.886050299009439879e+00
1.558000000000000000e+03 5.569742417204260221e+01 -4.207491067508241755e+00 1.868811787658901880e+00
1.559000000000000000e+03 5.574009466078921093e+01 -4.197765750711879740e+00 1.851645761323925443e+00
1.560000000000000000e+03 5.578162932756420389e+01 -4.187018523357988187e+00 1.834556714731435889e+00
1.561000000000000000e+03 5.582198314611250112e+01 -4.175265196281898739e+00 1.817549164110174864e+00
1.562000000000000000e+03 5.586111087616342985e+01 -4.162521676124252501e+00 1.800627647224180450e+00
1.563000000000000000e+03 5.589896706309696128e+01 -4.148803965492132484e+00 1.783796723406260165e+00
1.564000000000000000e+03 5.593550603760981232e+01 -4.134128163120165844e+00 1.767060973591469297e+00
1.565000000000000000e+03 5.597068191538179605e+01 -4.118510464031655438e+00 1.750425000350588567e+00
1.566000000000000000e+03 5.600444859674183107e+01 -4.101967159699690058e+00 1.733893427923597796e+00
1.567000000000000000e+03 5.603675976633433464e+01 -4.084514638208269766e+00 1.717470902253154241e+00
1.568000000000000000e+03 5.606756889278528178e+01 -4.066169384413417909e+00 1.701162091018071143e+00
1.569000000000000000e+03 5.609682922836851304e+01 -4.046947980104304676e+00 1.684971683666789399e+00
1.570000000000000000e+03 5.612449380867184345e+01 -4.026867104164365330e+00 1.668904391450858560e+00
1.571000000000000000e+03 5.615051545226332763e+01 -4.005943532732415768e+00 1.652964947458411826e+00
1.572000000000000000e+03 5.617484676035747526e+01 -3.984194139363774312e+00 1.637158106647642164e+00
1.573000000000000000e+03 5.619744011648133863e+01 -3.961635895191375489e+00 1.621488645880278856e+00
1.574000000000000000e+03 5.621824768614086310e+01 -3.938285869086895818e+00 1.605961363955064725e+00
1.575000000000000000e+03 5.623722141648701722e+01 -3.914161227821868927e+00 1.590581081641234018e+00
1.576000000000000000e+03 5.625431303598200117e+01 -3.889279236228802450e+00 1.575352641711986079e+00
1.577000000000000000e+03 5.626947405406540526e+01 -3.863657257362297148e+00 1.560280908977963232e+00
1.578000000000000000e+03 5.628265576082049648e+01 -3.837312752660168691e+00 1.545370770320727560e+00
1.579000000000000000e+03 5.629380922664038422e+01 -3.810263282104563665e+00 1.530627134726237903e+00
1.580000000000000000e+03 5.630288530189417173e+01 -3.782526504383076471e+00 1.516054933318326192e+00
1.581000000000000000e+03 5.630983461659325684e+01 -3.754120177049875107e+00 1.501659119392172448e+00
1.582000000000000000e+03 5.631460758005745504e+01 -3.725062156686809178e+00 1.487444668447784446e+00
1.583000000000000000e+03 5.631715438058120071e+01 -3.695370399064537903e+00 1.473416578223470053e+00
1.584000000000000000e+03 5.631742498509981942e+01 -3.665062959303643453e+00 1.459579868729318664e+00
1.585000000000000000e+03 5.631536913885567941e+01 -3.634157992035751850e+00 1.445939582280674429e+00
1.586000000000000000e+03 5.631093636506436440e+01 -3.602673751564650750e+00 1.432500783531613475e+00
1.587000000000000000e+03 5.630407596458095298e+01 -3.570628592027406789e+00 1.419268559508420902e+00
1.588000000000000000e+03 5.629473701556615595e+01 -3.538040967555490024e+00 1.406248019643068670e+00
1.589000000000000000e+03 5.628286837315254587e+01 -3.504929432435881509e+00 1.393444295806687716e+00
1.590000000000000000e+03 5.626841866911075130e+01 -3.471312641272201738e+00 1.380862542343050503e+00
1.591000000000000000e+03 5.625133631151567215e+01 -3.437209349145829762e+00 1.368507936102043354e+00
1.592000000000000000e+03 5.623156948441267389e+01 -3.402638411777011207e+00 1.356385676473144120e+00
1.593000000000000000e+03 5.620906614748375318e+01 -3.367618785685988048e+00 1.344500985418899841e+00
1.594000000000000000e+03 5.618377403571382445e+01 -3.332169528354113730e+00 1.332859107508401975e+00
1.595000000000000000e+03 5.615564065905682867e+01 -3.296309798384967849e+00 1.321465309950763167e+00
1.596000000000000000e+03 5.612461330210199151e+01 -3.260058855665478816e+00 1.310324882628594478e+00
1.597000000000000000e+03 5.609065018100552180e+01 -3.223435846183224651e+00 1.299442252768270967e+00
1.598000000000000000e+03 5.605375402673538332e+01 -3.186459153998600247e+00 1.288818320013509489e+00
1.599000000000000000e+03 5.601393880879625442e+01 -3.149147043657251732e+00 1.278453097006786221e+00
1.600000000000000000e+03 5.597121860607397537e+01 -3.111517875146017076e+00 1.268346592528903694e+00
1.601000000000000000e+03 5.592560760702671274e+01 -3.073590104043927962e+00 1.258498811490840197e+00
1.602000000000000000e+03 5.587712010987544176e+01 -3.035382281673190796e+00 1.248909754925592530e+00
1.603000000000000000e+03 5.582577052279508933e+01 -2.996913055250193469e+00 1.239579419980022301e+00
1.604000000000000000e+03 5.577157336410517274e+01 -2.958201168036484585e+00 1.230507799906700450e+00
1.605000000000000000e+03 5.571454326246070110e+01 -2.919265459489775338e+00 1.221694884055751995e+00
1.606000000000000000e+03 5.565469495704306979e+01 -2.880124865414928070e+00 1.213140657866702776e+00
1.607000000000000000e+03 5.559204329775074171e+01 -2.840798418114952373e+00 1.204845102860323092e+00
1.608000000000000000e+03 5.552660324539028380e+01 -2.801305246541993199e+00 1.196808196630473775e+00
1.609000000000000000e+03 5.545838987186706248e+01 -2.761664576448326525e+00 1.189029912835951164e+00
1.610000000000000000e+03 5.538741836037610256e+01 -2.721895730537352343e+00 1.181510221192331622e+00
1.611000000000000000e+03 5.531370400559301004e+01 -2.682018128614587660e+00 1.174249087463818730e+00
1.612000000000000000e+03 5.523726221386463919e+01 -2.642051287738656828e+00 1.167246473455084921e+00
1.613000000000000000e+03 5.515810850340015747e+01 -2.602014822372286318e+00 1.160502337003120443e+00
1.614000000000000000e+03 5.507625850446165572e+01 -2.561928444533297267e+00 1.154016631969075890e+00
1.615000000000000000e+03 5.499172795955515625e+01 -2.521811963945598034e+00 1.147789308230109162e+00
1.616000000000000000e+03 5.490453272362135095e+01 -2.481685288190177197e+00 1.141820311671229549e+00
1.617000000000000000e+03 5.481468876422648862e+01 -2.441568422856095211e+00 1.136109584177142029e+00
1.618000000000000000e+03 5.472221216175315561e+01 -2.401481471691477410e+00 1.130657063624095349e+00
1.619000000000000000e+03 5.462711910959121298e+01 -2.361444636754510551e+00 1.125462683871724767e+00
1.620000000000000000e+03 5.452942591432851316e+01 -2.321478218564428264e+00 1.120526374754897025e+00
1.621000000000000000e+03 5.442914899594183709e+01 -2.281602616252510707e+00 1.115848062075557756e+00
1.622000000000000000e+03 5.432630488798763935e+01 -2.241838327713074008e+00 1.111427667594574675e+00
1.623000000000000000e+03 5.422091023779301366e+01 -2.202205949754461489e+00 1.107265109023583216e+00
1.624000000000000000e+03 5.411298180664638835e+01 -2.162726178250042874e+00 1.103360300016832163e+00
1.625000000000000000e+03 5.400253646998843493e+01 -2.123419808289198407e+00 1.099713150163028841e+00
1.626000000000000000e+03 5.388959121760290572e+01 -2.084307734328317174e+00 1.096323564977183196e+00
1.627000000000000000e+03 5.377416315380749978e+01 -2.045410950341790102e+00 1.093191445892454317e+00
1.628000000000000000e+03 5.365626949764458686e+01 -2.006750549972998954e+00 1.090316690251995180e+00
1.629000000000000000e+03 5.353592758307217281e+01 -1.968347726685312660e+00 1.087699191300796953e+00
1.630000000000000000e+03 5.341315485915468741e+01 -1.930223773913078977e+00 1.085338838177536624e+00
1.631000000000000000e+03 5.328796889025379357e+01 -1.892400085212615490e+00 1.083235515906417978e+00
1.632000000000000000e+03 5.316038735621927458e+01 -1.854898154413205047e+00 1.081389105389021221e+00
1.633000000000000000e+03 5.303042805257980774e+01 -1.817739575768087867e+00 1.079799483396145954e+00
1.634000000000000000e+03 5.289810889073385880e+01 -1.780946044105452319e+00 1.078466522559655916e+00
1.635000000000000000e+03 5.276344789814053371e+01 -1.744539354979429246e+00 1.077390091364325064e+00
1.636000000000000000e+03 5.262646852155722144e+01 -1.708539165776469249e+00 1.076569466511592577e+00
1.637000000000000000e+03 5.248721558823464051e+01 -1.672956256834733368e+00 1.076001564280161471e+00
1.638000000000000000e+03 5.234573948783517494e+01 -1.637799210362735014e+00 1.075682693333062545e+00
1.639000000000000000e+03 5.220209088276843801e+01 -1.603076644065205780e+00 1.075609140875833702e+00
1.640000000000000000e+03 5.205632070861975791e+01 -1.568797211193760033e+00 1.075777172622034428e+00
1.641000000000000000e+03 5.190848017457857821e+01 -1.534969600597565043e+00 1.076183032758761593e+00
1.642000000000000000e+03 5.175862076386690092e+01 -1.501602536774004237e+00 1.076822943912163044e+00
1.643000000000000000e+03 5.160679423416783607e+01 -1.468704779919347558e+00 1.077693107112954740e+00
1.644000000000000000e+03 5.145305261805394537e+01 -1.436285125979416932e+00 1.078789701761934339e+00
1.645000000000000000e+03 5.129744822341577049e+01 -1.404352406700253963e+00 1.080108885595497004e+00
1.646000000000000000e+03 5.114003363389023349e+01 -1.372915489678786738e+00 1.081646794651150767e+00
1.647000000000000000e+03 5.098086170928911542e+01 -1.341983278413497072e+00 1.083399543233030560e+00
1.648000000000000000e+03 5.081998558602750649e+01 -1.311564712355087980e+00 1.085363223877414462e+00
1.649000000000000000e+03 5.065745867755224197e+01 -1.281668766957149375e+00 1.087533907318238180e+00
1.650000000000000000e+03 5.049333467477040216e+01 -1.252304453726827749e+00 1.089907642452611292e+00
1.651000000000000000e+03 5.032766754647769858e+01 -1.223480820275489434e+00 1.092480456306330172e+00
1.652000000000000000e+03 5.016051153978698096e+01 -1.195206950369392951e+00 1.095248353999394908e+00
1.653000000000000000e+03 4.999192118055667322e+01 -1.167491963980350711e+00 1.098207318711523772e+00
1.654000000000000000e+03 4.982195127381918809e+01 -1.140345017336399147e+00 1.101353311647669031e+00
1.655000000000000000e+03 4.965065690420946254e+01 -1.113775302972466186e+00 1.104682272003530974e+00
1.656000000000000000e+03 4.947809343639331559e+01 -1.087792049781036052e+00 1.108190116931073721e+00
1.657000000000000000e+03 4.930431651549597660e+01 -1.062404523062818518e+00 1.111872741504039919e+00
1.658000000000000000e+03 4.912938206753049286e+01 -1.037622024577415036e+00 1.115726018683466547e+00
1.659000000000000000e+03 4.895334629982620100e+01 -1.013453892593985550e+00 1.119745799283199172e+00
1.660000000000000000e+03 4.877626570145717722e+01 -9.899095019419169583e-01 1.123927911935408419e+00
1.661000000000000000e+03 4.859819704367069448e+01 -9.669982640614884772e-01 1.128268163056102891e+00
1.662000000000000000e+03 4.841919738031565146e+01 -9.447296270545396668e-01 1.132762336810645865e+00
1.663000000000000000e+03 4.823932404827105103e+01 -9.231130757351376781e-01 1.137406195079271543e+00
1.664000000000000000e+03 4.805863466787445759e+01 -9.021581316802443906e-01 1.142195477422597083e+00
1.665000000000000000e+03 4.787718714335040460e+01 -8.818743532803823282e-01 1.147125901047139518e+00
1.666000000000000000e+03 4.769503966323892286e+01 -8.622713357903034614e-01 1.152193160770831559e+00
1.667000000000000000e+03 4.751225070082392676e+01 -8.433587113796554569e-01 1.157392928988535630e+00
1.668000000000000000e+03 4.732887901456165736e+01 -8.251461491836480366e-01 1.162720855637558781e+00
1.669000000000000000e+03 4.714498364850923195e+01 -8.076433553537220034e-01 1.168172568163169167e+00
1.670000000000000000e+03 4.696062393275298774e+01 -7.908600731082146007e-01 1.173743671484109186e+00
1.671000000000000000e+03 4.677585948383697456e+01 -7.748060827830272057e-01 1.179429747958112396e+00
1.672000000000000000e+03 4.659075020519144061e+01 -7.594912018822925770e-01 1.185226357347417325e+00
1.673000000000000000e+03 4.640535628756123288e+01 -7.449252851290415478e-01 1.191129036784283945e+00
1.674000000000000000e+03 4.621973820943428279e+01 -7.311182245158710513e-01 1.197133300736507922e+00
1.675000000000000000e+03 4.603395416115237992e+01 -7.180774998507236662e-01 1.203234665639321577e+00
1.676000000000000000e+03 4.584805229177703723e+01 -7.058008068946399760e-01 1.209428724095688468e+00
1.677000000000000000e+03 4.566207839535457680e+01 -6.942833649330202306e-01 1.215711071255467290e+00
1.678000000000000000e+03 4.547607848140523856e+01 -6.835203603821438101e-01 1.222077280174446168e+00
1.679000000000000000e+03 4.529009877524147498e+01 -6.735069467351301187e-01 1.228522901780913168e+00
1.680000000000000000e+03 4.510418571828628131e+01 -6.642382445078995890e-01 1.235043464842225269e+00
1.681000000000000000e+03 4.491838596839156139e+01 -6.557093411851362408e-01 1.241634475931378212e+00
1.682000000000000000e+03 4.473274640015640813e+01 -6.479152911662476866e-01 1.248291419393575685e+00
1.683000000000000000e+03 4.454731410524546220e+01 -6.408511157113270240e-01 1.255009757312798513e+00
1.684000000000000000e+03 4.436213639270720677e+01 -6.345118028871137295e-01 1.261784929478375394e+00
1.685000000000000000e+03 4.417726078929231193e+01 -6.288923075129556617e-01 1.268612353351550537e+00
1.686000000000000000e+03 4.399273503977197919e+01 -6.239875511067701774e-01 1.275487424032055506e+00
1.687000000000000000e+03 4.380860710725622198e+01 -6.197924218310043587e-01 1.282405514224676413e+00
1.688000000000000000e+03 4.362492517351221721e+01 -6.163017744385980157e-01 1.289361974205823991e+00
1.689000000000000000e+03 4.344173763928267817e+01 -6.135104302189440251e-01 1.296352131790105666e+00
1.690000000000000000e+03 4.325909312460405687e+01 -6.114131769438492237e-01 1.303371292296889639e+00
1.691000000000000000e+03 4.307704046912500928e+01 -6.100047688134968560e-01 1.310414738516881172e+00
1.692000000000000000e+03 4.289562873242464036e+01 -6.092799264024072459e-01 1.317477730678686454e+00
1.693000000000000000e+03 4.271490719433083427e+01 -6.092333366053988009e-01 1.324555506415383777e+00
1.694000000000000000e+03 4.253492535523862017e+01 -6.098596525835500159e-01 1.331643280731095613e+00
1.695000000000000000e+03 4.235573293642845272e+01 -6.111534937101599230e-01 1.338736245967554028e+00
1.696000000000000000e+03 4.217737988038454944e+01 -6.131094455167103163e-01 1.345829571770673194e+00
1.697000000000000000e+03 4.199991635111328492e+01 -6.157220596388267575e-01 1.352918405057117468e+00
1.698000000000000000e+03 4.182339273446137895e+01 -6.189858537622392465e-01 1.359997869980871243e+00
1.699000000000000000e+03 4.164785963843435468e+01 -6.228953115687444475e-01 1.367063067899808582e+00
1.700000000000000000e+03 4.147336789351479069e+01 -6.274448826821661385e-01 1.374109077342262175e+00
1.701000000000000000e+03 4.129996855298067970e+01 -6.326289826143176587e-01 1.381130953973594533e+00
1.702000000000000000e+03 4.112771289322373036e+01 -6.384419927109618031e-01 1.388123730562764502e+00
1.703000000000000000e+03 4.095665241406771173e+01 -6.448782600977732704e-01 1.395082416948899784e+00
1.704000000000000000e+03 4.078683883908676933e+01 -6.519320976262990008e-01 1.402002000007864346e+00
1.705000000000000000e+03 4.061832411592377667e+01 -6.595977838199208465e-01 1.408877443618829384e+00
1.706000000000000000e+03 4.045116041660860873e+01 -6.678695628198151324e-01 1.415703688630841617e+00
1.707000000000000000e+03 4.028540013787651475e+01 -6.767416443309157703e-01 1.422475652829393367e+00
1.708000000000000000e+03 4.012109590148643434e+01 -6.862082035678737091e-01 1.429188230902991963e+00
1.709000000000000000e+03 3.995830055453932772e+01 -6.962633812010200485e-01 1.435836294409730041e+00
1.710000000000000000e+03 3.979706716979644909e+01 -7.069012833023258224e-01 1.442414691743853394e+00
1.711000000000000000e+03 3.963744904599775509e+01 -7.181159812913642249e-01 1.448918248102331718e+00
1.712000000000000000e+03 3.947949970818018528e+01 -7.299015118812719471e-01 1.455341765451427793e+00
1.713000000000000000e+03 3.932327290799597819e+01 -7.422518770247094055e-01 1.461680022493266451e+00
1.714000000000000000e+03 3.916881555440721030e+01 -7.551599752661033449e-01 1.467928284113833470e+00
1.715000000000000000e+03 3.901614643913841718e+01 -7.686143859312412063e-01 1.474083834549778649e+00
1.716000000000000000e+03 3.886527733024679776e+01 -7.826025573781576483e-01 1.480144457242979605e+00
1.717000000000000000e+03 3.871622002529167617e+01 -7.971118730015719356e-01 1.486107926534431023e+00
1.718000000000000000e+03 3.856898635136418818e+01 -8.121296511352271708e-01 1.491972007651611642e+00
1.719000000000000000e+03 3.842358816511703878e+01 -8.276431449542273056e-01 1.497734456695853922e+00
1.720000000000000000e+03 3.828003735279420283e+01 -8.436395423773760394e-01 1.503393020629710586e+00
1.721000000000000000e+03 3.813834583026066838e+01 -8.601059659695132753e-01 1.508945437264324285e+00
1.722000000000000000e+03 3.799852554303209473e+01 -8.770294728438545739e-01 1.514389435246793258e+00
1.723000000000000000e+03 3.786058846630464814e+01 -8.943970545643286085e-01 1.519722734047543433e+00
1.724000000000000000e+03 3.772454660498459589e+01 -9.121956370479148424e-01 1.524943043947692090e+00
1.725000000000000000e+03 3.759041199371812780e+01 -9.304120804669816502e-01 1.530048066026419074e+00
1.726000000000000000e+03 3.745819669692104270e+01 -9.490331791516245508e-01 1.535035492148334013e+00
1.727000000000000000e+03 3.732791280880843487e+01 -9.680456614920042169e-01 1.539903004950843979e+00
1.728000000000000000e+03 3.719957245342449426e+01 -9.874361898406835980e-01 1.544648277831522698e+00
1.729000000000000000e+03 3.707318778467213605e+01 -1.007191360414966486e+00 1.549268974935476884e+00
1.730000000000000000e+03 3.694877098634280799e+01 -1.027297703199236301e+00 1.553762751142717002e+00
1.731000000000000000e+03 3.682633427214614841e+01 -1.047741681847292217e+00 1.558127252055522494e+00
1.732000000000000000e+03 3.670588988573975797e+01 -1.068509693584688502e+00 1.562360113985811649e+00
1.733000000000000000e+03 3.658745010075887905e+01 -1.089588069111072643e+00 1.566458963942510607e+00
1.734000000000000000e+03 3.647102722084612481e+01 -1.110963072502521687e+00 1.570421419618918124e+00
1.735000000000000000e+03 3.635663357968125098e+01 -1.132620901113882805e+00 1.574245089380077456e+00
1.736000000000000000e+03 3.624428154101080679e+01 -1.154547685481108088e+00 1.577927572250142241e+00
1.737000000000000000e+03 3.613398349867789250e+01 -1.176729489223594882e+00 1.581466457899745492e+00
1.738000000000000000e+03 3.602575187665190271e+01 -1.199152308946523915e+00 1.584859326633367260e+00
1.739000000000000000e+03 3.591959912905818442e+01 -1.221802074143194528e+00 1.588103749376702734e+00
1.740000000000000000e+03 3.581553774020783010e+01 -1.244664647097366128e+00 1.591197287664031013e+00
1.741000000000000000e+03 3.571358022462734993e+01 -1.267725822785593870e+00 1.594137493625582991e+00
1.742000000000000000e+03 3.561373912708842226e+01 -1.290971328779567218e+00 1.596921909974908793e+00
1.743000000000000000e+03 3.551602702263759426e+01 -1.314386825148448068e+00 1.599548069996246991e+00
1.744000000000000000e+03 3.542045651662602523e+01 -1.337957904361207984e+00 1.602013497531891595e+00
1.745000000000000000e+03 3.532704024473919446e+01 -1.361670091188968534e+00 1.604315706969561051e+00
1.746000000000000000e+03 3.523579087302661605e+01 -1.385508842607335200e+00 1.606452203229766562e+00
1.747000000000000000e+03 3.514672109793157517e+01 -1.409459547698739268e+00 1.608420481753178422e+00
1.748000000000000000e+03 3.505984364632086425e+01 -1.433507527554773731e+00 1.610218028487996778e+00
1.749000000000000000e+03 3.497517127551444815e+01 -1.457638035178531632e+00 1.611842319877317742e+00
1.750000000000000000e+03 3.489271677331526433e+01 -1.481836255386943302e+00 1.613290822846502381e+00
1.751000000000000000e+03 3.481249295803888089e+01 -1.506087304713117137e+00 1.614560994790544823e+00
1.752000000000000000e+03 3.473451267854324698e+01 -1.530376231308673063e+00 1.615650283561439471e+00
1.753000000000000000e+03 3.465878275378506856e+01 -1.554688730971895305e+00 1.616556714018157814e+00
1.754000000000000000e+03 3.458528573611427959e+01 -1.579013301963731575e+00 1.617280653055515494e+00
1.755000000000000000e+03 3.451399799581574257e+01 -1.603339107983680512e+00 1.617823059282962994e+00
1.756000000000000000e+03 3.444489576755878346e+01 -1.627655263606926805e+00 1.618184897809513467e+00
1.757000000000000000e+03 3.437795515019041659e+01 -1.651950834214629182e+00 1.618367140254005410e+00
1.758000000000000000e+03 3.431315210652855541e+01 -1.676214835924206614e+00 1.618370764755359570e+00
1.759000000000000000e+03 3.425046246315512377e+01 -1.700436235519623196e+00 1.618196755982841184e+00
1.760000000000000000e+03 3.418986191020938747e+01 -1.724603950381677242e+00 1.617846105146320212e+00
1.761000000000000000e+03 3.413132600118104421e+01 -1.748706848418284832e+00 1.617319810006529801e+00
1.762000000000000000e+03 3.407483015270347693e+01 -1.772733747994769793e+00 1.616618874885328072e+00
1.763000000000000000e+03 3.402034964434689357e+01 -1.796673417864146804e+00 1.615744310675958140e+00
1.764000000000000000e+03 3.396785961841160173e+01 -1.820514577097409603e+00 1.614697134853306126e+00
1.765000000000000000e+03 3.391733507972114836e+01 -1.844245895013817860e+00 1.613478371484164731e+00
1.766000000000000000e+03 3.386875089541553763e+01 -1.867855991111182501e+00 1.612089051237491244e+00
1.767000000000000000e+03 3.382208179474444165e+01 -1.891333434996154139e+00 1.610530211394667788e+00
1.768000000000000000e+03 3.377730236886034731e+01 -1.914666746314505064e+00 1.608802895859761328e+00
1.769000000000000000e+03 3.373438707061182384e+01 -1.937844394681422555e+00 1.606908155169785024e+00
1.770000000000000000e+03 3.369331021433667672e+01 -1.960854799611789545e+00 1.604847046504957575e+00
1.771000000000000000e+03 3.365404597565511580e+01 -1.983686330450474156e+00 1.602620633698962793e+00
1.772000000000000000e+03 3.361656839126304419e+01 -2.006327306302615465e+00 1.600229987249210950e+00
1.773000000000000000e+03 3.358085135872518379e+01 -2.028765995963908608e+00 1.597676184327097682e+00
1.774000000000000000e+03 3.354686863626827176e+01 -2.050990617850894093e+00 1.594960308788265779e+00
1.775000000000000000e+03 3.351459384257427843e+01 -2.072989339931242458e+00 1.592083451182863207e+00
1.776000000000000000e+03 3.348400045657362512e+01 -2.094750279654039815e+00 1.589046708765804672e+00
1.777000000000000000e+03 3.345506181723835937e+01 -2.116261503880077388e+00 1.585851185507032302e+00
1.778000000000000000e+03 3.342775112337530174e+01 -2.137511028812134395e+00 1.582497992101774553e+00
1.779000000000000000e+03 3.340204143341934895e+01 -2.158486819925268918e+00 1.578988245980805560e+00
1.780000000000000000e+03 3.337790566522659219e+01 -2.179176791897099452e+00 1.575323071320708257e+00
1.781000000000000000e+03 3.335531659586754927e+01 -2.199568808538094444e+00 1.571503599054131950e+00
1.782000000000000000e+03 3.333424686142033977e+01 -2.219650682721860058e+00 1.567530966880053223e+00
1.783000000000000000e+03 3.331466895676387452e+01 -2.239410176315420831e+00 1.563406319274035727e+00
1.784000000000000000e+03 3.329655523537110184e+01 -2.258835000109514990e+00 1.559130807498492199e+00
1.785000000000000000e+03 3.327987790910217569e+01 -2.277912813748871113e+00 1.554705589612941585e+00
1.786000000000000000e+03 3.326460904799760954e+01 -2.296631225662504328e+00 1.550131830484271278e+00
1.787000000000000000e+03 3.325072058007157949e+01 -2.314977792993994754e+00 1.545410701796997133e+00
1.788000000000000000e+03 3.323818429110499295e+01 -2.332940021531779262e+00 1.540543382063523037e+00
1.789000000000000000e+03 3.322697182443879171e+01 -2.350505365639433908e+00 1.535531056634400482e+00
1.790000000000000000e+03 3.321705468076710588e+01 -2.367661228185965250e+00 1.530374917708590798e+00
1.791000000000000000e+03 3.320840421793043618e+01 -2.384394960476092784e+00 1.525076164343722507e+00
1.792000000000000000e+03 3.320099029959471437e+01 -2.400695565218542438e+00 1.519636286699899141e+00
1.793000000000000000e+03 3.319477722963853950e+01 -2.416558820776047778e+00 1.514057921288393116e+00
1.794000000000000000e+03 3.318972778415493252e+01 -2.431982198620210589e+00 1.508344002727195932e+00
1.795000000000000000e+03 3.318580455929489403e+01 -2.446963164085627973e+00 1.502497480162269694e+00
1.796000000000000000e+03 3.318296997101014512e+01 -2.461499176363782571e+00 1.496521317288419750e+00
1.797000000000000000e+03 3.318118625479583272e+01 -2.475587688496937666e+00 1.490418492370173986e+00
1.798000000000000000e+03 3.318041546543330611e+01 -2.489226147372022524e+00 1.484191998262655021e+00
1.799000000000000000e+03 3.318061947673283640e+01 -2.502411993714527938e+00 1.477844842432458616e+00
1.800000000000000000e+03 3.318175998127632909e+01 -2.515142662082393787e+00 1.471380046978525868e+00
1.801000000000000000e+03 3.318379849016010752e+01 -2.527415580859902811e+00 1.464800648653022730e+00
1.802000000000000000e+03 3.318669633273760411e+01 -2.539228172251569049e+00 1.458109698882212868e+00
1.803000000000000000e+03 3.319041465636213672e+01 -2.550577852276031177e+00 1.451310263787334298e+00
1.804000000000000000e+03 3.319491442612959986e+01 -2.561462030759939168e+00 1.444405424205474242e+00
1.805000000000000000e+03 3.320015642462124816e+01 -2.571878111331851624e+00 1.437398275710445983e+00
1.806000000000000000e+03 3.320610125164641602e+01 -2.581823491416122884e+00 1.430291928633663723e+00
1.807000000000000000e+03 3.321270932398521580e+01 -2.591295562226791027e+00 1.423089508085017441e+00
1.808000000000000000e+03 3.321994087513134986e+01 -2.600291708761475196e+00 1.415794153973749969e+00
1.809000000000000000e+03 3.322775595503477319e+01 -2.608809309795262266e+00 1.408409021029331409e+00
1.810000000000000000e+03 3.323611442984447706e+01 -2.616845737874598843e+00 1.400937278822335319e+00
1.811000000000000000e+03 3.324497598165120138e+01 -2.624398359311181927e+00 1.393382111785314015e+00
1.812000000000000000e+03 3.325430010823018989e+01 -2.631464534175851799e+00 1.385746719233675206e+00
1.813000000000000000e+03 3.326404612278390260e+01 -2.638041616292478686e+00 1.378034315386555075e+00
1.814000000000000000e+03 3.327417315368477801e+01 -2.644126953231857868e+00 1.370248129387696245e+00
1.815000000000000000e+03 3.328464014421795270e+01 -2.649717886305598569e+00 1.362391405326323079e+00
1.816000000000000000e+03 3.329540585232400218e+01 -2.654811750560015948e+00 1.354467402258016762e+00
1.817000000000000000e+03 3.330642885034166767e+01 -2.659405874770019107e+00 1.346479394225589710e+00
1.818000000000000000e+03 3.331766752475063242e+01 -2.663497581433007522e+00 1.338430670279963763e+00
1.819000000000000000e+03 3.332908007591418453e+01 -2.667084186762755049e+00 1.330324534501043932e+00
1.820000000000000000e+03 3.334062451782202885e+01 -2.670163000683308141e+00 1.322164306018593916e+00
1.821000000000000000e+03 3.335225867783300657e+01 -2.672731326822870734e+00 1.313953319033113187e+00
1.822000000000000000e+03 3.336394019641775799e+01 -2.674786462507698470e+00 1.305694922836711847e+00
1.823000000000000000e+03 3.337562652690157705e+01 -2.676325698755987137e+00 1.297392481833983924e+00
1.824000000000000000e+03 3.338727493520703860e+01 -2.677346320271768221e+00 1.289049375562887345e+00
1.825000000000000000e+03 3.339884249959683871e+01 -2.677845605438794241e+00 1.280668998715616791e+00
1.826000000000000000e+03 3.341028611041642904e+01 -2.677820826314431191e+00 1.272254761159478553e+00
1.827000000000000000e+03 3.342156246983683587e+01 -2.677269248623554532e+00 1.263810087957768724e+00
1.828000000000000000e+03 3.343262809159732285e+01 -2.676188131752432753e+00 1.255338419390646276e+00
1.829000000000000000e+03 3.344343930074820292e+01 -2.674574728742621144e+00 1.246843210976010585e+00
1.830000000000000000e+03 3.345395223339352242e+01 -2.672426286284855568e+00 1.238327933490375843e+00
1.831000000000000000e+03 3.346412612240671791e+01 -2.669741476929733182e+00 1.229795936606871143e+00
1.832000000000000000e+03 3.347393318380615312e+01 -2.666524708247261621e+00 1.221250038575720120e+00
1.833000000000000000e+03 3.348334880888180720e+01 -2.662781848095157056e+00 1.212692933305957510e+00
1.834000000000000000e+03 3.349234828525528229e+01 -2.658518795573430626e+00 1.204127326466601255e+00
1.835000000000000000e+03 3.350090679674016059e+01 -2.653741481069521235e+00 1.195555935502652822e+00
1.836000000000000000e+03 3.350899942320222635e+01 -2.648455866303418560e+00 1.186981489651091293e+00
1.837000000000000000e+03 3.351660114041975902e+01 -2.642667944372789179e+00 1.178406729956869459e+00
1.838000000000000000e+03 3.352368681994389021e+01 -2.636383739798108916e+00 1.169834409288913468e+00
1.839000000000000000e+03 3.353023122895879737e+01 -2.629609308567782300e+00 1.161267292356115810e+00
1.840000000000000000e+03 3.353620903014208210e+01 -2.622350738183278462e+00 1.152708155723335626e+00
1.841000000000000000e+03 3.354159478152497087e+01 -2.614614147704248381e+00 1.144159787827391250e+00
1.842000000000000000e+03 3.354636293635267918e+01 -2.606405687793660775e+00 1.135624988993060969e+00
1.843000000000000000e+03 3.355048784294466913e+01 -2.597731540762923341e+00 1.127106571449076666e+00
1.844000000000000000e+03 3.355394374455492823e+01 -2.588597920617012438e+00 1.118607359344122143e+00
1.845000000000000000e+03 3.355670477923229811e+01 -2.579011073099600093e+00 1.110130188762828762e+00
1.846000000000000000e+03 3.355874497968067516e+01 -2.568977275738179245e+00 1.101677907741771989e+00
1.847000000000000000e+03 3.356003827311941734e+01 -2.558502837889192083e+00 1.093253376285469036e+00
1.848000000000000000e+03 3.356055848114355200e+01 -2.547594100783157067e+00 1.084859466382375626e+00
1.849000000000000000e+03 3.356027931958409027e+01 -2.536257437569797712e+00 1.076499062020880748e+00
1.850000000000000000e+03 3.355917439836830596e+01 -2.524499253363163831e+00 1.068175059205304533e+00
1.851000000000000000e+03 3.355721722138003571e+01 -2.512325985286765651e+00 1.059890365971895898e+00
1.852000000000000000e+03 3.355438118631996502e+01 -2.499744102518695499e+00 1.051647902404827084e+00
1.853000000000000000e+03 3.355063958456592133e+01 -2.486760106336760590e+00 1.043450600652191973e+00
1.854000000000000000e+03 3.354596560103313863e+01 -2.473380530163602042e+00 1.035301404942001735e+00
1.855000000000000000e+03 3.354033231403457904e+01 -2.459611939611828557e+00 1.027203271598182033e+00
1.856000000000000000e+03 3.353371269514121167e+01 -2.445460932529141207e+00 1.019159169056568670e+00
1.857000000000000000e+03 3.352607960904228435e+01 -2.430934139043461339e+00 1.011172077880906572e+00
1.858000000000000000e+03 3.351740581340561675e+01 -2.416038221608054037e+00 1.003244990778842993e+00
1.859000000000000000e+03 3.350766395873792192e+01 -2.400779875046659573e+00 9.953809126179267164e-01
1.860000000000000000e+03 3.349682658824505666e+01 -2.385165826598620420e+00 9.875828604416052592e-01
1.861000000000000000e+03 3.348486613769232889e+01 -2.369202835964003828e+00 9.798538634852179685e-01
1.862000000000000000e+03 3.347175493526476231e+01 -2.352897695348733276e+00 9.721969631919963328e-01
1.863000000000000000e+03 3.345746520142744629e+01 -2.336257229509712374e+00 9.646152132290587433e-01
1.864000000000000000e+03 3.344196904878573662e+01 -2.319288295799955435e+00 9.571116795034074753e-01
1.865000000000000000e+03 3.342523848194561253e+01 -2.301997784213711373e+00 9.496894401779256700e-01
1.866000000000000000e+03 3.340724539737394139e+01 -2.284392617431591610e+00 9.423515856873733165e-01
1.867000000000000000e+03 3.338796158325878594e+01 -2.266479750865697973e+00 9.351012187543848997e-01
1.868000000000000000e+03 3.336735871936965481e+01 -2.248266172704748822e+00 9.279414544054644942e-01
1.869000000000000000e+03 3.334540837691780268e+01 -2.229758903959206062e+00 9.208754199869844115e-01
1.870000000000000000e+03 3.332208695992985525e+01 -2.210965314913366786e+00 9.139058649215620056e-01
1.871000000000000000e+03 3.329739057192826834e+01 -2.191894077098610616e+00 9.070339866060850298e-01
1.872000000000000000e+03 3.327132026531857178e+01 -2.172554218860158315e+00 9.002605953570783637e-01
1.873000000000000000e+03 3.324387711046745864e+01 -2.152954809682350756e+00 8.935865038388211001e-01
1.874000000000000000e+03 3.321506219573259955e+01 -2.133104960244630810e+00 8.870125270659613426e-01
1.875000000000000000e+03 3.318487662749235056e+01 -2.113013822477519010e+00 8.805394824061237857e-01
1.876000000000000000e+03 3.315332153017556038e+01 -2.092690589618594998e+00 8.741681895825250681e-01
1.877000000000000000e+03 3.312039804629133499e+01 -2.072144496268475411e+00 8.678994706765826850e-01
1.878000000000000000e+03 3.308610733645880941e+01 -2.051384818446793101e+00 8.617341501305275653e-01
1.879000000000000000e+03 3.305045057943691944e+01 -2.030420873648176805e+00 8.556730547500162043e-01
1.880000000000000000e+03 3.301342897215418049e+01 -2.009262020898229029e+00 8.497170137067416862e-01
1.881000000000000000e+03 3.297504372973845221e+01 -1.987917660809506604e+00 8.438668585410449285e-01
1.882000000000000000e+03 3.293529608554669608e+01 -1.966397235637499241e+00 8.381234231645271482e-01
1.883000000000000000e+03 3.289418729119474705e+01 -1.944710229336606977e+00 8.324875438626601065e-01
1.884000000000000000e+03 3.285171861658717773e+01 -1.922866167616123612e+00 8.269600592974002407e-01
1.885000000000000000e+03 3.280789134994687828e+01 -1.900874617996209937e+00 8.215418105097971324e-01
1.886000000000000000e+03 3.276270679784501993e+01 -1.878745189863876952e+00 8.162336409226070844e-01
1.887000000000000000e+03 3.271616628523074866e+01 -1.856487534528965311e+00 8.110363963429046974e-01
1.888000000000000000e+03 3.266827115546089999e+01 -1.834111345280120098e+00 8.059509249646934492e-01
1.889000000000000000e+03 3.261902277032989161e+01 -1.811626357440775603e+00 8.009780773715183821e-01
1.890000000000000000e+03 3.256842251009936717e+01 -1.789042348425128770e+00 7.961187065390763484e-01
1.891000000000000000e+03 3.251647177352809592e+01 -1.766369137794122857e+00 7.913736678378290312e-01
1.892000000000000000e+03 3.246317197790163078e+01 -1.743616587311424215e+00 7.867438190356143002e-01
1.893000000000000000e+03 3.240852455906215823e+01 -1.720794600999402180e+00 7.822300203002567898e-01
1.894000000000000000e+03 3.235253097143822032e+01 -1.697913125195108064e+00 7.778331342021805872e-01
1.895000000000000000e+03 3.229519268807451482e+01 -1.674982148606252608e+00 7.735540257170201439e-01
1.896000000000000000e+03 3.223651120066165987e+01 -1.652011702367188084e+00 7.693935622282326303e-01
1.897000000000000000e+03 3.217648801956597282e+01 -1.629011860094884856e+00 7.653526135297084032e-01
1.898000000000000000e+03 3.211512467385922065e+01 -1.605992737944911930e+00 7.614320518283836936e-01
1.899000000000000000e+03 3.205242271134839882e+01 -1.582964494667415067e+00 7.576327517468518513e-01
1.900000000000000000e+03 3.198838369860553854e+01 -1.559937331663097337e+00 7.539555903259745895e-01
1.901000000000000000e+03 3.192300922099740745e+01 -1.536921493039195008e+00 7.504014470274940063e-01
1.902000000000000000e+03 3.185630088271535598e+01 -1.513927265665460764e+00 7.469712037366440516e-01
1.903000000000000000e+03 3.178826030680504289e+01 -1.490964979230141152e+00 7.436657447647622154e-01
1.904000000000000000e+03 3.171888913519622477e+01 -1.468045006295953581e+00 7.404859568519007729e-01
1.905000000000000000e+03 3.164818902873250650e+01 -1.445177762356068207e+00 7.374327291694388054e-01
1.906000000000000000e+03 3.157616166720114137e+01 -1.422373705890085827e+00 7.345069533226935565e-01
1.907000000000000000e+03 3.150280874936280640e+01 -1.399643338420017313e+00 7.317095233535323429e-01
1.908000000000000000e+03 3.142813199298132787e+01 -1.376997204566262845e+00 7.290413357429840202e-01
1.909000000000000000e+03 3.135213634843927721e+01 -1.354445121543502273e+00 7.265029377119988085e-01
1.910000000000000000e+03 3.127483966645931091e+01 -1.331993861078085706e+00 7.240934691707727744e-01
1.911000000000000000e+03 3.119626310455899088e+01 -1.309649449830767143e+00 7.218117126631620195e-01
1.912000000000000000e+03 3.111642792032875704e+01 -1.287417938374098014e+00 7.196564443232145170e-01
1.913000000000000000e+03 3.103535547156752372e+01 -1.265305401223046022e+00 7.176264338662087239e-01
1.914000000000000000e+03 3.095306721641816949e+01 -1.243317936865613316e+00 7.157204445796879755e-01
1.915000000000000000e+03 3.086958471350309452e+01 -1.221461667793456440e+00 7.139372333144987648e-01
1.916000000000000000e+03 3.078492962205973882e+01 -1.199742740532504293e+00 7.122755504758268019e-01
1.917000000000000000e+03 3.069912370207611829e+01 -1.178167325673578514e+00 7.107341400142340726e-01
1.918000000000000000e+03 3.061218881442638207e+01 -1.156741617903012775e+00 7.093117394166954526e-01
1.919000000000000000e+03 3.052414692100630589e+01 -1.135471836033269621e+00 7.080070796976346559e-01
1.920000000000000000e+03 3.043502008486886012e+01 -1.114364223033562862e+00 7.068188853899625146e-01
1.921000000000000000e+03 3.034483047035973158e+01 -1.093425046060474193e+00 7.057458745361122610e-01
1.922000000000000000e+03 3.025360034325285596e+01 -1.072660596488573814e+00 7.047867586790770300e-01
1.923000000000000000e+03 3.016135207088597525e+01 -1.052077189941038826e+00 7.039402428534465850e-01
1.924000000000000000e+03 3.006810812229612395e+01 -1.031681166320272292e+00 7.032050255764434876e-01
1.925000000000000000e+03 2.997389106835519712e+01 -1.011478889838522521e+00 7.025797988389601567e-01
1.926000000000000000e+03 2.987872358190547928e+01 -9.914767490485029144e-01 7.020632480965953715e-01
1.927000000000000000e+03 2.978262843789518755e+01 -9.716811568740093552e-01 7.016540522606917740e-01
1.928000000000000000e+03 2.968562851351398990e+01 -9.520985506405420518e-01 7.013508836893713738e-01
1.929000000000000000e+03 2.958774678832854832e+01 -9.327353921059214903e-01 7.011524081785736051e-01
1.930000000000000000e+03 2.948900634441804058e+01 -9.135981674909100514e-01 7.010572849530902761e-01
1.931000000000000000e+03 2.938943036650971763e+01 -8.946933875098302957e-01 7.010641666576046260e-01
1.932000000000000000e+03 2.928904214211441115e+01 -8.760275874011829167e-01 7.011716993477251636e-01
1.933000000000000000e+03 2.918786506166208383e+01 -8.576073269582685787e-01 7.013785224810255015e-01
1.934000000000000000e+03 2.908592261863737249e+01 -8.394391905598047599e-01 7.016832689080788610e-01
1.935000000000000000e+03 2.898323840971509213e+01 -8.215297872005450364e-01 7.020845648634951308e-01
1.936000000000000000e+03 2.887983613489580037e+01 -8.038857505218995891e-01 7.025810299569585915e-01
1.937000000000000000e+03 2.877573959764132994e+01 -7.865137388425536003e-01 7.031712771642638637e-01
1.938000000000000000e+03 2.867097270501028916e+01 -7.694204351890852056e-01 7.038539128183519678e-01
1.939000000000000000e+03 2.856555946779361932e+01 -7.526125473265870003e-01 7.046275366003487139e-01
1.940000000000000000e+03 2.845952400065015553e+01 -7.360968077892829919e-01 7.054907415306000962e-01
1.941000000000000000e+03 2.835289052224211659e+01 -7.198799739111491069e-01 7.064421139597093502e-01
1.942000000000000000e+03 2.824568335537065877e+01 -7.039688278565319202e-01 7.074802335595741232e-01
1.943000000000000000e+03 2.813792692711139409e+01 -6.883701766507674957e-01 7.086036733144220889e-01
1.944000000000000000e+03 2.802964576894997251e+01 -6.730908522108005609e-01 7.098109995118493387e-01
1.945000000000000000e+03 2.792086451691757176e+01 -6.581377113758043462e-01 7.111007717338554412e-01
1.946000000000000000e+03 2.781160791172640856e+01 -6.435176359377988708e-01 7.124715428478808343e-01
1.947000000000000000e+03 2.770190079890534207e+01 -6.292375326722701168e-01 7.139218589978438834e-01
1.948000000000000000e+03 2.759176799412301762e+01 -6.153031688391542575e-01 7.154501559640210617e-01
1.949000000000000000e+03 2.748123387777907922e+01 -6.017156690596217050e-01 7.170544474094361354e-01
1.950000000000000000e+03 2.737032279763706910e+01 -5.884749921804237616e-01 7.187326342733253437e-01
1.951000000000000000e+03 2.725905920349140743e+01 -5.755810934079483854e-01 7.204826081774238222e-01
1.952000000000000000e+03 2.714746764729876460e+01 -5.630339243020341389e-01 7.223022514137279471e-01
1.953000000000000000e+03 2.703557278330922387e+01 -5.508334327697806954e-01 7.241894369322547931e-01
1.954000000000000000e+03 2.692339936819762158e+01 -5.389795630593611220e-01 7.261420283288048116e-01
1.955000000000000000e+03 2.681097226119479870e+01 -5.274722557538351619e-01 7.281578798327225099e-01
1.956000000000000000e+03 2.669831642421886286e+01 -5.163114477649596301e-01 7.302348362946573523e-01
1.957000000000000000e+03 2.658545692200649668e+01 -5.054970723270020283e-01 7.323707331743263271e-01
1.958000000000000000e+03 2.647241892224419502e+01 -4.950290589905513294e-01 7.345633965282738487e-01
1.959000000000000000e+03 2.635922769569954838e+01 -4.849073336163310377e-01 7.368106429976337690e-01
1.960000000000000000e+03 2.624590861635251926e+01 -4.751318183690106944e-01 7.391102797958898352e-01
1.961000000000000000e+03 2.613248716152672912e+01 -4.657024317110181610e-01 7.414601046966381448e-01
1.962000000000000000e+03 2.601898891202070985e+01 -4.566190883963520131e-01 7.438579060213478256e-01
1.963000000000000000e+03 2.590543955223919070e+01 -4.478816994643931015e-01 7.463014626271223806e-01
1.964000000000000000e+03 2.579186487032435693e+01 -4.394901722337164474e-01 7.487885438944601457e-01
1.965000000000000000e+03 2.567829075828713314e+01 -4.314444102959045235e-01 7.513169097150167453e-01
1.966000000000000000e+03 2.556474321213846324e+01 -4.237443135093581503e-01 7.538843104793666594e-01
1.967000000000000000e+03 2.545124833202057246e+01 -4.163897779931085563e-01 7.564884870647621273e-01
1.968000000000000000e+03 2.533783232233825089e+01 -4.093806961206306605e-01 7.591271708228976012e-01
1.969000000000000000e+03 2.522452149189011195e+01 -4.027169565136538565e-01 7.617980835676682050e-01
1.970000000000000000e+03 2.511134225399986164e+01 -3.963984440359747397e-01 7.644989375629331896e-01
1.971000000000000000e+03 2.499832112664761752e+01 -3.904250397872691680e-01 7.672274355102756127e-01
1.972000000000000000e+03 2.488548473260111393e+01 -3.847966210969039347e-01 7.699812705367644616e-01
1.973000000000000000e+03 2.477285979954702810e+01 -3.795130615177494948e-01 7.727581261827155545e-01
1.974000000000000000e+03 2.466047316022223157e+01 -3.745742308199917492e-01 7.755556763894534411e-01
1.975000000000000000e+03 2.454835175254506652e+01 -3.699799949849436054e-01 7.783715854870714157e-01
1.976000000000000000e+03 2.443652261974661144e+01 -3.657302161988580380e-01 7.812035081821939730e-01
1.977000000000000000e+03 2.432501291050198233e+01 -3.618247528467396501e-01 7.840490895457383758e-01
1.978000000000000000e+03 2.421384987906155928e+01 -3.582634595061564564e-01 7.869059650006732243e-01
1.979000000000000000e+03 2.410306088538230895e+01 -3.550461869410525551e-01 7.897717603097842431e-01
1.980000000000000000e+03 2.399267339525901477e+01 -3.521727820955600774e-01 7.926440915634309636e-01
1.981000000000000000e+03 2.388271498045558516e+01 -3.496430880878105829e-01 7.955205651673109557e-01
1.982000000000000000e+03 2.377321331883630151e+01 -3.474569442037485079e-01 7.983987778302199523e-01
1.983000000000000000e+03 2.366419619449712997e+01 -3.456141858909418385e-01 8.012763165518138608e-01
1.984000000000000000e+03 2.355569149789690186e+01 -3.441146447523950602e-01 8.041507586103683325e-01
1.985000000000000000e+03 2.344772722598873216e+01 -3.429581485403609409e-01 8.070196715505425500e-01
1.986000000000000000e+03 2.334033148235115007e+01 -3.421445211501526473e-01 8.098806131711382417e-01
1.987000000000000000e+03 2.323352978274759906e+01 -3.416728133164546044e-01 8.127312898647607309e-01
1.988000000000000000e+03 2.312733694984444810e+01 -3.415389885199854869e-01 8.155700329363775314e-01
1.989000000000000000e+03 2.302176515905023280e+01 -3.417382200226684597e-01 8.183953257689806637e-01
1.990000000000000000e+03 2.291682662771665235e+01 -3.422656585880816116e-01 8.212056457827959788e-01
1.991000000000000000e+03 2.281253361518792389e+01 -3.431164324518997666e-01 8.239994644278535452e-01
1.992000000000000000e+03 2.270889842285026461e+01 -3.442856472923370714e-01 8.267752471765610345e-01
1.993000000000000000e+03 2.260593339418127101e+01 -3.457683862005877518e-01 8.295314535162739977e-01
1.994000000000000000e+03 2.250365091479935842e+01 -3.475597096512694217e-01 8.322665369418696946e-01
1.995000000000000000e+03 2.240206341251312594e+01 -3.496546554728636735e-01 8.349789449483154824e-01
1.996000000000000000e+03 2.230118335737087065e+01 -3.520482388181595534e-01 8.376671190232451991e-01
1.997000000000000000e+03 2.220102326170987439e+01 -3.547354521346936518e-01 8.403294946395257758e-01
1.998000000000000000e+03 2.210159568020594634e+01 -3.577112651351939676e-01 8.429645012478339527e-01
1.999000000000000000e+03 2.200291320992273825e+01 -3.609706247680202207e-01 8.455705622692236689e-01
2.000000000000000000e+03 2.190498849036123019e+01 -3.645084551876069945e-01 8.481460950877014460e-01
2.001000000000000000e+03 2.180783420350910617e+01 -3.683196577249047698e-01 8.506895110427953322e-01
2.002000000000000000e+03 2.171146307389018659e+01 -3.723991108578227904e-01 8.531992154221292868e-01
2.003000000000000000e+03 2.161588786861384293e+01 -3.767416701816700408e-01 8.556736074539922354e-01
2.004000000000000000e+03 2.152112139742441599e+01 -3.813421683795981121e-01 8.581110802999123432e-01
2.005000000000000000e+03 2.142717651275061286e+01 -3.861954151930420132e-01 8.605100210472262923e-01
2.006000000000000000e+03 2.133406610975494999e+01 -3.912961973921634251e-01 8.628688107016535547e-01
2.007000000000000000e+03 2.124180312638316082e+01 -3.966392787462916791e-01 8.651858241798664473e-01
2.008000000000000000e+03 2.115040054341358911e+01 -4.022193999943662890e-01 8.674594303020627395e-01
2.009000000000000000e+03 2.105987138450665341e+01 -4.080312788153783732e-01 8.696879917845368180e-01
2.010000000000000000e+03 2.097022871625421203e+01 -4.140696097988129099e-01 8.718698652322519616e-01
2.011000000000000000e+03 2.088148564822900966e+01 -4.203290644150907140e-01 8.740034011314119500e-01
2.012000000000000000e+03 2.079365533303407432e+01 -4.268042909860101930e-01 8.760869438420323396e-01
2.013000000000000000e+03 2.070675096635215695e+01 -4.334899146551894344e-01 8.781188315905134045e-01
2.014000000000000000e+03 2.062078578699513187e+01 -4.403805373585083505e-01 8.800973964622107459e-01
2.015000000000000000e+03 2.053577307695339726e+01 -4.474707377945497111e-01 8.820209643940074562e-01
2.016000000000000000e+03 2.045172616144533961e+01 -4.547550713950427315e-01 8.838878551668861716e-01
2.017000000000000000e+03 2.036865840896669511e+01 -4.622280702953031617e-01 8.856963823985004591e-01
2.018000000000000000e+03 2.028658323133999986e+01 -4.698842433046764300e-01 8.874448535357467582e-01
2.019000000000000000e+03 2.020551408376399749e+01 -4.777180758769793978e-01 8.891315698473361007e-01
2.020000000000000000e+03 2.012546446486304674e+01 -4.857240300809421152e-01 8.907548264163659413e-01
2.021000000000000000e+03 2.004644791673655035e+01 -4.938965445706495205e-01 8.923129121328922109e-01
2.022000000000000000e+03 1.996847802500836266e+01 -5.022300345559841395e-01 8.938041096865000368e-01
2.023000000000000000e+03 1.989156841887619365e+01 -5.107188917730669520e-01 8.952266955588763508e-01
2.024000000000000000e+03 1.981573277116108045e+01 -5.193574844547009794e-01 8.965789400163827194e-01
2.025000000000000000e+03 1.974098479835672038e+01 -5.281401573008109862e-01 8.978591071026242876e-01
2.026000000000000000e+03 1.966733519879350567e+01 -5.370612447615054075e-01 8.990657251342278888e-01
2.027000000000000000e+03 1.959478244285086745e+01 -5.461151110505041428e-01 9.001984003392773381e-01
2.028000000000000000e+03 1.952332191630648595e+01 -5.552961103618887506e-01 9.012570090822779045e-01
2.029000000000000000e+03 1.945294897614092378e+01 -5.645985735545776540e-01 9.022414278950943167e-01
2.030000000000000000e+03 1.938365895049760468e+01 -5.740168081231589170e-01 9.031515334774304904e-01
2.031000000000000000e+03 1.931544713864276019e+01 -5.835450981687200223e-01 9.039872026973021502e-01
2.032000000000000000e+03 1.924830881092535861e+01 -5.931777043696795371e-01 9.047483125915150026e-01
2.033000000000000000e+03 1.918223920873705524e+01 -6.029088639526174465e-01 9.054347403661398008e-01
2.034000000000000000e+03 1.911723354447214973e+01 -6.127327906631065968e-01 9.060463633969888519e-01
2.035000000000000000e+03 1.905328700148752930e+01 -6.226436747365431401e-01 9.065830592300911928e-01
2.036000000000000000e+03 1.899039473406259404e+01 -6.326356828689778666e-01 9.070447055821695415e-01
2.037000000000000000e+03 1.892855186735922857e+01 -6.427029581879474263e-01 9.074311803411161392e-01
2.038000000000000000e+03 1.886775349738175223e+01 -6.528396202233045509e-01 9.077423615664684808e-01
2.039000000000000000e+03 1.880799469093684095e+01 -6.630397648780496089e-01 9.079781274898852672e-01
2.040000000000000000e+03 1.874927048559347043e+01 -6.732974643991608277e-01 9.081383565156228022e-01
2.041000000000000000e+03 1.869157588964290184e+01 -6.836067673484259588e-01 9.082229272210105009e-01
2.042000000000000000e+03 1.863490588205859666e+01 -6.939616985732732779e-01 9.082317183569273977e-01
2.043000000000000000e+03 1.857925541245614554e+01 -7.043562591776015847e-01 9.081646088482780987e-01
2.044000000000000000e+03 1.852461940105326832e+01 -7.147844264926125346e-01 9.080214777944681792e-01
2.045000000000000000e+03 1.847099273862971458e+01 -7.252401540476401953e-01 9.078022044698812465e-01
2.046000000000000000e+03 1.841837028648722807e+01 -7.357173715409828230e-01 9.075066683243538934e-01
2.047000000000000000e+03 1.836674687640948989e+01 -7.462099848107339728e-01 9.071347489836528721e-01
2.048000000000000000e+03 1.831611731062205806e+01 -7.567118758056123884e-01 9.066863262499494924e-01
2.049000000000000000e+03 1.826647636175232137e+01 -7.672169025557942224e-01 9.061612801022974617e-01
2.050000000000000000e+03 1.821781877278945316e+01 -7.777188991437432586e-01 9.055594906971077274e-01
2.051000000000000000e+03 1.817013925704434385e+01 -7.882116756750415787e-01 9.048808383686242074e-01
2.052000000000000000e+03 1.812343249810954404e+01 -7.986890182492220047e-01 9.041252036294015193e-01
2.053000000000000000e+03 1.807769314981922193e+01 -8.091446889305962120e-01 9.032924671707792674e-01
2.054000000000000000e+03 1.803291583620912064e+01 -8.195724257190896145e-01 9.023825098633583286e-01
2.055000000000000000e+03 1.798909515147646232e+01 -8.299659425210684782e-01 9.013952127574774709e-01
2.056000000000000000e+03 1.794622565993993746e+01 -8.403189291201726974e-01 9.003304570836896392e-01
2.057000000000000000e+03 1.790430189599963384e+01 -8.506250511481474597e-01 8.991881242532364649e-01
2.058000000000000000e+03 1.786331836409698681e+01 -8.608779500556723585e-01 8.979680958585263273e-01
2.059000000000000000e+03 1.782326953867471531e+01 -8.710712430831939468e-01 8.966702536736080864e-01
2.060000000000000000e+03 1.778414986413676857e+01 -8.811985232317551819e-01 8.952944796546491446e-01
2.061000000000000000e+03 1.774595375480829418e+01 -8.912533592338282018e-01 8.938406559404105112e-01
2.062000000000000000e+03 1.770867559489556342e+01 -9.012292955241433257e-01 8.923086648527224218e-01
2.063000000000000000e+03 1.767230973844592157e+01 -9.111198522105217190e-01 8.906983888969614016e-01
2.064000000000000000e+03 1.763685050930773102e+01 -9.209185250447050608e-01 8.890097107625257733e-01
2.065000000000000000e+03 1.760229071387935562e+01 -9.306193995472977765e-01 8.872427086291714282e-01
2.066000000000000000e+03 1.756861716791302896e+01 -9.402189981995094925e-01 8.853982435983366317e-01
2.067000000000000000e+03 1.753581513792329716e+01 -9.497144462869397952e-01 8.834773764267220830e-01
2.068000000000000000e+03 1.750386982543739123e+01 -9.591028589223554723e-01 8.814811726044428086e-01
2.069000000000000000e+03 1.747276636691334062e+01 -9.683813410337946959e-01 8.794107023609971652e-01
2.070000000000000000e+03 1.744248983365810091e+01 -9.775469873526736464e-01 8.772670406712360647e-01
2.071000000000000000e+03 1.741302523174566375e+01 -9.865968824018912509e-01 8.750512672613333098e-01
2.072000000000000000e+03 1.738435750193516327e+01 -9.955281004839358072e-01 8.727644666147543751e-01
2.073000000000000000e+03 1.735647151958897894e+01 -1.004337705668988168e+00 8.704077279782248544e-01
2.074000000000000000e+03 1.732935209459090942e+01 -1.013022751783031250e+00 8.679821453677036835e-01
2.075000000000000000e+03 1.730298397126419374e+01 -1.021580282395951000e+00 8.654888175743471468e-01
2.076000000000000000e+03 1.727735182828972071e+01 -1.030007330809646238e+00 8.629288481704832092e-01
2.077000000000000000e+03 1.725244027862406426e+01 -1.038300920046130393e+00 8.603033455155782994e-01
2.078000000000000000e+03 1.722823386941765733e+01 -1.046458062835640579e+00 8.576134227622076445e-01
2.079000000000000000e+03 1.720471708193288052e+01 -1.054475761604740214e+00 8.548601978620248287e-01
2.080000000000000000e+03 1.718187433146216136e+01 -1.062351008464425872e+00 8.520447935717302412e-01
2.081000000000000000e+03 1.715968996724613049e+01 -1.070080785198234352e+00 8.491683374590431876e-01
2.082000000000000000e+03 1.713814827239168892e+01 -1.077662063250344193e+00 8.462319619086673406e-01
2.083000000000000000e+03 1.711723346379016775e+01 -1.085091803713685632e+00 8.432368041282644056e-01
2.084000000000000000e+03 1.709692969203540613e+01 -1.092366957318043008e+00 8.401840061544199045e-01
2.085000000000000000e+03 1.707722104134188612e+01 -1.099484464418162721e+00 8.370747148586159536e-01
2.086000000000000000e+03 1.705809152946283902e+01 -1.106441254981856304e+00 8.339100819531980457e-01
2.087000000000000000e+03 1.703952510760836603e+01 -1.113234248578108154e+00 8.306912639973460522e-01
2.088000000000000000e+03 1.702150566036355528e+01 -1.119860354365180166e+00 8.274194224030437805e-01
2.089000000000000000e+03 1.700401700560657403e+01 -1.126316471078716352e+00 8.240957234410467569e-01
2.090000000000000000e+03 1.698704289442681770e+01 -1.132599487019850582e+00 8.207213382468545593e-01
2.091000000000000000e+03 1.697056701104300203e+01 -1.138706280043310315e+00 8.172974428266773783e-01
2.092000000000000000e+03 1.695457297272128017e+01 -1.144633717545523011e+00 8.138252180634067967e-01
2.093000000000000000e+03 1.693904432969335616e+01 -1.150378656452720527e+00 8.103058497225861245e-01
2.094000000000000000e+03 1.692396456507460911e+01 -1.155937943209047081e+00 8.067405284583782921e-01
2.095000000000000000e+03 1.690931709478221023e+01 -1.161308413764662539e+00 8.031304498195364072e-01
2.096000000000000000e+03 1.689508526745321149e+01 -1.166486893563848604e+00 7.994768142553728696e-01
2.097000000000000000e+03 1.688125236436268750e+01 -1.171470197533113877e+00 7.957808271217279295e-01
2.098000000000000000e+03 1.686780159934184198e+01 -1.176255130069301380e+00 7.920436986869413554e-01
2.099000000000000000e+03 1.685471611869611763e+01 -1.180838485027692730e+00 7.882666441378203270e-01
2.100000000000000000e+03 1.684197900112331681e+01 -1.185217045710112105e+00 7.844508835856083273e-01
2.101000000000000000e+03 1.682957325763171141e+01 -1.189387584853034863e+00 7.805976420719565878e-01
2.102000000000000000e+03 1.681748183145816000e+01 -1.193346864615691505e+00 7.767081495748919817e-01
2.103000000000000000e+03 1.680568759798622835e+01 -1.197091636568172968e+00 7.727836410147870261e-01
2.104000000000000000e+03 1.679417400016147965e+01 -1.200619355707277736e+00 7.688253742726277595e-01
2.105000000000000000e+03 1.678292695973388504e+01 -1.203930327957712265e+00 7.648346843698549113e-01
2.106000000000000000e+03 1.677193297914926617e+01 -1.207025577587944820e+00 7.608129296773636918e-01
2.107000000000000000e+03 1.676117850719474589e+01 -1.209906134546419487e+00 7.567614739438836002e-01
2.108000000000000000e+03 1.675064993893407461e+01 -1.212573034469005773e+00 7.526816863024348159e-01
2.109000000000000000e+03 1.674033361564297806e+01 -1.215027318686451085e+00 7.485749412767873645e-01
2.110000000000000000e+03 1.673021582474447655e+01 -1.217270034231832998e+00 7.444426187879163992e-01
2.111000000000000000e+03 1.672028279974422560e+01 -1.219302233848010397e+00 7.402861041604614778e-01
2.112000000000000000e+03 1.671052072016584944e+01 -1.221124975995076190e+00 7.361067881291832871e-01
2.113000000000000000e+03 1.670091571148626741e+01 -1.222739324857808452e+00 7.319060668454218099e-01
2.114000000000000000e+03 1.669145384507103103e+01 -1.224146350353122470e+00 7.276853418835528275e-01
2.115000000000000000e+03 1.668212113810966812e+01 -1.225347128137523223e+00 7.234460202474459756e-01
2.116000000000000000e+03 1.667290355355099152e+01 -1.226342739614556532e+00 7.191895143769225784e-01
2.117000000000000000e+03 1.666378700003845026e+01 -1.227134271942260879e+00 7.149172421542125955e-01
2.118000000000000000e+03 1.665475733184547025e+01 -1.227722818040620556e+00 7.106306269104130102e-01
2.119000000000000000e+03 1.664580034881075576e+01 -1.228109476599014815e+00 7.063310974319434443e-01
2.120000000000000000e+03 1.663690179627366561e+01 -1.228295352083674352e+00 7.020200879670066563e-01
2.121000000000000000e+03 1.662804736500950398e+01 -1.228281554745127568e+00 6.976990382320428230e-01
2.122000000000000000e+03 1.661922269116488948e+01 -1.228069200625656610e+00 6.933693934181892615e-01
2.123000000000000000e+03 1.661041335619306025e+01 -1.227659411566748071e+00 6.890326041977378191e-01
2.124000000000000000e+03 1.660160488678922519e+01 -1.227053315216544149e+00 6.846901267305905980e-01
2.125000000000000000e+03 1.659278275482589038e+01 -1.226252045037295124e+00 6.803434226707195664e-01
2.126000000000000000e+03 1.658393237728819258e+01 -1.225256740312811399e+00 6.759939591726232822e-01
2.127000000000000000e+03 1.657503911620923631e+01 -1.224068546155915538e+00 6.716432088977836168e-01
2.128000000000000000e+03 1.656608827860540956e+01 -1.222688613515892531e+00 6.672926500211248113e-01
2.129000000000000000e+03 1.655706511641175638e+01 -1.221118099185944494e+00 6.629437662374696449e-01
2.130000000000000000e+03 1.654795482641726068e+01 -1.219358165810639383e+00 6.585980467679977135e-01
2.131000000000000000e+03 1.653874255020021167e+01 -1.217409981893365911e+00 6.542569863667027086e-01
2.132000000000000000e+03 1.652941337406353739e+01 -1.215274721803783375e+00 6.499220853268494746e-01
2.133000000000000000e+03 1.651995232897012400e+01 -1.212953565785274135e+00 6.455948494874330645e-01
2.134000000000000000e+03 1.651034439047814573e+01 -1.210447699962395207e+00 6.412767902396340203e-01
2.135000000000000000e+03 1.650057447867641258e+01 -1.207758316348330530e+00 6.369694245332772065e-01
2.136000000000000000e+03 1.649062745811970387e+01 -1.204886612852343664e+00 6.326742748832900887e-01
2.137000000000000000e+03 1.648048813776409460e+01 -1.201833793287227836e+00 6.283928693761584583e-01
2.138000000000000000e+03 1.647014127090227831e+01 -1.198601067376758422e+00 6.241267416763847109e-01
2.139000000000000000e+03 1.645957155509891834e+01 -1.195189650763146316e+00 6.198774310329460135e-01
2.140000000000000000e+03 1.644876363212597425e+01 -1.191600765014487973e+00 6.156464822857512509e-01
2.141000000000000000e+03 1.643770208789803888e+01 -1.187835637632217667e+00 6.114354458720977492e-01
2.142000000000000000e+03 1.642637145240765761e+01 -1.183895502058560201e+00 6.072458778331305540e-01
2.143000000000000000e+03 1.641475806773514634e+01 -1.179781952607616535e+00 6.030792073854344126e-01
2.144000000000000000e+03 1.640285570615468913e+01 -1.175498011893639339e+00 5.989363386341197693e-01
2.145000000000000000e+03 1.639065999027609521e+01 -1.171047070709111626e+00 5.948180461519477769e-01
2.146000000000000000e+03 1.637816652843884313e+01 -1.166432533779851788e+00 5.907251071701707934e-01
2.147000000000000000e+03 1.636537091469621430e+01 -1.161657819781733547e+00 5.866583015815307611e-01
2.148000000000000000e+03 1.635226872879943727e+01 -1.156726361357409694e+00 5.826184119432586961e-01
2.149000000000000000e+03 1.633885553618176800e+01 -1.151641605133031820e+00 5.786062234800718462e-01
2.150000000000000000e+03 1.632512688794263411e+01 -1.146407011734972947e+00 5.746225240871738471e-01
2.151000000000000000e+03 1.631107832083176490e+01 -1.141026055806549255e+00 5.706681043332521019e-01
2.152000000000000000e+03 1.629670535723330715e+01 -1.135502226024741157e+00 5.667437574634772712e-01
2.153000000000000000e+03 1.628200350514994454e+01 -1.129839025116916140e+00 5.628502794025016520e-01
2.154000000000000000e+03 1.626696825818701697e+01 -1.124039969877547618e+00 5.589884687574571132e-01
2.155000000000000000e+03 1.625159509553666837e+01 -1.118108591184941103e+00 5.551591268209550289e-01
2.156000000000000000e+03 1.623587948196192698e+01 -1.112048434017950616e+00 5.513630575740836592e-01
2.157000000000000000e+03 1.621981686778087450e+01 -1.105863057472705302e+00 5.476010676894078610e-01
2.158000000000000000e+03 1.620340268885073343e+01 -1.099556034779327618e+00 5.438739665339665796e-01
2.159000000000000000e+03 1.618663236655201842e+01 -1.093130953318656617e+00 5.401825661722727823e-01
2.160000000000000000e+03 1.616950130777262018e+01 -1.086591414638968578e+00 5.365276813693105051e-01
2.161000000000000000e+03 1.615200490489198160e+01 -1.079941034472699624e+00 5.329101295935348981e-01
2.162000000000000000e+03 1.613413853576517809e+01 -1.073183442753167682e+00 5.293307310198702709e-01
2.163000000000000000e+03 1.611589756370704052e+01 -1.066322283631292001e+00 5.257903085327084725e-01
2.164000000000000000e+03 1.609727733747632072e+01 -1.059361215492317765e+00 5.222896877289081585e-01
2.165000000000000000e+03 1.607827319125976473e+01 -1.052303910972534728e+00 5.188296969207928377e-01
2.166000000000000000e+03 1.605888044465626763e+01 -1.045154056976002055e+00 5.154111671391495841e-01
2.167000000000000000e+03 1.603909440266097874e+01 -1.037915354691266723e+00 5.120349321362277495e-01
2.168000000000000000e+03 1.601891035564943166e+01 -1.030591519608088147e+00 5.087018283887381198e-01
2.169000000000000000e+03 1.599832357936167604e+01 -1.023186281534156805e+00 5.054126951008504065e-01
2.170000000000000000e+03 1.597732933488637563e+01 -1.015703384611819526e+00 5.021683742071927359e-01
2.171000000000000000e+03 1.595592286864496323e+01 -1.008146587334797672e+00 4.989697103758504726e-01
2.172000000000000000e+03 1.593409941237573690e+01 -1.000519662564910872e+00 4.958175510113635998e-01
2.173000000000000000e+03 1.591185418311799893e+01 -9.928263975487978676e-01 4.927127462577268191e-01
2.174000000000000000e+03 1.588918238319616805e+01 -9.850705939346384721e-01 4.896561490013872087e-01
2.175000000000000000e+03 1.586607920020391482e+01 -9.772560677888755265e-01 4.866486148742434348e-01
2.176000000000000000e+03 1.584253980698826858e+01 -9.693866496129353028e-01 4.836910022566435763e-01
2.177000000000000000e+03 1.581855936163376342e+01 -9.614661843599511259e-01 4.807841722803849471e-01
2.178000000000000000e+03 1.579413300744652027e+01 -9.534985314514826671e-01 4.779289888317115875e-01
2.179000000000000000e+03 1.576925587293843023e+01 -9.454875647942403427e-01 4.751263185543133094e-01
2.180000000000000000e+03 1.574392307181121353e+01 -9.374371727968037193e-01 4.723770308523248529e-01
2.181000000000000000e+03 1.571812970294059930e+01 -9.293512583863470233e-01 4.696819978933233775e-01
2.182000000000000000e+03 1.569187250308191750e+01 -9.212336002373402444e-01 4.670419234268568531e-01
2.183000000000000000e+03 1.566515481713777724e+01 -9.130874354065310339e-01 4.644568279787792409e-01
2.184000000000000000e+03 1.563798166120449018e+01 -9.049158739311748967e-01 4.619265602090392164e-01
2.185000000000000000e+03 1.561035807290398658e+01 -8.967220373760310670e-01 4.594509677812405046e-01
2.186000000000000000e+03 1.558228911140956008e+01 -8.885090588465852646e-01 4.570298973613285409e-01
2.187000000000000000e+03 1.555377985747162661e+01 -8.802800830022761147e-01 4.546631946162759674e-01
2.188000000000000000e+03 1.552483541344349760e+01 -8.720382660697203470e-01 4.523507042127690170e-01
2.189000000000000000e+03 1.549546090330713000e+01 -8.637867758559382159e-01 4.500922698158941193e-01
2.190000000000000000e+03 1.546566147269886748e+01 -8.555287917615769233e-01 4.478877340878221203e-01
2.191000000000000000e+03 1.543544228893524739e+01 -8.472675047941393700e-01 4.457369386864969418e-01
2.192000000000000000e+03 1.540480854103870456e+01 -8.390061175812056904e-01 4.436397242643188576e-01
2.193000000000000000e+03 1.537376543976337473e+01 -8.307478443836607829e-01 4.415959304668329866e-01
2.194000000000000000e+03 1.534231821762081793e+01 -8.224959111089186203e-01 4.396053959314135118e-01
2.195000000000000000e+03 1.531047212890580944e+01 -8.142535553241475599e-01 4.376679582859509532e-01
2.196000000000000000e+03 1.527823244972208805e+01 -8.060240262694967628e-01 4.357834541475377188e-01
2.197000000000000000e+03 1.524560447800809548e+01 -7.978105848713187287e-01 4.339517191211536007e-01
2.198000000000000000e+03 1.521259353356276200e+01 -7.896165037553972699e-01 4.321725877983531583e-01
2.199000000000000000e+03 1.517920495807126535e+01 -7.814450672601714887e-01 4.304458937559503817e-01
2.200000000000000000e+03 1.514544411513076128e+01 -7.732995714499604212e-01 4.287714695547054644e-01
2.201000000000000000e+03 1.511131639027618334e+01 -7.651833241281905673e-01 4.271491467380112428e-01
2.202000000000000000e+03 1.507682719100595925e+01 -7.570996448506176479e-01 4.255787558305779150e-01
2.203000000000000000e+03 1.504198194680781242e+01 -7.490518649385550232e-01 4.240601263371205354e-01
2.204000000000000000e+03 1.500678610918448364e+01 -7.410433274920970037e-01 4.225930867410440106e-01
2.205000000000000000e+03 1.497124515167952552e+01 -7.330773874033451598e-01 4.211774645031298725e-01
2.206000000000000000e+03 1.493536456990302774e+01 -7.251574113696325208e-01 4.198130860602218850e-01
2.207000000000000000e+03 1.489914988155740261e+01 -7.172867779067498839e-01 4.184997768239122062e-01
2.208000000000000000e+03 1.486260662646312269e+01 -7.094688773621701250e-01 4.172373611792272730e-01
2.209000000000000000e+03 1.482574036658450289e+01 -7.017071119282739522e-01 4.160256624833143513e-01
2.210000000000000000e+03 1.478855668605545048e+01 -6.940048956555751047e-01 4.148645030641270326e-01
2.211000000000000000e+03 1.475106119120521342e+01 -6.863656544659455516e-01 4.137537042191115622e-01
2.212000000000000000e+03 1.471325951058414816e+01 -6.787928261658402462e-01 4.126930862138928346e-01
2.213000000000000000e+03 1.467515729498948218e+01 -6.712898604595231022e-01 4.116824682809603342e-01
2.214000000000000000e+03 1.463676021749107825e+01 -6.638602189622917482e-01 4.107216686183542964e-01
2.215000000000000000e+03 1.459807397345716318e+01 -6.565073752137026153e-01 4.098105043883517040e-01
2.216000000000000000e+03 1.455910428058014006e+01 -6.492348146907969131e-01 4.089487917161526154e-01
2.217000000000000000e+03 1.451985687890229393e+01 -6.420460348213250512e-01 4.081363456885655494e-01
2.218000000000000000e+03 1.448033753084157915e+01 -6.349445449969721711e-01 4.073729803526942583e-01
2.219000000000000000e+03 1.444055202121738546e+01 -6.279338665865835667e-01 4.066585087146231126e-01
2.220000000000000000e+03 1.440050615727626493e+01 -6.210175329493894392e-01 4.059927427381038734e-01
2.221000000000000000e+03 1.436020624747685304e+01 -6.141986560123421368e-01 4.053753950774774961e-01
2.222000000000000000e+03 1.431966054124193022e+01 -6.074786228532200738e-01 4.048057835711678099e-01
2.223000000000000000e+03 1.427887779874775021e+01 -6.008583905524775837e-01 4.042831247977515252e-01
2.224000000000000000e+03 1.423786681306396318e+01 -5.943389188517332888e-01 4.038066321611635812e-01
2.225000000000000000e+03 1.419663641019104361e+01 -5.879211701564553971e-01 4.033755158869926638e-01
2.226000000000000000e+03 1.415519544909765060e+01 -5.816061095386472202e-01 4.029889830187780575e-01
2.227000000000000000e+03 1.411355282175807169e+01 -5.753947047395341352e-01 4.026462374143068290e-01
2.228000000000000000e+03 1.407171745318959388e+01 -5.692879261722483264e-01 4.023464797419097905e-01
2.229000000000000000e+03 1.402969830148990837e+01 -5.632867469245154135e-01 4.020889074767584059e-01
2.230000000000000000e+03 1.398750435787452240e+01 -5.573921427613398594e-01 4.018727148971613650e-01
2.231000000000000000e+03 1.394514464671416043e+01 -5.516050921276914876e-01 4.016970930808617113e-01
2.232000000000000000e+03 1.390262822557214051e+01 -5.459265761511906678e-01 4.015612299013324171e-01
2.233000000000000000e+03 1.385996418524180740e+01 -5.403575786447946117e-01 4.014643100240740670e-01
2.234000000000000000e+03 1.381716164978391070e+01 -5.348990861094827798e-01 4.014055149029108760e-01
2.235000000000000000e+03 1.377422977656402026e+01 -5.295520877369440660e-01 4.013840227762876522e-01
2.236000000000000000e+03 1.373117775628991488e+01 -5.243175754122607612e-01 4.013990086635660925e-01
2.237000000000000000e+03 1.368801481304898360e+01 -5.191965437165957375e-01 4.014496443613219667e-01
2.238000000000000000e+03 1.364475020434564634e+01 -5.141899899298785215e-01 4.015350984396411915e-01
2.239000000000000000e+03 1.360139322113871962e+01 -5.092989140334897025e-01 4.016545362384164597e-01
2.240000000000000000e+03 1.355795318787885151e+01 -5.045243187129488938e-01 4.018071198636446462e-01
2.241000000000000000e+03 1.351443946254589612e+01 -4.998672093605986411e-01 4.019920081837222159e-01
2.242000000000000000e+03 1.347086143668633618e+01 -4.953285940782917174e-01 4.022083568257432407e-01
2.243000000000000000e+03 1.342722853545066286e+01 -4.909094836800760309e-01 4.024553181717945849e-01
2.244000000000000000e+03 1.338355021763080011e+01 -4.866108916948814200e-01 4.027320413552539780e-01
2.245000000000000000e+03 1.333983597569747737e+01 -4.824338343692047282e-01 4.030376722570856440e-01
2.246000000000000000e+03 1.329609533583764858e+01 -4.783793306697960435e-01 4.033713535021369867e-01
2.247000000000000000e+03 1.325233785799190045e+01 -4.744484022863449391e-01 4.037322244554361061e-01
2.248000000000000000e+03 1.320857313589183057e+01 -4.706420736341655475e-01 4.041194212184873180e-01
2.249000000000000000e+03 1.316481079709745750e+01 -4.669613718568829674e-01 4.045320766255682821e-01
2.250000000000000000e+03 1.312106050303462546e+01 -4.634073268291193370e-01 4.049693202400270198e-01
2.251000000000000000e+03 1.307733194903241447e+01 -4.599809711591790751e-01 4.054302783505777663e-01
2.252000000000000000e+03 1.303363486436051311e+01 -4.566833401917354540e-01 4.059140739675982101e-01
2.253000000000000000e+03 1.298997901226664808e+01 -4.535154720105159520e-01 4.064198268194260111e-01
2.254000000000000000e+03 1.294637419001395706e+01 -4.504784074409885486e-01 4.069466533486549853e-01
2.255000000000000000e+03 1.290283022891842002e+01 -4.475731900530470209e-01 4.074936667084325115e-01
2.256000000000000000e+03 1.285935699438623736e+01 -4.448008661636978500e-01 4.080599767587554383e-01
2.257000000000000000e+03 1.281596438595124532e+01 -4.421624848397450736e-01 4.086446900627673240e-01
2.258000000000000000e+03 1.277266233731228695e+01 -4.396590979004763033e-01 4.092469098830546215e-01
2.259000000000000000e+03 1.272946081637066307e+01 -4.372917599203495209e-01 4.098657361779433628e-01
2.260000000000000000e+03 1.268636914177978348e+01 -4.350611339942429545e-01 4.105002836625308293e-01
2.261000000000000000e+03 1.264339392768060932e+01 -4.329663062367750670e-01 4.111497361270776696e-01
2.262000000000000000e+03 1.260054112572697704e+01 -4.310059636087716917e-01 4.118132924631027758e-01
2.263000000000000000e+03 1.255781670738570632e+01 -4.291787874508253275e-01 4.124901486273204743e-01
2.264000000000000000e+03 1.251522666395800165e+01 -4.274834534767239513e-01 4.131794976383625362e-01
2.265000000000000000e+03 1.247277700660075972e+01 -4.259186317668777200e-01 4.138805295734979128e-01
2.266000000000000000e+03 1.243047376634793366e+01 -4.244829867617465613e-01 4.145924315653541914e-01
2.267000000000000000e+03 1.238832299413188842e+01 -4.231751772552685975e-01 4.153143877986386623e-01
2.268000000000000000e+03 1.234633076080474012e+01 -4.219938563882866811e-01 4.160455795068584428e-01
2.269000000000000000e+03 1.230450315715971854e+01 -4.209376716419769848e-01 4.167851849690421551e-01
2.270000000000000000e+03 1.226284629395249759e+01 -4.200052648312758707e-01 4.175323795064602161e-01
2.271000000000000000e+03 1.222136630192256845e+01 -4.191952720983076475e-01 4.182863354793460164e-01
2.272000000000000000e+03 1.218006933181456120e+01 -4.185063239058131046e-01 4.190462222836167094e-01
2.273000000000000000e+03 1.213896155439962499e+01 -4.179370450305752716e-01 4.198112063475938349e-01
2.274000000000000000e+03 1.209804916049675860e+01 -4.174860545568488401e-01 4.205804511287247749e-01
2.275000000000000000e+03 1.205733836099416045e+01 -4.171519658697868116e-01 4.213531171103030437e-01
2.276000000000000000e+03 1.201683538687057862e+01 -4.169333866488681983e-01 4.221283617981891334e-01
2.277000000000000000e+03 1.197654648921668752e+01 -4.168289188613261143e-01 4.229053397175321916e-01
2.278000000000000000e+03 1.193647793925637579e+01 -4.168371587555743663e-01 4.236832024094895899e-01
2.279000000000000000e+03 1.189663602836817269e+01 -4.169566968546365437e-01 4.244610984279494348e-01
2.280000000000000000e+03 1.185702706810653417e+01 -4.171861179495722771e-01 4.252381733362496363e-01
2.281000000000000000e+03 1.181765739022322315e+01 -4.175240010929053280e-01 4.260135697038999747e-01
2.282000000000000000e+03 1.177853334668866303e+01 -4.179689195920517908e-01 4.267864271033029455e-01
2.283000000000000000e+03 1.173966130971326294e+01 -4.185194410027465173e-01 4.275558821064736059e-01
2.284000000000000000e+03 1.170104767176879434e+01 -4.191741271224715404e-01 4.283210682817620296e-01
2.285000000000000000e+03 1.166269884560972692e+01 -4.199315339838837757e-01 4.290811161905725424e-01
2.286000000000000000e+03 1.162462126429457498e+01 -4.207902118482422793e-01 4.298351533840859551e-01
2.287000000000000000e+03 1.158682138120725114e+01 -4.217487051988356717e-01 4.305823043999792987e-01
2.288000000000000000e+03 1.154930567007843223e+01 -4.228055527344101172e-01 4.313216907591476690e-01
2.289000000000000000e+03 1.151208062500687035e+01 -4.239592873625970260e-01 4.320524309624244053e-01
2.290000000000000000e+03 1.147515276048078547e+01 -4.252084361933403667e-01 4.327736404873022136e-01
2.291000000000000000e+03 1.143852861139918708e+01 -4.265515205323244241e-01 4.334844317846541228e-01
2.292000000000000000e+03 1.140221473309323130e+01 -4.279870558744010567e-01 4.341839142754540526e-01
2.293000000000000000e+03 1.136621770134757448e+01 -4.295135518970179533e-01 4.348711943474982689e-01
2.294000000000000000e+03 1.133054411242172144e+01 -4.311295124536458356e-01 4.355453753521252303e-01
2.295000000000000000e+03 1.129520058307136665e+01 -4.328334355672058820e-01 4.362055576009377100e-01
2.296000000000000000e+03 1.126019375056975669e+01 -4.346238134234979844e-01 4.368508383625225866e-01
2.297000000000000000e+03 1.122553027272903314e+01 -4.364991323646276733e-01 4.374803118591724105e-01
2.298000000000000000e+03 1.119121682792158268e+01 -4.384578728824340410e-01 4.380930692636060275e-01
2.299000000000000000e+03 1.115725898567528418e+01 -4.404983900416042930e-01 4.386882963565775229e-01
2.300000000000000000e+03 1.112365781055625291e+01 -4.426185539300059868e-01 4.392655671859377331e-01
2.301000000000000000e+03 1.109041323670144941e+01 -4.448161069055625583e-01 4.398245522711200506e-01
2.302000000000000000e+03 1.105752519527671396e+01 -4.470887829493754850e-01 4.403649211109969541e-01
2.303000000000000000e+03 1.102499361447247850e+01 -4.494343076564403794e-01 4.408863421828180806e-01
2.304000000000000000e+03 1.099281841949949090e+01 -4.518503982263597507e-01 4.413884829411464095e-01
2.305000000000000000e+03 1.096099953258452508e+01 -4.543347634540570446e-01 4.418710098167961675e-01
2.306000000000000000e+03 1.092953687296610354e+01 -4.568851037204917365e-01 4.423335882157698462e-01
2.307000000000000000e+03 1.089843035689021633e+01 -4.594991109833720389e-01 4.427758825181952185e-01
2.308000000000000000e+03 1.086767989760604358e+01 -4.621744687678703278e-01 4.431975560772630218e-01
2.309000000000000000e+03 1.083728540536166918e+01 -4.649088521573360722e-01 4.435982712181635867e-01
2.310000000000000000e+03 1.080724678739979083e+01 -4.676999277840104829e-01 4.439776892370241312e-01
2.311000000000000000e+03 1.077756394795345152e+01 -4.705453538197401087e-01 4.443354703998463884e-01
2.312000000000000000e+03 1.074823678824175310e+01 -4.734427799666917624e-01 4.446712739414433457e-01
2.313000000000000000e+03 1.071926520646557179e+01 -4.763898474480657841e-01 4.449847580643768730e-01
2.314000000000000000e+03 1.069064909780328065e+01 -4.793841889988101346e-01 4.452755799378945167e-01
2.315000000000000000e+03 1.066238835440646682e+01 -4.824234288563352124e-01 4.455433956968667397e-01
2.316000000000000000e+03 1.063448286539564336e+01 -4.855051827512264495e-01 4.457878604407244927e-01
2.317000000000000000e+03 1.060693251685598426e+01 -4.886270578979604040e-01 4.460086282323960649e-01
2.318000000000000000e+03 1.057973719183301675e+01 -4.917866529856168012e-01 4.462053520972445453e-01
2.319000000000000000e+03 1.055289677032836337e+01 -4.949815581685939603e-01 4.463776840220043396e-01
2.320000000000000000e+03 1.052641112929545208e+01 -4.982093550573223895e-01 4.465252749537195198e-01
2.321000000000000000e+03 1.050028014263522813e+01 -5.014676167089785475e-01 4.466477747986802305e-01
2.322000000000000000e+03 1.047450368119188013e+01 -5.047539076181993822e-01 4.467448324213597055e-01
2.323000000000000000e+03 1.044908161274855729e+01 -5.080657837077963146e-01 4.468160956433524511e-01
2.324000000000000000e+03 1.042401380202308481e+01 -5.114007923194691108e-01 4.468612112423103189e-01
2.325000000000000000e+03 1.039930011066368287e+01 -5.147564722045196994e-01 4.468798249508801890e-01
2.326000000000000000e+03 1.037494039724468387e+01 -5.181303535145671546e-01 4.468715814556416532e-01
2.327000000000000000e+03 1.035093451726226021e+01 -5.215199577922604579e-01 4.468361243960433660e-01
2.328000000000000000e+03 1.032728232313012384e+01 -5.249227979619940365e-01 4.467730963633407271e-01
2.329000000000000000e+03 1.030398366417526468e+01 -5.283363783206203035e-01 4.466821388995330100e-01
2.330000000000000000e+03 1.028103838663365366e+01 -5.317581945281648625e-01 4.465628924963006008e-01
2.331000000000000000e+03 1.025844633364596881e+01 -5.351857335985401587e-01 4.464149965939419040e-01
2.332000000000000000e+03 1.023620734525331422e+01 -5.386164738902593507e-01 4.462380895803110259e-01
2.333000000000000000e+03 1.021432125839293192e+01 -5.420478850971505169e-01 4.460318087897547912e-01
2.334000000000000000e+03 1.019278790689392444e+01 -5.454774282390710827e-01 4.457957905020494827e-01
2.335000000000000000e+03 1.017160712147297197e+01 -5.489025556526210270e-01 4.455296699413388573e-01
2.336000000000000000e+03 1.015077872973005668e+01 -5.523207109818578653e-01 4.452330812750706635e-01
2.337000000000000000e+03 1.013030255614416753e+01 -5.557293291690102999e-01 4.449056576129342133e-01
2.338000000000000000e+03 1.011017765204075580e+01 -5.591260004514739812e-01 4.445471305459145483e-01
2.339000000000000000e+03 1.009039998023297713e+01 -5.625089634937415761e-01 4.441576294467790564e-01
2.340000000000000000e+03 1.007096471587272646e+01 -5.658766153250370801e-01 4.437373840417436766e-01
2.341000000000000000e+03 1.005186701514116621e+01 -5.692273476077600591e-01 4.432866250416678811e-01
2.342000000000000000e+03 1.003310201522754497e+01 -5.725595466317977555e-01 4.428055841431760009e-01
2.343000000000000000e+03 1.001466483430803045e+01 -5.758715933088387473e-01 4.422944940297789396e-01
2.344000000000000000e+03 9.996550571524510431e+00 -5.791618631666852757e-01 4.417535883729949431e-01
2.345000000000000000e+03 9.978754306963434573e+00 -5.824287263435669049e-01 4.411831018334722021e-01
2.346000000000000000e+03 9.961271101634622482e+00 -5.856705475824522944e-01 4.405832700621089004e-01
2.347000000000000000e+03 9.944095997450089541e+00 -5.888856862253640800e-01 4.399543297011764276e-01
2.348000000000000000e+03 9.927224017202862072e+00 -5.920724962076890918e-01 4.392965183854388167e-01
2.349000000000000000e+03 9.910650164545810270e+00 -5.952293260524939011e-01 4.386100747432757352e-01
2.350000000000000000e+03 9.894369423970458044e+00 -5.983545188648364821e-01 4.378952383978035878e-01
2.351000000000000000e+03 9.878376760785807065e+00 -6.014464123260786499e-01 4.371522499679966201e-01
2.352000000000000000e+03 9.862667121097166145e+00 -6.045033386882006088e-01 4.363813510698086873e-01
2.353000000000000000e+03 9.847235431784961079e+00 -6.075236247681121693e-01 4.355827843172945801e-01
2.354000000000000000e+03 9.832076600483555140e+00 -6.105055919419668520e-01 4.347567933237315163e-01
2.355000000000000000e+03 9.817185515560083786e+00 -6.134475561394745480e-01 4.339036227027408543e-01
2.356000000000000000e+03 9.802557046093262727e+00 -6.163478278382138464e-01 4.330235180694090857e-01
2.357000000000000000e+03 9.788186041852213748e+00 -6.192047120579460273e-01 4.321167260414096045e-01
2.358000000000000000e+03 9.774067333275286984e+00 -6.220165083549268337e-01 4.311834942401240323e-01
2.359000000000000000e+03 9.760195731448879641e+00 -6.247815108162205755e-01 4.302240712917640431e-01
2.360000000000000000e+03 9.746566028086258271e+00 -6.274980080540121241e-01 4.292387068284921892e-01
2.361000000000000000e+03 9.733172995506379266e+00 -6.301642831999204608e-01 4.282276514895440034e-01
2.362000000000000000e+03 9.720011386612711135e+00 -6.327786138993110043e-01 4.271911569223487692e-01
2.363000000000000000e+03 9.707075934872051448e+00 -6.353392723056093816e-01 4.261294757836518454e-01
2.364000000000000000e+03 9.694361354293359767e+00 -6.378445250746136441e-01 4.250428617406354914e-01
2.365000000000000000e+03 9.681862339406560380e+00 -6.402926333588072616e-01 4.239315694720403038e-01
2.366000000000000000e+03 9.669573565241378788e+00 -6.426818528016725596e-01 4.227958546692872632e-01
2.367000000000000000e+03 9.657489687306160420e+00 -6.450104335320033799e-01 4.216359740375985599e-01
2.368000000000000000e+03 9.645605341566680480e+00 -6.472766201582177414e-01 4.204521852971192519e-01
2.369000000000000000e+03 9.633915144424980426e+00 -6.494786517626711664e-01 4.192447471840389794e-01
2.370000000000000000e+03 9.622413692698176035e+00 -6.516147618959694521e-01 4.180139194517130674e-01
2.371000000000000000e+03 9.611095563597292113e+00 -6.536831785712815535e-01 4.167599628717841842e-01
2.372000000000000000e+03 9.599955314706070553e+00 -6.556821242586525766e-01 4.154831392353039998e-01
2.373000000000000000e+03 9.588987483959796165e+00 -6.576098158793166615e-01 4.141837113538540671e-01
2.374000000000000000e+03 9.578186589624122504e+00 -6.594644648000103082e-01 4.128619430606678686e-01
2.375000000000000000e+03 9.567547130273883482e+00 -6.612442768272849269e-01 4.115180992117519754e-01
2.376000000000000000e+03 9.557063584771928078e+00 -6.629474522018194982e-01 4.101524456870076496e-01
2.377000000000000000e+03 9.546730385388960016e+00 -6.645724692869343642e-01 4.087652907684849457e-01
2.378000000000000000e+03 9.536541837024692825e+00 -6.661189375551010983e-01 4.073571095514194607e-01
2.379000000000000000e+03 9.526492197446907895e+00 -6.675867498441544479e-01 4.059284203017551329e-01
2.380000000000000000e+03 9.516575704083500398e+00 -6.689757991405257398e-01 4.044797431505957608e-01
2.381000000000000000e+03 9.506786574000733125e+00 -6.702859785795778347e-01 4.030116000962052358e-01
2.382000000000000000e+03 9.497119003881493882e+00 -6.715171814459414135e-01 4.015245150060079982e-01
2.383000000000000000e+03 9.487567170003526229e+00 -6.726693011738502648e-01 4.000190136185877154e-01
2.384000000000000000e+03 9.478125228217709974e+00 -6.737422313474770164e-01 3.984956235456885154e-01
2.385000000000000000e+03 9.468787313926274152e+00 -6.747358657012684224e-01 3.969548742742135539e-01
2.386000000000000000e+03 9.459547542061095271e+00 -6.756500981202820943e-01 3.953972971682260806e-01
2.387000000000000000e+03 9.450400007061896090e+00 -6.764848226405199005e-01 3.938234254709482296e-01
2.388000000000000000e+03 9.441338782854543865e+00 -6.772399334492668066e-01 3.922337943067620292e-01
2.389000000000000000e+03 9.432357922829266883e+00 -6.779153248854232761e-01 3.906289406832082478e-01
2.390000000000000000e+03 9.423451459818922515e+00 -6.785108914398428892e-01 3.890094034929866829e-01
2.391000000000000000e+03 9.414613406077251057e+00 -6.790265277556676304e-01 3.873757235159565604e-01
2.392000000000000000e+03 9.405837753257106471e+00 -6.794621286286628425e-01 3.857284434211352697e-01
2.393000000000000000e+03 9.397118472388729771e+00 -6.798175890075534022e-01 3.840681077686993738e-01
2.394000000000000000e+03 9.388449513857988649e+00 -6.800928039943596737e-01 3.823952630119837881e-01
2.395000000000000000e+03 9.379824807384633090e+00 -6.802876688447323517e-01 3.807104574994820689e-01
2.396000000000000000e+03 9.371238262000538555e+00 -6.804020789682887482e-01 3.790142414768459256e-01
2.397000000000000000e+03 9.362683766027966925e+00 -6.804359299289476359e-01 3.773071670888853424e-01
2.398000000000000000e+03 9.354155187057806131e+00 -6.803891174452658674e-01 3.755897883815682015e-01
2.399000000000000000e+03 9.345646371927834650e+00 -6.802615373907734408e-01 3.738626613040207380e-01
2.400000000000000000e+03 9.337151146700962911e+00 -6.800530857943087870e-01 3.721263437105268301e-01
2.401000000000000000e+03 9.328663316643485359e+00 -6.797636588403556113e-01 3.703813953625280653e-01
2.402000000000000000e+03 9.320176666203332516e+00 -6.793931528693768485e-01 3.686283779306236408e-01
2.403000000000000000e+03 9.311684958988321270e+00 -6.789414643781517267e-01 3.668678549965702640e-01
2.404000000000000000e+03 9.303181937744408714e+00 -6.784084900201107216e-01 3.651003920552821080e-01
2.405000000000000000e+03 9.294661324333938879e+00 -6.777941266056712877e-01 3.633265565168303235e-01
2.406000000000000000e+03 9.286116819713896575e+00 -6.770982711025732570e-01 3.615469177084434382e-01
2.407000000000000000e+03 9.277542103914157678e+00 -6.763208206362150143e-01 3.597620468765069801e-01
2.408000000000000000e+03 9.268930836015735863e+00 -6.754616724899886737e-01 3.579725171885630997e-01
2.409000000000000000e+03 9.260276654129047103e+00 -6.745207241056159209e-01 3.561789037353110809e-01
2.410000000000000000e+03 9.251573175372135083e+00 -6.734978730834834115e-01 3.543817835326063537e-01
2.411000000000000000e+03 9.242813995848953468e+00 -6.723930171829788360e-01 3.525817355234614481e-01
2.412000000000000000e+03 9.233992690627589539e+00 -6.712060543228264287e-01 3.507793405800449515e-01
2.413000000000000000e+03 9.225102813718534023e+00 -6.699368825814214778e-01 3.489751815056817419e-01
2.414000000000000000e+03 9.216137898052922495e+00 -6.685854001971679450e-01 3.471698430368527766e-01
2.415000000000000000e+03 9.207091455460783891e+00 -6.671515055688124196e-01 3.453639118451953816e-01
2.416000000000000000e+03 9.197957591806583011e+00 -6.656353016964438041e-01 3.435579466813286631e-01
2.417000000000000000e+03 9.188732856513178504e+00 -6.640377108577284471e-01 3.417523886045966686e-01
2.418000000000000000e+03 9.179414404203249944e+00 -6.623598636574937748e-01 3.399476502132746658e-01
2.419000000000000000e+03 9.169999380550738266e+00 -6.606028949298689001e-01 3.381441454547253200e-01
2.420000000000000000e+03 9.160484922271743713e+00 -6.587679437428231033e-01 3.363422896267856954e-01
2.421000000000000000e+03 9.150868157115423784e+00 -6.568561534027014259e-01 3.345424993791531465e-01
2.422000000000000000e+03 9.141146203854873420e+00 -6.548686714587623747e-01 3.327451927147718758e-01
2.423000000000000000e+03 9.131316172278031829e+00 -6.528066497077140706e-01 3.309507889912189360e-01
2.424000000000000000e+03 9.121375163178557344e+00 -6.506712441982511752e-01 3.291597089220905104e-01
2.425000000000000000e+03 9.111320268346736029e+00 -6.484636152355920391e-01 3.273723745783886363e-01
2.426000000000000000e+03 9.101148570560367190e+00 -6.461849273860158505e-01 3.255892093899072637e-01
2.427000000000000000e+03 9.090857143575648891e+00 -6.438363494813983401e-01 3.238106381466181460e-01
2.428000000000000000e+03 9.080443052118084779e+00 -6.414190546237498181e-01 3.220370870000580088e-01
2.429000000000000000e+03 9.069903351873364272e+00 -6.389342201897514339e-01 3.202689834647139411e-01
2.430000000000000000e+03 9.059235089478256953e+00 -6.363830278352921033e-01 3.185067564194104528e-01
2.431000000000000000e+03 9.048435302511512290e+00 -6.337666635000054338e-01 3.167508361086952551e-01
2.432000000000000000e+03 9.037501019484748710e+00 -6.310863174118063190e-01 3.150016541442257623e-01
2.433000000000000000e+03 9.026429259833330221e+00 -6.283431840914283084e-01 3.132596435061554274e-01
2.434000000000000000e+03 9.015217033907285682e+00 -6.255384623569596458e-01 3.115252385445198002e-01
2.435000000000000000e+03 9.003861342962181880e+00 -6.226733553283811951e-01 3.097988749806234732e-01
2.436000000000000000e+03 8.992359179150023252e+00 -6.197490704321020338e-01 3.080809899084253067e-01
2.437000000000000000e+03 8.980707525510140954e+00 -6.167668194054974906e-01 3.063720217959257641e-01
2.438000000000000000e+03 8.968903355960085477e+00 -6.137278183014447386e-01 3.046724104865526361e-01
2.439000000000000000e+03 8.956943635286521044e+00 -6.106332874928610543e-01 3.029825972005476542e-01
2.440000000000000000e+03 8.944825319136123554e+00 -6.074844516772397451e-01 3.013030245363522708e-01
2.441000000000000000e+03 8.932545354006451888e+00 -6.042825398811868531e-01 2.996341364719947720e-01
2.442000000000000000e+03 8.920100677236863618e+00 -6.010287854649584149e-01 2.979763783664756693e-01
2.443000000000000000e+03 8.907488216999402297e+00 -5.977244261269977210e-01 2.963301969611548681e-01
2.444000000000000000e+03 8.894704892289674092e+00 -5.943707039084712429e-01 2.946960403811372808e-01
2.445000000000000000e+03 8.881747612917763490e+00 -5.909688651978056706e-01 2.930743581366596628e-01
2.446000000000000000e+03 8.868613279499099278e+00 -5.875201607352257271e-01 2.914656011244761147e-01
2.447000000000000000e+03 8.855298783445377353e+00 -5.840258456172892076e-01 2.898702216292455836e-01
2.448000000000000000e+03 8.841801006955421371e+00 -5.804871793014257930e-01 2.882886733249169220e-01
2.449000000000000000e+03 8.828116823006103786e+00 -5.769054256104727552e-01 2.867214112761161671e-01
2.450000000000000000e+03 8.814243095343215373e+00 -5.732818527372117723e-01 2.851688919395320987e-01
2.451000000000000000e+03 8.800176678472368508e+00 -5.696177332489060774e-01 2.836315731653032968e-01
2.452000000000000000e+03 8.785914417649893338e+00 -5.659143440918377177e-01 2.821099141984035330e-01
2.453000000000000000e+03 8.771453148873716188e+00 -5.621729665958431488e-01 2.806043756800288835e-01
2.454000000000000000e+03 8.756789698874266392e+00 -5.583948864788513822e-01 2.791154196489835093e-01
2.455000000000000000e+03 8.741921553536878164e+00 -5.545814159164029755e-01 2.776434534198403137e-01
2.456000000000000000e+03 8.726848867543610666e+00 -5.507339598849396722e-01 2.761886608488763328e-01
2.457000000000000000e+03 8.711572466699234241e+00 -5.468539502232475646e-01 2.747511700645329236e-01
2.458000000000000000e+03 8.696093180592340488e+00 -5.429428236083803094e-01 2.733311094995230506e-01
2.459000000000000000e+03 8.680411842599536243e+00 -5.390020215606353693e-01 2.719286078911014592e-01
2.460000000000000000e+03 8.664529289889642882e+00 -5.350329904485285892e-01 2.705437942813334051e-01
2.461000000000000000e+03 8.648446363427883199e+00 -5.310371814937718815e-01 2.691767980173641606e-01
2.462000000000000000e+03 8.632163907980080708e+00 -5.270160507762478019e-01 2.678277487516882993e-01
2.463000000000000000e+03 8.615682772116866062e+00 -5.229710592389865687e-01 2.664967764424192032e-01
2.464000000000000000e+03 8.599003808217851486e+00 -5.189036726931416377e-01 2.651840113535581245e-01
2.465000000000000000e+03 8.582127872475842523e+00 -5.148153618229651673e-01 2.638895840552635264e-01
2.466000000000000000e+03 8.565055824901032011e+00 -5.107076021907850372e-01 2.626136254241208112e-01
2.467000000000000000e+03 8.547788529325188733e+00 -5.065818742419802012e-01 2.613562666434109394e-01
2.468000000000000000e+03 8.530326853405854948e+00 -5.024396633099567078e-01 2.601176392033804907e-01
2.469000000000000000e+03 8.512671668630551025e+00 -4.982824596211236079e-01 2.588978749015105052e-01
2.470000000000000000e+03 8.494823850320953440e+00 -4.941117582998692526e-01 2.576971058427858785e-01
2.471000000000000000e+03 8.476784277637108289e+00 -4.899290593735369792e-01 2.565154644399647577e-01
2.472000000000000000e+03 8.458553833581621717e+00 -4.857358677774017974e-01 2.553530834138481032e-01
2.473000000000000000e+03 8.440133405003837908e+00 -4.815336933596448543e-01 2.542100957935484185e-01
2.474000000000000000e+03 8.421523882604068589e+00 -4.773240508863312859e-01 2.530866349167597562e-01
2.475000000000000000e+03 8.402726160937751487e+00 -4.731084600463845158e-01 2.519828344300262812e-01
2.476000000000000000e+03 8.383741138419683381e+00 -4.688884454565637183e-01 2.508988282890124433e-01
2.477000000000000000e+03 8.364569717328173226e+00 -4.646655366664385056e-01 2.498347507587716509e-01
2.478000000000000000e+03 8.345212803809284097e+00 -4.604412681633661686e-01 2.487907364140159727e-01
2.479000000000000000e+03 8.325671307880984529e+00 -4.562171793774661976e-01 2.477669201393851162e-01
2.480000000000000000e+03 8.305946143437381579e+00 -4.519948146865979122e-01 2.467634371297160178e-01
2.481000000000000000e+03 8.286038228252888160e+00 -4.477757234213348148e-01 2.457804228903121280e-01
2.482000000000000000e+03 8.265948483986431228e+00 -4.435614598699421096e-01 2.448180132372126672e-01
2.483000000000000000e+03 8.245677836185654641e+00 -4.393535832833513344e-01 2.438763442974620499e-01
2.484000000000000000e+03 8.225227214291093603e+00 -4.351536578801373234e-01 2.429555525093789747e-01
2.485000000000000000e+03 8.204597551640395281e+00 -4.309632528514936167e-01 2.420557746228260421e-01
2.486000000000000000e+03 8.183789785472493250e+00 -4.267839423662090903e-01 2.411771476994789554e-01
2.487000000000000000e+03 8.162804856931810349e+00 -4.226173055756428654e-01 2.403198091130956116e-01
2.488000000000000000e+03 8.141643711072465095e+00 -4.184649266187014938e-01 2.394838965497859684e-01
2.489000000000000000e+03 8.120307296862446123e+00 -4.143283946268140339e-01 2.386695480082808851e-01
2.490000000000000000e+03 8.098796567187829254e+00 -4.102093037289086253e-01 2.378769018002015734e-01
2.491000000000000000e+03 8.077112478856951938e+00 -4.061092530563881198e-01 2.371060965503289653e-01
2.492000000000000000e+03 8.055255992604630322e+00 -4.020298467481061566e-01 2.363572711968729700e-01
2.493000000000000000e+03 8.033228073096339017e+00 -3.979726939553433485e-01 2.356305649917421197e-01
2.494000000000000000e+03 8.011030377988481277e+00 -3.939392730900156403e-01 2.349260383616105230e-01
2.495000000000000000e+03 7.988667329521369709e+00 -3.899305236884154646e-01 2.342434349828730333e-01
2.496000000000000000e+03 7.966144055097178267e+00 -3.859472521611773121e-01 2.335824183103414886e-01
2.497000000000000000e+03 7.943465699345830799e+00 -3.819902673348003486e-01 2.329426505883385734e-01
2.498000000000000000e+03 7.920637424142496386e+00 -3.780603804540069168e-01 2.323237928494407689e-01
2.499000000000000000e+03 7.897664408625058918e+00 -3.741584051840998737e-01 2.317255049132218303e-01
2.500000000000000000e+03 7.874551849211612442e+00 -3.702851576133205369e-01 2.311474453849955701e-01
