# l   cl_TT   cl_TE   cl_EE
0.000000000000000000e+00 0.000000000000000000e+00 0.000000000000000000e+00 0.000000000000000000e+00
1.000000000000000000e+00 0.000000000000000000e+00 0.000000000000000000e+00 0.000000000000000000e+00
2.000000000000000000e+00 1.326777199319352576e+02 3.372439920846654893e-01 3.978251643411642897e-03
3.000000000000000000e+00 1.255415128842016088e+02 3.799082192245268885e-01 5.106093142244490408e-03
4.000000000000000000e+00 1.187787915094542797e+02 3.556235858241842407e-01 4.417450282350252402e-03
5.000000000000000000e+00 1.137108589782427117e+02 3.032095891817971900e-01 2.947699951175697906e-03
6.000000000000000000e+00 1.102213111409222392e+02 2.445310202124882648e-01 1.649307749224965085e-03
7.000000000000000000e+00 1.079971606700100608e+02 1.923092129571878084e-01 8.920691908225986079e-04
8.000000000000000000e+00 1.066505948102003600e+02 1.521856935855926962e-01 5.753471737034764402e-04
9.000000000000000000e+00 1.060036749253484345e+02 1.254251358574546005e-01 4.615239999937009426e-04
1.000000000000000000e+01 1.058798943342963810e+02 1.107494064507286158e-01 3.949747539325403436e-04
1.100000000000000000e+01 1.061185020537971866e+02 1.056641557904513251e-01 3.362707907887699200e-04
1.200000000000000000e+01 1.066995122035208539e+02 1.072676704164156891e-01 2.990680258542289041e-04
1.300000000000000000e+01 1.074923929377577991e+02 1.129039697747593607e-01 2.925387118840845147e-04
1.400000000000000000e+01 1.084379337841597533e+02 1.206189007064980001e-01 3.087422166951918801e-04
1.500000000000000000e+01 1.095604586540687109e+02 1.291413240798746365e-01 3.371328945678996524e-04
1.600000000000000000e+01 1.108258806250678958e+02 1.377961088051860294e-01 3.762150319463064964e-04
1.700000000000000000e+01 1.121747144896567079e+02 1.464883619117595959e-01 4.315134368172326268e-04
1.800000000000000000e+01 1.136162297891854109e+02 1.553253106277942275e-01 5.079732174327997347e-04
1.900000000000000000e+01 1.151574522137427294e+02 1.645053512005212326e-01 6.059831949428658203e-04
2.000000000000000000e+01 1.167459121129719222e+02 1.742186518330721134e-01 7.238313814770488182e-04
2.100000000000000000e+01 1.183932384467646841e+02 1.844038613806353311e-01 8.609649557211075926e-04
2.200000000000000000e+01 1.201008592722136967e+02 1.948502560416693896e-01 1.016910786039526213e-03
2.300000000000000000e+01 1.218639386169622441e+02 2.052762789578956582e-01 1.191832241670705891e-03
2.400000000000000000e+01 1.236562738226464404e+02 2.153228059586426990e-01 1.385947188834839262e-03
2.500000000000000000e+01 1.254808874041131475e+02 2.246407615828714677e-01 1.599560764513323179e-03
2.600000000000000000e+01 1.273368608970855149e+02 2.329066741884015523e-01 1.833208614707514074e-03
2.700000000000000000e+01 1.292321022565552653e+02 2.400895437285175960e-01 2.088836219137295714e-03
2.800000000000000000e+01 1.311669544869002380e+02 2.462677721934456165e-01 2.368825371724669459e-03
2.900000000000000000e+01 1.331442996466572595e+02 2.514881927462742084e-01 2.674669746239633199e-03
3.000000000000000000e+01 1.351544694461808547e+02 2.558131859322573254e-01 3.007588340891268613e-03
3.100000000000000000e+01 1.371779119427968681e+02 2.593095500294833045e-01 3.368723096536309445e-03
3.200000000000000000e+01 1.392192636027454569e+02 2.619374950540162006e-01 3.758942558491973514e-03
3.300000000000000000e+01 1.412835796695553654e+02 2.636196991106207199e-01 4.178948768710504143e-03
3.400000000000000000e+01 1.433691238286817793e+02 2.642641202383173571e-01 4.629401662155801546e-03
3.500000000000000000e+01 1.454771260271010647e+02 2.637470923101126741e-01 5.111212228330227515e-03
3.600000000000000000e+01 1.476037600275359409e+02 2.619220548173189500e-01 5.625344545284062699e-03
3.700000000000000000e+01 1.497416563204131990e+02 2.586517752492004107e-01 6.172715439338431580e-03
3.800000000000000000e+01 1.518970449562471003e+02 2.539086209527660620e-01 6.754122674184416183e-03
3.900000000000000000e+01 1.540772031213922730e+02 2.477077122245351926e-01 7.370287332327263470e-03
4.000000000000000000e+01 1.562852459768538154e+02 2.400814017693645996e-01 8.021867958201488874e-03
4.100000000000000000e+01 1.585208539673030259e+02 2.310654815236752868e-01 8.709474422757023868e-03
4.200000000000000000e+01 1.607839061912515604e+02 2.206499192490779526e-01 9.433724512896462383e-03
4.300000000000000000e+01 1.630712129350349358e+02 2.088138239948352792e-01 1.019519906496126234e-02
4.400000000000000000e+01 1.653750104829499605e+02 1.955389019167167175e-01 1.099442300716548838e-02
4.500000000000000000e+01 1.676866443887833213e+02 1.808027511869634285e-01 1.183187118754337915e-02
4.600000000000000000e+01 1.700098799942759342e+02 1.645563337386226621e-01 1.270799444182307836e-02
4.700000000000000000e+01 1.723508872102391933e+02 1.467397847618832352e-01 1.362319662223387441e-02
4.800000000000000000e+01 1.747143380861288904e+02 1.272881753339651645e-01 1.457782447758737381e-02
4.900000000000000000e+01 1.771032399725642676e+02 1.061311352972919703e-01 1.557216538691492090e-02
5.000000000000000000e+01 1.795191188479773814e+02 8.320494862234562028e-02 1.660642890201557281e-02
5.100000000000000000e+01 1.819630150260451842e+02 5.849358493498596490e-02 1.768069072667663791e-02
5.200000000000000000e+01 1.844344693329713891e+02 3.199815365520181087e-02 1.879492961369916629e-02
5.300000000000000000e+01 1.869310497734020942e+02 3.725609782807874464e-03 1.994903927050072773e-02
5.400000000000000000e+01 1.894482011712571250e+02 -2.631103628392720759e-02 2.114282533081918158e-02
5.500000000000000000e+01 1.919812415290548131e+02 -5.809819273004264428e-02 2.237606200652886290e-02
5.600000000000000000e+01 1.945322763241483415e+02 -9.164018137563043065e-02 2.364868546116855735e-02
5.700000000000000000e+01 1.971047385062186947e+02 -1.269449696781919656e-01 2.496064317025061680e-02
5.800000000000000000e+01 1.997013270010579333e+02 -1.640189008553515626e-01 2.631183776216344805e-02
5.900000000000000000e+01 2.023239399897832698e+02 -2.028667055129971253e-01 2.770212631507449480e-02
6.000000000000000000e+01 2.049736081880510881e+02 -2.434915132734203624e-01 2.913131965383323682e-02
6.100000000000000000e+01 2.076508781459127420e+02 -2.858932963859266985e-01 3.059910399250473714e-02
6.200000000000000000e+01 2.103572136271536692e+02 -3.300637660190965383e-01 3.210478689980521272e-02
6.300000000000000000e+01 2.130937918189022184e+02 -3.759903458073616811e-01 3.364749280572319062e-02
6.400000000000000000e+01 2.158610296646260451e+02 -4.236576014114448729e-01 3.522623251998342059e-02
6.500000000000000000e+01 2.186585314221610759e+02 -4.730472023944897741e-01 3.683990006503541637e-02
6.600000000000000000e+01 2.214850362217404154e+02 -5.241378840981911758e-01 3.848726950904205607e-02
6.700000000000000000e+01 2.243383656240231119e+02 -5.769054095189246611e-01 4.016699179886811660e-02
6.800000000000000000e+01 2.272163941786357952e+02 -6.313239435786470732e-01 4.187771645654114056e-02
6.900000000000000000e+01 2.301203066897440124e+02 -6.873705845135186232e-01 4.361849238229745934e-02
7.000000000000000000e+01 2.330519097817102079e+02 -7.450216863952215940e-01 4.538844294857239531e-02
7.100000000000000000e+01 2.360126414886216821e+02 -8.042515260108630271e-01 4.718664834819396442e-02
7.200000000000000000e+01 2.390035449760149220e+02 -8.650323008617325504e-01 4.901214562081057657e-02
7.300000000000000000e+01 2.420252422626009547e+02 -9.273341271620615389e-01 5.086392867931883999e-02
7.400000000000000000e+01 2.450779079419897073e+02 -9.911250378377801651e-01 5.274094833629131701e-02
7.500000000000000000e+01 2.481612429044150190e+02 -1.056370980525277670e+00 5.464211233040421750e-02
7.600000000000000000e+01 2.512748603551374345e+02 -1.123035763091844608e+00 5.656623558937655394e-02
7.700000000000000000e+01 2.544195832255038567e+02 -1.191080883151423242e+00 5.851188048940776654e-02
7.800000000000000000e+01 2.575963367079293675e+02 -1.260465663679942061e+00 6.047748737895645987e-02
7.900000000000000000e+01 2.608057394125220867e+02 -1.331147299708069554e+00 6.246142078010726711e-02
8.000000000000000000e+01 2.640480855432854241e+02 -1.403080855243859615e+00 6.446196839455788086e-02
8.100000000000000000e+01 2.673233270743203320e+02 -1.476219260195401839e+00 6.647734010960631990e-02
8.200000000000000000e+01 2.706310559260274431e+02 -1.550513307293467813e+00 6.850566700413784904e-02
8.300000000000000000e+01 2.739704861413089247e+02 -1.625911649014160298e+00 7.054500035461229446e-02
8.400000000000000000e+01 2.773408118026509896e+02 -1.702361571878731272e+00 7.259337815896919899e-02
8.500000000000000000e+01 2.807423880006583090e+02 -1.779811473579576919e+00 7.464903955692561710e-02
8.600000000000000000e+01 2.841757138763124431e+02 -1.858208792776428364e+00 7.671024429882079831e-02
8.700000000000000000e+01 2.876410629479422028e+02 -1.937499278071690201e+00 7.877520852684147257e-02
8.800000000000000000e+01 2.911384716023972601e+02 -2.017626997998255067e+00 8.084210491576376834e-02
8.900000000000000000e+01 2.946677275862238048e+02 -2.098534351007313337e+00 8.290906281369518627e-02
9.000000000000000000e+01 2.982283584968391210e+02 -2.180162075456161919e+00 8.497416838281683649e-02
9.100000000000000000e+01 3.018196202737065050e+02 -2.262449259596015505e+00 8.703546474012527345e-02
9.200000000000000000e+01 3.054404856895103535e+02 -2.345333351559818258e+00 8.909095209817469163e-02
9.300000000000000000e+01 3.090899704606073328e+02 -2.428750770913575163e+00 9.113862013916525229e-02
9.400000000000000000e+01 3.127681926810680011e+02 -2.512638826829519889e+00 9.317655040124647736e-02
9.500000000000000000e+01 3.164754521903365116e+02 -2.596934108215172898e+00 9.520282962299125851e-02
9.600000000000000000e+01 3.202119003691099124e+02 -2.681571925856008232e+00 9.721551945751069623e-02
9.700000000000000000e+01 3.239775332649580264e+02 -2.766486330660834270e+00 9.921265705565800175e-02
9.800000000000000000e+01 3.277721847179426504e+02 -2.851610131907167833e+00 1.011922556492324959e-01
9.900000000000000000e+01 3.315955194862366966e+02 -2.936874915486603843e+00 1.031523051341834279e-01
1.000000000000000000e+02 3.354470263717436183e+02 -3.022211062150192973e+00 1.050907726538138215e-01
1.010000000000000000e+02 3.393260113457167790e+02 -3.107547765753819746e+00 1.070056031819845294e-01
1.020000000000000000e+02 3.432315906743788219e+02 -3.192813051503565092e+00 1.088947201063179965e-01
1.030000000000000000e+02 3.471626840445405264e+02 -3.277933794201096429e+00 1.107560258114021617e-01
1.040000000000000000e+02 3.511182350028846031e+02 -3.362836479432028458e+00 1.125874561540059354e-01
1.050000000000000000e+02 3.550979209939075076e+02 -3.447449564939229827e+00 1.143871510133959990e-01
1.060000000000000000e+02 3.591015268684597004e+02 -3.531701473736201802e+00 1.161533079743929248e-01
1.070000000000000000e+02 3.631287218115893438e+02 -3.615519905740184559e+00 1.178841316539424172e-01
1.080000000000000000e+02 3.671790549661136538e+02 -3.698831864181736151e+00 1.195778348765390020e-01
1.090000000000000000e+02 3.712519510561915013e+02 -3.781563682014319916e+00 1.212326398496499508e-01
1.100000000000000000e+02 3.753467060108935698e+02 -3.863641048323886551e+00 1.228467793391389840e-01
1.110000000000000000e+02 3.794624825877758099e+02 -3.944989034738456191e+00 1.244184978446900430e-01
1.120000000000000000e+02 3.835983059964493123e+02 -4.025532121837701816e+00 1.259460527752312153e-01
1.130000000000000000e+02 3.877530595221535350e+02 -4.105194225562532218e+00 1.274277156243584785e-01
1.140000000000000000e+02 3.919254801493269724e+02 -4.183898723624674076e+00 1.288617731457594728e-01
1.150000000000000000e+02 3.961141541851794159e+02 -4.261568481916262918e+00 1.302465285286374397e-01
1.160000000000000000e+02 4.003177119576963605e+02 -4.338126822471982891e+00 1.315803503910011329e-01
1.170000000000000000e+02 4.045354481210533777e+02 -4.413500504405697633e+00 1.328618240042552523e-01
1.180000000000000000e+02 4.087667689004109661e+02 -4.487617156679854169e+00 1.340896207475259505e-01
1.190000000000000000e+02 4.130109971778429099e+02 -4.560404403338537804e+00 1.352624535157632979e-01
1.200000000000000000e+02 4.172673698760711432e+02 -4.631789898242000270e+00 1.363790783179578414e-01
1.210000000000000000e+02 4.215350353422001035e+02 -4.701701359801212732e+00 1.374382958753573303e-01
1.220000000000000000e+02 4.258130507314523356e+02 -4.770066605712401042e+00 1.384389532196833306e-01
1.230000000000000000e+02 4.301003793909015940e+02 -4.836813587691578320e+00 1.393799452913477566e-01
1.240000000000000000e+02 4.343958882432094128e+02 -4.901870426209095299e+00 1.402602165376696797e-01
1.250000000000000000e+02 4.386983451703579817e+02 -4.965165445224172025e+00 1.410787625110915822e-01
1.260000000000000000e+02 4.430064163973854079e+02 -5.026627206919435764e+00 1.418346314673961939e-01
1.270000000000000000e+02 4.473186638761213771e+02 -5.086184546435473131e+00 1.425269259639232455e-01
1.280000000000000000e+02 4.516335426689202563e+02 -5.143766606605357339e+00 1.431548044577858336e-01
1.290000000000000000e+02 4.559495522020746421e+02 -5.199303624915487809e+00 1.437175202593526657e-01
1.300000000000000000e+02 4.602657143431954978e+02 -5.252729318218404053e+00 1.442145398294731040e-01
1.310000000000000000e+02 4.645811430694481032e+02 -5.303978826484559761e+00 1.446454405403015953e-01
1.320000000000000000e+02 4.688948937987447039e+02 -5.352988023748929791e+00 1.450098763304870642e-01
1.330000000000000000e+02 4.732059618745145144e+02 -5.399693558228217505e+00 1.453075795706903761e-01
1.340000000000000000e+02 4.775132810504740064e+02 -5.444032892438036342e+00 1.455383629291013836e-01
1.350000000000000000e+02 4.818157219753958884e+02 -5.485944343310118931e+00 1.457021212369561669e-01
1.360000000000000000e+02 4.861120906778800190e+02 -5.525367122309509327e+00 1.457988333540544967e-01
1.370000000000000000e+02 4.904011270511226144e+02 -5.562241375551751688e+00 1.458285640342769085e-01
1.380000000000000000e+02 4.946815033376871611e+02 -5.596508223920106495e+00 1.457914657911020817e-01
1.390000000000000000e+02 4.989518226142726576e+02 -5.628109803182724136e+00 1.456877807631240251e-01
1.400000000000000000e+02 5.032106172764853227e+02 -5.656989304109851346e+00 1.455178425795693731e-01
1.410000000000000000e+02 5.074563475236072918e+02 -5.683091012591034108e+00 1.452820782258146814e-01
1.420000000000000000e+02 5.116873998433669612e+02 -5.706360349752305439e+00 1.449810099089035020e-01
1.430000000000000000e+02 5.159020854967093328e+02 -5.726743912073381182e+00 1.446152569230639562e-01
1.440000000000000000e+02 5.200987729648555842e+02 -5.744190003710248682e+00 1.441855384719438748e-01
1.450000000000000000e+02 5.242763032056438988e+02 -5.758650207918002195e+00 1.436926785105843984e-01
1.460000000000000000e+02 5.284336126461053027e+02 -5.770078047531435494e+00 1.431376049292859276e-01
1.470000000000000000e+02 5.325696021575215582e+02 -5.778428549236545031e+00 1.425213504942060838e-01
1.480000000000000000e+02 5.366831363100917542e+02 -5.783658286516499381e+00 1.418450547183751631e-01
1.490000000000000000e+02 5.407730426276020808e+02 -5.785725422597599810e+00 1.411099657327121171e-01
1.500000000000000000e+02 5.448381108420932151e+02 -5.784589753395240841e+00 1.403174421570399510e-01
1.510000000000000000e+02 5.488770921485288454e+02 -5.780212750459877036e+00 1.394689549711014831e-01
1.520000000000000000e+02 5.528886984594630576e+02 -5.772557603922988001e+00 1.385660893855749087e-01
1.530000000000000000e+02 5.568716016597095404e+02 -5.761589265443031849e+00 1.376105467130893933e-01
1.540000000000000000e+02 5.608244328610085176e+02 -5.747274491151417308e+00 1.366041462392410533e-01
1.550000000000000000e+02 5.647457816566961810e+02 -5.729581884598465180e+00 1.355488270936080764e-01
1.560000000000000000e+02 5.686341953763718493e+02 -5.708481939699366237e+00 1.344466501207667031e-01
1.570000000000000000e+02 5.724881783405661508e+02 -5.683947083680151557e+00 1.332997997513068189e-01
1.580000000000000000e+02 5.763061911154102290e+02 -5.655951720023650431e+00 1.321105858728474913e-01
1.590000000000000000e+02 5.800866497673023332e+02 -5.624472271415452695e+00 1.308814457010527843e-01
1.600000000000000000e+02 5.838279251175770241e+02 -5.589487222689879076e+00 1.296149456506472397e-01
1.610000000000000000e+02 5.875284553167161903e+02 -5.550976863937719052e+00 1.283137133882208125e-01
1.620000000000000000e+02 5.911870963192155841e+02 -5.508922404139968698e+00 1.269802233101568478e-01
1.630000000000000000e+02 5.948028011219865903e+02 -5.463306860861881553e+00 1.256169955814308570e-01
1.640000000000000000e+02 5.983745090101737105e+02 -5.414115394277200899e+00 1.242266657850597394e-01
1.650000000000000000e+02 6.019011453331929715e+02 -5.361335348734608708e+00 1.228119864718923149e-01
1.660000000000000000e+02 6.053816212807674901e+02 -5.304956294324171040e+00 1.213758287104003686e-01
1.670000000000000000e+02 6.088148336589658811e+02 -5.244970068443782552e+00 1.199211836364693085e-01
1.680000000000000000e+02 6.121996646662382773e+02 -5.181370817365607451e+00 1.184511640031891827e-01
1.690000000000000000e+02 6.155349816694537139e+02 -5.114155037802532888e+00 1.169690057306453923e-01
1.700000000000000000e+02 6.188196369799383092e+02 -5.043321618474607249e+00 1.154780694557095283e-01
1.710000000000000000e+02 6.220524676295106019e+02 -4.968871881675488211e+00 1.139818420818303479e-01
1.720000000000000000e+02 6.252322951465198457e+02 -4.890809624838887260e+00 1.124839383288245148e-01
1.730000000000000000e+02 6.283579253318829387e+02 -4.809141162105014189e+00 1.109881022826672975e-01
1.740000000000000000e+02 6.314281480351208984e+02 -4.723875365887023392e+00 1.094982089452836843e-01
1.750000000000000000e+02 6.344417369303969281e+02 -4.635023708437458367e+00 1.080182657843390959e-01
1.760000000000000000e+02 6.373974492925527784e+02 -4.542600303414695340e+00 1.065524142830300836e-01
1.770000000000000000e+02 6.402940257731460179e+02 -4.446621947449393097e+00 1.051049314898754583e-01
1.780000000000000000e+02 6.431301901764874174e+02 -4.347108161710931284e+00 1.036802315685068504e-01
1.790000000000000000e+02 6.459046492356771978e+02 -4.244081233473860237e+00 1.022828673474597133e-01
1.800000000000000000e+02 6.486161785848918271e+02 -4.137564571216172382e+00 1.009173522456574684e-01
1.810000000000000000e+02 6.512638887860537125e+02 -4.027577536872949615e+00 9.958760698267729583e-02
1.820000000000000000e+02 6.538469800672954761e+02 -3.914140281672577881e+00 9.829747176218239790e-02
1.830000000000000000e+02 6.563646581198282774e+02 -3.797275430793207285e+00 9.705088282584833914e-02
1.840000000000000000e+02 6.588161341914618561e+02 -3.677008118717538299e+00 9.585187334155446937e-02
1.850000000000000000e+02 6.612006251801213921e+02 -3.553366024587584882e+00 9.470457429157505547e-02
1.860000000000000000e+02 6.635173537273668671e+02 -3.426379407559456691e+00 9.361321536077030214e-02
1.870000000000000000e+02 6.657655483119123119e+02 -3.296081142158134636e+00 9.258212582477763630e-02
1.880000000000000000e+02 6.679444433431440302e+02 -3.162506753632248202e+00 9.161573543820300536e-02
1.890000000000000000e+02 6.700532792546389373e+02 -3.025694453308847454e+00 9.071857532281187020e-02
1.900000000000000000e+02 6.720913025976834660e+02 -2.885685173948183024e+00 8.989527885572051735e-02
1.910000000000000000e+02 6.740577661347929279e+02 -2.742522605098479893e+00 8.915058255758710748e-02
1.920000000000000000e+02 6.759519289332291692e+02 -2.596253228450712047e+00 8.848932698080302917e-02
1.930000000000000000e+02 6.777730564585195907e+02 -2.446926353193383807e+00 8.791645759768398904e-02
1.940000000000000000e+02 6.795204206679759409e+02 -2.294594151367298274e+00 8.743702568866112967e-02
1.950000000000000000e+02 6.811933001042133355e+02 -2.139311693220340427e+00 8.705618923047235558e-02
1.960000000000000000e+02 6.827909799886681412e+02 -1.981136982562247573e+00 8.677921378435336786e-02
1.970000000000000000e+02 6.843127523151173364e+02 -1.820130992119389335e+00 8.661147338422899022e-02
1.980000000000000000e+02 6.857579159431963944e+02 -1.656357698889540098e+00 8.655845142490423139e-02
1.990000000000000000e+02 6.871257766919193273e+02 -1.489884119496658554e+00 8.662574155025551392e-02
2.000000000000000000e+02 6.884156474331959998e+02 -1.320780345545660373e+00 8.681904854142190320e-02
2.010000000000000000e+02 6.896269020526560780e+02 -1.149115976338236811e+00 8.714388972316031157e-02
2.020000000000000000e+02 6.907591414330275938e+02 -9.749490595335190690e-01 8.760467356717897836e-02
2.030000000000000000e+02 6.918120395212862377e+02 -7.983364277681298526e-01 8.820555690866753451e-02
2.040000000000000000e+02 6.927852907781010572e+02 -6.193372548403253131e-01 8.895073851561857703e-02
2.050000000000000000e+02 6.936786104305590470e+02 -4.380130804171007419e-01 8.984445909189418822e-02
2.060000000000000000e+02 6.944917347248892838e+02 -2.544278347412975982e-01 9.089100128029291292e-02
2.070000000000000000e+02 6.952244211791883117e+02 -6.864786333871059076e-02 9.209468966561656922e-02
2.080000000000000000e+02 6.958764488361433678e+02 1.192580482748065163e-01 9.345989077773689258e-02
2.090000000000000000e+02 6.964476185157582222e+02 3.092186498862348754e-01 9.499101309466242982e-02
2.100000000000000000e+02 6.969377530680768587e+02 5.011602018782824741e-01 9.669250704560541920e-02
2.110000000000000000e+02 6.973466976259087460e+02 6.950064505222796063e-01 9.856886501404842071e-02
2.120000000000000000e+02 6.976743198575528595e+02 8.906786032710699574e-01 1.006246213408112239e-01
2.130000000000000000e+02 6.979205102195222707e+02 1.088095304051906798e+00 1.028643523271175475e-01
2.140000000000000000e+02 6.980851822092681687e+02 1.287172608559344678e+00 1.052926762376620029e-01
2.150000000000000000e+02 6.981682726179062684e+02 1.487823959548132624e+00 1.079142533036766827e-01
2.160000000000000000e+02 6.981697417829391270e+02 1.689960162126109333e+00 1.107337857259981656e-01
2.170000000000000000e+02 6.980895738409817568e+02 1.893489359047095588e+00 1.137560176781341192e-01
2.180000000000000000e+02 6.979277769804863283e+02 2.098317006003788787e+00 1.169857353093302077e-01
2.190000000000000000e+02 6.976843836944661916e+02 2.304345846920651475e+00 1.204277667476368746e-01
2.200000000000000000e+02 6.973594510332208074e+02 2.511475889246815196e+00 1.240869821029761400e-01
2.210000000000000000e+02 6.969530608570602226e+02 2.719604379248961923e+00 1.279682934702083552e-01
2.220000000000000000e+02 6.964653200890293192e+02 2.928625777304227462e+00 1.320766549321991112e-01
2.230000000000000000e+02 6.958963609676324040e+02 3.138431733193088213e+00 1.364170625628857991e-01
2.240000000000000000e+02 6.952463527214733858e+02 3.348917001212076805e+00 1.409941710092575129e-01
2.250000000000000000e+02 6.945155369035742297e+02 3.559997659198971487e+00 1.458111158439396038e-01
2.260000000000000000e+02 6.937041948183333488e+02 3.771594013207807627e+00 1.508706154930776200e-01
2.270000000000000000e+02 6.928126365821336776e+02 3.983624752485468434e+00 1.561753469464246535e-01
2.280000000000000000e+02 6.918412014032609250e+02 4.196006938907007822e+00 1.617279448475004988e-01
2.290000000000000000e+02 6.907902578618239886e+02 4.408655996410972833e+00 1.675310005837510607e-01
2.300000000000000000e+02 6.896602041896752553e+02 4.621485700434723398e+00 1.735870613767079851e-01
2.310000000000000000e+02 6.884514685503282863e+02 4.834408167349757868e+00 1.798986293721479557e-01
2.320000000000000000e+02 6.871645093188792544e+02 5.047333843897026107e+00 1.864681607302522137e-01
2.330000000000000000e+02 6.857998153619257664e+02 5.260171496622261245e+00 1.932980647157660492e-01
2.340000000000000000e+02 6.843579063174860266e+02 5.472828201311297214e+00 2.003907027881580427e-01
2.350000000000000000e+02 6.828393328749192506e+02 5.685209332425385398e+00 2.077483876917797234e-01
2.360000000000000000e+02 6.812446770548446011e+02 5.897218552536527270e+00 2.153733825460249773e-01
2.370000000000000000e+02 6.795745524890608067e+02 6.108757801762781270e+00 2.232678999354893723e-01
2.380000000000000000e+02 6.778296047004661204e+02 6.319727287203603439e+00 2.314341010001297327e-01
2.390000000000000000e+02 6.760105113829778247e+02 6.530025472375148077e+00 2.398740945254235202e-01
2.400000000000000000e+02 6.741179826814515081e+02 6.739549066645605713e+00 2.485899360325284912e-01
2.410000000000000000e+02 6.721527614716011385e+02 6.948193014670517975e+00 2.575836268684415509e-01
2.420000000000000000e+02 6.701156236399174304e+02 7.155850485828099572e+00 2.668571132961590209e-01
2.430000000000000000e+02 6.680073783635892823e+02 7.362412863654557604e+00 2.764122855848354376e-01
2.440000000000000000e+02 6.658288683904220306e+02 7.567769735279416210e+00 2.862509770999431269e-01
2.450000000000000000e+02 6.635809703187575224e+02 7.771808880860848312e+00 2.963749633934320560e-01
2.460000000000000000e+02 6.612645948773928239e+02 7.974416263020970952e+00 3.067859612938887981e-01
2.470000000000000000e+02 6.588806872055015447e+02 8.175476016281191249e+00 3.174856279966961070e-01
2.480000000000000000e+02 6.564302271325514084e+02 8.374870436497518611e+00 3.284755601541923253e-01
2.490000000000000000e+02 6.539142294582256909e+02 8.572479970295887597e+00 3.397572929658312368e-01
2.500000000000000000e+02 6.513337025964644909e+02 8.768190976146572169e+00 3.513319741749831304e-01
2.510000000000000000e+02 6.486895212830570472e+02 8.961919526101675970e+00 3.631993670730451207e-01
2.520000000000000000e+02 6.459825470641451375e+02 9.153588957424718231e+00 3.753587881794579473e-01
2.530000000000000000e+02 6.432136694702028308e+02 9.343122228852056566e+00 3.878094256331201528e-01
2.540000000000000000e+02 6.403838062163358700e+02 9.530441924890347138e+00 4.005503376608569588e-01
2.550000000000000000e+02 6.374939034025766205e+02 9.715470260113921341e+00 4.135804510458853667e-01
2.560000000000000000e+02 6.345449357141820883e+02 9.898129083462231748e+00 4.268985595962823121e-01
2.570000000000000000e+02 6.315379066219323931e+02 1.007833988253727675e+01 4.405033226134516533e-01
2.580000000000000000e+02 6.284738485824257168e+02 1.025602378790100033e+01 4.543932633605902160e-01
2.590000000000000000e+02 6.253538232383768900e+02 1.043110157737272914e+01 4.685667675311556146e-01
2.600000000000000000e+02 6.221789216189145009e+02 1.060349368032658290e+01 4.830220817173330183e-01
2.610000000000000000e+02 6.189502643398775490e+02 1.077312018198890264e+01 4.977573118785019179e-01
2.620000000000000000e+02 6.156690018041127814e+02 1.093990082773566108e+01 5.127704218097032252e-01
2.630000000000000000e+02 6.123363144017722561e+02 1.110375502738989617e+01 5.280592316101061501e-01
2.640000000000000000e+02 6.089534127106105643e+02 1.126460185951912152e+01 5.436214161514758558e-01
2.650000000000000000e+02 6.055215376962809160e+02 1.142236007573274748e+01 5.594545035466389482e-01
2.660000000000000000e+02 6.020419609126340674e+02 1.157694810497950755e+01 5.755558736179519075e-01
2.670000000000000000e+02 5.985159847020136112e+02 1.172828405784486883e+01 5.919227563657674107e-01
2.680000000000000000e+02 5.949449423955550174e+02 1.187628573084845840e+01 6.085522304369009872e-01
2.690000000000000000e+02 5.913301985134811503e+02 1.202087061074148444e+01 6.254412215930986729e-01
2.700000000000000000e+02 5.876731489654007419e+02 1.216195587880416085e+01 6.425865011795039994e-01
2.710000000000000000e+02 5.839752212506049318e+02 1.229945841514311589e+01 6.599846845931243156e-01
2.720000000000000000e+02 5.802378746583640350e+02 1.243329480298881684e+01 6.776322297512975545e-01
2.730000000000000000e+02 5.764626004682262419e+02 1.256338133299299464e+01 6.955254355601604432e-01
2.740000000000000000e+02 5.726509221503131357e+02 1.268963400752606319e+01 7.136604403831148247e-01
2.750000000000000000e+02 5.688043955656174830e+02 1.281196854497453330e+01 7.320332205092939803e-01
2.760000000000000000e+02 5.649246091663010247e+02 1.293030038403843918e+01 7.506395886220305069e-01
2.770000000000000000e+02 5.610131841959903340e+02 1.304454468802876477e+01 7.694751922673229716e-01
2.780000000000000000e+02 5.570717748900755169e+02 1.315461634916483646e+01 7.885355123223024565e-01
2.790000000000000000e+02 5.531019733814158599e+02 1.326043751423884842e+01 8.078158744711461114e-01
2.800000000000000000e+02 5.491050185519420666e+02 1.336196058434729039e+01 8.273114874418251441e-01
2.810000000000000000e+02 5.450820724872396568e+02 1.345914641511885002e+01 8.470174037666341471e-01
2.820000000000000000e+02 5.410343144661425185e+02 1.355195691845388595e+01 8.669285054486831621e-01
2.830000000000000000e+02 5.369629410146483224e+02 1.364035507837539640e+01 8.870395024503422432e-01
2.840000000000000000e+02 5.328691659598343904e+02 1.372430496687997703e+01 9.073449311816913498e-01
2.850000000000000000e+02 5.287542204837727695e+02 1.380377175978885163e+01 9.278391529889674638e-01
2.860000000000000000e+02 5.246193531774448502e+02 1.387872175259880336e+01 9.485163526430115954e-01
2.870000000000000000e+02 5.204658300946580312e+02 1.394912237633318064e+01 9.693705368277176770e-01
2.880000000000000000e+02 5.162949348059594286e+02 1.401494221339286206e+01 9.903955326284784588e-01
2.890000000000000000e+02 5.121079684525527682e+02 1.407615101340725339e+01 1.011584986020635846e+00
2.900000000000000000e+02 5.079062498002127199e+02 1.413271970908524899e+01 1.032932360357926127e+00
2.910000000000000000e+02 5.036911152932005962e+02 1.418462043206622170e+01 1.054430934860928426e+00
2.920000000000000000e+02 4.994639191081794252e+02 1.423182652877100018e+01 1.076073803105513038e+00
2.930000000000000000e+02 4.952260332081298770e+02 1.427431257625284466e+01 1.097853871511288881e+00
2.940000000000000000e+02 4.909788473962647117e+02 1.431205439804844026e+01 1.119763857830050169e+00
2.950000000000000000e+02 4.867237693699444208e+02 1.434502908002884602e+01 1.141796289634224859e+00
2.960000000000000000e+02 4.824622247745930963e+02 1.437321498625051497e+01 1.163943502805322883e+00
2.970000000000000000e+02 4.781956572576129929e+02 1.439659177480624308e+01 1.186197640022383260e+00
2.980000000000000000e+02 4.739255285223003398e+02 1.441514041367615562e+01 1.208550649250421216e+00
2.990000000000000000e+02 4.696533183817606414e+02 1.442884319657869874e+01 1.230994282228876857e+00
3.000000000000000000e+02 4.653805248128235803e+02 1.443768375882160271e+01 1.253520092960062504e+00
3.010000000000000000e+02 4.611086640099586020e+02 1.444164709315288064e+01 1.276119436197610035e+00
3.020000000000000000e+02 4.568392704391906136e+02 1.444071956561177927e+01 1.298783465934918890e+00
3.030000000000000000e+02 4.525738968920144885e+02 1.443488893137978302e+01 1.321503133893603632e+00
3.040000000000000000e+02 4.483141145393115039e+02 1.442414435063159495e+01 1.344269188011942395e+00
3.050000000000000000e+02 4.440615129852632776e+02 1.440847640438609112e+01 1.367072170933322672e+00
3.060000000000000000e+02 4.398177003212682621e+02 1.438787711035732819e+01 1.389902418494691094e+00
3.070000000000000000e+02 4.355843031798564766e+02 1.436233993880550486e+01 1.412750058215000326e+00
3.080000000000000000e+02 4.313629667886051493e+02 1.433185982838795702e+01 1.435605007783655740e+00
3.090000000000000000e+02 4.271553550240536197e+02 1.429643320201010681e+01 1.458456973548964752e+00
3.100000000000000000e+02 4.229631504656193215e+02 1.425605798267648439e+01 1.481295449006583720e+00
3.110000000000000000e+02 4.187880544495121740e+02 1.421073360934167873e+01 1.504109713287965278e+00
3.120000000000000000e+02 4.146316613782211675e+02 1.416046392145910993e+01 1.526889502934821063e+00
3.130000000000000000e+02 4.104950750927072249e+02 1.410526592803805102e+01 1.549627064773097862e+00
3.140000000000000000e+02 4.063792748053201649e+02 1.404516147643479940e+01 1.572315195338790605e+00
3.150000000000000000e+02 4.022852391392458458e+02 1.398017443963284556e+01 1.594946575498214614e+00
3.160000000000000000e+02 3.982139460279066157e+02 1.391033073561891342e+01 1.617513769763790465e+00
3.170000000000000000e+02 3.941663726143611370e+02 1.383565834675901662e+01 1.640009225609827981e+00
3.180000000000000000e+02 3.901434951507051778e+02 1.375618733917449177e+01 1.662425272788309094e+00
3.190000000000000000e+02 3.861462888974711518e+02 1.367194988211805828e+01 1.684754122644671837e+00
3.200000000000000000e+02 3.821757280230285687e+02 1.358298026734984632e+01 1.706987867433593653e+00
3.210000000000000000e+02 3.782327855029840293e+02 1.348931492851344771e+01 1.729118479634776051e+00
3.220000000000000000e+02 3.743184330195820166e+02 1.339099246051196168e+01 1.751137811268726807e+00
3.230000000000000000e+02 3.704336408611042657e+02 1.328805363888404223e+01 1.773037593212545282e+00
3.240000000000000000e+02 3.665793778212702705e+02 1.318054143917993493e+01 1.794809434515705071e+00
3.250000000000000000e+02 3.627566110986375634e+02 1.306850105633751724e+01 1.816444821715836655e+00
3.260000000000000000e+02 3.589663061960015398e+02 1.295197992405836018e+01 1.837935118154513159e+00
3.270000000000000000e+02 3.552094268197962492e+02 1.283102773418376508e+01 1.859271563293032781e+00
3.280000000000000000e+02 3.514869347794940495e+02 1.270569645607080034e+01 1.880445272028203663e+00
3.290000000000000000e+02 3.477997898870057156e+02 1.257604035596834890e+01 1.901447234008124543e+00
3.300000000000000000e+02 3.441489498560810034e+02 1.244211601639315923e+01 1.922268312947972069e+00
3.310000000000000000e+02 3.405353702017086448e+02 1.230398235550588559e+01 1.942899245945782338e+00
3.320000000000000000e+02 3.369600041395165704e+02 1.216170064648712845e+01 1.963330642798234660e+00
3.330000000000000000e+02 3.334238024851719615e+02 1.201533453691349251e+01 1.983552985316437534e+00
3.340000000000000000e+02 3.299277135537812455e+02 1.186495006813361108e+01 2.003556626641706639e+00
3.350000000000000000e+02 3.264726830592908300e+02 1.171061569464420060e+01 2.023331790561355703e+00
3.360000000000000000e+02 3.230596540138866999e+02 1.155240230346610986e+01 2.042868570824474705e+00
3.370000000000000000e+02 3.196895666273951520e+02 1.139038323352035675e+01 2.062156930457717419e+00
3.380000000000000000e+02 3.163633582066824488e+02 1.122463429500418641e+01 2.081186701081080948e+00
3.390000000000000000e+02 3.130819630550552688e+02 1.105523378876708662e+01 2.099947582223693043e+00
3.400000000000000000e+02 3.098463123716605310e+02 1.088226252568685659e+01 2.118429140639593644e+00
3.410000000000000000e+02 3.066573341508861290e+02 1.070580384604565438e+01 2.136620809623518635e+00
3.420000000000000000e+02 3.035159530817609266e+02 1.052594363890602480e+01 2.154511888326684943e+00
3.430000000000000000e+02 3.004230904473545820e+02 1.034277036148694506e+01 2.172091541072573850e+00
3.440000000000000000e+02 2.973796640241781120e+02 1.015637505853988820e+01 2.189348796672713870e+00
3.450000000000000000e+02 2.943865879815837161e+02 9.966851381724843861e+00 2.206272547742463175e+00
3.460000000000000000e+02 2.914447727811653408e+02 9.774295608986376394e+00 2.222851550016795130e+00
3.470000000000000000e+02 2.885551250761585038e+02 9.578806663929668730e+00 2.239074421666082948e+00
3.480000000000000000e+02 2.857185476108407443e+02 9.380486135196557385e+00 2.254929642611881224e+00
3.490000000000000000e+02 2.829358511802986413e+02 9.179431893409160992e+00 2.270406795214473306e+00
3.500000000000000000e+02 2.802074866793130354e+02 8.975718609727360686e+00 2.285500344614978196e+00
3.510000000000000000e+02 2.775338017264525092e+02 8.769416466029566593e+00 2.300206014078915118e+00
3.520000000000000000e+02 2.749151274131306764e+02 8.560597497365611375e+00 2.314519558326532778e+00
3.530000000000000000e+02 2.723517781166144687e+02 8.349335605043057384e+00 2.328436764068113618e+00
3.540000000000000000e+02 2.698440513130323097e+02 8.135706569713507363e+00 2.341953450539274950e+00
3.550000000000000000e+02 2.673922273903827431e+02 7.919788064458893828e+00 2.355065470036279862e+00
3.560000000000000000e+02 2.649965694615428902e+02 7.701659667877792437e+00 2.367768708451341020e+00
3.570000000000000000e+02 2.626573231772762256e+02 7.481402877171719368e+00 2.380059085807924912e+00
3.580000000000000000e+02 2.603747165392421152e+02 7.259101121231441134e+00 2.391932556796060094e+00
3.590000000000000000e+02 2.581489597130029097e+02 7.034839773723267520e+00 2.403385111307640543e+00
3.600000000000000000e+02 2.559802448410333966e+02 6.808706166175369390e+00 2.414412774971732123e+00
3.610000000000000000e+02 2.538687458557285481e+02 6.580789601064068961e+00 2.425011609689880387e+00
3.620000000000000000e+02 2.518146182924120637e+02 6.351181364900139847e+00 2.435177714171409935e+00
3.630000000000000000e+02 2.498179991023449134e+02 6.119974741315130196e+00 2.444907224468739315e+00
3.640000000000000000e+02 2.478790064657337382e+02 5.887265024147646741e+00 2.454196314512678168e+00
3.650000000000000000e+02 2.459977396047389959e+02 5.653149530529663735e+00 2.463041196647738573e+00
3.660000000000000000e+02 2.441742785964834184e+02 5.417727613972829204e+00 2.471438122167436635e+00
3.670000000000000000e+02 2.424086841860606683e+02 5.181100677454765879e+00 2.479383381849599832e+00
3.680000000000000000e+02 2.407009975995435127e+02 4.943372186505374799e+00 2.486873306491677482e+00
3.690000000000000000e+02 2.390512403569921389e+02 4.704647682293131794e+00 2.493904267446034773e+00
3.700000000000000000e+02 2.374594140854626971e+02 4.465034794711405297e+00 2.500472677155270773e+00
3.710000000000000000e+02 2.359255003320157584e+02 4.224643255464745728e+00 2.506574989687516908e+00
3.720000000000000000e+02 2.344494603767243746e+02 3.983584911155194863e+00 2.512207701271742977e+00
3.730000000000000000e+02 2.330312350456829336e+02 3.741973736368587655e+00 2.517367350833066730e+00
3.740000000000000000e+02 2.316707445240150776e+02 3.499925846760858050e+00 2.522050520528056339e+00
3.750000000000000000e+02 2.303678881688826152e+02 3.257559512144334590e+00 2.526253836280035525e+00
3.760000000000000000e+02 2.291225443224933542e+02 3.014995169574053779e+00 2.529973968314390920e+00
3.770000000000000000e+02 2.279345701251098717e+02 2.772355436434056131e+00 2.533207631693878525e+00
3.780000000000000000e+02 2.268038013280578582e+02 2.529765123523690207e+00 2.535951586853926631e+00
3.790000000000000000e+02 2.257300521067343198e+02 2.287351248143920657e+00 2.538202640137942723e+00
3.800000000000000000e+02 2.247131148736162061e+02 2.045243047183622043e+00 2.539957644332621278e+00
3.810000000000000000e+02 2.237527600912687262e+02 1.803571990205892650e+00 2.541213499203244908e+00
3.820000000000000000e+02 2.228487360853536359e+02 1.562471792534349646e+00 2.541967152028994814e+00
3.830000000000000000e+02 2.220007688576377518e+02 1.322078428339435785e+00 2.542215598138252375e+00
3.840000000000000000e+02 2.212085618990011540e+02 1.082530143724723004e+00 2.541955881443907828e+00
3.850000000000000000e+02 2.204717960024460126e+02 8.439674698132137998e-01 2.541185094978664072e+00
3.860000000000000000e+02 2.197901290761043640e+02 6.065332358336429364e-01 2.539900381430341803e+00
3.870000000000000000e+02 2.191631959562471934e+02 3.703725822067858719e-01 2.538098933677190416e+00
3.880000000000000000e+02 2.185906228601662633e+02 1.356189020131280398e-01 2.535778961731242287e+00
3.890000000000000000e+02 2.180720717225120495e+02 -9.764894104965160526e-02 2.532942632349687528e+00
3.900000000000000000e+02 2.176071971504027829e+02 -3.293654052366234430e-01 2.529593240432537637e+00
3.910000000000000000e+02 2.171956317585424188e+02 -5.594643417473025293e-01 2.525734253842782717e+00
3.920000000000000000e+02 2.168369859938691206e+02 -7.878789928271244802e-01 2.521369314710046439e+00
3.930000000000000000e+02 2.165308479602030332e+02 -1.014541989868926297e+00 2.516502240734246776e+00
3.940000000000000000e+02 2.162767832428941404e+02 -1.239385351514422196e+00 2.511137026489252300e+00
3.950000000000000000e+02 2.160743347334704652e+02 -1.462340481755683541e+00 2.505277844726539804e+00
3.960000000000000000e+02 2.159230224542856433e+02 -1.683338168036618399e+00 2.498929047678853266e+00
3.970000000000000000e+02 2.158223433831674924e+02 -1.902308579354445639e+00 2.492095168363863689e+00
3.980000000000000000e+02 2.157717712780654153e+02 -2.119181264361178041e+00 2.484780921887822291e+00
3.990000000000000000e+02 2.157707565016986564e+02 -2.333885149465098952e+00 2.476991206749224350e+00
4.000000000000000000e+02 2.158187258462043872e+02 -2.546348536932236950e+00 2.468731106142463272e+00
4.010000000000000000e+02 2.159150823577851952e+02 -2.756499102987851835e+00 2.460005889261488221e+00
4.020000000000000000e+02 2.160592051613577098e+02 -2.964263895917905955e+00 2.450821012603467519e+00
4.030000000000000000e+02 2.162504492851998350e+02 -3.169569334170545094e+00 2.441182121272440497e+00
4.040000000000000000e+02 2.164881454855996310e+02 -3.372341204457578456e+00 2.431095050282978232e+00
4.050000000000000000e+02 2.167716000715023199e+02 -3.572504659855955111e+00 2.420565825863842058e+00
4.060000000000000000e+02 2.171000947291588830e+02 -3.769984217909239987e+00 2.409600666761641641e+00
4.070000000000000000e+02 2.174728863467739473e+02 -3.964703758729099192e+00 2.398205985544490826e+00
4.080000000000000000e+02 2.178892068391535304e+02 -4.156586523096771124e+00 2.386388389905670149e+00
4.090000000000000000e+02 2.183482629723531829e+02 -4.345555110564550461e+00 2.374154683967277357e+00
4.100000000000000000e+02 2.188492361883259889e+02 -4.531531477557259713e+00 2.361511869583896583e+00
4.110000000000000000e+02 2.193912824295703103e+02 -4.714436935473734991e+00 2.348467147646243980e+00
4.120000000000000000e+02 2.199735319637782709e+02 -4.894192148788300223e+00 2.335027919384836004e+00
4.130000000000000000e+02 2.205950892084829604e+02 -5.070717133152244926e+00 2.321201787673642158e+00
4.140000000000000000e+02 2.212550325557069186e+02 -5.243931253495306422e+00 2.306996558333742620e+00
4.150000000000000000e+02 2.219524141966102775e+02 -5.413753222127142273e+00 2.292420241436990747e+00
4.160000000000000000e+02 2.226862599461381365e+02 -5.580101096838816055e+00 2.277481052609666712e+00
4.170000000000000000e+02 2.234555690676691597e+02 -5.742892279004268907e+00 2.262187414336136904e+00
4.180000000000000000e+02 2.242593140976629513e+02 -5.902043511681801746e+00 2.246547957262513329e+00
4.190000000000000000e+02 2.250964406703084819e+02 -6.057470877715551261e+00 2.230571521500310350e+00
4.200000000000000000e+02 2.259658673421718618e+02 -6.209089797836968572e+00 2.214267157930101870e+00
4.210000000000000000e+02 2.268664854168444833e+02 -6.356815028766304998e+00 2.197644129505182065e+00
4.220000000000000000e+02 2.277971587695905384e+02 -6.500560661314072952e+00 2.180711912555222565e+00
4.230000000000000000e+02 2.287567236719957009e+02 -6.640240118482545029e+00 2.163480198089926976e+00
4.240000000000000000e+02 2.297439886166145584e+02 -6.775766153567218453e+00 2.145958893102695608e+00
4.250000000000000000e+02 2.307577341416183856e+02 -6.907050848258296405e+00 2.128158121874276887e+00
4.260000000000000000e+02 2.317967126554440540e+02 -7.034005610742168457e+00 2.110088227276429862e+00
4.270000000000000000e+02 2.328597619209207892e+02 -7.156554497304649765e+00 2.091759523199224979e+00
4.280000000000000000e+02 2.339461501172612543e+02 -7.274674680179010089e+00 2.073181539900062820e+00
4.290000000000000000e+02 2.350552421729343848e+02 -7.388357352751216744e+00 2.054363755543096914e+00
4.300000000000000000e+02 2.361863870664580531e+02 -7.497594537280908966e+00 2.035315843892605336e+00
4.310000000000000000e+02 2.373389177256773053e+02 -7.602379091751302553e+00 2.016047675453236820e+00
4.320000000000000000e+02 2.385121509270430806e+02 -7.702704716719023459e+00 1.996569318610253774e+00
4.330000000000000000e+02 2.397053871948897381e+02 -7.798565962163992005e+00 1.976891040769768848e+00
4.340000000000000000e+02 2.409179107007142022e+02 -7.889958234339276011e+00 1.957023309498995500e+00
4.350000000000000000e+02 2.421489891624534039e+02 -7.976877802620961688e+00 1.936976793666483010e+00
4.360000000000000000e+02 2.433978737437633129e+02 -8.059321806358022755e+00 1.916762364582366374e+00
4.370000000000000000e+02 2.446637989532966913e+02 -8.137288261722185112e+00 1.896391097138602877e+00
4.380000000000000000e+02 2.459459825439816143e+02 -8.210776068557773755e+00 1.875874270949217548e+00
4.390000000000000000e+02 2.472436254122998207e+02 -8.279785017231608535e+00 1.855223371490544837e+00
4.400000000000000000e+02 2.485559114975646651e+02 -8.344315795482849296e+00 1.834450091241472514e+00
4.410000000000000000e+02 2.498820076811998945e+02 -8.404369995272867655e+00 1.813566330823682460e+00
4.420000000000000000e+02 2.512210636860175157e+02 -8.459950119635102794e+00 1.792584200141894346e+00
4.430000000000000000e+02 2.525722119754960602e+02 -8.511059589524943902e+00 1.771516019524106866e+00
4.440000000000000000e+02 2.539345676530594460e+02 -8.557702750669582414e+00 1.750374320861843636e+00
4.450000000000000000e+02 2.553072283613546460e+02 -8.599884880417883792e+00 1.729171848750391760e+00
4.460000000000000000e+02 2.566892741815299814e+02 -8.637612194590243320e+00 1.707921561629045515e+00
4.470000000000000000e+02 2.580797675325139267e+02 -8.670891854328468540e+00 1.686636632921350909e+00
4.480000000000000000e+02 2.594777530702929198e+02 -8.699731972945626168e+00 1.665330452175346698e+00
4.490000000000000000e+02 2.608822575871897129e+02 -8.724141622775919203e+00 1.644016626203806508e+00
4.500000000000000000e+02 2.622922899111419497e+02 -8.744130842024546268e+00 1.622708980224481845e+00
4.510000000000000000e+02 2.637068408049800610e+02 -8.759710641617573401e+00 1.601421559000345995e+00
4.520000000000000000e+02 2.651248828657058425e+02 -8.770893012051791615e+00 1.580168627979834151e+00
4.530000000000000000e+02 2.665453704237706347e+02 -8.777690930244590461e+00 1.558964674437087972e+00
4.540000000000000000e+02 2.679672394423533888e+02 -8.780118366383812045e+00 1.537824408612197269e+00
4.550000000000000000e+02 2.693894074166395285e+02 -8.778190290777626359e+00 1.516762764851442791e+00
4.560000000000000000e+02 2.708107732730985617e+02 -8.771922680704399511e+00 1.495794902747539012e+00
4.570000000000000000e+02 2.722302172687627149e+02 -8.761332527262540637e+00 1.474936208279875816e+00
4.580000000000000000e+02 2.736466008905053400e+02 -8.746437842220391445e+00 1.454202294954761721e+00
4.590000000000000000e+02 2.750587667543189809e+02 -8.727257664866071352e+00 1.433609004945667564e+00
4.600000000000000000e+02 2.764655385045934395e+02 -8.703812068857356365e+00 1.413172410233466847e+00
4.610000000000000000e+02 2.778657207133947509e+02 -8.676122169071531331e+00 1.392908813746679186e+00
4.620000000000000000e+02 2.792580987797427383e+02 -8.644210128455270592e+00 1.372834750501713996e+00
4.630000000000000000e+02 2.806414388288897044e+02 -8.608099164874500886e+00 1.352966988743112386e+00
4.640000000000000000e+02 2.820144876115984403e+02 -8.567813557964241156e+00 1.333322531083787510e+00
4.650000000000000000e+02 2.833759724034213150e+02 -8.523378655978511631e+00 1.313918615645271792e+00
4.660000000000000000e+02 2.847247524808999515e+02 -8.474825194693211827e+00 1.294771209329006467e+00
4.670000000000000000e+02 2.860602789559715688e+02 -8.422202388468505774e+00 1.275890433577418603e+00
4.680000000000000000e+02 2.873821490897156536e+02 -8.365565261102789307e+00 1.257284998145280719e+00
4.690000000000000000e+02 2.886899559952017285e+02 -8.304970379901700284e+00 1.238963696375933177e+00
4.700000000000000000e+02 2.899832886203500379e+02 -8.240475864905702608e+00 1.220935405510066296e+00
4.710000000000000000e+02 2.912617317307905864e+02 -8.172141398117682698e+00 1.203209086994500021e+00
4.720000000000000000e+02 2.925248658927239376e+02 -8.100028232730542399e+00 1.185793786790966253e+00
4.730000000000000000e+02 2.937722674557810478e+02 -8.024199202354806104e+00 1.168698635684889631e+00
4.740000000000000000e+02 2.950035085358830429e+02 -7.944718730246196792e+00 1.151932849594168529e+00
4.750000000000000000e+02 2.962181569981015627e+02 -7.861652838533247589e+00 1.135505729877957171e+00
4.760000000000000000e+02 2.974157764395189361e+02 -7.775069157444891133e+00 1.119426663645447073e+00
4.770000000000000000e+02 2.985959261720878999e+02 -7.685036934538060471e+00 1.103705124064646492e+00
4.780000000000000000e+02 2.997581612054918310e+02 -7.591627043925268659e+00 1.088350670671163867e+00
4.790000000000000000e+02 3.009020322300045791e+02 -7.494911995502219426e+00 1.073372949676986599e+00
4.800000000000000000e+02 3.020270855993511532e+02 -7.394965944175403649e+00 1.058781694279265384e+00
4.810000000000000000e+02 3.031328633135667019e+02 -7.291864699089678936e+00 1.044586724969093217e+00
4.820000000000000000e+02 3.042189030018575409e+02 -7.185685732855884744e+00 1.030797949840287497e+00
4.830000000000000000e+02 3.052847379054607018e+02 -7.076508190778419305e+00 1.017425364898170148e+00
4.840000000000000000e+02 3.063298968605043910e+02 -6.964412900082850300e+00 1.004479054368351498e+00
4.850000000000000000e+02 3.073539042808672548e+02 -6.849482379143503330e+00 9.919691910055089545e-01
4.860000000000000000e+02 3.083562801410392922e+02 -6.731800846711051278e+00 9.799060364021681124e-01
4.870000000000000000e+02 3.093365399589814047e+02 -6.611454231140121429e+00 9.682999412974871989e-01
4.880000000000000000e+02 3.102941947789856272e+02 -6.488530179616881277e+00 9.571613458860344092e-01
4.890000000000000000e+02 3.112287511545351322e+02 -6.363118067386647425e+00 9.465007801265720166e-01
4.900000000000000000e+02 3.121397111311642902e+02 -6.235309006981460733e+00 9.363288640508362626e-01
4.910000000000000000e+02 3.130265722293186172e+02 -6.105195857447694330e+00 9.266563080723185797e-01
4.920000000000000000e+02 3.138888274272148919e+02 -5.972873233573651852e+00 9.174939132950477028e-01
4.930000000000000000e+02 3.147259651437015009e+02 -5.838437515117154142e+00 9.088525718223702254e-01
4.940000000000000000e+02 3.155374692211177603e+02 -5.701986856033140150e+00 9.007432670657318230e-01
4.950000000000000000e+02 3.163228189081548294e+02 -5.563621193701260736e+00 8.931770740534590303e-01
4.960000000000000000e+02 3.170814888427152027e+02 -5.423442258153471585e+00 8.861651597395401314e-01
4.970000000000000000e+02 3.178129490347726573e+02 -5.281553581301633216e+00 8.797187833124066048e-01
4.980000000000000000e+02 3.185166648492330523e+02 -5.138060506165103902e+00 8.738492965037139015e-01
4.990000000000000000e+02 3.191920969887934234e+02 -4.993070196098335245e+00 8.685681438971236679e-01
5.000000000000000000e+02 3.198387014768025551e+02 -4.846691644018465084e+00 8.638868632370836353e-01
5.010000000000000000e+02 3.204559296401210986e+02 -4.699035681632918404e+00 8.598170857376103982e-01
5.020000000000000000e+02 3.210432280919815184e+02 -4.550214988666998472e+00 8.563705363910696367e-01
5.030000000000000000e+02 3.216000387148478694e+02 -4.400344102091480636e+00 8.535590342769572292e-01
5.040000000000000000e+02 3.221257986432760845e+02 -4.249539425350212341e+00 8.513944928706815851e-01
5.050000000000000000e+02 3.226200500309826111e+02 -4.097911672876080935e+00 8.498870027953454587e-01
5.060000000000000000e+02 3.230827728646405035e+02 -3.945542945509685762e+00 8.490390187052492266e-01
5.070000000000000000e+02 3.235140617043602447e+02 -3.792509012833651383e+00 8.488510055404488996e-01
5.080000000000000000e+02 3.239140168008972864e+02 -3.638886823818485272e+00 8.493233403484820032e-01
5.090000000000000000e+02 3.242827441300684086e+02 -3.484754512497695078e+00 8.504563116926415756e-01
5.100000000000000000e+02 3.246203554271673397e+02 -3.330191403642895676e+00 8.522501190602491672e-01
5.110000000000000000e+02 3.249269682213814008e+02 -3.175278018438933980e+00 8.547048722709280622e-01
5.120000000000000000e+02 3.252027058702071258e+02 -3.020096080158997331e+00 8.578205908848751671e-01
5.130000000000000000e+02 3.254476975938662804e+02 -2.864728519839726761e+00 8.615972036111365639e-01
5.140000000000000000e+02 3.256620785097221642e+02 -2.709259481956339144e+00 8.660345477158782890e-01
5.150000000000000000e+02 3.258459896666956865e+02 -2.553774330097732914e+00 8.711323684306613302e-01
5.160000000000000000e+02 3.259995780796808162e+02 -2.398359652641608442e+00 8.768903183607125174e-01
5.170000000000000000e+02 3.261229967639616802e+02 -2.243103268429581743e+00 8.833079568932005188e-01
5.180000000000000000e+02 3.262164047696276157e+02 -2.088094232442295972e+00 8.903847496055067312e-01
5.190000000000000000e+02 3.262799672159898705e+02 -1.933422841474542686e+00 8.981200676734993893e-01
5.200000000000000000e+02 3.263138553259969399e+02 -1.779180639810367559e+00 9.065131872798058987e-01
5.210000000000000000e+02 3.263182464606518352e+02 -1.625460424898193867e+00 9.155632890220881670e-01
5.220000000000000000e+02 3.262933241534267381e+02 -1.472356253025930650e+00 9.252694573213120499e-01
5.230000000000000000e+02 3.262392781446799290e+02 -1.319963444996091972e+00 9.356306798300244587e-01
5.240000000000000000e+02 3.261563044160718619e+02 -1.168378591800907085e+00 9.466458468406231397e-01
5.250000000000000000e+02 3.260446052249805007e+02 -1.017699560297438133e+00 9.583137506936325600e-01
5.260000000000000000e+02 3.259043891389181340e+02 -8.680254988826958673e-01 9.706330851859749087e-01
5.270000000000000000e+02 3.257358710699469952e+02 -7.194568431687498045e-01 9.836024449792442059e-01
5.280000000000000000e+02 3.255392723090954519e+02 -5.720953216578478218e-01 9.972203250079799686e-01
5.290000000000000000e+02 3.253148205607740806e+02 -4.260439614175272616e-01 1.011485119887939321e+00
5.300000000000000000e+02 3.250627499771916291e+02 -2.814070937557328067e-01 1.026395123324369996e+00
5.310000000000000000e+02 3.247833011927712050e+02 -1.382903598959255298e-01 1.041948527520285328e+00
5.320000000000000000e+02 3.244767213585661807e+02 3.199283347795022631e-03 1.058143422584735038e+00
5.330000000000000000e+02 3.241432641766761549e+02 1.429535578955818953e-01 1.074977795941079561e+00
5.340000000000000000e+02 3.237831899346634259e+02 2.808628587267230081e-01 1.092449531735263379e+00
5.350000000000000000e+02 3.233967655399684986e+02 4.168162482045276174e-01 1.110556410244087688e+00
5.360000000000000000e+02 3.229842645543265007e+02 5.507014504012135436e-01 1.129296107283483952e+00
5.370000000000000000e+02 3.225459672281832582e+02 6.824048454227883420e-01 1.148666193616785902e+00
5.380000000000000000e+02 3.220821605351109156e+02 8.118114637339371997e-01 1.168664134363003981e+00
5.390000000000000000e+02 3.215931382062246371e+02 9.388049804829095013e-01 1.189287288405098897e+00
5.400000000000000000e+02 3.210792007645980561e+02 1.063267709826400953e+00 1.210532907798252733e+00
5.410000000000000000e+02 3.205406555596796920e+02 1.185080599254441092e+00 1.232398137178143616e+00
5.420000000000000000e+02 3.199778168017087978e+02 1.304123223915279572e+00 1.254880013169218822e+00
5.430000000000000000e+02 3.193910055961314924e+02 1.420273780940268127e+00 1.277975463792966782e+00
5.440000000000000000e+02 3.187805699592402107e+02 1.533423547565232692e+00 1.301680337063450876e+00
5.450000000000000000e+02 3.181469453839423522e+02 1.643520692250586057e+00 1.325986459404040696e+00
5.460000000000000000e+02 3.174905959625914420e+02 1.750527624711271102e+00 1.350884497348785018e+00
5.470000000000000000e+02 3.168119945947831297e+02 1.854406638358103265e+00 1.376364920251812007e+00
5.480000000000000000e+02 3.161116230298592882e+02 1.955119910476865508e+00 1.402417999302661533e+00
5.490000000000000000e+02 3.153899719094112584e+02 2.052629502407400608e+00 1.429033806541627927e+00
5.500000000000000000e+02 3.146475408097829813e+02 2.146897359722703680e+00 1.456202213875094076e+00
5.510000000000000000e+02 3.138848382845749256e+02 2.237885312408018024e+00 1.483912892090871738e+00
5.520000000000000000e+02 3.131023819071467642e+02 2.325555075039926312e+00 1.512155309873535414e+00
5.530000000000000000e+02 3.123006983131216430e+02 2.409868246965443994e+00 1.540918732819763326e+00
5.540000000000000000e+02 3.114803232428891420e+02 2.490786312481114262e+00 1.570192222453675512e+00
5.550000000000000000e+02 3.106418015841088049e+02 2.568270641012099453e+00 1.599964635242166366e+00
5.560000000000000000e+02 3.097856874142136121e+02 2.642282487291274684e+00 1.630224621610247837e+00
5.570000000000000000e+02 3.089125440429132254e+02 2.712782991538323252e+00 1.660960624956385523e+00
5.580000000000000000e+02 3.080229440546977457e+02 2.779733179638826712e+00 1.692160880667833434e+00
5.590000000000000000e+02 3.071174693513409579e+02 2.843093963323360285e+00 1.723813415135975413e+00
5.600000000000000000e+02 3.061967111944035764e+02 2.902826140346586925e+00 1.755906044771660124e+00
5.610000000000000000e+02 3.052612702477370021e+02 2.958890394666347401e+00 1.788426375020540471e+00
5.620000000000000000e+02 3.043117566199866815e+02 3.011247296622756586e+00 1.821361799378409918e+00
5.630000000000000000e+02 3.033487899070954086e+02 3.059857303117296201e+00 1.854699498406540581e+00
5.640000000000000000e+02 3.023729992348067412e+02 3.104680757791907109e+00 1.888426438747019542e+00
5.650000000000000000e+02 3.013850233011686441e+02 3.145677891208082944e+00 1.922529372138089832e+00
5.660000000000000000e+02 3.003855104190367911e+02 3.182808821025966850e+00 1.956994834429484298e+00
5.670000000000000000e+02 2.993751185585778671e+02 3.216033552183436228e+00 1.991809144597765036e+00
5.680000000000000000e+02 2.983545153897732689e+02 3.245311977075205689e+00 2.026958403761661920e+00
5.690000000000000000e+02 2.973243783249223497e+02 3.270603875731914467e+00 2.062428494197405815e+00
5.700000000000000000e+02 2.962853945611458357e+02 3.291868915999221823e+00 2.098205078354072661e+00
5.710000000000000000e+02 2.952382611228893552e+02 3.309066653716902007e+00 2.134273597868916905e+00
5.720000000000000000e+02 2.941836849044269684e+02 3.322156532897931669e+00 2.170619272582708703e+00
5.730000000000000000e+02 2.931223827123642423e+02 3.331097885907589262e+00 2.207227099555074457e+00
5.740000000000000000e+02 2.920550813081421211e+02 3.335849933642547338e+00 2.244081852079830686e+00
5.750000000000000000e+02 2.909825174505399445e+02 3.336371785709962179e+00 2.281168078700325896e+00
5.760000000000000000e+02 2.899054379381790909e+02 3.332622440606570979e+00 2.318470102224774010e+00
5.770000000000000000e+02 2.888245996520266203e+02 3.324560785897784587e+00 2.355972018741595342e+00
5.780000000000000000e+02 2.877407695978982360e+02 3.312145598396777579e+00 2.393657696634752252e+00
5.790000000000000000e+02 2.866547249489619276e+02 3.295335544343586331e+00 2.431510775599087015e+00
5.800000000000000000e+02 2.855672530882419551e+02 3.274089179584199538e+00 2.469514665655659691e+00
5.810000000000000000e+02 2.844791516511208442e+02 3.248364949749652730e+00 2.507652546167085106e+00
5.820000000000000000e+02 2.833912285678444505e+02 3.218121190435117018e+00 2.545907364852872501e+00
5.830000000000000000e+02 2.823042388371470679e+02 3.183328036903940284e+00 2.584262615214047099e+00
5.840000000000000000e+02 2.812186930257556696e+02 3.144003479689573499e+00 2.622704692139215865e+00
5.850000000000000000e+02 2.801350440688483445e+02 3.100178210072789042e+00 2.661220593200504858e+00
5.860000000000000000e+02 2.790537501261591729e+02 3.051883796435496787e+00 2.699797144860962117e+00
5.870000000000000000e+02 2.779752746021825942e+02 2.999152688637371167e+00 2.738421001764249407e+00
5.880000000000000000e+02 2.769000861663772639e+02 2.942018222392484006e+00 2.777078646024328190e+00
5.890000000000000000e+02 2.758286587733706483e+02 2.880514623645927585e+00 2.815756386515151366e+00
5.900000000000000000e+02 2.747614716831627106e+02 2.814677012950444368e+00 2.854440358160349689e+00
5.910000000000000000e+02 2.736990094813306769e+02 2.744541409843053614e+00 2.893116521222924398e+00
5.920000000000000000e+02 2.726417620992329489e+02 2.670144737221683329e+00 2.931770660594937183e+00
5.930000000000000000e+02 2.715902248342129042e+02 2.591524825721791547e+00 2.970388385087193495e+00
5.940000000000000000e+02 2.705448983698040593e+02 2.508720418093000060e+00 3.008955126718940054e+00
5.950000000000000000e+02 2.695062887959334148e+02 2.421771173575721470e+00 3.047456140007549941e+00
5.960000000000000000e+02 2.684749076291257097e+02 2.330717672277779595e+00 3.085876501258210336e+00
5.970000000000000000e+02 2.674512718327083576e+02 2.235601419551052071e+00 3.124201107853617376e+00
5.980000000000000000e+02 2.664359038370147914e+02 2.136464850368082313e+00 3.162414677543659902e+00
5.990000000000000000e+02 2.654293315595889453e+02 2.033351333698719010e+00 3.200501747735112534e+00
6.000000000000000000e+02 2.644320884253898498e+02 1.926305176886739634e+00 3.238446674781324308e+00
6.010000000000000000e+02 2.634447133869949766e+02 1.815371630026475280e+00 3.276233633271905976e+00
6.020000000000000000e+02 2.624677509448054593e+02 1.700596890339445055e+00 3.313846615322423972e+00
6.030000000000000000e+02 2.615017511672492674e+02 1.582028106550978919e+00 3.351269429864083271e+00
6.040000000000000000e+02 2.605472697109864839e+02 1.459713383266847631e+00 3.388485701933425798e+00
6.050000000000000000e+02 2.596048678411122523e+02 1.333701785349891145e+00 3.425478871962008842e+00
6.060000000000000000e+02 2.586751124513621676e+02 1.204043342296644559e+00 3.462232195066104357e+00
6.070000000000000000e+02 2.577585760843157345e+02 1.070789052613967840e+00 3.498728740336383147e+00
6.080000000000000000e+02 2.568558369516008497e+02 9.339908881956732190e-01 3.534951390127605730e+00
6.090000000000000000e+02 2.559674789540977144e+02 7.937017986991513618e-01 3.570882839348310522e+00
6.100000000000000000e+02 2.550940917021435155e+02 6.499757159220023173e-01 3.606505594750504695e+00
6.110000000000000000e+02 2.542362705357361108e+02 5.028675581786616888e-01 3.641801974219353699e+00
6.120000000000000000e+02 2.533946165447386534e+02 3.524332346770280289e-01 3.676754106062869010e+00
6.130000000000000000e+02 2.525697365890835613e+02 1.987296498950929524e-01 3.711343928301601647e+00
6.140000000000000000e+02 2.517622433189764877e+02 4.181470795756453418e-02 3.745553187958322816e+00
6.150000000000000000e+02 2.509727551951010867e+02 -1.182526829874989138e-01 3.779363440347725422e+00
6.160000000000000000e+02 2.502018965088227844e+02 -2.814126063920655008e-01 3.812756048366102490e+00
6.170000000000000000e+02 2.494502974023930051e+02 -4.476041329314994766e-01 3.845712181781044681e+00
6.180000000000000000e+02 2.487185938891535955e+02 -6.167653161279345042e-01 3.878212816521124484e+00
6.190000000000000000e+02 2.480074278737407667e+02 -7.888331879736443231e-01 3.910238733965588409e+00
6.200000000000000000e+02 2.473174471722893486e+02 -9.637437545544182971e-01 3.941770520234041619e+00
6.210000000000000000e+02 2.466493055326372144e+02 -1.141431991672929191e+00 3.972788565476149003e+00
6.220000000000000000e+02 2.460035706881010640e+02 -1.321830157529095828e+00 4.003275200964078628e+00
6.230000000000000000e+02 2.453804461127009517e+02 -1.504862696223283169e+00 4.033221166782214873e+00
6.240000000000000000e+02 2.447800427878647724e+02 -1.690451206214693247e+00 4.062619294241947898e+00
6.250000000000000000e+02 2.442024705705809993e+02 -1.878516107569859317e+00 4.091462381745434307e+00
6.260000000000000000e+02 2.436478381851235326e+02 -2.068976637064857016e+00 4.119743194737306879e+00
6.270000000000000000e+02 2.431162532147766342e+02 -2.261750843287518631e+00 4.147454465656390532e+00
6.280000000000000000e+02 2.426078220935589513e+02 -2.456755581739637151e+00 4.174588893887398733e+00
6.290000000000000000e+02 2.421226500979489344e+02 -2.653906509939182090e+00 4.201139145712655676e+00
6.300000000000000000e+02 2.416608413386090888e+02 -2.853118082522509980e+00 4.227097854263785592e+00
6.310000000000000000e+02 2.412224987521109938e+02 -3.054303546346571085e+00 4.252457619473443806e+00
6.320000000000000000e+02 2.408077240926598108e+02 -3.257374935591126786e+00 4.277211008027008710e+00
6.330000000000000000e+02 2.404166179238190182e+02 -3.462243066860951402e+00 4.301350553314296832e+00
6.340000000000000000e+02 2.400492796102352031e+02 -3.668817534288052240e+00 4.324868755381267249e+00
6.350000000000000000e+02 2.397058073093627968e+02 -3.877006704633876755e+00 4.347758080881738429e+00
6.360000000000000000e+02 2.393862979631886105e+02 -4.086717712391517487e+00 4.370010963029085538e+00
6.370000000000000000e+02 2.390908472899567414e+02 -4.297856454887932109e+00 4.391619801547955504e+00
6.380000000000000000e+02 2.388195497758930799e+02 -4.510327587386147030e+00 4.412576962625975874e+00
6.390000000000000000e+02 2.385724986669302723e+02 -4.724034518187475662e+00 4.432874778865461884e+00
6.400000000000000000e+02 2.383497859604322286e+02 -4.938879403733718476e+00 4.452505549235119098e+00
6.410000000000000000e+02 2.381515023969189997e+02 -5.154763143709383932e+00 4.471461539021764686e+00
6.420000000000000000e+02 2.379777374517911142e+02 -5.371585376143896973e+00 4.489734979782022961e+00
6.430000000000000000e+02 2.378285793270549107e+02 -5.589244472513799522e+00 4.507318069294042218e+00
6.440000000000000000e+02 2.377041149430467897e+02 -5.807637532844977635e+00 4.524202971509196480e+00
6.450000000000000000e+02 2.376044299301577496e+02 -6.026660380814859330e+00 4.540381816503803236e+00
6.460000000000000000e+02 2.375296086205588324e+02 -6.246207558854633746e+00 4.555846700430821627e+00
6.470000000000000000e+02 2.374797340399253471e+02 -6.466172323251456078e+00 4.570589685471567520e+00
6.480000000000000000e+02 2.374548878991610650e+02 -6.686446639250657853e+00 4.584602799787416139e+00
6.490000000000000000e+02 2.374551505861241480e+02 -6.906921176157968745e+00 4.597878037471522461e+00
6.500000000000000000e+02 2.374806011573508897e+02 -7.127485302441707304e+00 4.610407358500513197e+00
6.510000000000000000e+02 2.375313173297806770e+02 -7.348027080835012548e+00 4.622182688686206298e+00
6.520000000000000000e+02 2.376073754724810101e+02 -7.568433263438040015e+00 4.633195919627316250e+00
6.530000000000000000e+02 2.377088505983717539e+02 -7.788589286820180924e+00 4.643438908661164710e+00
6.540000000000000000e+02 2.378358163559500440e+02 -8.008379267122265333e+00 4.652903478815382243e+00
6.550000000000000000e+02 2.379883450210151352e+02 -8.227685995158783072e+00 4.661581418759626061e+00
6.560000000000000000e+02 2.381665074883929663e+02 -8.446390931520088685e+00 4.669464482757282653e+00
6.570000000000000000e+02 2.383703732636608095e+02 -8.664374201674604592e+00 4.676544390617173974e+00
6.580000000000000000e+02 2.386000104548720913e+02 -8.881514591071043796e+00 4.682812827645275178e+00
6.590000000000000000e+02 2.388554857642811271e+02 -9.097689540240621042e+00 4.688261444596411920e+00
6.600000000000000000e+02 2.391368644800677146e+02 -9.312775139899251542e+00 4.692881857625974540e+00
6.610000000000000000e+02 2.394441520983873488e+02 -9.526655490086506362e+00 4.696667759024457212e+00
6.620000000000000000e+02 2.397771177931903708e+02 -9.739251014041551358e+00 4.699621300610721697e+00
6.630000000000000000e+02 2.401354670372244016e+02 -9.950490759011870523e+00 4.701746851008595129e+00
6.640000000000000000e+02 2.405188995950067010e+02 -1.016030308642420188e+01 4.703048898138934675e+00
6.650000000000000000e+02 2.409271094985418529e+02 -1.036861566955464831e+01 4.703532049750170252e+00
6.660000000000000000e+02 2.413597850230394215e+02 -1.057535549119885054e+01 4.703201033948875676e+00
6.670000000000000000e+02 2.418166086626318645e+02 -1.078044884134213355e+01 4.702060699730317594e+00
6.680000000000000000e+02 2.422972571060921894e+02 -1.098382131482965995e+01 4.700116017509021304e+00
6.690000000000000000e+02 2.428014012125515251e+02 -1.118539780903657999e+01 4.697372079649317023e+00
6.700000000000000000e+02 2.433287059872174609e+02 -1.138510252153817248e+01 4.693834100995908365e+00
6.710000000000000000e+02 2.438788305570908790e+02 -1.158285894778001257e+01 4.689507419404420396e+00
6.720000000000000000e+02 2.444514281466844352e+02 -1.177858987874811092e+01 4.684397496271968109e+00
6.730000000000000000e+02 2.450461460537401592e+02 -1.197221739863907253e+01 4.678509917067699142e+00
6.740000000000000000e+02 2.456626256249467417e+02 -1.216366288253023242e+01 4.671850391863366703e+00
6.750000000000000000e+02 2.463005022316579584e+02 -1.235284699404983044e+01 4.664424755863876726e+00
6.760000000000000000e+02 2.469594052456099860e+02 -1.253968968304713805e+01 4.656238969937850136e+00
6.770000000000000000e+02 2.476389580146391722e+02 -1.272411018326263310e+01 4.647299121148180667e+00
6.780000000000000000e+02 2.483387778383998921e+02 -1.290602700999812313e+01 4.637611423282584688e+00
6.790000000000000000e+02 2.490584759440823177e+02 -1.308535795778692190e+01 4.627182217384169682e+00
6.800000000000000000e+02 2.497976574621299051e+02 -1.326202009806398685e+01 4.616017972281985848e+00
6.810000000000000000e+02 2.505559214019575052e+02 -1.343592977683606549e+01 4.604125285121584810e+00
6.820000000000000000e+02 2.513328606276689072e+02 -1.360700261235186481e+01 4.591510881895572105e+00
6.830000000000000000e+02 2.521280618337743533e+02 -1.377515349277218526e+01 4.578181617974175666e+00
6.840000000000000000e+02 2.529411055209089341e+02 -1.394029657384008125e+01 4.564144478635792979e+00
6.850000000000000000e+02 2.537715659715495917e+02 -1.410234527655100045e+01 4.549406579597556899e+00
6.860000000000000000e+02 2.546190112257333453e+02 -1.426121228482294967e+01 4.533975167545882812e+00
6.870000000000000000e+02 2.554830030567748054e+02 -1.441680954316663232e+01 4.517857620667036223e+00
6.880000000000000000e+02 2.563630969469841716e+02 -1.456904825435561968e+01 4.501061449177685247e+00
6.890000000000000000e+02 2.572588420633845203e+02 -1.471783887709646343e+01 4.483594295855458434e+00
6.900000000000000000e+02 2.581697812334300011e+02 -1.486309112369888830e+01 4.465463936569501691e+00
6.910000000000000000e+02 2.590954509207234651e+02 -1.500471395774592942e+01 4.446678280811044104e+00
6.920000000000000000e+02 2.600353812007340366e+02 -1.514261559176406990e+01 4.427245372223937991e+00
6.930000000000000000e+02 2.609890957365149688e+02 -1.527670348489339958e+01 4.407173389135234487e+00
6.940000000000000000e+02 2.619561117544213289e+02 -1.540688434055777378e+01 4.386470645085725373e+00
6.950000000000000000e+02 2.629359400198280241e+02 -1.553306410413495797e+01 4.365145589360520439e+00
6.960000000000000000e+02 2.639280848128470893e+02 -1.565514796062677405e+01 4.343206807519583101e+00
6.970000000000000000e+02 2.649320439040457700e+02 -1.577304033232925740e+01 4.320663021928298875e+00
6.980000000000000000e+02 2.659473085301641504e+02 -1.588664487650281387e+01 4.297523092288036750e+00
6.990000000000000000e+02 2.669733633698328390e+02 -1.599586448304235553e+01 4.273796016166697243e+00
7.000000000000000000e+02 2.680096958995952150e+02 -1.610061529473455266e+01 4.249491579750954706e+00
7.010000000000000000e+02 2.690558247249456372e+02 -1.620086909320558632e+01 4.224622323904067223e+00
7.020000000000000000e+02 2.701112717913782717e+02 -1.629661179127660020e+01 4.199201620111810307e+00
7.030000000000000000e+02 2.711755530355808901e+02 -1.638782949143356404e+01 4.173243024657970146e+00
7.040000000000000000e+02 2.722481783634470958e+02 -1.647450848692663783e+01 4.146760279313911113e+00
7.050000000000000000e+02 2.733286516280878118e+02 -1.655663526286953058e+01 4.119767312028145945e+00
7.060000000000000000e+02 2.744164706078429958e+02 -1.663419649733884853e+01 4.092278237615905034e+00
7.070000000000000000e+02 2.755111269842930710e+02 -1.670717906247344686e+01 4.064307358448699503e+00
7.080000000000000000e+02 2.766121063202712094e+02 -1.677557002557379207e+01 4.035869165143893156e+00
7.090000000000000000e+02 2.777188880378743079e+02 -1.683935665020131012e+01 4.006978337254270883e+00
7.100000000000000000e+02 2.788309453964751015e+02 -1.689852639727774886e+01 3.977649743957605732e+00
7.110000000000000000e+02 2.799477454707338779e+02 -1.695306692618453681e+01 3.947898444746231306e+00
7.120000000000000000e+02 2.810687491286097384e+02 -1.700296609586211360e+01 3.917739690116600837e+00
7.130000000000000000e+02 2.821934110093728805e+02 -1.704821196590931365e+01 3.887188922258864032e+00
7.140000000000000000e+02 2.833211795016157453e+02 -1.708879279768271786e+01 3.856261775746434139e+00
7.150000000000000000e+02 2.844514967212650163e+02 -1.712469705539597697e+01 3.824974078225552354e+00
7.160000000000000000e+02 2.855837984895932209e+02 -1.715591340721921654e+01 3.793341851104858442e+00
7.170000000000000000e+02 2.867175143112303886e+02 -1.718243072637834601e+01 3.761381310244961806e+00
7.180000000000000000e+02 2.878520673521756521e+02 -1.720423809225443179e+01 3.729108866648003229e+00
7.190000000000000000e+02 2.889868744178094175e+02 -1.722132479148308803e+01 3.696541127147230821e+00
7.200000000000000000e+02 2.901213459309039990e+02 -1.723368031905375020e+01 3.663694895096559989e+00
7.210000000000000000e+02 2.912548859096366414e+02 -1.724129437940910492e+01 3.630587171060151164e+00
7.220000000000000000e+02 2.923868919455999844e+02 -1.724415688754442044e+01 3.597235153501970206e+00
7.230000000000000000e+02 2.935167551818146308e+02 -1.724225797010687700e+01 3.563656239475359921e+00
7.240000000000000000e+02 2.946438602907403492e+02 -1.723558796649496117e+01 3.529868025312608459e+00
7.250000000000000000e+02 2.957675854522880741e+02 -1.722413742995781050e+01 3.495888307314518606e+00
7.260000000000000000e+02 2.968873023318309379e+02 -1.720789712869453680e+01 3.461735082439971745e+00
7.270000000000000000e+02 2.980023760582170667e+02 -1.718685804695361696e+01 3.427426548995502920e+00
7.280000000000000000e+02 2.991121652017800443e+02 -1.716101138613225530e+01 3.392981107324862577e+00
7.290000000000000000e+02 3.002160217523515939e+02 -1.713034856587568555e+01 3.358417360498588966e+00
7.300000000000000000e+02 3.013132910972726108e+02 -1.709486122517658657e+01 3.323754115003573428e+00
7.310000000000000000e+02 3.024033119994051617e+02 -1.705454122347440205e+01 3.289010381432633690e+00
7.320000000000000000e+02 3.034854165751440291e+02 -1.700938064175469933e+01 3.254205375174076931e+00
7.330000000000000000e+02 3.045589302724285403e+02 -1.695937178364854603e+01 3.219358517101269967e+00
7.340000000000000000e+02 3.056231718487539979e+02 -1.690450717653182977e+01 3.184489434262207208e+00
7.350000000000000000e+02 3.066774533491837360e+02 -1.684477957262464898e+01 3.149617960569082609e+00
7.360000000000000000e+02 3.077210800843604943e+02 -1.678018195009063618e+01 3.114764137487850082e+00
7.370000000000000000e+02 3.087533506085180761e+02 -1.671070751413633459e+01 3.079948214727799449e+00
7.380000000000000000e+02 3.097735566974932908e+02 -1.663634969811054987e+01 3.045190650931120846e+00
7.390000000000000000e+02 3.107810482049067105e+02 -1.655711170409651700e+01 3.010510824062765156e+00
7.400000000000000000e+02 3.117754290793515679e+02 -1.647303532902813217e+01 2.975923133264756881e+00
7.410000000000000000e+02 3.127563651724753413e+02 -1.638417270969504713e+01 2.941440821429267327e+00
7.420000000000000000e+02 3.137235197035149099e+02 -1.629057683797242717e+01 2.907077258934876784e+00
7.430000000000000000e+02 3.146765532515440782e+02 -1.619230156401362564e+01 2.872845944053016076e+00
7.440000000000000000e+02 3.156151237477218956e+02 -1.608940159944279813e+01 2.838760503354385456e+00
7.450000000000000000e+02 3.165388864675415448e+02 -1.598193252054758595e+01 2.804834692115397932e+00
7.460000000000000000e+02 3.174474940230775246e+02 -1.586995077147175337e+01 2.771082394724609266e+00
7.470000000000000000e+02 3.183405963552345384e+02 -1.575351366740781955e+01 2.737517625089139539e+00
7.480000000000000000e+02 3.192178407259955861e+02 -1.563267939778974025e+01 2.704154527041120470e+00
7.490000000000000000e+02 3.200788717106697163e+02 -1.550750702948553794e+01 2.671007374744117868e+00
7.500000000000000000e+02 3.209233311901409138e+02 -1.537805650998995155e+01 2.638090573099562963e+00
7.510000000000000000e+02 3.217508583431157945e+02 -1.524438867061708969e+01 2.605418658153189515e+00
7.520000000000000000e+02 3.225610896383720387e+02 -1.510656522969308035e+01 2.573006297501461592e+00
7.530000000000000000e+02 3.233536588270063703e+02 -1.496464879574872953e+01 2.540868290698008902e+00
7.540000000000000000e+02 3.241281969346831033e+02 -1.481870287071215131e+01 2.509019569660055904e+00
7.550000000000000000e+02 3.248843322538818938e+02 -1.466879185310143008e+01 2.477475199074853141e+00
7.560000000000000000e+02 3.256216903361463437e+02 -1.451498104121727728e+01 2.446250376806112126e+00
7.570000000000000000e+02 3.263398939843320363e+02 -1.435733663633566337e+01 2.415360434300437564e+00
7.580000000000000000e+02 3.270385632448546858e+02 -1.419592574590048351e+01 2.384820836993753357e+00
7.590000000000000000e+02 3.277173153999382862e+02 -1.403081638671619125e+01 2.354647184717741482e+00
7.600000000000000000e+02 3.283757649598635453e+02 -1.386207748814046603e+01 2.324855212106269775e+00
7.610000000000000000e+02 3.290135236552159199e+02 -1.368977889527685043e+01 2.295460789001826818e+00
7.620000000000000000e+02 3.296302004291337084e+02 -1.351399137216741231e+01 2.266479920861951491e+00
7.630000000000000000e+02 3.302254014295565412e+02 -1.333478660498536961e+01 2.237928749165663422e+00
7.640000000000000000e+02 3.307987300014732455e+02 -1.315223720522777207e+01 2.209823551819900977e+00
7.650000000000000000e+02 3.313497866791704496e+02 -1.296641671290812248e+01 2.182180743565945491e+00
7.660000000000000000e+02 3.318781691784801637e+02 -1.277739959974905304e+01 2.155016876385858815e+00
7.670000000000000000e+02 3.323834723890287250e+02 -1.258526127237495018e+01 2.128348639908914208e+00
7.680000000000000000e+02 3.328652883664843785e+02 -1.239007807550461848e+01 2.102192861818025005e+00
7.690000000000000000e+02 3.333232063248059376e+02 -1.219192729514393214e+01 2.076566508256182608e+00
7.700000000000000000e+02 3.337568126284905929e+02 -1.199088716177848113e+01 2.051486684232879831e+00
7.710000000000000000e+02 3.341656907848220612e+02 -1.178703685356620134e+01 2.026970634030551111e+00
7.720000000000000000e+02 3.345494214361196441e+02 -1.158045649953006695e+01 2.003035741611000731e+00
7.730000000000000000e+02 3.349075823519852406e+02 -1.137122718275070454e+01 1.979699531021834380e+00
7.740000000000000000e+02 3.352397484215522923e+02 -1.115943094355905529e+01 1.956979666802892259e+00
7.750000000000000000e+02 3.355454916457336481e+02 -1.094515078272902109e+01 1.934893954392679083e+00
7.760000000000000000e+02 3.358243811294700549e+02 -1.072847066467011956e+01 1.913460340534799187e+00
7.770000000000000000e+02 3.360759830739781364e+02 -1.050947552062012846e+01 1.892696913684385196e+00
7.780000000000000000e+02 3.362999362534818033e+02 -1.028825046960289313e+01 1.872619499993058767e+00
7.790000000000000000e+02 3.364961800132901999e+02 -1.006487845882930188e+01 1.853234401002681775e+00
7.800000000000000000e+02 3.366647305319871180e+02 -9.839442585372420780e+00 1.834545520567529842e+00
7.810000000000000000e+02 3.368056057314897203e+02 -9.612026877426046667e+00 1.816556756867861111e+00
7.820000000000000000e+02 3.369188252842425300e+02 -9.382716297342501122e+00 1.799272002340275511e+00
7.830000000000000000e+02 3.370044106204115337e+02 -9.151596744670396077e+00 1.782695143608071353e+00
7.840000000000000000e+02 3.370623849350784553e+02 -8.918755059192392309e+00 1.766830061411603925e+00
7.850000000000000000e+02 3.370927731954346882e+02 -8.684279023962972133e+00 1.751680630538642980e+00
7.860000000000000000e+02 3.370956021479753417e+02 -8.448257368346206775e+00 1.737250719754728001e+00
7.870000000000000000e+02 3.370709003256932874e+02 -8.210779771053518417e+00 1.723544191733528796e+00
7.880000000000000000e+02 3.370186980552737737e+02 -7.971936863181459998e+00 1.710564902987201874e+00
7.890000000000000000e+02 3.369390274642875625e+02 -7.731820231249469266e+00 1.698316703796747706e+00
7.900000000000000000e+02 3.368319224883859420e+02 -7.490522420237650358e+00 1.686803438142368217e+00
7.910000000000000000e+02 3.366974188784942612e+02 -7.248136936624520743e+00 1.676028943633822932e+00
7.920000000000000000e+02 3.365355542080062605e+02 -7.004758251424804349e+00 1.665997051440792021e+00
7.930000000000000000e+02 3.363463678799782315e+02 -6.760481803227181175e+00 1.656711586223227783e+00
7.940000000000000000e+02 3.361299011343227221e+02 -6.515404001232055542e+00 1.648176366061713916e+00
7.950000000000000000e+02 3.358861970550028673e+02 -6.269622228289336796e+00 1.640395202387824547e+00
7.960000000000000000e+02 3.356153005772269466e+02 -6.023234843936192462e+00 1.633371899914480618e+00
7.970000000000000000e+02 3.353172584946414645e+02 -5.776341187434826274e+00 1.627110256566308477e+00
7.980000000000000000e+02 3.349921194665262192e+02 -5.529041580810233114e+00 1.621614063409996032e+00
7.990000000000000000e+02 3.346399340249875536e+02 -5.281437331887983255e+00 1.616887104584649348e+00
8.000000000000000000e+02 3.342607545821533108e+02 -5.033630737331975524e+00 1.612933157232154802e+00
8.010000000000000000e+02 3.338546354373662552e+02 -4.785725085682215330e+00 1.609755991427531896e+00
8.020000000000000000e+02 3.334216327843783461e+02 -4.537824660392573151e+00 1.607359370109292307e+00
8.030000000000000000e+02 3.329618047185450678e+02 -4.290034742868561679e+00 1.605747049009799143e+00
8.040000000000000000e+02 3.324752112440190785e+02 -4.042461615505090755e+00 1.604922776585621325e+00
8.050000000000000000e+02 3.319619142809447681e+02 -3.795212564724248949e+00 1.604890293947893731e+00
8.060000000000000000e+02 3.314219776726520195e+02 -3.548395884013062496e+00 1.605653334792674247e+00
8.070000000000000000e+02 3.308554671928505400e+02 -3.302120876961264884e+00 1.607215625331300135e+00
8.080000000000000000e+02 3.302624505528235090e+02 -3.056497860299065117e+00 1.609580884220747521e+00
8.090000000000000000e+02 3.296429974086223638e+02 -2.811638166934912864e+00 1.612752822493986216e+00
8.100000000000000000e+02 3.289971793682602197e+02 -2.567654148993270269e+00 1.616735143490341198e+00
8.110000000000000000e+02 3.283250699989065424e+02 -2.324659180852376661e+00 1.621531542785845659e+00
8.120000000000000000e+02 3.276267448340806254e+02 -2.082767662182016366e+00 1.627145708123601597e+00
8.130000000000000000e+02 3.269022813808461478e+02 -1.842095020981285858e+00 1.633581319344137306e+00
8.140000000000000000e+02 3.261517591270052776e+02 -1.602757716616363792e+00 1.640842048315763524e+00
8.150000000000000000e+02 3.253752595482923766e+02 -1.364873242858274383e+00 1.648931558864932034e+00
8.160000000000000000e+02 3.245728661155683881e+02 -1.128560130920659210e+00 1.657853506706592039e+00
8.170000000000000000e+02 3.237447041204769107e+02 -8.939277966716380197e-01 1.667609589194202879e+00
8.180000000000000000e+02 3.228910609178224718e+02 -6.610458773037533042e-01 1.678193656517022569e+00
8.190000000000000000e+02 3.220122678452438549e+02 -4.299743529711739232e-01 1.689597495177883379e+00
8.200000000000000000e+02 3.211086606136877322e+02 -2.007736541984525835e-01 1.701812768223228911e+00
8.210000000000000000e+02 3.201805793217528162e+02 2.649533690526924973e-02 1.714831014823295030e+00
8.220000000000000000e+02 3.192283684700333879e+02 2.517712854320582339e-01 1.728643649852302566e+00
8.230000000000000000e+02 3.182523769754636760e+02 4.749924024609865070e-01 1.743241963468638023e+00
8.240000000000000000e+02 3.172529581856609866e+02 6.960964438439284363e-01 1.758617120695043390e+00
8.250000000000000000e+02 3.162304698932699125e+02 9.150207089913592329e-01 1.774760160998800851e+00
8.260000000000000000e+02 3.151852743503062584e+02 1.131702039658147640e+00 1.791661997871916823e+00
8.270000000000000000e+02 3.141177382825006816e+02 1.346076818729358360e+00 1.809313418411313767e+00
8.280000000000000000e+02 3.130282329036425608e+02 1.558080969006044203e+00 1.827705082899009792e+00
8.290000000000000000e+02 3.119171339299239207e+02 1.767649951991046242e+00 1.846827524382309349e+00
8.300000000000000000e+02 3.107848215942829597e+02 1.974718766674788961e+00 1.866671148253988388e+00
8.310000000000000000e+02 3.096316806607486001e+02 2.179221948321078184e+00 1.887226231832479284e+00
8.320000000000000000e+02 3.084581004387832195e+02 2.381093567252896559e+00 1.908482923942058651e+00
8.330000000000000000e+02 3.072644747976278836e+02 2.580267227638204375e+00 1.930431244493031828e+00
8.340000000000000000e+02 3.060512021806445091e+02 2.776676066275729937e+00 1.953061084061919361e+00
8.350000000000000000e+02 3.048186856196612666e+02 2.970252751380772605e+00 1.976362203471645484e+00
8.360000000000000000e+02 3.035673327493154829e+02 3.160929481370996719e+00 2.000324233371721938e+00
8.370000000000000000e+02 3.022975558213977934e+02 3.348637983652230421e+00 2.024936673818433785e+00
8.380000000000000000e+02 3.010097717191957827e+02 3.533309513404257363e+00 2.050188893855027672e+00
8.390000000000000000e+02 2.997044019718381946e+02 3.714874852366624847e+00 2.076070131091895199e+00
8.400000000000000000e+02 2.983818727686381749e+02 3.893264307624424880e+00 2.102569491286763181e+00
8.410000000000000000e+02 2.970426149734376509e+02 4.068407710394107646e+00 2.129675947924875246e+00
8.420000000000000000e+02 2.956870641389510865e+02 4.240234414809264329e+00 2.157378341799180532e+00
8.430000000000000000e+02 2.943156605211088959e+02 4.408673296706433931e+00 2.185665380590521067e+00
8.440000000000000000e+02 2.929288490934017659e+02 4.573652752410896305e+00 2.214525638447813360e+00
8.450000000000000000e+02 2.915270795612241841e+02 4.735100697522470981e+00 2.243947555568241103e+00
8.460000000000000000e+02 2.901108063762184770e+02 4.892944565701305315e+00 2.273919437777433661e+00
8.470000000000000000e+02 2.886804887506185082e+02 5.047111307453685747e+00 2.304429456109660546e+00
8.480000000000000000e+02 2.872365906715936035e+02 5.197527388917829505e+00 2.335465646388010796e+00
8.490000000000000000e+02 2.857795809155921347e+02 5.344118790649669215e+00 2.367015908804581237e+00
8.500000000000000000e+02 2.843099330626856727e+02 5.486811006408671254e+00 2.399068007500665178e+00
8.510000000000000000e+02 2.828281255109128551e+02 5.625529041943615027e+00 2.431609570146934907e+00
8.520000000000000000e+02 2.813346414906228006e+02 5.760197413778398889e+00 2.464628087523630828e+00
8.530000000000000000e+02 2.798299690788192038e+02 5.890740147997833631e+00 2.498110913100744845e+00
8.540000000000000000e+02 2.783146012135044884e+02 6.017080779033444848e+00 2.532045262618209502e+00
8.550000000000000000e+02 2.767890357080229933e+02 6.139142348449259323e+00 2.566418213666080916e+00
8.560000000000000000e+02 2.752537599495968834e+02 6.256860142989061124e+00 2.601216465231673602e+00
8.570000000000000000e+02 2.737092046799676837e+02 6.370220149263555953e+00 2.636425612693975573e+00
8.580000000000000000e+02 2.721557894550540482e+02 6.479221252394396835e+00 2.672030859633791611e+00
8.590000000000000000e+02 2.705939379011539927e+02 6.583862557047451602e+00 2.708017256288024921e+00
8.600000000000000000e+02 2.690240777267839576e+02 6.684143388302490330e+00 2.744369699090604797e+00
8.610000000000000000e+02 2.674466407345170751e+02 6.780063292522835461e+00 2.781072930213406735e+00
8.620000000000000000e+02 2.658620628328216071e+02 6.871622038225043916e+00 2.818111537107174769e+00
8.630000000000000000e+02 2.642707840478995536e+02 6.958819616948568765e+00 2.855469952042440251e+00
8.640000000000000000e+02 2.626732485355249196e+02 7.041656244125428898e+00 2.893132451650449521e+00
8.650000000000000000e+02 2.610699045928827786e+02 7.120132359949877809e+00 2.931083156464082684e+00
8.660000000000000000e+02 2.594612046704071417e+02 7.194248630248069709e+00 2.969306030458772394e+00
8.670000000000000000e+02 2.578476053836194524e+02 7.264005947347731862e+00 3.007784880593431520e+00
8.680000000000000000e+02 2.562295675249679334e+02 7.329405430947833366e+00 3.046503356351371483e+00
8.690000000000000000e+02 2.546075560756647462e+02 7.390448428988244167e+00 3.085444949281225036e+00
8.700000000000000000e+02 2.529820402175257357e+02 7.447136518519414494e+00 3.124592992537867264e+00
8.710000000000000000e+02 2.513534933448081858e+02 7.499471506572036539e+00 3.163930660423340147e+00
8.720000000000000000e+02 2.497223930760494568e+02 7.547455431026719452e+00 3.203440967927771332e+00
8.730000000000000000e+02 2.480892212659057350e+02 7.591090561483648358e+00 3.243106770270296924e+00
8.740000000000000000e+02 2.464544640169901015e+02 7.630379400132257572e+00 3.282910762439984254e+00
8.750000000000000000e+02 2.448186116917113679e+02 7.665324682620902053e+00 3.322835478736753334e+00
8.760000000000000000e+02 2.431821589241125423e+02 7.695929378926520847e+00 3.362863292312298302e+00
8.770000000000000000e+02 2.415456046317090113e+02 7.722196694224305880e+00 3.402976414711008868e+00
8.780000000000000000e+02 2.399094520273275748e+02 7.744130069757374280e+00 3.443156895410895757e+00
8.790000000000000000e+02 2.382742086309441731e+02 7.761733183706431838e+00 3.483386621364505942e+00
8.800000000000000000e+02 2.366403862815232912e+02 7.775009952059442675e+00 3.523647316539849861e+00
8.810000000000000000e+02 2.350085011488557996e+02 7.783964529481301575e+00 3.563920541461323310e+00
8.820000000000000000e+02 2.333790737453975623e+02 7.788601310183493887e+00 3.604187692750627114e+00
8.830000000000000000e+02 2.317526289381081028e+02 7.788924928793774960e+00 3.644430002667687685e+00
8.840000000000000000e+02 2.301296959602889274e+02 7.784940261225826497e+00 3.684628538651583352e+00
8.850000000000000000e+02 2.285108084234223611e+02 7.776652425548935099e+00 3.724764202861463147e+00
8.860000000000000000e+02 2.268965043290093320e+02 7.764066782857654836e+00 3.764817731717467364e+00
8.870000000000000000e+02 2.252873260804086613e+02 7.747188938141476022e+00 3.804769695441655664e+00
8.880000000000000000e+02 2.236838204946750466e+02 7.726024741154495779e+00 3.844600497598920086e+00
8.890000000000000000e+02 2.220865388143977555e+02 7.700580287285086811e+00 3.884290374637914933e+00
8.900000000000000000e+02 2.204960367195391484e+02 7.670861918425561754e+00 3.923819395431972445e+00
8.910000000000000000e+02 2.189128743392728609e+02 7.636876223841842837e+00 3.963167460820031351e+00
8.920000000000000000e+02 2.173376162638228664e+02 7.598630041043132444e+00 4.002314303147550767e+00
8.930000000000000000e+02 2.157708315563013173e+02 7.556130456651576566e+00 4.041239485807438747e+00
8.940000000000000000e+02 2.142130937645476649e+02 7.509384807271950457e+00 4.079922402780971069e+00
8.950000000000000000e+02 2.126649261651222673e+02 7.458408170234672063e+00 4.118343861748300583e+00
8.960000000000000000e+02 2.111266364925225218e+02 7.403245967982822862e+00 4.156490862647764573e+00
8.970000000000000000e+02 2.095984795374584735e+02 7.343951734146071608e+00 4.194351896156525150e+00
8.980000000000000000e+02 2.080807116739777030e+02 7.280579659076014565e+00 4.231915366964421388e+00
8.990000000000000000e+02 2.065735908631080520e+02 7.213184591836645509e+00 4.269169593551864317e+00
9.000000000000000000e+02 2.050773766565008884e+02 7.141822042194800879e+00 4.306102807967724821e+00
9.010000000000000000e+02 2.035923302000737749e+02 7.066548182610623563e+00 4.342703155607216203e+00
9.020000000000000000e+02 2.021187142376536769e+02 6.987419850228028473e+00 4.378958694989791844e+00
9.030000000000000000e+02 2.006567931146199157e+02 6.904494548865151238e+00 4.414857397537022443e+00
9.040000000000000000e+02 1.992068327815471207e+02 6.817830451004818215e+00 4.450387147350498118e+00
9.050000000000000000e+02 1.977691007978481537e+02 6.727486399784997850e+00 4.485535740989706532e+00
9.060000000000000000e+02 1.963438663354172320e+02 6.633521910989268022e+00 4.520290887249926115e+00
9.070000000000000000e+02 1.949314001822728812e+02 6.535997175037269180e+00 4.554640206940113067e+00
9.080000000000000000e+02 1.935319747462006319e+02 6.434973058975157478e+00 4.588571232660790145e+00
9.090000000000000000e+02 1.921458640583967394e+02 6.330511108466088999e+00 4.622071408581940766e+00
9.100000000000000000e+02 1.907733437771101990e+02 6.222673549780647129e+00 4.655128090220880921e+00
9.110000000000000000e+02 1.894146911912864368e+02 6.111523291787323231e+00 4.687728544220171933e+00
9.120000000000000000e+02 1.880701852242102348e+02 5.997123927942971555e+00 4.719859948125487925e+00
9.130000000000000000e+02 1.867401064371481709e+02 5.879539738283264150e+00 4.751509390163516144e+00
9.140000000000000000e+02 1.854247370329924252e+02 5.758835691413156432e+00 4.782663869019845748e+00
9.150000000000000000e+02 1.841243608599030779e+02 5.635077446497341214e+00 4.813310293616844149e+00
9.160000000000000000e+02 1.828392634149514322e+02 5.508331355250709827e+00 4.843435482891564448e+00
9.170000000000000000e+02 1.815697318477629096e+02 5.378664463928816808e+00 4.873026165573618229e+00
9.180000000000000000e+02 1.803160549641600028e+02 5.246144515318327706e+00 4.902068979963067008e+00
9.190000000000000000e+02 1.790785232298053984e+02 5.110839950727491754e+00 4.930550473708324333e+00
9.200000000000000000e+02 1.778574287738449300e+02 4.972819911976593232e+00 4.958457103584024139e+00
9.210000000000000000e+02 1.766530653925503884e+02 4.832154243388411707e+00 4.985775235268923744e+00
9.220000000000000000e+02 1.754657285529625028e+02 4.688913493778678721e+00 5.012491143123782855e+00
9.230000000000000000e+02 1.742957153965344332e+02 4.543168918446551352e+00 5.038591009969267454e+00
9.240000000000000000e+02 1.731433247427739843e+02 4.394992481165051146e+00 5.064060926863815482e+00
9.250000000000000000e+02 1.720088570928872400e+02 4.244456856171539449e+00 5.088886892881546054e+00
9.260000000000000000e+02 1.708926146334212319e+02 4.091635430158167885e+00 5.113054814890137578e+00
9.270000000000000000e+02 1.697949012399069488e+02 3.936602304262343033e+00 5.136550507328719206e+00
9.280000000000000000e+02 1.687160224805023176e+02 3.779432296057182672e+00 5.159359691985759611e+00
9.290000000000000000e+02 1.676562856196353266e+02 3.620200941541976469e+00 5.181467997776950440e+00
9.300000000000000000e+02 1.666159996216468926e+02 3.458984497132645330e+00 5.202860960523109313e+00
9.310000000000000000e+02 1.655954751544338990e+02 3.295859941652202085e+00 5.223524022728048166e+00
9.320000000000000000e+02 1.645950245930920630e+02 3.130904978321205956e+00 5.243442533356476254e+00
9.330000000000000000e+02 1.636149620235590589e+02 2.964198036748229015e+00 5.262601747611888037e+00
9.340000000000000000e+02 1.626555455407669513e+02 2.795816528061223938e+00 5.280989165504523797e+00
9.350000000000000000e+02 1.617168031472825476e+02 2.625831576395946332e+00 5.298601588064436818e+00
9.360000000000000000e+02 1.607987041399249506e+02 2.454313208987289663e+00 5.315438171007382806e+00
9.370000000000000000e+02 1.599012165642330956e+02 2.281332097309592744e+00 5.331498096044148483e+00
9.380000000000000000e+02 1.590243072101796997e+02 2.106959558827072865e+00 5.346780570979837499e+00
9.390000000000000000e+02 1.581679416078846430e+02 1.931267558744235391e+00 5.361284829813119934e+00
9.400000000000000000e+02 1.573320840233288038e+02 1.754328711756301562e+00 5.375010132835509324e+00
9.410000000000000000e+02 1.565166974540672129e+02 1.576216283799627416e+00 5.387955766730617491e+00
9.420000000000000000e+02 1.557217436249430875e+02 1.397004193802124039e+00 5.400121044673425352e+00
9.430000000000000000e+02 1.549471829838013548e+02 1.216767015433681820e+00 5.411505306429550188e+00
9.440000000000000000e+02 1.541929746972018336e+02 1.035579978856586925e+00 5.422107918454498687e+00
9.450000000000000000e+02 1.534590766461333828e+02 8.535189724759456587e-01 5.431928273992947531e+00
9.460000000000000000e+02 1.527454454217271689e+02 6.706605446901063861e-01 5.440965793177998222e+00
9.470000000000000000e+02 1.520520363209704442e+02 4.870819056410749526e-01 5.449219923130447008e+00
9.480000000000000000e+02 1.513788033424199284e+02 3.028609289649443204e-01 5.456690138058043260e+00
9.490000000000000000e+02 1.507256991819154734e+02 1.180761535423079933e-01 5.463375939354762956e+00
9.500000000000000000e+02 1.500926752282939276e+02 -6.719321475131538601e-02 5.469276855700072382e+00
9.510000000000000000e+02 1.494796815591022039e+02 -2.528673012950604093e-01 5.474392443158184740e+00
9.520000000000000000e+02 1.488866669363113999e+02 -4.388655609722954543e-01 5.478722285277333626e+00
9.530000000000000000e+02 1.483135788020301220e+02 -6.251067764202015153e-01 5.482265993189039399e+00
9.540000000000000000e+02 1.477603632742179229e+02 -8.115090562793498830e-01 5.485023205707362237e+00
9.550000000000000000e+02 1.472269651423993935e+02 -9.979898334432824036e-01 5.486993589428181828e+00
9.560000000000000000e+02 1.467133278633772591e+02 -1.184465863308089117e+00 5.488176838828452198e+00
9.570000000000000000e+02 1.462193935569463292e+02 -1.370853222021988449e+00 5.488572676365473413e+00
9.580000000000000000e+02 1.457451030016065943e+02 -1.557067304734904623e+00 5.488180852576149071e+00
9.590000000000000000e+02 1.452903956302776578e+02 -1.743022823848048297e+00 5.487001146176260669e+00
9.600000000000000000e+02 1.448552095260114640e+02 -1.928633807263496092e+00 5.485033364159724201e+00
9.610000000000000000e+02 1.444394814177062756e+02 -2.113813596633765002e+00 5.482277341897859202e+00
9.620000000000000000e+02 1.440431466758205090e+02 -2.298474845611397477e+00 5.478732943238654229e+00
9.630000000000000000e+02 1.436661393080857749e+02 -2.482529518098534282e+00 5.474400060606030571e+00
9.640000000000000000e+02 1.433083919552209693e+02 -2.665888886496498245e+00 5.469278615099107732e+00
9.650000000000000000e+02 1.429698358866455408e+02 -2.848463529955372664e+00 5.463368556591464476e+00
9.660000000000000000e+02 1.426504009961932979e+02 -3.030163332623577066e+00 5.456669863830414968e+00
9.670000000000000000e+02 1.423500157978258756e+02 -3.210897481897447392e+00 5.449182544536260053e+00
9.680000000000000000e+02 1.420686074213463712e+02 -3.390574466670817078e+00 5.440906635501563393e+00
9.690000000000000000e+02 1.418061016081129253e+02 -3.569102075584595024e+00 5.431842202690407184e+00
9.700000000000000000e+02 1.415624227067524146e+02 -3.746387395276340015e+00 5.421989341337662971e+00
9.710000000000000000e+02 1.413374936688737762e+02 -3.922336808629850680e+00 5.411348176048257130e+00
9.720000000000000000e+02 1.411312360447819287e+02 -4.096855993024728804e+00 5.399918860896433692e+00
9.730000000000000000e+02 1.409435425162664046e+02 -4.269858903440590936e+00 5.387703170599209557e+00
9.740000000000000000e+02 1.407741940519404693e+02 -4.441294873017320732e+00 5.374709300001815571e+00
9.750000000000000000e+02 1.406229414998643108e+02 -4.611121915809733629e+00 5.360947136831358151e+00
9.760000000000000000e+02 1.404895329299799585e+02 -4.779297778200037428e+00 5.346426677454179099e+00
9.770000000000000000e+02 1.403737136263476089e+02 -4.945779938285101984e+00 5.331158027176604364e+00
9.780000000000000000e+02 1.402752260793814401e+02 -5.110525605263706694e+00 5.315151400545654603e+00
9.790000000000000000e+02 1.401938099780862217e+02 -5.273491718823811070e+00 5.298417121649786843e+00
9.800000000000000000e+02 1.401292022022932713e+02 -5.434634948529807552e+00 5.280965624419619253e+00
9.810000000000000000e+02 1.400811368148964107e+02 -5.593911693209786762e+00 5.262807452928661256e+00
9.820000000000000000e+02 1.400493450540887466e+02 -5.751278080342793864e+00 5.243953261694050738e+00
9.830000000000000000e+02 1.400335553255982290e+02 -5.906689965446091151e+00 5.224413815977275277e+00
9.840000000000000000e+02 1.400334931949242900e+02 -6.060102931462416187e+00 5.204199992084907578e+00
9.850000000000000000e+02 1.400488813795736860e+02 -6.211472288147240839e+00 5.183322777669333803e+00
9.860000000000000000e+02 1.400794397412969374e+02 -6.360753071456030305e+00 5.161793272029481017e+00
9.870000000000000000e+02 1.401248852783243137e+02 -6.507900042931511919e+00 5.139622686411557950e+00
9.880000000000000000e+02 1.401849321176021874e+02 -6.652867689090923520e+00 5.116822344309768233e+00
9.890000000000000000e+02 1.402592915070290758e+02 -6.795610220813275149e+00 5.093403681767054714e+00
9.900000000000000000e+02 1.403476718076919099e+02 -6.936081572726616962e+00 5.069378247675824234e+00
9.910000000000000000e+02 1.404497784861022183e+02 -7.074235402595296485e+00 5.044757704078678628e+00
9.920000000000000000e+02 1.405653141064320835e+02 -7.210025090707206985e+00 5.019553826469142166e+00
9.930000000000000000e+02 1.406939783227508656e+02 -7.343403739261066043e+00 4.993778504092396986e+00
9.940000000000000000e+02 1.408354678712606471e+02 -7.474324171753660373e+00 4.967443740246008765e+00
9.950000000000000000e+02 1.409894765625330422e+02 -7.602738932367111957e+00 4.940561652580655938e+00
9.960000000000000000e+02 1.411556952737450672e+02 -7.728600285356140631e+00 4.913144473400867795e+00
9.970000000000000000e+02 1.413338119409154103e+02 -7.851860214435316898e+00 4.885204549965740384e+00
9.980000000000000000e+02 1.415235115511406150e+02 -7.972470422166328063e+00 4.856754344789687039e+00
9.990000000000000000e+02 1.417244761348310647e+02 -8.090382329345231938e+00 4.827806435943144514e+00
1.000000000000000000e+03 1.419363847579475930e+02 -8.205547074389729190e+00 4.798373517353327067e+00
1.001000000000000000e+03 1.421589135142372413e+02 -8.317915512726406391e+00 4.768468399104931699e+00
1.002000000000000000e+03 1.423917355174696127e+02 -8.427438216178005703e+00 4.738104007740896684e+00
1.003000000000000000e+03 1.426345208936731979e+02 -8.534065472350684800e+00 4.707293386563101478e+00
1.004000000000000000e+03 1.428869367733712181e+02 -8.637747284021276784e+00 4.676049695933123473e+00
1.005000000000000000e+03 1.431486472838180646e+02 -8.738433368524548328e+00 4.644386213572951227e+00
1.006000000000000000e+03 1.434193135412355105e+02 -8.836073157140456047e+00 4.612316334865719902e+00
1.007000000000000000e+03 1.436985936430486674e+02 -8.930615794481411740e+00 4.579853573156444035e+00
1.008000000000000000e+03 1.439861426601223684e+02 -9.022010137879545866e+00 4.547011560052742318e+00
1.009000000000000000e+03 1.442816126289971521e+02 -9.110204756773955026e+00 4.513804045725572145e+00
1.010000000000000000e+03 1.445846525441256745e+02 -9.195147932097968990e+00 4.480244899209956166e+00
1.011000000000000000e+03 1.448949083501088637e+02 -9.276787655666423049e+00 4.446348108705718616e+00
1.012000000000000000e+03 1.452120364863026509e+02 -9.355081709071082940e+00 4.412127685497037710e+00
1.013000000000000000e+03 1.455357447504335369e+02 -9.430028060952299285e+00 4.377597373585850882e+00
1.014000000000000000e+03 1.458657520094030815e+02 -9.501634907272309860e+00 4.342770936464355636e+00
1.015000000000000000e+03 1.462017746942267422e+02 -9.569910632155133712e+00 4.307662253405229791e+00
1.016000000000000000e+03 1.465435267938565573e+02 -9.634863808453676626e+00 4.272285319751082611e+00
1.017000000000000000e+03 1.468907198490038866e+02 -9.696503198316875682e+00 4.236654247203909485e+00
1.018000000000000000e+03 1.472430629459617535e+02 -9.754837753756799401e+00 4.200783264114529736e+00
1.019000000000000000e+03 1.476002627104273017e+02 -9.809876617215774530e+00 4.164686715772043080e+00
1.020000000000000000e+03 1.479620233013246775e+02 -9.861629122133509284e+00 4.128379064693271872e+00
1.021000000000000000e+03 1.483280464046273437e+02 -9.910104793514211252e+00 4.091874890912213125e+00
1.022000000000000000e+03 1.486980312271807918e+02 -9.955313348493707082e+00 4.055188892269485201e+00
1.023000000000000000e+03 1.490716744905248845e+02 -9.997264696906558612e+00 4.018335884701778049e+00
1.024000000000000000e+03 1.494486704247166813e+02 -1.003596894185320032e+01 3.981330802531297675e+00
1.025000000000000000e+03 1.498287107621528378e+02 -1.007143638026703236e+01 3.944188698755216826e+00
1.026000000000000000e+03 1.502114847313921473e+02 -1.010367750348157223e+01 3.906924745335124793e+00
1.027000000000000000e+03 1.505966790509782811e+02 -1.013270299779754247e+01 3.869554233486471428e+00
1.028000000000000000e+03 1.509839779232620742e+02 -1.015852374505001876e+01 3.832092573968018723e+00
1.029000000000000000e+03 1.513730630282242373e+02 -1.018115082317553366e+01 3.794555297371287050e+00
1.030000000000000000e+03 1.517636135172979550e+02 -1.020059550677920157e+01 3.756958054410003189e+00
1.031000000000000000e+03 1.521553060071914558e+02 -1.021686926770185089e+01 3.719316616209554116e+00
1.032000000000000000e+03 1.525478145737103830e+02 -1.022998377558711347e+01 3.681646874596425256e+00
1.033000000000000000e+03 1.529408107455805350e+02 -1.023995089844857986e+01 3.643964842387657832e+00
1.034000000000000000e+03 1.533339634982703785e+02 -1.024678270323689944e+01 3.606286653680290222e+00
1.035000000000000000e+03 1.537269392478135899e+02 -1.025049145640690362e+01 3.568628564140811754e+00
1.036000000000000000e+03 1.541194018446315681e+02 -1.025108962448473093e+01 3.531006951294606289e+00
1.037000000000000000e+03 1.545110125673562322e+02 -1.024858987463494664e+01 3.493438314815406898e+00
1.038000000000000000e+03 1.549014301166521363e+02 -1.024300507522765535e+01 3.455939276814733230e+00
1.039000000000000000e+03 1.552903106090394374e+02 -1.023434829640562960e+01 3.418526582131350633e+00
1.040000000000000000e+03 1.556773075707163798e+02 -1.022263281065142948e+01 3.381217098620712402e+00
1.041000000000000000e+03 1.560620719313815528e+02 -1.020787209335452239e+01 3.344027817444410910e+00
1.042000000000000000e+03 1.564442520180568863e+02 -1.019007982337839913e+01 3.306975853359625184e+00
1.043000000000000000e+03 1.568234935489098234e+02 -1.016926988362769002e+01 3.270078445008562262e+00
1.044000000000000000e+03 1.571994396270762877e+02 -1.014545636161530773e+01 3.233352955207918544e+00
1.045000000000000000e+03 1.575717307344828271e+02 -1.011865355002954558e+01 3.196816871238319369e+00
1.046000000000000000e+03 1.579400047256692687e+02 -1.008887594730119552e+01 3.160487805133766148e+00
1.047000000000000000e+03 1.583038968216116587e+02 -1.005613825817069440e+01 3.124383493971089720e+00
1.048000000000000000e+03 1.586630396035443198e+02 -1.002045539425521348e+01 3.088521800159395259e+00
1.049000000000000000e+03 1.590170630067826210e+02 -9.981842474615801208e+00 3.052920711729511183e+00
1.050000000000000000e+03 1.593655943145456320e+02 -9.940314826324492259e+00 3.017598342623437624e+00
1.051000000000000000e+03 1.597082978630183163e+02 -9.895893074449993776e+00 2.982571327343814360e+00
1.052000000000000000e+03 1.600449947734421698e+02 -9.848618488359802470e+00 2.947849979879818783e+00
1.053000000000000000e+03 1.603755448721157961e+02 -9.798537849868829142e+00 2.913443068061803309e+00
1.054000000000000000e+03 1.606998071282095282e+02 -9.745698384282555082e+00 2.879359413214263697e+00
1.055000000000000000e+03 1.610176396518976105e+02 -9.690147761516509917e+00 2.845607890271031781e+00
1.056000000000000000e+03 1.613288996924910066e+02 -9.631934097215751223e+00 2.812197427890448242e+00
1.057000000000000000e+03 1.616334436365696945e+02 -9.571105953874370798e+00 2.779137008570550016e+00
1.058000000000000000e+03 1.619311270061155881e+02 -9.507712341954992041e+00 2.746435668764254157e+00
1.059000000000000000e+03 1.622218044566446054e+02 -9.441802721008231813e+00 2.714102498994536816e+00
1.060000000000000000e+03 1.625053297753396180e+02 -9.373427000792224462e+00 2.682146643969621991e+00
1.061000000000000000e+03 1.627815558791827470e+02 -9.302635542392092560e+00 2.650577302698156501e+00
1.062000000000000000e+03 1.630503348130881420e+02 -9.229479159339453176e+00 2.619403728604402293e+00
1.063000000000000000e+03 1.633115177480342766e+02 -9.154009118731895711e+00 2.588635229643410973e+00
1.064000000000000000e+03 1.635649549791966990e+02 -9.076277142352481064e+00 2.558281168416211671e+00
1.065000000000000000e+03 1.638104959240804703e+02 -8.996335407789230132e+00 2.528350962284990899e+00
1.066000000000000000e+03 1.640479891206527441e+02 -8.914236549554619415e+00 2.498854083488279088e+00
1.067000000000000000e+03 1.642772822254753464e+02 -8.830033660205067747e+00 2.469800059256130442e+00
1.068000000000000000e+03 1.644982220118372425e+02 -8.743780291460428344e+00 2.441198471925305480e+00
1.069000000000000000e+03 1.647106543678871731e+02 -8.655530455323482641e+00 2.413058959054456665e+00
1.070000000000000000e+03 1.649144242947661780e+02 -8.565338625199432343e+00 2.385391213539310051e+00
1.071000000000000000e+03 1.651093759047400908e+02 -8.473259737015384374e+00 2.358204983727845594e+00
1.072000000000000000e+03 1.652953524193321186e+02 -8.379349190339853592e+00 2.331510073535485450e+00
1.073000000000000000e+03 1.654721961674555928e+02 -8.283662849502244185e+00 2.305316342560272513e+00
1.074000000000000000e+03 1.656397485835459520e+02 -8.186257044712339948e+00 2.279633706198052945e+00
1.075000000000000000e+03 1.657978502056940897e+02 -8.087188573179808770e+00 2.254472135757662699e+00
1.076000000000000000e+03 1.659463406737781668e+02 -7.986514700233680486e+00 2.229841658576108276e+00
1.077000000000000000e+03 1.660850587275966745e+02 -7.884293160441845139e+00 2.205752358133748814e+00
1.078000000000000000e+03 1.662138422050005886e+02 -7.780582158730542375e+00 2.182214374169480831e+00
1.079000000000000000e+03 1.663325280400262045e+02 -7.675440371503853498e+00 2.159237902795918984e+00
1.080000000000000000e+03 1.664409522610277463e+02 -7.568926947763194413e+00 2.136833196614581709e+00
1.081000000000000000e+03 1.665389499888095202e+02 -7.461101510226803235e+00 2.115010564831071971e+00
1.082000000000000000e+03 1.666263554347588070e+02 -7.352024156449230574e+00 2.093780373370259351e+00
1.083000000000000000e+03 1.667030018989782718e+02 -7.241755459940844020e+00 2.073153044991466132e+00
1.084000000000000000e+03 1.667687217684186578e+02 -7.130356471287298881e+00 2.053139059403648048e+00
1.085000000000000000e+03 1.668233465150111101e+02 -7.017888719269051556e+00 2.033748953380577262e+00
1.086000000000000000e+03 1.668667066937998982e+02 -6.904414211980829386e+00 2.014993320876024896e+00
1.087000000000000000e+03 1.668986319410748536e+02 -6.789995437951140467e+00 1.996882813138946444e+00
1.088000000000000000e+03 1.669189509725040352e+02 -6.674695367261755052e+00 1.979428138828660533e+00
1.089000000000000000e+03 1.669274915812661391e+02 -6.558577452667195828e+00 1.962640064130034556e+00
1.090000000000000000e+03 1.669241193422828644e+02 -6.441703392803991512e+00 1.946527402182827382e+00
1.091000000000000000e+03 1.669088542968129900e+02 -6.324126386729346017e+00 1.931090951624688135e+00
1.092000000000000000e+03 1.668817558283290907e+02 -6.205897791182174217e+00 1.916329477021922800e+00
1.093000000000000000e+03 1.668428841003014043e+02 -6.087069351185768973e+00 1.902241712099094206e+00
1.094000000000000000e+03 1.667923000582364068e+02 -5.967693200941486253e+00 1.888826359651315068e+00
1.095000000000000000e+03 1.667300654317150759e+02 -5.847821864722400953e+00 1.876082091456532375e+00
1.096000000000000000e+03 1.666562427364312100e+02 -5.727508257766981359e+00 1.864007548187814001e+00
1.097000000000000000e+03 1.665708952762298054e+02 -5.606805687172745856e+00 1.852601339325634644e+00
1.098000000000000000e+03 1.664740871451452620e+02 -5.485767852789933841e+00 1.841862043070163324e+00
1.099000000000000000e+03 1.663658832294401009e+02 -5.364448848115174862e+00 1.831788206253550655e+00
1.100000000000000000e+03 1.662463492096429150e+02 -5.242903161185149763e+00 1.822378344252212790e+00
1.101000000000000000e+03 1.661155515625867451e+02 -5.121185675470255383e+00 1.813630940899120692e+00
1.102000000000000000e+03 1.659735575634476561e+02 -4.999351670768280798e+00 1.805544448396084301e+00
1.103000000000000000e+03 1.658204352877829990e+02 -4.877456824098056920e+00 1.798117287226041583e+00
1.104000000000000000e+03 1.656562536135696462e+02 -4.755557210593141626e+00 1.791347846065343141e+00
1.105000000000000000e+03 1.654810822232423675e+02 -4.633709304395471129e+00 1.785234481696039266e+00
1.106000000000000000e+03 1.652949916057323207e+02 -4.511969979549030896e+00 1.779775518918167210e+00
1.107000000000000000e+03 1.650980530585050872e+02 -4.390396510893523896e+00 1.774969250462036463e+00
1.108000000000000000e+03 1.648903386895994174e+02 -4.269046574958036189e+00 1.770813936900517360e+00
1.109000000000000000e+03 1.646719214196652388e+02 -4.147978250854698956e+00 1.767307806561324135e+00
1.110000000000000000e+03 1.644428749840022022e+02 -4.027250021172359418e+00 1.764449055439305525e+00
1.111000000000000000e+03 1.642032739345978314e+02 -3.906920772870244196e+00 1.762235847108728493e+00
1.112000000000000000e+03 1.639531936421661271e+02 -3.787049798171624460e+00 1.760666312635566166e+00
1.113000000000000000e+03 1.636927102981856592e+02 -3.667696795457489500e+00 1.759738550489782893e+00
1.114000000000000000e+03 1.634219009169380854e+02 -3.548921870160202108e+00 1.759450626457622846e+00
1.115000000000000000e+03 1.631408433375463289e+02 -3.430785535657169483e+00 1.759800573553894854e+00
1.116000000000000000e+03 1.628496162260132110e+02 -3.313348714164512820e+00 1.760786391934261008e+00
1.117000000000000000e+03 1.625482990772593439e+02 -3.196672737630728456e+00 1.762406048807519277e+00
1.118000000000000000e+03 1.622369722171619344e+02 -3.080819348630356114e+00 1.764657478347894548e+00
1.119000000000000000e+03 1.619157168045929041e+02 -2.965850701257644495e+00 1.767538581607323911e+00
1.120000000000000000e+03 1.615846148334570955e+02 -2.851829362020217307e+00 1.771047226427739707e+00
1.121000000000000000e+03 1.612437491347309901e+02 -2.738818310732739736e+00 1.775181247353361025e+00
1.122000000000000000e+03 1.608932033785006581e+02 -2.626880941410585368e+00 1.779938445542978087e+00
1.123000000000000000e+03 1.605330620760004479e+02 -2.516081063163499998e+00 1.785316588682238637e+00
1.124000000000000000e+03 1.601634105816509361e+02 -2.406482901089268545e+00 1.791313410895932323e+00
1.125000000000000000e+03 1.597843350950977310e+02 -2.298151097167384638e+00 1.797926612660284418e+00
1.126000000000000000e+03 1.593959226632494506e+02 -2.191150711152711761e+00 1.805153860715233094e+00
1.127000000000000000e+03 1.589982611823161847e+02 -2.085547221469150614e+00 1.812992787976722031e+00
1.128000000000000000e+03 1.585914393998479568e+02 -1.981406526103308030e+00 1.821440993448986578e+00
1.129000000000000000e+03 1.581755625514697954e+02 -1.878787722445045105e+00 1.830494878831885108e+00
1.130000000000000000e+03 1.577507994885836524e+02 -1.777721342686239048e+00 1.840146142032171417e+00
1.131000000000000000e+03 1.573173361647289710e+02 -1.678230838480909703e+00 1.850385238090606288e+00
1.132000000000000000e+03 1.568753600597141542e+02 -1.580339776662851969e+00 1.861202538173703402e+00
1.133000000000000000e+03 1.564250601831255949e+02 -1.484071839460086029e+00 1.872588329376597915e+00
1.134000000000000000e+03 1.559666270778367618e+02 -1.389450824709304033e+00 1.884532814525909483e+00
1.135000000000000000e+03 1.555002528235168029e+02 -1.296500646070315677e+00 1.897026111982605956e+00
1.136000000000000000e+03 1.550261310401398305e+02 -1.205245333240498873e+00 1.910058255444871733e+00
1.137000000000000000e+03 1.545444568914937804e+02 -1.115709032169246218e+00 1.923619193750971013e+00
1.138000000000000000e+03 1.540554270886892994e+02 -1.027916005272414113e+00 1.937698790682111261e+00
1.139000000000000000e+03 1.535592398936687744e+02 -9.418906316467668960e-01 1.952286824765313122e+00
1.140000000000000000e+03 1.530560951227152771e+02 -8.576574072844299623e-01 1.967372989076269452e+00
1.141000000000000000e+03 1.525461941499614795e+02 -7.752409452873333384e-01 1.982946891042215221e+00
1.142000000000000000e+03 1.520297399108985701e+02 -6.946659760816603635e-01 1.998998052244790768e+00
1.143000000000000000e+03 1.515069369058854534e+02 -6.159573476322974805e-01 2.015515908222907271e+00
1.144000000000000000e+03 1.509779912036573819e+02 -5.391400256572792538e-01 2.032489808275609988e+00
1.145000000000000000e+03 1.504431104448351562e+02 -4.642390938422382152e-01 2.049909015264946621e+00
1.146000000000000000e+03 1.499025038454338983e+02 -3.912797540548507147e-01 2.067762705418830560e+00
1.147000000000000000e+03 1.493563822003721100e+02 -3.202873265592873775e-01 2.086039968133905464e+00
1.148000000000000000e+03 1.488049578869807306e+02 -2.512872502306582878e-01 2.104729805778412288e+00
1.149000000000000000e+03 1.482484448685118252e+02 -1.843050827694616978e-01 2.123821133495052305e+00
1.150000000000000000e+03 1.476870586976477853e+02 -1.193665009160325002e-01 2.143302779003852354e+00
1.151000000000000000e+03 1.471210165200101017e+02 -5.649730066498922371e-02 2.163163482405032312e+00
1.152000000000000000e+03 1.465505370776685368e+02 4.276602520318409893e-03 2.183391895981868558e+00
1.153000000000000000e+03 1.459758407126498696e+02 6.292917349336057953e-02 2.203976584003557893e+00
1.154000000000000000e+03 1.453971493704469253e+02 1.194342572099805211e-01 2.224906022528084115e+00
1.155000000000000000e+03 1.448146866035276048e+02 1.737655785139470555e-01 2.246168599205084160e+00
1.156000000000000000e+03 1.442286775748437151e+02 2.258967419225058615e-01 2.267752613078709789e+00
1.157000000000000000e+03 1.436393490613400559e+02 2.758012314119320796e-01 2.289646274390497727e+00
1.158000000000000000e+03 1.430469294574632215e+02 3.234524102030825188e-01 2.311837704382228242e+00
1.159000000000000000e+03 1.424516487786707160e+02 3.688235205469479472e-01 2.334314935098797505e+00
1.160000000000000000e+03 1.418537386649398400e+02 4.118876835102057155e-01 2.357065909191076170e+00
1.161000000000000000e+03 1.412534323842765787e+02 4.526178987607710758e-01 2.380078479718779505e+00
1.162000000000000000e+03 1.406509648362246878e+02 4.909870443533499440e-01 2.403340409953328649e+00
1.163000000000000000e+03 1.400465725553745528e+02 5.269678765149912181e-01 2.426839373180719406e+00
1.164000000000000000e+03 1.394404937148721899e+02 5.605330294306387628e-01 2.450562952504383052e+00
1.165000000000000000e+03 1.388329681299281617e+02 5.916550150286834509e-01 2.474498640648054693e+00
1.166000000000000000e+03 1.382242372613266355e+02 6.203062227665163686e-01 2.498633839758638953e+00
1.167000000000000000e+03 1.376145442189341566e+02 6.464589194160795804e-01 2.522955861209071671e+00
1.168000000000000000e+03 1.370041215877413947e+02 6.700924385456723531e-01 2.547452227598444807e+00
1.169000000000000000e+03 1.363931547321552955e+02 6.912148478832518261e-01 2.572111583286337044e+00
1.170000000000000000e+03 1.357818180395028378e+02 7.098415526533039532e-01 2.596922794860304862e+00
1.171000000000000000e+03 1.351702870582873288e+02 7.259881308886767526e-01 2.621874649801648527e+00
1.172000000000000000e+03 1.345587385006267596e+02 7.396703338480115075e-01 2.646955856314833877e+00
1.173000000000000000e+03 1.339473502446925295e+02 7.509040864331744114e-01 2.672155043156917209e+00
1.174000000000000000e+03 1.333363013371485977e+02 7.597054876066902107e-01 2.697460759466969282e+00
1.175000000000000000e+03 1.327257719955897244e+02 7.660908108091720736e-01 2.722861474595499764e+00
1.176000000000000000e+03 1.321159436109803380e+02 7.700765043767547890e-01 2.748345577933881234e+00
1.177000000000000000e+03 1.315069987500933735e+02 7.716791919585268555e-01 2.773901378743774515e+00
1.178000000000000000e+03 1.308991211579488834e+02 7.709156729339620151e-01 2.799517105986550902e+00
1.179000000000000000e+03 1.302924957602526490e+02 7.678029228303510090e-01 2.825180908152718384e+00
1.180000000000000000e+03 1.296873086658352179e+02 7.623580937402336666e-01 2.850880853091344314e+00
1.181000000000000000e+03 1.290837471690901737e+02 7.545985147388311054e-01 2.876604927839480297e+00
1.182000000000000000e+03 1.284819997524133157e+02 7.445416923014783750e-01 2.902341038451590194e+00
1.183000000000000000e+03 1.278822560886410287e+02 7.322053107210546585e-01 2.928077009828965238e+00
1.184000000000000000e+03 1.272847070434891634e+02 7.176072325254169160e-01 2.953800585549158697e+00
1.185000000000000000e+03 1.266895446779917052e+02 7.007654988948308628e-01 2.979499427695402769e+00
1.186000000000000000e+03 1.260969622509394981e+02 6.816983300794031697e-01 3.005161116686035250e+00
1.187000000000000000e+03 1.255071542213189986e+02 6.604241258165141071e-01 3.030773151103927532e+00
1.188000000000000000e+03 1.249203162507509717e+02 6.369614657482479680e-01 3.056322947525900613e+00
1.189000000000000000e+03 1.243366452059290737e+02 6.113291098388270450e-01 3.081797840352156204e+00
1.190000000000000000e+03 1.237563391610588752e+02 5.835459987920416092e-01 3.107185081635700730e+00
1.191000000000000000e+03 1.231795974002962595e+02 5.536312544686835535e-01 3.132471840911764449e+00
1.192000000000000000e+03 1.226066204201862746e+02 5.216041803039770386e-01 3.157645205027231228e+00
1.193000000000000000e+03 1.220376099321019012e+02 4.874842617250116916e-01 3.182692177970060321e+00
1.194000000000000000e+03 1.214727688646827772e+02 4.512911665681730855e-01 3.207599680698710376e+00
1.195000000000000000e+03 1.209123013662737236e+02 4.130447454965762155e-01 3.232354550971565210e+00
1.196000000000000000e+03 1.203564128073636681e+02 3.727650324174965335e-01 3.256943543176355149e+00
1.197000000000000000e+03 1.198053097830242564e+02 3.304722448998022588e-01 3.281353328159585470e+00
1.198000000000000000e+03 1.192592001153486194e+02 2.861867845913863562e-01 3.305570493055958181e+00
1.199000000000000000e+03 1.187182928558900699e+02 2.399292376365979307e-01 3.329581541117796029e+00
1.200000000000000000e+03 1.181827982881008126e+02 1.917203750936752327e-01 3.353372891544466938e+00
1.201000000000000000e+03 1.176529279297706694e+02 1.415811533521768584e-01 3.376930879311809797e+00
1.202000000000000000e+03 1.171288945354657898e+02 8.953271455041382498e-02 3.400241755001556676e+00
1.203000000000000000e+03 1.166109120989673755e+02 3.559638699288181912e-02 3.423291684630757725e+00
1.204000000000000000e+03 1.160991958557103629e+02 -2.020631443230692589e-02 3.446066749481207392e+00
1.205000000000000000e+03 1.155939622852222470e+02 -7.785368783599237730e-02 3.468552945928867093e+00
1.206000000000000000e+03 1.150954291135617069e+02 -1.373238439105333997e-01 3.490736185273286996e+00
1.207000000000000000e+03 1.146037878722924148e+02 -1.985918335297434945e-01 3.512603721725132466e+00
1.208000000000000000e+03 1.141191212067365797e+02 -2.616209933125376863e-01 3.534148455641572095e+00
1.209000000000000000e+03 1.136414845711581165e+02 -3.263714944227485426e-01 3.555364682064729998e+00
1.210000000000000000e+03 1.131709335815724842e+02 -3.928032043920225425e-01 3.576246667237596100e+00
1.211000000000000000e+03 1.127075240159270493e+02 -4.608756864660198960e-01 3.596788648550981460e+00
1.212000000000000000e+03 1.122513118142809958e+02 -5.305481989506151130e-01 3.616984834490493572e+00
1.213000000000000000e+03 1.118023530789855897e+02 -6.017796945580958790e-01 3.636829404583489911e+00
1.214000000000000000e+03 1.113607040748640173e+02 -6.745288197533638730e-01 3.656316509346045684e+00
1.215000000000000000e+03 1.109264212293916501e+02 -7.487539141001345877e-01 3.675440270229918038e+00
1.216000000000000000e+03 1.104995611328761242e+02 -8.244130096071367042e-01 3.694194779569511145e+00
1.217000000000000000e+03 1.100801805386373218e+02 -9.014638300743126331e-01 3.712574100528833743e+00
1.218000000000000000e+03 1.096683363631875210e+02 -9.798637904390185005e-01 3.730572267048469115e+00
1.219000000000000000e+03 1.092640856864114483e+02 -1.059569996122223134e+00 3.748183283792535292e+00
1.220000000000000000e+03 1.088674857517463153e+02 -1.140539242374709161e+00 3.765401126095648809e+00
1.221000000000000000e+03 1.084785939663621832e+02 -1.222728013623272991e+00 3.782219739909892020e+00
1.222000000000000000e+03 1.080974679013415169e+02 -1.306092482816923139e+00 3.798633041751770634e+00
1.223000000000000000e+03 1.077241652918598618e+02 -1.390588510773082431e+00 3.814634918649183692e+00
1.224000000000000000e+03 1.073587440373654402e+02 -1.476171645523785880e+00 3.830219228088381556e+00
1.225000000000000000e+03 1.070012622017594595e+02 -1.562797121661881894e+00 3.845379797960932766e+00
1.226000000000000000e+03 1.066517780135762479e+02 -1.650419859687231483e+00 3.860110426510686921e+00
1.227000000000000000e+03 1.063103498661631647e+02 -1.738994465352909469e+00 3.874404882280739759e+00
1.228000000000000000e+03 1.059770363178608505e+02 -1.828475229011403469e+00 3.888256904060394703e+00
1.229000000000000000e+03 1.056518960921831649e+02 -1.918816124960813330e+00 3.901660200832126169e+00
1.230000000000000000e+03 1.053349880779973802e+02 -2.009970810791050777e+00 3.914608451718544213e+00
1.231000000000000000e+03 1.050263713297042045e+02 -2.101892626730041957e+00 3.927095305929360958e+00
1.232000000000000000e+03 1.047261050674178477e+02 -2.194534594989924869e+00 3.939114382708346351e+00
1.233000000000000000e+03 1.044342486771461438e+02 -2.287849419113249461e+00 3.950659271280302587e+00
1.234000000000000000e+03 1.041508617109706591e+02 -2.381789483319180167e+00 3.961723530798018089e+00
1.235000000000000000e+03 1.038760038872267302e+02 -2.476306851849691348e+00 3.972300690289236602e+00
1.236000000000000000e+03 1.036097350906835288e+02 -2.571353268315771601e+00 3.982384248603618282e+00
1.237000000000000000e+03 1.033521153727241426e+02 -2.666880155043619638e+00 3.991967674359707008e+00
1.238000000000000000e+03 1.031032049515257825e+02 -2.762838612420850382e+00 4.001044405891889255e+00
1.239000000000000000e+03 1.028630642122396495e+02 -2.859179418242686399e+00 4.009607851197357853e+00
1.240000000000000000e+03 1.026317537071712138e+02 -2.955853027058166216e+00 4.017651387883081959e+00
1.241000000000000000e+03 1.024093341559601811e+02 -3.052809569516337085e+00 4.025168363112764602e+00
1.242000000000000000e+03 1.021958664457606289e+02 -3.149998851712461523e+00 4.032152093553805550e+00
1.243000000000000000e+03 1.019914116314210730e+02 -3.247370354534210524e+00 4.038595865324271728e+00
1.244000000000000000e+03 1.017960309356644899e+02 -3.344873233007871427e+00 4.044492933939852541e+00
1.245000000000000000e+03 1.016097857492685534e+02 -3.442456315644538467e+00 4.049836524260831183e+00
1.246000000000000000e+03 1.014327140332753743e+02 -3.540070661466963919e+00 4.054621400416717591e+00
1.247000000000000000e+03 1.012647592222376858e+02 -3.637677265241098024e+00 4.058848595846471952e+00
1.248000000000000000e+03 1.011058404871975966e+02 -3.735239441345217681e+00 4.062520738647400265e+00
1.249000000000000000e+03 1.009558762563494838e+02 -3.832720273833989832e+00 4.065640486699685141e+00
1.250000000000000000e+03 1.008147842133977434e+02 -3.930082615982213312e+00 4.068210527734605009e+00
1.251000000000000000e+03 1.006824812959140587e+02 -4.027289089828545166e+00 4.070233579402748880e+00
1.252000000000000000e+03 1.005588836936952930e+02 -4.124302085719244282e+00 4.071712389342234673e+00
1.253000000000000000e+03 1.004439068471208856e+02 -4.221083761851899929e+00 4.072649735246923086e+00
1.254000000000000000e+03 1.003374654455102899e+02 -4.317596043819161622e+00 4.073048424934627931e+00
1.255000000000000000e+03 1.002394734254808100e+02 -4.413800624152485419e+00 4.072911296415346882e+00
1.256000000000000000e+03 1.001498439693050102e+02 -4.509658961865859794e+00 4.072241217959461146e+00
1.257000000000000000e+03 1.000684895032682817e+02 -4.605132281999544830e+00 4.071041088165962663e+00
1.258000000000000000e+03 9.999532169602649390e+01 -4.700181575163801639e+00 4.069313836030667098e+00
1.259000000000000000e+03 9.993025145696337574e+01 -4.794767597082628896e+00 4.067062421014422391e+00
1.260000000000000000e+03 9.987318893454839497e+01 -4.888850868137503802e+00 4.064289833111342176e+00
1.261000000000000000e+03 9.982404351469395465e+01 -4.982391672911103520e+00 4.060999092917001008e+00
1.262000000000000000e+03 9.978272381911324374e+01 -5.075350059731051466e+00 4.057193251696666003e+00
1.263000000000000000e+03 9.974913770367770383e+01 -5.167685840213646742e+00 4.052875391453505394e+00
1.264000000000000000e+03 9.972319225677451016e+01 -5.259358588807597990e+00 4.048048624996806844e+00
1.265000000000000000e+03 9.970479379766432260e+01 -5.350327642337760814e+00 4.042716096010191329e+00
1.266000000000000000e+03 9.969384787483868138e+01 -5.440552099548868981e+00 4.036880979119833235e+00
1.267000000000000000e+03 9.969025926437764440e+01 -5.529990820649271832e+00 4.030546479962670681e+00
1.268000000000000000e+03 9.969393196830736770e+01 -5.618602426854667264e+00 4.023715835254629170e+00
1.269000000000000000e+03 9.970476921295768591e+01 -5.706345299931833814e+00 4.016392312858829250e+00
1.270000000000000000e+03 9.972267344731953642e+01 -5.793177581742371629e+00 4.008579211853806612e+00
1.271000000000000000e+03 9.974754634140273879e+01 -5.879057173786431001e+00 4.000279862601730407e+00
1.272000000000000000e+03 9.977928878459343309e+01 -5.963941736746449784e+00 3.991497626816615796e+00
1.273000000000000000e+03 9.981780088401167461e+01 -6.047788690030885483e+00 3.982235897632536936e+00
1.274000000000000000e+03 9.986298196286891482e+01 -6.130555211317954445e+00 3.972498099671854188e+00
1.275000000000000000e+03 9.991473055882572396e+01 -6.212198236099355952e+00 3.962287689113415556e+00
1.276000000000000000e+03 9.997294442234928624e+01 -6.292674457224023854e+00 3.951608153760783892e+00
1.277000000000000000e+03 1.000375205150709235e+02 -6.371940324441844439e+00 3.940463013110448109e+00
1.278000000000000000e+03 1.001083550081437181e+02 -6.449952043947400959e+00 3.928855818420040613e+00
1.279000000000000000e+03 1.001853432806000228e+02 -6.526665577923701278e+00 3.916790152776552070e+00
1.280000000000000000e+03 1.002683799177091117e+02 -6.602036644085917061e+00 3.904269631164548393e+00
1.281000000000000000e+03 1.003573587093346760e+02 -6.676020715225120306e+00 3.891297900534385068e+00
1.282000000000000000e+03 1.004521726482923611e+02 -6.748573018752011876e+00 3.877878639870425470e+00
1.283000000000000000e+03 1.005527139287074760e+02 -6.819648536240658032e+00 3.864015560259256077e+00
1.284000000000000000e+03 1.006588739443723881e+02 -6.889202002972227845e+00 3.849712404957903455e+00
1.285000000000000000e+03 1.007705371396553460e+02 -6.957193609410174950e+00 3.834973706252204906e+00
1.286000000000000000e+03 1.008875624889674043e+02 -7.023606177535146600e+00 3.819807065318573613e+00
1.287000000000000000e+03 1.010098018033133371e+02 -7.088428179025100029e+00 3.804220898436836862e+00
1.288000000000000000e+03 1.011371058565380707e+02 -7.151648051010150553e+00 3.788223682676266524e+00
1.289000000000000000e+03 1.012693243832378158e+02 -7.213254196030350229e+00 3.771823956018749868e+00
1.290000000000000000e+03 1.014063060766711430e+02 -7.273234981993488724e+00 3.755030317481964808e+00
1.291000000000000000e+03 1.015478985866701578e+02 -7.331578742132879967e+00 3.737851427242549374e+00
1.292000000000000000e+03 1.016939485175518456e+02 -7.388273774965152363e+00 3.720296006759272522e+00
1.293000000000000000e+03 1.018443014260288777e+02 -7.443308344248038111e+00 3.702372838896206275e+00
1.294000000000000000e+03 1.019988018191211552e+02 -7.496670678938167853e+00 3.684090768045900965e+00
1.295000000000000000e+03 1.021572931520666572e+02 -7.548348973148856444e+00 3.665458700252549828e+00
1.296000000000000000e+03 1.023196178262327720e+02 -7.598331386107893159e+00 3.646485603335168690e+00
1.297000000000000000e+03 1.024856171870274153e+02 -7.646606042115340784e+00 3.627180507010760557e+00
1.298000000000000000e+03 1.026551315218101479e+02 -7.693161030501316944e+00 3.607552503017492640e+00
1.299000000000000000e+03 1.028280000578033793e+02 -7.737984405583790526e+00 3.587610745237865828e+00
1.300000000000000000e+03 1.030040609600035140e+02 -7.781064186626365675e+00 3.567364449821884165e+00
1.301000000000000000e+03 1.031831513290921265e+02 -7.822388357796076441e+00 3.546822895310232315e+00
1.302000000000000000e+03 1.033651071993470225e+02 -7.861944868121175212e+00 3.525995422757440156e+00
1.303000000000000000e+03 1.035497635365536127e+02 -7.899721631448937131e+00 3.504891435855059800e+00
1.304000000000000000e+03 1.037369542359157606e+02 -7.935706526403423666e+00 3.483520401054837290e+00
1.305000000000000000e+03 1.039265121199672564e+02 -7.969887396343297681e+00 3.461891847691878521e+00
1.306000000000000000e+03 1.041182689364827212e+02 -8.002252049319595884e+00 3.440015368107827154e+00
1.307000000000000000e+03 1.043120553563889956e+02 -8.032788258033541240e+00 3.417900617774036309e+00
1.308000000000000000e+03 1.045077009716760159e+02 -8.061483759794302983e+00 3.395557315414732713e+00
1.309000000000000000e+03 1.047050342933083016e+02 -8.088326256476824128e+00 3.372995243130199938e+00
1.310000000000000000e+03 1.049038827491358035e+02 -8.113303414479572595e+00 3.350224246519937665e+00
1.311000000000000000e+03 1.051040726818052775e+02 -8.136402864682363401e+00 3.327254234805841815e+00
1.312000000000000000e+03 1.053054293466713602e+02 -8.157612202404139978e+00 3.304095180955379352e+00
1.313000000000000000e+03 1.055077769097076867e+02 -8.176918987360746627e+00 3.280757121804743992e+00
1.314000000000000000e+03 1.057109384454181509e+02 -8.194310743622754245e+00 3.257250158182047439e+00
1.315000000000000000e+03 1.059147359347479664e+02 -8.209774959573215014e+00 3.233584455030479088e+00
1.316000000000000000e+03 1.061189902629949131e+02 -8.223299087865479251e+00 3.209770241531478607e+00
1.317000000000000000e+03 1.063235212177203550e+02 -8.234870545380964302e+00 3.185817811227912966e+00
1.318000000000000000e+03 1.065281474866606430e+02 -8.244476713186971395e+00 3.161737522147242796e+00
1.319000000000000000e+03 1.067326866556379201e+02 -8.252104936494450982e+00 3.137539796924696756e+00
1.320000000000000000e+03 1.069369552064716515e+02 -8.257742524615807156e+00 3.113235122926444109e+00
1.321000000000000000e+03 1.071407685148895865e+02 -8.261376750922686085e+00 3.088834052372762429e+00
1.322000000000000000e+03 1.073439408484388338e+02 -8.262994852803755563e+00 3.064347202461212838e+00
1.323000000000000000e+03 1.075462853643971783e+02 -8.262584031622516534e+00 3.039785255489810378e+00
1.324000000000000000e+03 1.077476262574791406e+02 -8.260136459459321401e+00 3.015158552167516604e+00
1.325000000000000000e+03 1.079478353539568474e+02 -8.255664359926846885e+00 2.990475866383202064e+00
1.326000000000000000e+03 1.081467959175051874e+02 -8.249185093812920755e+00 2.965745617151050784e+00
1.327000000000000000e+03 1.083443905348135701e+02 -8.240716167705658179e+00 2.940976274290930448e+00
1.328000000000000000e+03 1.085405011143285350e+02 -8.230275234293754849e+00 2.916176358523742795e+00
1.329000000000000000e+03 1.087350088849957501e+02 -8.217880092666730363e+00 2.891354441566763800e+00
1.330000000000000000e+03 1.089277943950023797e+02 -8.203548688615216022e+00 2.866519146228988735e+00
1.331000000000000000e+03 1.091187375105192530e+02 -8.187299114931223087e+00 2.841679146506477682e+00
1.332000000000000000e+03 1.093077174144431751e+02 -8.169149611708409253e+00 2.816843167677697046e+00
1.333000000000000000e+03 1.094946126051391815e+02 -8.149118566642364669e+00 2.792019986398869058e+00
1.334000000000000000e+03 1.096793008951825783e+02 -8.127224515330853549e+00 2.767218430799309292e+00
1.335000000000000000e+03 1.098616594101015806e+02 -8.103486141574128609e+00 2.742447380576777949e+00
1.336000000000000000e+03 1.100415645871191970e+02 -8.077922277675158469e+00 2.717715767092818702e+00
1.337000000000000000e+03 1.102188921738955827e+02 -8.050551904739929654e+00 2.693032573468106428e+00
1.338000000000000000e+03 1.103935172272703937e+02 -8.021394152977707748e+00 2.668406834677788719e+00
1.339000000000000000e+03 1.105653141120048701e+02 -7.990468302001298539e+00 2.643847637646834503e+00
1.340000000000000000e+03 1.107341564995241612e+02 -7.957793781127342037e+00 2.619364121345372443e+00
1.341000000000000000e+03 1.108999173666596931e+02 -7.923390169676563843e+00 2.594965476884041333e+00
1.342000000000000000e+03 1.110624689943910681e+02 -7.887277197274054963e+00 2.570660947609329838e+00
1.343000000000000000e+03 1.112216829665886877e+02 -7.849474744149543604e+00 2.546459829198923330e+00
1.344000000000000000e+03 1.113774301687558079e+02 -7.810002841437662546e+00 2.522371469757047180e+00
1.345000000000000000e+03 1.115295807867707083e+02 -7.768881671478221840e+00 2.498405269909810933e+00
1.346000000000000000e+03 1.116780043056291873e+02 -7.726131568116488602e+00 2.474570682900555152e+00
1.347000000000000000e+03 1.118225695081865894e+02 -7.681773017003443726e+00 2.450877214685191152e+00
1.348000000000000000e+03 1.119631444739000585e+02 -7.635826655896060799e+00 2.427334424027550064e+00
1.349000000000000000e+03 1.120995965775709777e+02 -7.588313274957582344e+00 2.403951922594722568e+00
1.350000000000000000e+03 1.122317924880868958e+02 -7.539253817057776530e+00 2.380739375052407514e+00
1.351000000000000000e+03 1.123595981671641795e+02 -7.488669378073229410e+00 2.357706499160253877e+00
1.352000000000000000e+03 1.124828788680898839e+02 -7.436581207187602516e+00 2.334863065867206711e+00
1.353000000000000000e+03 1.126014991344641487e+02 -7.383010707191900224e+00 2.312218899406847772e+00
1.354000000000000000e+03 1.127153227989425091e+02 -7.327979434784752222e+00 2.289783877392745026e+00
1.355000000000000000e+03 1.128242129819780502e+02 -7.271509100872679099e+00 2.267567930913793273e+00
1.356000000000000000e+03 1.129280320905635762e+02 -7.213621570870365041e+00 2.245581044629559209e+00
1.357000000000000000e+03 1.130266418169741058e+02 -7.154338865000929637e+00 2.223833256865626939e+00
1.358000000000000000e+03 1.131199031375088566e+02 -7.093683158596197913e+00 2.202334659708941267e+00
1.359000000000000000e+03 1.132076763112336835e+02 -7.031676782396973024e+00 2.181095399103152310e+00
1.360000000000000000e+03 1.132898208787231198e+02 -6.968342222853305401e+00 2.160125674943959684e+00
1.361000000000000000e+03 1.133661956608028589e+02 -6.903702122424769883e+00 2.139435741174458006e+00
1.362000000000000000e+03 1.134366587572917950e+02 -6.837779279880727756e+00 2.119035905880477966e+00
1.363000000000000000e+03 1.135010879686516603e+02 -6.770598129844192847e+00 2.098935352228494811e+00
1.364000000000000000e+03 1.135594423031917160e+02 -6.702189198187416430e+00 2.079138587246740055e+00
1.365000000000000000e+03 1.136117011272285566e+02 -6.632584695032358368e+00 2.059648955135282566e+00
1.366000000000000000e+03 1.136578438021084452e+02 -6.561817040239202647e+00 2.040469812986032583e+00
1.367000000000000000e+03 1.136978496842679363e+02 -6.489918863802127014e+00 2.021604530801974775e+00
1.368000000000000000e+03 1.137316981252942298e+02 -6.416923006245034422e+00 2.003056491516403081e+00
1.369000000000000000e+03 1.137593684719856810e+02 -6.342862519017323564e+00 1.984829091012155100e+00
1.370000000000000000e+03 1.137808400664122672e+02 -6.267770664889626531e+00 1.966925738140844926e+00
1.371000000000000000e+03 1.137960922459759985e+02 -6.191680918349558915e+00 1.949349854742098653e+00
1.372000000000000000e+03 1.138051043434715268e+02 -6.114626965997484120e+00 1.932104875662788102e+00
1.373000000000000000e+03 1.138078556871464144e+02 -6.036642706942249248e+00 1.915194248776265207e+00
1.374000000000000000e+03 1.138043256007617288e+02 -5.957762253196946745e+00 1.898621435001593971e+00
1.375000000000000000e+03 1.137944934036525524e+02 -5.878019930074656507e+00 1.882389908322789296e+00
1.376000000000000000e+03 1.137783384107882654e+02 -5.797450276584204865e+00 1.866503155808046266e+00
1.377000000000000000e+03 1.137558399328332115e+02 -5.716088045825912012e+00 1.850964677628976762e+00
1.378000000000000000e+03 1.137269772762070659e+02 -5.633968205387342998e+00 1.835777987079842966e+00
1.379000000000000000e+03 1.136917297431453591e+02 -5.551125937739061378e+00 1.820946610596793525e+00
1.380000000000000000e+03 1.136500766317597453e+02 -5.467596640630371319e+00 1.806474087777092175e+00
1.381000000000000000e+03 1.136019972360988675e+02 -5.383415927485085462e+00 1.792363971398360123e+00
1.382000000000000000e+03 1.135474708462083271e+02 -5.298619627797253706e+00 1.778619827437801559e+00
1.383000000000000000e+03 1.134864767481915635e+02 -5.213243787526934625e+00 1.765245235091443821e+00
1.384000000000000000e+03 1.134189942242701505e+02 -5.127324669495935794e+00 1.752243786793370450e+00
1.385000000000000000e+03 1.133450025528442211e+02 -5.040898753783566555e+00 1.739619088234952482e+00
1.386000000000000000e+03 1.132644810085530480e+02 -4.954002738122389005e+00 1.727374758384085718e+00
1.387000000000000000e+03 1.131774088623353691e+02 -4.866673538293967205e+00 1.715514429504423122e+00
1.388000000000000000e+03 1.130837653814899966e+02 -4.778948288524628829e+00 1.704041747174610544e+00
1.389000000000000000e+03 1.129835298297362414e+02 -4.690864341881194832e+00 1.692960370307518891e+00
1.390000000000000000e+03 1.128766814672743237e+02 -4.602459270666756197e+00 1.682273971169480520e+00
1.391000000000000000e+03 1.127631995508458544e+02 -4.513770866816403604e+00 1.671986235399520071e+00
1.392000000000000000e+03 1.126430633337943448e+02 -4.424837142292988190e+00 1.662100862028592196e+00
1.393000000000000000e+03 1.125162520661256593e+02 -4.335696329482876088e+00 1.652621563498814616e+00
1.394000000000000000e+03 1.123827449945685544e+02 -4.246386881591687867e+00 1.643552065682699848e+00
1.395000000000000000e+03 1.122425213626349034e+02 -4.156947473040059293e+00 1.634896107902393148e+00
1.396000000000000000e+03 1.120955604106804344e+02 -4.067416999859391424e+00 1.626657442948904686e+00
1.397000000000000000e+03 1.119418413759650690e+02 -3.977834580087596272e+00 1.618839837101342383e+00
1.398000000000000000e+03 1.117813434927133613e+02 -3.888239554164850897e+00 1.611447070146148519e+00
1.399000000000000000e+03 1.116140459921751642e+02 -3.798671485329351061e+00 1.604482935396333243e+00
1.400000000000000000e+03 1.114399281026857267e+02 -3.709170160013058659e+00 1.597951239710707627e+00
1.401000000000000000e+03 1.112589690497265451e+02 -3.619775588237451380e+00 1.591855803513118506e+00
1.402000000000000000e+03 1.110711635595586699e+02 -3.530525595450899168e+00 1.586199308834604249e+00
1.403000000000000000e+03 1.108765685469335409e+02 -3.441448569762157295e+00 1.580979830254723550e+00
1.404000000000000000e+03 1.106752569144888696e+02 -3.352570639842689104e+00 1.576194267813724403e+00
1.405000000000000000e+03 1.104673020943672697e+02 -3.263918076869420926e+00 1.571839495655421581e+00
1.406000000000000000e+03 1.102527780492225276e+02 -3.175517294773563926e+00 1.567912361976157687e+00
1.407000000000000000e+03 1.100317592732258305e+02 -3.087394850489418197e+00 1.564409688973753765e+00
1.408000000000000000e+03 1.098043207930722360e+02 -2.999577444203197274e+00 1.561328272796471905e+00
1.409000000000000000e+03 1.095705381689866869e+02 -2.912091919601831780e+00 1.558664883491964304e+00
1.410000000000000000e+03 1.093304874957305515e+02 -2.824965264121785502e+00 1.556416264956234752e+00
1.411000000000000000e+03 1.090842454036077385e+02 -2.738224609197873693e+00 1.554579134882592584e+00
1.412000000000000000e+03 1.088318890594710808e+02 -2.651897230512070713e+00 1.553150184710608617e+00
1.413000000000000000e+03 1.085734961677285071e+02 -2.566010548242326106e+00 1.552126079575073314e+00
1.414000000000000000e+03 1.083091449713495251e+02 -2.480592127311378459e+00 1.551503458254949619e+00
1.415000000000000000e+03 1.080389142528712085e+02 -2.395669677635565264e+00 1.551278933122331560e+00
1.416000000000000000e+03 1.077628833354048510e+02 -2.311271054373644329e+00 1.551449090091400640e+00
1.417000000000000000e+03 1.074811320836418247e+02 -2.227424258175595639e+00 1.552010488567379332e+00
1.418000000000000000e+03 1.071937409048602916e+02 -2.144157435431447212e+00 1.552959661395491020e+00
1.419000000000000000e+03 1.069007907499311330e+02 -2.061498878520079181e+00 1.554293114809911946e+00
1.420000000000000000e+03 1.066023631143245325e+02 -1.979477026058041211e+00 1.556007328382731814e+00
1.421000000000000000e+03 1.062985400391159914e+02 -1.898120463148367021e+00 1.558098754972905731e+00
1.422000000000000000e+03 1.059894041119927408e+02 -1.817457921629382689e+00 1.560563820675211932e+00
1.423000000000000000e+03 1.056750384682601407e+02 -1.737518280323528508e+00 1.563398924769210829e+00
1.424000000000000000e+03 1.053555267918477369e+02 -1.658330565286164626e+00 1.566600439668195843e+00
1.425000000000000000e+03 1.050309533163156317e+02 -1.579923950054388015e+00 1.570164710868153346e+00
1.426000000000000000e+03 1.047014028258608960e+02 -1.502327755895845440e+00 1.574088056896717713e+00
1.427000000000000000e+03 1.043669606563236840e+02 -1.425571452057547983e+00 1.578366769262127489e+00
1.428000000000000000e+03 1.040277126961935608e+02 -1.349684656014682238e+00 1.582997112402181106e+00
1.429000000000000000e+03 1.036837453876158577e+02 -1.274697133719425501e+00 1.587975323633193936e+00
1.430000000000000000e+03 1.033351457273978440e+02 -1.200638799849758520e+00 1.593297613098952903e+00
1.431000000000000000e+03 1.029820012680151109e+02 -1.127539718058279350e+00 1.598960163719674421e+00
1.432000000000000000e+03 1.026244001186178565e+02 -1.055430101221018324e+00 1.604959131140960116e+00
1.433000000000000000e+03 1.022624309460370284e+02 -9.843403116862462499e-01 1.611290643682752100e+00
1.434000000000000000e+03 1.018961829757907793e+02 -9.143008615232943725e-01 1.617950802288288914e+00
1.435000000000000000e+03 1.015257459930906947e+02 -8.453424127713642378e-01 1.624935680473063471e+00
1.436000000000000000e+03 1.011512103438480210e+02 -7.774957776883419935e-01 1.632241324273777883e+00
1.437000000000000000e+03 1.007726669356800073e+02 -7.107919189996113607e-01 1.639863752197298741e+00
1.438000000000000000e+03 1.003902072389161901e+02 -6.452619501468677132e-01 1.647798955169616164e+00
1.439000000000000000e+03 1.000039232876046071e+02 -5.809371355369307155e-01 1.656042896484795079e+00
1.440000000000000000e+03 9.961390768051826683e+01 -5.178488907905598460e-01 1.664591511753939157e+00
1.441000000000000000e+03 9.922025617848896673e+01 -4.560244814333247465e-01 1.673440259138198716e+00
1.442000000000000000e+03 9.882307552322545519e+01 -3.954740707086802920e-01 1.682582765156544591e+00
1.443000000000000000e+03 9.842247569985275391e+01 -3.362035408054524499e-01 1.692012165032440674e+00
1.444000000000000000e+03 9.801856734893976864e+01 -2.782187824881174887e-01 1.701721551085718653e+00
1.445000000000000000e+03 9.761146176765586802e+01 -2.215256950972011862e-01 1.711703972655568506e+00
1.446000000000000000e+03 9.720127091092695082e+01 -1.661301865496765395e-01 1.721952436023520105e+00
1.447000000000000000e+03 9.678810739259164109e+01 -1.120381733393627371e-01 1.732459904336429268e+00
1.448000000000000000e+03 9.637208448655756854e+01 -5.925558053732352115e-02 1.743219297529462253e+00
1.449000000000000000e+03 9.595331612795753529e+01 -7.788341792265333040e-03 1.754223492249079808e+00
1.450000000000000000e+03 9.553191691430576782e+01 4.235760066906332777e-02 1.765465321776025442e+00
1.451000000000000000e+03 9.510800210665421162e+01 9.117629604147470257e-02 1.776937575948308590e+00
1.452000000000000000e+03 9.468168763074859839e+01 1.386617849409418624e-01 1.788633001084187990e+00
1.453000000000000000e+03 9.425309007818484019e+01 1.848080994042013425e-01 1.800544299905160850e+00
1.454000000000000000e+03 9.382232670756505399e+01 2.296092628883543429e-01 1.812664131458942007e+00
1.455000000000000000e+03 9.338951544565398422e+01 2.730592902704676583e-01 1.824985111042454866e+00
1.456000000000000000e+03 9.295477488853511261e+01 3.151521878471760796e-01 1.837499810124814115e+00
1.457000000000000000e+03 9.251822430276686759e+01 3.558819533342833519e-01 1.850200756270308444e+00
1.458000000000000000e+03 9.207998362653890467e+01 3.952425758663638544e-01 1.863080433061390151e+00
1.459000000000000000e+03 9.164017347082831577e+01 4.332280359963641136e-01 1.876131280021656300e+00
1.460000000000000000e+03 9.119891512055586702e+01 4.698323056952043442e-01 1.889345692538835220e+00
1.461000000000000000e+03 9.075633053574213704e+01 5.050493483513800452e-01 1.902716021787772993e+00
1.462000000000000000e+03 9.031254235266379737e+01 5.388731187705628756e-01 1.916234574653415068e+00
1.463000000000000000e+03 8.986767388500992126e+01 5.712975631752033046e-01 1.929893613653795414e+00
1.464000000000000000e+03 8.942184912503797989e+01 6.023166192041312650e-01 1.943685356863017022e+00
1.465000000000000000e+03 8.897519274473033590e+01 6.319242159121576385e-01 1.957601977834242168e+00
1.466000000000000000e+03 8.852783009695021121e+01 6.601142737696762408e-01 1.971635605522671808e+00
1.467000000000000000e+03 8.807988721659818054e+01 6.868807046622655843e-01 1.985778324208536061e+00
1.468000000000000000e+03 8.763149082176812499e+01 7.122174118902890871e-01 2.000022173420075600e+00
1.469000000000000000e+03 8.718276831490355505e+01 7.361182901684981683e-01 2.014359147856526366e+00
1.470000000000000000e+03 8.673384778395396211e+01 7.585772256256327895e-01 2.028781197311108730e+00
1.471000000000000000e+03 8.628485800353085722e+01 7.795880958040227737e-01 2.043280226594008209e+00
1.472000000000000000e+03 8.583592843606406575e+01 7.991447696591903460e-01 2.057848095455362625e+00
1.473000000000000000e+03 8.538718923295797936e+01 8.172411075594513408e-01 2.072476618508246826e+00
1.474000000000000000e+03 8.493877123574769428e+01 8.338709612855154107e-01 2.087157565151656069e+00
1.475000000000000000e+03 8.449080597725537700e+01 8.490281740300891222e-01 2.101882659493494288e+00
1.476000000000000000e+03 8.404342568274631731e+01 8.627065803974776070e-01 2.116643580273558811e+00
1.477000000000000000e+03 8.359676327108525129e+01 8.749000064031836610e-01 2.131431960786518420e+00
1.478000000000000000e+03 8.315095235589252809e+01 8.856022694735127265e-01 2.146239388804910053e+00
1.479000000000000000e+03 8.270612724670046134e+01 8.948071784451721022e-01 2.161057406502114642e+00
1.480000000000000000e+03 8.226241343451557952e+01 9.025119602522285733e-01 2.175877929993887072e+00
1.481000000000000000e+03 8.181989894332238578e+01 9.087275770330497382e-01 2.190694512653378112e+00
1.482000000000000000e+03 8.137866269776156969e+01 9.134685109814755233e-01 2.205501094127566120e+00
1.483000000000000000e+03 8.093878401366748676e+01 9.167493470986052273e-01 2.220291581797626979e+00
1.484000000000000000e+03 8.050034259870329834e+01 9.185847733799999970e-01 2.235059850724897323e+00
1.485000000000000000e+03 8.006341855299626786e+01 9.189895810028875234e-01 2.249799743596827550e+00
1.486000000000000000e+03 7.962809236977295768e+01 9.179786645133666267e-01 2.264505070672941489e+00
1.487000000000000000e+03 7.919444493599469581e+01 9.155670220136111759e-01 2.279169609730796964e+00
1.488000000000000000e+03 7.876255753299263063e+01 9.117697553490737850e-01 2.293787106011941024e+00
1.489000000000000000e+03 7.833251183710306975e+01 9.066020702956907318e-01 2.308351272167868284e+00
1.490000000000000000e+03 7.790438992030280474e+01 9.000792767470848776e-01 2.322855788205981487e+00
1.491000000000000000e+03 7.747827425084430786e+01 8.922167889017720288e-01 2.337294301435545840e+00
1.492000000000000000e+03 7.705424769389102835e+01 8.830301254503629682e-01 2.351660426413651805e+00
1.493000000000000000e+03 7.663239351215261763e+01 8.725349097627675965e-01 2.365947744891167215e+00
1.494000000000000000e+03 7.621279536652028241e+01 8.607468700754015156e-01 2.380149805758701831e+00
1.495000000000000000e+03 7.579553731670199568e+01 8.476818396783876164e-01 2.394260124992561689e+00
1.496000000000000000e+03 7.538070382185772189e+01 8.333557571027611077e-01 2.408272185600706994e+00
1.497000000000000000e+03 7.496837974123478432e+01 8.177846663076739908e-01 2.422179437568711347e+00
1.498000000000000000e+03 7.455865033480304760e+01 8.009847168675986451e-01 2.435975297805720974e+00
1.499000000000000000e+03 7.415160126389022821e+01 7.829721641595329684e-01 2.449653150090410847e+00
1.500000000000000000e+03 7.374731859181713389e+01 7.637633695502029640e-01 2.463206345016943466e+00
1.501000000000000000e+03 7.334588878453297411e+01 7.433748005832685468e-01 2.476628199940926311e+00
1.502000000000000000e+03 7.294739871125055686e+01 7.218230311665266852e-01 2.489911998925372405e+00
1.503000000000000000e+03 7.255193564508162751e+01 6.991247417591154312e-01 2.503050992686655096e+00
1.504000000000000000e+03 7.215958726367213671e+01 6.752967195587193938e-01 2.516038398540470844e+00
1.505000000000000000e+03 7.177044164983738028e+01 6.503558586887721038e-01 2.528867400347788674e+00
1.506000000000000000e+03 7.138458729219746601e+01 6.243191603856614869e-01 2.541531148460819622e+00
1.507000000000000000e+03 7.100211308581243941e+01 5.972037331859334497e-01 2.554022759668967524e+00
1.508000000000000000e+03 7.062310833281752309e+01 5.690267931134961321e-01 2.566335317144786465e+00
1.509000000000000000e+03 7.024766274305854097e+01 5.398056638668241591e-01 2.578461870389943567e+00
1.510000000000000000e+03 6.987586643472705816e+01 5.095577770061631151e-01 2.590395435181174655e+00
1.511000000000000000e+03 6.950780993499566307e+01 4.783006721407324635e-01 2.602128993516241717e+00
1.512000000000000000e+03 6.914358418065332046e+01 4.460519971159312425e-01 2.613655493559893461e+00
1.513000000000000000e+03 6.878328051874045457e+01 4.128295082005414285e-01 2.624967849589817437e+00
1.514000000000000000e+03 6.842699070718447274e+01 3.786510702739321887e-01 2.636058941942608147e+00
1.515000000000000000e+03 6.807480691543477747e+01 3.435346570132639110e-01 2.646921616959715173e+00
1.516000000000000000e+03 6.772682172509820475e+01 3.074983510806929554e-01 2.657548686933408622e+00
1.517000000000000000e+03 6.738312813057422090e+01 2.705603443105745742e-01 2.667932930052733465e+00
1.518000000000000000e+03 6.704381953969021879e+01 2.327389378966686906e-01 2.678067090349465662e+00
1.519000000000000000e+03 6.670897572489889171e+01 1.940532883236223971e-01 2.687944794010595828e+00
1.520000000000000000e+03 6.637862052761367693e+01 1.545256526421210919e-01 2.697563308076150967e+00
1.521000000000000000e+03 6.605276374785331939e+01 1.141791651871335300e-01 2.706920808198581163e+00
1.522000000000000000e+03 6.573141515662470624e+01 7.303709402143403195e-02 2.716015464680517688e+00
1.523000000000000000e+03 6.541458449582793833e+01 3.112284116156543642e-02 2.724845442468363910e+00
1.524000000000000000e+03 6.510228147816152955e+01 -1.154005719619812659e-02 2.733408901145874648e+00
1.525000000000000000e+03 6.479451578702725101e+01 -5.492793044988791146e-02 2.741703994927742638e+00
1.526000000000000000e+03 6.449129707643542986e+01 -9.901697336587815534e-02 2.749728872653184109e+00
1.527000000000000000e+03 6.419263497090986448e+01 -1.437832458529230417e-01 2.757481677779523910e+00
1.528000000000000000e+03 6.389853906539297412e+01 -1.892026727361932892e-01 2.764960548375776650e+00
1.529000000000000000e+03 6.360901892515085621e+01 -2.352510435313140413e-01 2.772163617116234491e+00
1.530000000000000000e+03 6.332408408567835778e+01 -2.819040122184013342e-01 2.779089011274052723e+00
1.531000000000000000e+03 6.304374405260412573e+01 -3.291370970160993337e-01 2.785734852714829568e+00
1.532000000000000000e+03 6.276800830159568534e+01 -3.769256801556177261e-01 2.792099257890197084e+00
1.533000000000000000e+03 6.249688627826459708e+01 -4.252450076547684699e-01 2.798180337831401854e+00
1.534000000000000000e+03 6.223038739807135045e+01 -4.740701890920026029e-01 2.803976198142889231e+00
1.535000000000000000e+03 6.196852104623062729e+01 -5.233761973804486045e-01 2.809484938995891579e+00
1.536000000000000000e+03 6.171129657761622411e+01 -5.731378685419475927e-01 2.814704655122008070e+00
1.537000000000000000e+03 6.145872331666620880e+01 -6.233299014810917971e-01 2.819633435806793820e+00
1.538000000000000000e+03 6.121081055728800635e+01 -6.739268577592615328e-01 2.824269364883344569e+00
1.539000000000000000e+03 6.096756756276337796e+01 -7.249031613686619524e-01 2.828610520725873823e+00
1.540000000000000000e+03 6.072900356565358493e+01 -7.762330985063596867e-01 2.832654976243309974e+00
1.541000000000000000e+03 6.049512776770441036e+01 -8.278908173483207067e-01 2.836400798872868112e+00
1.542000000000000000e+03 6.026594933975127333e+01 -8.798503278234471869e-01 2.839846050573644920e+00
1.543000000000000000e+03 6.004147742162423640e+01 -9.320855013876147011e-01 2.842988787820198926e+00
1.544000000000000000e+03 5.982172112205314107e+01 -9.845700707977086408e-01 2.845827061596132523e+00
1.545000000000000000e+03 5.960668951857264375e+01 -1.037277629885662966e+00 2.848358917387682432e+00
1.546000000000000000e+03 5.939639165742730853e+01 -1.090181633332494515e+00 2.850582395177299944e+00
1.547000000000000000e+03 5.919083655347664319e+01 -1.143255396442343086e+00 2.852495529437238719e+00
1.548000000000000000e+03 5.899003319010023461e+01 -1.196472094916506634e+00 2.854096349123135923e+00
1.549000000000000000e+03 5.879399051910276341e+01 -1.249804764627477915e+00 2.855382877667599573e+00
1.550000000000000000e+03 5.860271746061908971e+01 -1.303226301392984787e+00 2.856353132973793674e+00
1.551000000000000000e+03 5.841622290301933873e+01 -1.356709460750023188e+00 2.857005127409019796e+00
1.552000000000000000e+03 5.823451570281394396e+01 -1.410226857728896332e+00 2.857336867798305757e+00
1.553000000000000000e+03 5.805760468455878964e+01 -1.463750966627252348e+00 2.857346355417984096e+00
1.554000000000000000e+03 5.788549864076019702e+01 -1.517254120784119698e+00 2.857031585989286970e+00
1.555000000000000000e+03 5.771820633178003135e+01 -1.570708512353945929e+00 2.856390549671920631e+00
1.556000000000000000e+03 5.755573648574079471e+01 -1.624086192080633539e+00 2.855421231057652776e+00
1.557000000000000000e+03 5.739809779843066195e+01 -1.677359069071577391e+00 2.854121609163903006e+00
1.558000000000000000e+03 5.724528912284826987e+01 -1.730500811653108206e+00 2.852490471016553286e+00
1.559000000000000000e+03 5.709726993727863231e+01 -1.783492569912049630e+00 2.850529860766456203e+00
1.560000000000000000e+03 5.695398959975157283e+01 -1.836317306433576713e+00 2.848242653555030923e+00
1.561000000000000000e+03 5.681539713265961211e+01 -1.888957899963898956e+00 2.845631744045609146e+00
1.562000000000000000e+03 5.668144122217837833e+01 -1.941397145278218828e+00 2.842700046457209417e+00
1.563000000000000000e+03 5.655207021768698183e+01 -1.993617753048692043e+00 2.839450494598320773e+00
1.564000000000000000e+03 5.642723213118838288e+01 -2.045602349712384971e+00 2.835886041900680610e+00
1.565000000000000000e+03 5.630687463672985871e+01 -2.097333477339237806e+00 2.832009661453055660e+00
1.566000000000000000e+03 5.619094506982332149e+01 -2.148793593500019306e+00 2.827824346035019420e+00
1.567000000000000000e+03 5.607939042686577125e+01 -2.199965071134288408e+00 2.823333108150734905e+00
1.568000000000000000e+03 5.597215736455967061e+01 -2.250830198418354300e+00 2.818538980062732069e+00
1.569000000000000000e+03 5.586919219933329828e+01 -2.301371178633233594e+00 2.813445013825688346e+00
1.570000000000000000e+03 5.577044090676123744e+01 -2.351570130032611949e+00 2.808054281320207846e+00
1.571000000000000000e+03 5.567584912098465821e+01 -2.401409085710801250e+00 2.802369874286604556e+00
1.572000000000000000e+03 5.558536213413183447e+01 -2.450869993470701225e+00 2.796394904358676214e+00
1.573000000000000000e+03 5.549892489573839072e+01 -2.499934715691755294e+00 2.790132503097486616e+00
1.574000000000000000e+03 5.541648201216782610e+01 -2.548585029197914409e+00 2.783585822025150147e+00
1.575000000000000000e+03 5.533797774603188202e+01 -2.596802625125592012e+00 2.776758032658601660e+00
1.576000000000000000e+03 5.526335601561088140e+01 -2.644569108791626988e+00 2.769652326543386334e+00
1.577000000000000000e+03 5.519256039427419580e+01 -2.691865999561241285e+00 2.762271915287431323e+00
1.578000000000000000e+03 5.512553410990053493e+01 -2.738674730715997097e+00 2.754620030594832070e+00
1.579000000000000000e+03 5.506222004429847061e+01 -2.784976649321760700e+00 2.746699924299626172e+00
1.580000000000000000e+03 5.500256073262677603e+01 -2.830753016096659191e+00 2.738514868399577473e+00
1.581000000000000000e+03 5.494649836281476496e+01 -2.875985005279039441e+00 2.730068155089954818e+00
1.582000000000000000e+03 5.489397477498278732e+01 -2.920653704495426606e+00 2.721363096797310366e+00
1.583000000000000000e+03 5.484493146086252580e+01 -2.964740114628487522e+00 2.712403026213259682e+00
1.584000000000000000e+03 5.479930956321748425e+01 -3.008225149684986111e+00 2.703191296328262716e+00
1.585000000000000000e+03 5.475704987526331990e+01 -3.051089636663745441e+00 2.693731280465404332e+00
1.586000000000000000e+03 5.471809284008823226e+01 -3.093314315423601801e+00 2.684026372314169517e+00
1.587000000000000000e+03 5.468237855007340187e+01 -3.134879838551372089e+00 2.674079985964228356e+00
1.588000000000000000e+03 5.464984674631339345e+01 -3.175766771229806107e+00 2.663895555939213011e+00
1.589000000000000000e+03 5.462043681803643835e+01 -3.215955591105549072e+00 2.653476537230498700e+00
1.590000000000000000e+03 5.459408780202497269e+01 -3.255426688157101456e+00 2.642826405330981121e+00
1.591000000000000000e+03 5.457073838203598370e+01 -3.294160364562776167e+00 2.631948656268859654e+00
1.592000000000000000e+03 5.455032688822134901e+01 -3.332136834568657946e+00 2.620846806641414339e+00
1.593000000000000000e+03 5.453279129654828239e+01 -3.369336224356567655e+00 2.609524393648787299e+00
1.594000000000000000e+03 5.451806922821976542e+01 -3.405738571912014567e+00 2.597984975127761942e+00
1.595000000000000000e+03 5.450609794909481565e+01 -3.441323826892157545e+00 2.586232129585539941e+00
1.596000000000000000e+03 5.449681436910903898e+01 -3.476071850493770210e+00 2.574269456233527986e+00
1.597000000000000000e+03 5.449015409292342582e+01 -3.509965406442147273e+00 2.562100829186414686e+00
1.598000000000000000e+03 5.448604856352476844e+01 -3.542999164189332806e+00 2.549731162538293905e+00
1.599000000000000000e+03 5.448442789130582042e+01 -3.575170777925457344e+00 2.537165652362158852e+00
1.600000000000000000e+03 5.448522179983824287e+01 -3.606477902951193748e+00 2.524409523226335050e+00
1.601000000000000000e+03 5.448835962524862708e+01 -3.636918195686379640e+00 2.511468028240216199e+00
1.602000000000000000e+03 5.449377031559404827e+01 -3.666489313678610085e+00 2.498346449099989819e+00
1.603000000000000000e+03 5.450138243023802431e+01 -3.695188915611858249e+00 2.485050096134372666e+00
1.604000000000000000e+03 5.451112413922615474e+01 -3.723014661315072082e+00 2.471584308350339043e+00
1.605000000000000000e+03 5.452292322266199420e+01 -3.749964211770787426e+00 2.457954453478851775e+00
1.606000000000000000e+03 5.453670707008283358e+01 -3.776035229123734904e+00 2.444165928020597178e+00
1.607000000000000000e+03 5.455240267983541003e+01 -3.801225376689443269e+00 2.430224157291710707e+00
1.608000000000000000e+03 5.456993665845175911e+01 -3.825532318962853395e+00 2.416134595469512369e+00
1.609000000000000000e+03 5.458923522002496753e+01 -3.848953721626918512e+00 2.401902725638233260e+00
1.610000000000000000e+03 5.461022418558496128e+01 -3.871487251561215537e+00 2.387534059834751421e+00
1.611000000000000000e+03 5.463282898247430808e+01 -3.893130576850554192e+00 2.373034139094322814e+00
1.612000000000000000e+03 5.465697464372391323e+01 -3.913881366793577676e+00 2.358408533496305637e+00
1.613000000000000000e+03 5.468258580742892860e+01 -3.933737291911377110e+00 2.343662842209900177e+00
1.614000000000000000e+03 5.470958671612444135e+01 -3.952696023956095317e+00 2.328802693539873125e+00
1.615000000000000000e+03 5.473790121616130477e+01 -3.970755235919531501e+00 2.313833744972293438e+00
1.616000000000000000e+03 5.476745275708185545e+01 -3.987912602041759680e+00 2.298761683220260643e+00
1.617000000000000000e+03 5.479816439099580094e+01 -4.004165797819716488e+00 2.283592224269635373e+00
1.618000000000000000e+03 5.482995877195589429e+01 -4.019512500015830270e+00 2.268331113424773449e+00
1.619000000000000000e+03 5.486275815533378619e+01 -4.033950386666611543e+00 2.252984125354254186e+00
1.620000000000000000e+03 5.489648439719577055e+01 -4.047477137091269661e+00 2.237557064136613150e+00
1.621000000000000000e+03 5.493105895367857983e+01 -4.060090431900317931e+00 2.222055763306070908e+00
1.622000000000000000e+03 5.496640288036516608e+01 -4.071787953004177396e+00 2.206486085898266669e+00
1.623000000000000000e+03 5.500243683166048925e+01 -4.082567383621789503e+00 2.190853924495989258e+00
1.624000000000000000e+03 5.503908106016727686e+01 -4.092426408289221662e+00 2.175165201274905868e+00
1.625000000000000000e+03 5.507625541606185493e+01 -4.101362712868270144e+00 2.159425868049294817e+00
1.626000000000000000e+03 5.511387934646983666e+01 -4.109373984555072745e+00 2.143641906317775625e+00
1.627000000000000000e+03 5.515187189484201014e+01 -4.116457911888717902e+00 2.127819327309043995e+00
1.628000000000000000e+03 5.519015170033005546e+01 -4.122612184759843146e+00 2.111964172027595232e+00
1.629000000000000000e+03 5.522863699716235431e+01 -4.127834494419251321e+00 2.096082511299461437e+00
1.630000000000000000e+03 5.526724561401974967e+01 -4.132122533486513483e+00 2.080180445817943369e+00
1.631000000000000000e+03 5.530589497341134830e+01 -4.135473995958577120e+00 2.064264106189334314e+00
1.632000000000000000e+03 5.534450209105030183e+01 -4.137886577218371720e+00 2.048339652978660386e+00
1.633000000000000000e+03 5.538298357522952386e+01 -4.139357974043420541e+00 2.032413276755403508e+00
1.634000000000000000e+03 5.542125562619760615e+01 -4.139885884614442624e+00 2.016491198139237273e+00
1.635000000000000000e+03 5.545923403553448594e+01 -4.139468008523964571e+00 2.000579667845757914e+00
1.636000000000000000e+03 5.549684084021355090e+01 -4.138104234007141002e+00 1.984684612558881067e+00
1.637000000000000000e+03 5.553402435111869551e+01 -4.135803221007932962e+00 1.968810568992783727e+00
1.638000000000000000e+03 5.557073930238995985e+01 -4.132575876999291964e+00 1.952961740388840184e+00
1.639000000000000000e+03 5.560694021266677822e+01 -4.128433175210389550e+00 1.937142349853659518e+00
1.640000000000000000e+03 5.564258138476213844e+01 -4.123386154733228892e+00 1.921356640388947490e+00
1.641000000000000000e+03 5.567761690533631480e+01 -4.117445920629253742e+00 1.905608874921366880e+00
1.642000000000000000e+03 5.571200064457099188e+01 -4.110623644035952928e+00 1.889903336332400929e+00
1.643000000000000000e+03 5.574568625584319648e+01 -4.102930562273487958e+00 1.874244327488211681e+00
1.644000000000000000e+03 5.577862717539919402e+01 -4.094377978951286856e+00 1.858636171269504755e+00
1.645000000000000000e+03 5.581077662202851286e+01 -4.084977264074664660e+00 1.843083210601389466e+00
1.646000000000000000e+03 5.584208759673788336e+01 -4.074739854151430585e+00 1.827589808483239819e+00
1.647000000000000000e+03 5.587251288242519109e+01 -4.063677252298501408e+00 1.812160348018555966e+00
1.648000000000000000e+03 5.590200504355347277e+01 -4.051801028348512190e+00 1.796799232444827865e+00
1.649000000000000000e+03 5.593051642582480554e+01 -4.039122818956423444e+00 1.781510885163393398e+00
1.650000000000000000e+03 5.595799915585435969e+01 -4.025654327706137181e+00 1.766299749769304039e+00
1.651000000000000000e+03 5.598440514084426667e+01 -4.011407325217104081e+00 1.751170290081179637e+00
1.652000000000000000e+03 5.600968606825767182e+01 -3.996393649250939095e+00 1.736126990171078743e+00
1.653000000000000000e+03 5.603379340549259524e+01 -3.980625204818021956e+00 1.721174354394353845e+00
1.654000000000000000e+03 5.605667839955599874e+01 -3.964113964284123881e+00 1.706316907419512807e+00
1.655000000000000000e+03 5.607829207673766092e+01 -3.946871967477005860e+00 1.691559194258085430e+00
1.656000000000000000e+03 5.609858524228417309e+01 -3.928911321793033373e+00 1.676905780294479342e+00
1.657000000000000000e+03 5.611750848007287118e+01 -3.910244202303787553e+00 1.662361251315843669e+00
1.658000000000000000e+03 5.613501215228588848e+01 -3.890882851862678127e+00 1.647930213541932476e+00
1.659000000000000000e+03 5.615104639908399520e+01 -3.870839581211551028e+00 1.633617293654961777e+00
1.660000000000000000e+03 5.616556113828062280e+01 -3.850126769087300005e+00 1.619427138829477419e+00
1.661000000000000000e+03 5.617850606501585276e+01 -3.828756862328483113e+00 1.605364416762209201e+00
1.662000000000000000e+03 5.618983065143024902e+01 -3.806742375981920556e+00 1.591433815701937426e+00
1.663000000000000000e+03 5.619948414633901024e+01 -3.784095893409321842e+00 1.577640044479353687e+00
1.664000000000000000e+03 5.620741557490579510e+01 -3.760830066393884952e+00 1.563987832536921196e+00
1.665000000000000000e+03 5.621357373831668269e+01 -3.736957615246911502e+00 1.550481929958735572e+00
1.666000000000000000e+03 5.621790721345419684e+01 -3.712491328914416133e+00 1.537127107500389611e+00
1.667000000000000000e+03 5.622036435257126641e+01 -3.687444065083743894e+00 1.523928156618830965e+00
1.668000000000000000e+03 5.622089328296509336e+01 -3.661828750290169410e+00 1.510889889502226247e+00
1.669000000000000000e+03 5.621944190665121965e+01 -3.635658380023519154e+00 1.498017139099821371e+00
1.670000000000000000e+03 5.621595790003746629e+01 -3.608946018834774172e+00 1.485314759151803665e+00
1.671000000000000000e+03 5.621038871359777289e+01 -3.581704800442685688e+00 1.472787624219161762e+00
1.672000000000000000e+03 5.620268157154640676e+01 -3.553947927840386711e+00 1.460440629713549709e+00
1.673000000000000000e+03 5.619278347151163189e+01 -3.525688673401999651e+00 1.448278691927147088e+00
1.674000000000000000e+03 5.618064118420994646e+01 -3.496940378989245701e+00 1.436306748062519123e+00
1.675000000000000000e+03 5.616621015315985233e+01 -3.467716754220198982e+00 1.424529088469825622e+00
1.676000000000000000e+03 5.614948127949149637e+01 -3.438032773910411510e+00 1.412947346919799063e+00
1.677000000000000000e+03 5.613045437044834785e+01 -3.407903788683060320e+00 1.401562492835628060e+00
1.678000000000000000e+03 5.610912926063635098e+01 -3.377345227637559510e+00 1.390375497493624879e+00
1.679000000000000000e+03 5.608550581207836672e+01 -3.346372598468914106e+00 1.379387334024543055e+00
1.680000000000000000e+03 5.605958391426846532e+01 -3.315001487587078799e+00 1.368598977414893891e+00
1.681000000000000000e+03 5.603136348422646051e+01 -3.283247560236311813e+00 1.358011404508262077e+00
1.682000000000000000e+03 5.600084446655220916e+01 -3.251126560614534977e+00 1.347625594006621963e+00
1.683000000000000000e+03 5.596802683348006724e+01 -3.218654311992684924e+00 1.337442526471654958e+00
1.684000000000000000e+03 5.593291058493323931e+01 -3.185846716834070058e+00 1.327463184326063139e+00
1.685000000000000000e+03 5.589549574857823444e+01 -3.152719756913731519e+00 1.317688551854887535e+00
1.686000000000000000e+03 5.585578237987921568e+01 -3.119289493437793048e+00 1.308119615206825070e+00
1.687000000000000000e+03 5.581377056215241339e+01 -3.085572067162819732e+00 1.298757362395542181e+00
1.688000000000000000e+03 5.576946040662055992e+01 -3.051583698515174081e+00 1.289602783300993316e+00
1.689000000000000000e+03 5.572285205246722484e+01 -3.017340687710375224e+00 1.280656869670736331e+00
1.690000000000000000e+03 5.567394566689126378e+01 -2.982859414872445658e+00 1.271920615121248099e+00
1.691000000000000000e+03 5.562274144516120344e+01 -2.948156340153278432e+00 1.263395015139242350e+00
1.692000000000000000e+03 5.556923961066964068e+01 -2.913248003851987455e+00 1.255081067082984392e+00
1.693000000000000000e+03 5.551344041498762749e+01 -2.878151026534262691e+00 1.246979770183607394e+00
1.694000000000000000e+03 5.545534413791909145e+01 -2.842882109151731562e+00 1.239092125546430001e+00
1.695000000000000000e+03 5.539495108755522779e+01 -2.807458033161305710e+00 1.231419136152271276e+00
1.696000000000000000e+03 5.533226160032888430e+01 -2.771895660644548176e+00 1.223961806858767210e+00
1.697000000000000000e+03 5.526727604106899605e+01 -2.736211934427022374e+00 1.216721144401687438e+00
1.698000000000000000e+03 5.519999480305492057e+01 -2.700423878197649508e+00 1.209698157396250640e+00
1.699000000000000000e+03 5.513041830807092936e+01 -2.664548596628065091e+00 1.202893856338441703e+00
1.700000000000000000e+03 5.505854700646050759e+01 -2.628603275491975033e+00 1.196309253606326672e+00
1.701000000000000000e+03 5.498438137718082430e+01 -2.592605181784513046e+00 1.189945363461371253e+00
1.702000000000000000e+03 5.490792192785711734e+01 -2.556571663841594955e+00 1.183803202049753756e+00
1.703000000000000000e+03 5.482916919483704277e+01 -2.520520151459273883e+00 1.177883787403684712e+00
1.704000000000000000e+03 5.474812374324515929e+01 -2.484468156013098117e+00 1.172188139442720711e+00
1.705000000000000000e+03 5.466478616703726345e+01 -2.448433270577469845e+00 1.166717279975081789e+00
1.706000000000000000e+03 5.457915708905478880e+01 -2.412433170044993247e+00 1.161472232698966600e+00
1.707000000000000000e+03 5.449123716107925475e+01 -2.376485611245839458e+00 1.156454023203870696e+00
1.708000000000000000e+03 5.440102706388660891e+01 -2.340608433067096428e+00 1.151663678971900584e+00
1.709000000000000000e+03 5.430852750730169021e+01 -2.304819556572129446e+00 1.147102229379090454e+00
1.710000000000000000e+03 5.421373923025252139e+01 -2.269136985119933669e+00 1.142770705696719791e+00
1.711000000000000000e+03 5.411666300082482906e+01 -2.233578804484491975e+00 1.138670141092628096e+00
1.712000000000000000e+03 5.401729961631639299e+01 -2.198163182974130603e+00 1.134801570632530954e+00
1.713000000000000000e+03 5.391564990329138851e+01 -2.162908371550874786e+00 1.131166031281338080e+00
1.714000000000000000e+03 5.381172035267423581e+01 -2.127831293170028282e+00 1.127764012044435438e+00
1.715000000000000000e+03 5.370554007752431858e+01 -2.092943297390717383e+00 1.124593799256021986e+00
1.716000000000000000e+03 5.359714400013030655e+01 -2.058254369762089642e+00 1.121653117167878078e+00
1.717000000000000000e+03 5.348656723039436400e+01 -2.023774539375369219e+00 1.118939676506168990e+00
1.718000000000000000e+03 5.337384506611660839e+01 -1.989513878925620816e+00 1.116451174450314276e+00
1.719000000000000000e+03 5.325901299327951932e+01 -1.955482504773510266e+00 1.114185294611855115e+00
1.720000000000000000e+03 5.314210668633246115e+01 -1.921690577007072909e+00 1.112139707013327650e+00
1.721000000000000000e+03 5.302316200847596406e+01 -1.888148299503472627e+00 1.110312068067127456e+00
1.722000000000000000e+03 5.290221501194631060e+01 -1.854865919990766887e+00 1.108700020554381549e+00
1.723000000000000000e+03 5.277930193829993755e+01 -1.821853730109674663e+00 1.107301193603817513e+00
1.724000000000000000e+03 5.265445921869779511e+01 -1.789122065475332146e+00 1.106113202670631956e+00
1.725000000000000000e+03 5.252772347418991217e+01 -1.756681305739061782e+00 1.105133649515359862e+00
1.726000000000000000e+03 5.239913151599973418e+01 -1.724541874650137752e+00 1.104360122182743931e+00
1.727000000000000000e+03 5.226872034580861026e+01 -1.692714240117541458e+00 1.103790194980603712e+00
1.728000000000000000e+03 5.213652715604025190e+01 -1.661208914271735448e+00 1.103421428458705611e+00
1.729000000000000000e+03 5.200258933014505658e+01 -1.630036453526418017e+00 1.103251369387630465e+00
1.730000000000000000e+03 5.186694444288475125e+01 -1.599207458640293789e+00 1.103277550737644663e+00
1.731000000000000000e+03 5.172963026061660941e+01 -1.568732574778831212e+00 1.103497491657567720e+00
1.732000000000000000e+03 5.159068474157805184e+01 -1.538622491576032036e+00 1.103908697453642507e+00
1.733000000000000000e+03 5.145014603617101301e+01 -1.508887943196191683e+00 1.104508659568404605e+00
1.734000000000000000e+03 5.130805248724636414e+01 -1.479539708395661624e+00 1.105294855559550093e+00
1.735000000000000000e+03 5.116444263038843587e+01 -1.450588610584617522e+00 1.106264749078807119e+00
1.736000000000000000e+03 5.101935519419937037e+01 -1.422045517888818056e+00 1.107415789850802357e+00
1.737000000000000000e+03 5.087282910058358709e+01 -1.393921343211371955e+00 1.108745413651933243e+00
1.738000000000000000e+03 5.072490346503224146e+01 -1.366227044294500148e+00 1.110251042289233991e+00
1.739000000000000000e+03 5.057561759690766223e+01 -1.338973623781299027e+00 1.111930083579247608e+00
1.740000000000000000e+03 5.042501099972775336e+01 -1.312172129277505483e+00 1.113779931326893902e+00
1.741000000000000000e+03 5.027312337145048105e+01 -1.285833653413259281e+00 1.115797965304338168e+00
1.742000000000000000e+03 5.011999460475826140e+01 -1.259969333904867428e+00 1.117981551229860981e+00
1.743000000000000000e+03 4.996566478734245464e+01 -1.234590353616568104e+00 1.120328040746728204e+00
1.744000000000000000e+03 4.981017420218776692e+01 -1.209707940622292588e+00 1.122834771402058562e+00
1.745000000000000000e+03 4.965356332785671611e+01 -1.185333368267430965e+00 1.125499066625694766e+00
1.746000000000000000e+03 4.949587283877403365e+01 -1.161477955230594716e+00 1.128318235709070638e+00
1.747000000000000000e+03 4.933714360551110900e+01 -1.138153065585380208e+00 1.131289573784082014e+00
1.748000000000000000e+03 4.917741669507049806e+01 -1.115370108862133502e+00 1.134410361801955869e+00
1.749000000000000000e+03 4.901673337117026108e+01 -1.093140540109712067e+00 1.137677866512118108e+00
1.750000000000000000e+03 4.885513509452847813e+01 -1.071475859957250476e+00 1.141089340441063360e+00
1.751000000000000000e+03 4.869266352314763679e+01 -1.050387614675922787e+00 1.144642021871226545e+00
1.752000000000000000e+03 4.852936051259910499e+01 -1.029887396240706021e+00 1.148333134819848000e+00
1.753000000000000000e+03 4.836526799506540897e+01 -1.009984866291617767e+00 1.152159751657126918e+00
1.754000000000000000e+03 4.820042761479169968e+01 -9.906818098576142262e-01 1.156118379749212055e+00
1.755000000000000000e+03 4.803488109015784602e+01 -9.719780321217282859e-01 1.160205371322805323e+00
1.756000000000000000e+03 4.786867033492391243e+01 -9.538733300010234784e-01 1.164417060486226951e+00
1.757000000000000000e+03 4.770183745850989965e+01 -9.363674921312363786e-01 1.168749763202925340e+00
1.758000000000000000e+03 4.753442476627537872e+01 -9.194602988514166686e-01 1.173199777264983146e+00
1.759000000000000000e+03 4.736647475979925304e+01 -9.031515221885693112e-01 1.177763382266627801e+00
1.760000000000000000e+03 4.719803013715944928e+01 -8.874409258422968350e-01 1.182436839577737597e+00
1.761000000000000000e+03 4.702913379321260834e+01 -8.723282651694393985e-01 1.187216392317353542e+00
1.762000000000000000e+03 4.685982881987384019e+01 -8.578132871687176308e-01 1.192098265327183881e+00
1.763000000000000000e+03 4.669015850639635090e+01 -8.438957304653735836e-01 1.197078665145114851e+00
1.764000000000000000e+03 4.652016633965122594e+01 -8.305753252958121280e-01 1.202153779978718529e+00
1.765000000000000000e+03 4.634989600440710689e+01 -8.178517934922434618e-01 1.207319779678760918e+00
1.766000000000000000e+03 4.617939138360990370e+01 -8.057248484673231737e-01 1.212572815712711138e+00
1.767000000000000000e+03 4.600869655866249985e+01 -7.941941951987956383e-01 1.217909021138249059e+00
1.768000000000000000e+03 4.583785580970442908e+01 -7.832595302141333038e-01 1.223324510576773161e+00
1.769000000000000000e+03 4.566691361589165865e+01 -7.729205415751807529e-01 1.228815380186910833e+00
1.770000000000000000e+03 4.549591465567623061e+01 -7.631769088627939901e-01 1.234377707638024679e+00
1.771000000000000000e+03 4.532490380708594557e+01 -7.540283031614832820e-01 1.240007552083721931e+00
1.772000000000000000e+03 4.515392614800420290e+01 -7.454743870440549980e-01 1.245700954135363858e+00
1.773000000000000000e+03 4.498302695644953531e+01 -7.375148145562516744e-01 1.251453935835571185e+00
1.774000000000000000e+03 4.481225171085543479e+01 -7.301492312013952990e-01 1.257262500631735946e+00
1.775000000000000000e+03 4.464164609035002229e+01 -7.233772739250277084e-01 1.263122633349527124e+00
1.776000000000000000e+03 4.447125597503576699e+01 -7.171985710995524288e-01 1.269030300166400282e+00
1.777000000000000000e+03 4.430112744626916310e+01 -7.116127425088762948e-01 1.274981448585107202e+00
1.778000000000000000e+03 4.413130678694044917e+01 -7.066193993330514012e-01 1.280972007407200852e+00
1.779000000000000000e+03 4.396184048175336301e+01 -7.022181441329156115e-01 1.286997886706547245e+00
1.780000000000000000e+03 4.379277521750475444e+01 -6.984085708347351762e-01 1.293054977802832406e+00
1.781000000000000000e+03 4.362415788336441125e+01 -6.951902647148459069e-01 1.299139153235069566e+00
1.782000000000000000e+03 4.345603557115465776e+01 -6.925628023842949066e-01 1.305246266735110794e+00
1.783000000000000000e+03 4.328845557563008839e+01 -6.905257517734810779e-01 1.311372153201150859e+00
1.784000000000000000e+03 4.312146539475736517e+01 -6.890786721167981854e-01 1.317512628671240194e+00
1.785000000000000000e+03 4.295511272999478081e+01 -6.882211139372758080e-01 1.323663490296790313e+00
1.786000000000000000e+03 4.278944548657208458e+01 -6.879526190312205136e-01 1.329820516316082779e+00
1.787000000000000000e+03 4.262451177377012357e+01 -6.882727204528578113e-01 1.335979466027778839e+00
1.788000000000000000e+03 4.246035990520056913e+01 -6.891809424989736588e-01 1.342136079764426171e+00
1.789000000000000000e+03 4.229703839908562912e+01 -6.906768006935559701e-01 1.348286078865968074e+00
1.790000000000000000e+03 4.213459597853776017e+01 -6.927598017724362345e-01 1.354425165653252217e+00
1.791000000000000000e+03 4.197308157183933019e+01 -6.954294436679308022e-01 1.360549023401537827e+00
1.792000000000000000e+03 4.181253975165424208e+01 -6.986839128858784997e-01 1.366653594990041576e+00
1.793000000000000000e+03 4.165299701137924160e+01 -7.025161650370426170e-01 1.372735921391732949e+00
1.794000000000000000e+03 4.149447537728481450e+01 -7.069178122694315114e-01 1.378793309977731640e+00
1.795000000000000000e+03 4.133699695952026332e+01 -7.118804229067196010e-01 1.384823056446708556e+00
1.796000000000000000e+03 4.118058395222308832e+01 -7.173955213842415635e-01 1.390822444808807123e+00
1.797000000000000000e+03 4.102525863362833292e+01 -7.234545881849836491e-01 1.396788747369555495e+00
1.798000000000000000e+03 4.087104336617795042e+01 -7.300490597755753264e-01 1.402719224713783852e+00
1.799000000000000000e+03 4.071796059663017786e+01 -7.371703285422834817e-01 1.408611125689543053e+00
1.800000000000000000e+03 4.056603285616885302e+01 -7.448097427270021775e-01 1.414461687392016609e+00
1.801000000000000000e+03 4.041528276051285218e+01 -7.529586063632469628e-01 1.420268135147440658e+00
1.802000000000000000e+03 4.026573301002538585e+01 -7.616081792121462968e-01 1.426027682497018167e+00
1.803000000000000000e+03 4.011740638982338680e+01 -7.707496766984337500e-01 1.431737531180837131e+00
1.804000000000000000e+03 3.997032576988689101e+01 -7.803742698464398719e-01 1.437394871121784101e+00
1.805000000000000000e+03 3.982451410516834045e+01 -7.904730852160857246e-01 1.442996880409462834e+00
1.806000000000000000e+03 3.967999443570203510e+01 -8.010372048388744171e-01 1.448540725284109820e+00
1.807000000000000000e+03 3.953678988671339312e+01 -8.120576661538824181e-01 1.454023560120509817e+00
1.808000000000000000e+03 3.939492366872843121e+01 -8.235254619437534229e-01 1.459442527411913826e+00
1.809000000000000000e+03 3.925441907768298222e+01 -8.354315402706899985e-01 1.464794757753952847e+00
1.810000000000000000e+03 3.911529949503219683e+01 -8.477668044124453406e-01 1.470077369828557190e+00
1.811000000000000000e+03 3.897758838785981794e+01 -8.605221127983156970e-01 1.475287470387870004e+00
1.812000000000000000e+03 3.884130930898756873e+01 -8.736882789451341225e-01 1.480422154238165922e+00
1.813000000000000000e+03 3.870648589708452647e+01 -8.872560713932600152e-01 1.485478504223765039e+00
1.814000000000000000e+03 3.857314187677645378e+01 -9.012162136425734271e-01 1.490453591210950224e+00
1.815000000000000000e+03 3.844130105875520798e+01 -9.155593840884671542e-01 1.495344474071884866e+00
1.816000000000000000e+03 3.831098733988807936e+01 -9.302762159578379375e-01 1.500148199668526416e+00
1.817000000000000000e+03 3.818222470332710117e+01 -9.453572972450794420e-01 1.504861802836544360e+00
1.818000000000000000e+03 3.805503721861852284e+01 -9.607931706480746792e-01 1.509482306369237303e+00
1.819000000000000000e+03 3.792944904181205601e+01 -9.765743335041884299e-01 1.514006721001445621e+00
1.820000000000000000e+03 3.780548441557033357e+01 -9.926912377262576692e-01 1.518432045393472318e+00
1.821000000000000000e+03 3.768316766927820538e+01 -1.009134289738587098e+00 1.522755266114997230e+00
1.822000000000000000e+03 3.756252321915214054e+01 -1.025893850412938235e+00 1.526973357628991446e+00
1.823000000000000000e+03 3.744357556834955858e+01 -1.042960235004523284e+00 1.531083282275637281e+00
1.824000000000000000e+03 3.732634930707821042e+01 -1.060323713087997222e+00 1.535081990256241591e+00
1.825000000000000000e+03 3.721086911270553799e+01 -1.077974508493450445e+00 1.538966419617153747e+00
1.826000000000000000e+03 3.709715974986803388e+01 -1.095902799242399528e+00 1.542733496233681167e+00
1.827000000000000000e+03 3.698524607058060809e+01 -1.114098717483781309e+00 1.546380133794005074e+00
1.828000000000000000e+03 3.687515301434596182e+01 -1.132552349429943428e+00 1.549903233783098688e+00
1.829000000000000000e+03 3.676690560826389031e+01 -1.151253735292638192e+00 1.553299685466640767e+00
1.830000000000000000e+03 3.666052896714072062e+01 -1.170192869219014442e+00 1.556566365874934688e+00
1.831000000000000000e+03 3.655604289820013264e+01 -1.189359690862633157e+00 1.559700601043170876e+00
1.832000000000000000e+03 3.645344566784974916e+01 -1.208744060151438759e+00 1.562701553795027731e+00
1.833000000000000000e+03 3.635273010539185634e+01 -1.228335782190623782e+00 1.565568847018590670e+00
1.834000000000000000e+03 3.625388898656108694e+01 -1.248124615545036953e+00 1.568302103417251958e+00
1.835000000000000000e+03 3.615691503344080360e+01 -1.268100272174877086e+00 1.570900945510131930e+00
1.836000000000000000e+03 3.606180091437942536e+01 -1.288252417371387182e+00 1.573364995632495988e+00
1.837000000000000000e+03 3.596853924390676838e+01 -1.308570669692544763e+00 1.575693875936167387e+00
1.838000000000000000e+03 3.587712258265042919e+01 -1.329044600898755979e+00 1.577887208389950668e+00
1.839000000000000000e+03 3.578754343725209708e+01 -1.349663735888551042e+00 1.579944614780044221e+00
1.840000000000000000e+03 3.569979426028393732e+01 -1.370417552634273006e+00 1.581865716710461278e+00
1.841000000000000000e+03 3.561386745016486088e+01 -1.391295482117774318e+00 1.583650135603442921e+00
1.842000000000000000e+03 3.552975535107698590e+01 -1.412286908266107588e+00 1.585297492699878630e+00
1.843000000000000000e+03 3.544745025288187890e+01 -1.433381167887219920e+00 1.586807409059723062e+00
1.844000000000000000e+03 3.536694439103698784e+01 -1.454567550605644799e+00 1.588179505562412386e+00
1.845000000000000000e+03 3.528822994651191181e+01 -1.475835298798197082e+00 1.589413402907281503e+00
1.846000000000000000e+03 3.521129904570481983e+01 -1.497173607529663775e+00 1.590508721613982601e+00
1.847000000000000000e+03 3.513614376035873477e+01 -1.518571624488497029e+00 1.591465082022900601e+00
1.848000000000000000e+03 3.506275610747790950e+01 -1.540018449922510024e+00 1.592282104295572154e+00
1.849000000000000000e+03 3.499112804924421027e+01 -1.561503136574566852e+00 1.592959408415102196e+00
1.850000000000000000e+03 3.492125149293339348e+01 -1.583014689618277071e+00 1.593496614186580729e+00
1.851000000000000000e+03 3.485311829083150315e+01 -1.604542066593687366e+00 1.593893341237499817e+00
1.852000000000000000e+03 3.478672024015118325e+01 -1.626074177342976990e+00 1.594149209018172808e+00
1.853000000000000000e+03 3.472204908294808234e+01 -1.647599883946148980e+00 1.594263836802150225e+00
1.854000000000000000e+03 3.465909650603713033e+01 -1.669108000656722712e+00 1.594236843686636096e+00
1.855000000000000000e+03 3.459785414090892175e+01 -1.690587293837427785e+00 1.594067848592906511e+00
1.856000000000000000e+03 3.453831356364607075e+01 -1.712026481895897678e+00 1.593756470266726843e+00
1.857000000000000000e+03 3.448046629483955172e+01 -1.733414235220362309e+00 1.593302327278769859e+00
1.858000000000000000e+03 3.442430379950500452e+01 -1.754739176115339250e+00 1.592705038025029385e+00
1.859000000000000000e+03 3.436981748699916750e+01 -1.775989878737329386e+00 1.591964220727241974e+00
1.860000000000000000e+03 3.431699871093615428e+01 -1.797154869030508806e+00 1.591079493433302128e+00
1.861000000000000000e+03 3.426583876910382287e+01 -1.818222624662421349e+00 1.590050474017678628e+00
1.862000000000000000e+03 3.421632890338011634e+01 -1.839181574959672272e+00 1.588876780181833537e+00
1.863000000000000000e+03 3.416846029964943909e+01 -1.860020100843621682e+00 1.587558029454638753e+00
1.864000000000000000e+03 3.412222408771895488e+01 -1.880726534766075320e+00 1.586093839192793453e+00
1.865000000000000000e+03 3.407761134123497015e+01 -1.901289160644980436e+00 1.584483826581240429e+00
1.866000000000000000e+03 3.403461307759927479e+01 -1.921696213800116793e+00 1.582727608633584415e+00
1.867000000000000000e+03 3.399322025788550405e+01 -1.941935880888791877e+00 1.580824802192509981e+00
1.868000000000000000e+03 3.395342378675543671e+01 -1.961996299841530345e+00 1.578775023930196086e+00
1.869000000000000000e+03 3.391521451237540674e+01 -1.981865559797771681e+00 1.576577890348737077e+00
1.870000000000000000e+03 3.387858030472445847e+01 -2.001532744804243258e+00 1.574233368001905831e+00
1.871000000000000000e+03 3.384349726568871120e+01 -2.020991073969306662e+00 1.571742827156171751e+00
1.872000000000000000e+03 3.380993845001089682e+01 -2.040234785755231872e+00 1.569107996376427172e+00
1.873000000000000000e+03 3.377787678047023689e+01 -2.059258096417859729e+00 1.566330613065600508e+00
1.874000000000000000e+03 3.374728504769856841e+01 -2.078055199978095402e+00 1.563412423477089641e+00
1.875000000000000000e+03 3.371813590999646948e+01 -2.096620268193400083e+00 1.560355182727186429e+00
1.876000000000000000e+03 3.369040189314945621e+01 -2.114947450529281348e+00 1.557160654807508982e+00
1.877000000000000000e+03 3.366405539024406579e+01 -2.133030874130786625e+00 1.553830612597429495e+00
1.878000000000000000e+03 3.363906866148401775e+01 -2.150864643793992670e+00 1.550366837876502313e+00
1.879000000000000000e+03 3.361541383400638949e+01 -2.168442841937500365e+00 1.546771121336895760e+00
1.880000000000000000e+03 3.359306290169772069e+01 -2.185759528573924193e+00 1.543045262595818645e+00
1.881000000000000000e+03 3.357198772501014616e+01 -2.202808741281384819e+00 1.539191070207950540e+00
1.882000000000000000e+03 3.355216003077759979e+01 -2.219584495174999450e+00 1.535210361677869839e+00
1.883000000000000000e+03 3.353355141203186207e+01 -2.236080782878373530e+00 1.531104963472483371e+00
1.884000000000000000e+03 3.351613332781882804e+01 -2.252291574495099979e+00 1.526876711033457790e+00
1.885000000000000000e+03 3.349987710301451926e+01 -2.268210817580236682e+00 1.522527448789644078e+00
1.886000000000000000e+03 3.348475392814130203e+01 -2.283832437111810165e+00 1.518059030169509160e+00
1.887000000000000000e+03 3.347073485918404856e+01 -2.299150335462304628e+00 1.513473317613567293e+00
1.888000000000000000e+03 3.345779081740619887e+01 -2.314158392370148309e+00 1.508772182586803678e+00
1.889000000000000000e+03 3.344589258916598595e+01 -2.328850464911213614e+00 1.503957505591108079e+00
1.890000000000000000e+03 3.343501082573251182e+01 -2.343220387470301702e+00 1.499031176177702207e+00
1.891000000000000000e+03 3.342511604310193718e+01 -2.357261971712636850e+00 1.493995092959568449e+00
1.892000000000000000e+03 3.341617862181360721e+01 -2.370969006555360803e+00 1.488851163623879481e+00
1.893000000000000000e+03 3.340816880676619860e+01 -2.384335258139021363e+00 1.483601304944428323e+00
1.894000000000000000e+03 3.340105670703385243e+01 -2.397354469799062304e+00 1.478247442794054844e+00
1.895000000000000000e+03 3.339481229568232123e+01 -2.410020362037321284e+00 1.472791512157076932e+00
1.896000000000000000e+03 3.338940540958512315e+01 -2.422326632493516207e+00 1.467235457141719657e+00
1.897000000000000000e+03 3.338480574923965349e+01 -2.434266955916737363e+00 1.461581230992542002e+00
1.898000000000000000e+03 3.338098287858336022e+01 -2.445834984136944001e+00 1.455830796102869584e+00
1.899000000000000000e+03 3.337790622480989100e+01 -2.457024346036451146e+00 1.449986124027220269e+00
1.900000000000000000e+03 3.337554507818521188e+01 -2.467828647521421281e+00 1.444049195493735116e+00
1.901000000000000000e+03 3.337386859186370458e+01 -2.478241471493357384e+00 1.438022000416607327e+00
1.902000000000000000e+03 3.337284578170444860e+01 -2.488256377820598164e+00 1.431906537908510302e+00
1.903000000000000000e+03 3.337244552608722614e+01 -2.497866903309805764e+00 1.425704816293028587e+00
1.904000000000000000e+03 3.337263656572871895e+01 -2.507066561677455674e+00 1.419418853117084156e+00
1.905000000000000000e+03 3.337338750349866956e+01 -2.515848843521331979e+00 1.413050675163368686e+00
1.906000000000000000e+03 3.337466680423594312e+01 -2.524207216292019051e+00 1.406602318462770063e+00
1.907000000000000000e+03 3.337644279456482366e+01 -2.532135124264393689e+00 1.400075828306802439e+00
1.908000000000000000e+03 3.337868366271098353e+01 -2.539625988509113252e+00 1.393473259260036290e+00
1.909000000000000000e+03 3.338135824713682354e+01 -2.546674508238063073e+00 1.386796737760183085e+00
1.910000000000000000e+03 3.338443840942625940e+01 -2.553280575804985020e+00 1.380048650418074230e+00
1.911000000000000000e+03 3.338789667922512194e+01 -2.559445391662104274e+00 1.373231457186032456e+00
1.912000000000000000e+03 3.339170546691570962e+01 -2.565170165725172868e+00 1.366347628915743018e+00
1.913000000000000000e+03 3.339583706345898406e+01 -2.570456117387795558e+00 1.359399647372744324e+00
1.914000000000000000e+03 3.340026364023657379e+01 -2.575304475535747262e+00 1.352390005250915017e+00
1.915000000000000000e+03 3.340495724889289164e+01 -2.579716478561298487e+00 1.345321206186962604e+00
1.916000000000000000e+03 3.340988982117727346e+01 -2.583693374377529217e+00 1.338195764774913643e+00
1.917000000000000000e+03 3.341503316878606000e+01 -2.587236420432660111e+00 1.331016206580602601e+00
1.918000000000000000e+03 3.342035898320473564e+01 -2.590346883724365501e+00 1.323785068156158928e+00
1.919000000000000000e+03 3.342583883554994628e+01 -2.593026040814098820e+00 1.316504897054496803e+00
1.920000000000000000e+03 3.343144417641170207e+01 -2.595275177841414926e+00 1.309178251843807095e+00
1.921000000000000000e+03 3.343714633569541661e+01 -2.597095590538285315e+00 1.301807702122040444e+00
1.922000000000000000e+03 3.344291652246403856e+01 -2.598488584243428878e+00 1.294395828531401449e+00
1.923000000000000000e+03 3.344872582478016199e+01 -2.599455473916625792e+00 1.286945222772834629e+00
1.924000000000000000e+03 3.345454520954808686e+01 -2.599997584153042052e+00 1.279458487620513951e+00
1.925000000000000000e+03 3.346034552235597204e+01 -2.600116249197547358e+00 1.271938236936332567e+00
1.926000000000000000e+03 3.346609748731789580e+01 -2.599812812959043651e+00 1.264387095684390117e+00
1.927000000000000000e+03 3.347177170691600168e+01 -2.599088629024777664e+00 1.256807699945483137e+00
1.928000000000000000e+03 3.347733866184259455e+01 -2.597945060674669016e+00 1.249202696931593026e+00
1.929000000000000000e+03 3.348276871084218698e+01 -2.596383480895628537e+00 1.241574745000376012e+00
1.930000000000000000e+03 3.348803209055368768e+01 -2.594405272395879702e+00 1.233926513669650005e+00
1.931000000000000000e+03 3.349309891535245498e+01 -2.592011827619283171e+00 1.226260683631886117e+00
1.932000000000000000e+03 3.349793917719237868e+01 -2.589204548759648894e+00 1.218579946768695077e+00
1.933000000000000000e+03 3.350252274544804720e+01 -2.585984847775071316e+00 1.210887006165318081e+00
1.934000000000000000e+03 3.350681936675683659e+01 -2.582354146402238815e+00 1.203184576125115424e+00
1.935000000000000000e+03 3.351079866486092840e+01 -2.578313876170760910e+00 1.195475382184052249e+00
1.936000000000000000e+03 3.351443014044955504e+01 -2.573865478417488806e+00 1.187762161125194060e+00
1.937000000000000000e+03 3.351768317100097505e+01 -2.569010404300835493e+00 1.180047660993187808e+00
1.938000000000000000e+03 3.352052701062466866e+01 -2.563750114815098069e+00 1.172334641108757625e+00
1.939000000000000000e+03 3.352293078990336994e+01 -2.558086080804778284e+00 1.164625872083187907e+00
1.940000000000000000e+03 3.352486351573521262e+01 -2.552019782978905749e+00 1.156924135832817280e+00
1.941000000000000000e+03 3.352629407117585458e+01 -2.545552711925356260e+00 1.149232225593523893e+00
1.942000000000000000e+03 3.352719121528050295e+01 -2.538686368125175896e+00 1.141552945935216279e+00
1.943000000000000000e+03 3.352752358294608115e+01 -2.531422261966901566e+00 1.133889112776321095e+00
1.944000000000000000e+03 3.352725968475335350e+01 -2.523761913760881104e+00 1.126243553398273312e+00
1.945000000000000000e+03 3.352636790680895018e+01 -2.515706853753596928e+00 1.118619106460003509e+00
1.946000000000000000e+03 3.352481651058751311e+01 -2.507258622141984361e+00 1.111018622012427626e+00
1.947000000000000000e+03 3.352257363277380620e+01 -2.498418769087755731e+00 1.103444961512936251e+00
1.948000000000000000e+03 3.351961062098903454e+01 -2.489189626324734839e+00 1.095900792670469581e+00
1.949000000000000000e+03 3.351591206868491213e+01 -2.479576628289738682e+00 1.088387972266597670e+00
1.950000000000000000e+03 3.351146585532977440e+01 -2.469586008459492277e+00 1.080908158726282764e+00
1.951000000000000000e+03 3.350625981731641190e+01 -2.459224029379481369e+00 1.073463016874328435e+00
1.952000000000000000e+03 3.350028174790973878e+01 -2.448496982702666358e+00 1.066054217943386284e+00
1.953000000000000000e+03 3.349351939719423399e+01 -2.437411189228187336e+00 1.058683439581957320e+00
1.954000000000000000e+03 3.348596047202152448e+01 -2.425972998940071790e+00 1.051352365862395999e+00
1.955000000000000000e+03 3.347759263595791879e+01 -2.414188791045948967e+00 1.044062687288916935e+00
1.956000000000000000e+03 3.346840350923192631e+01 -2.402064974015752252e+00 1.036816100805596053e+00
1.957000000000000000e+03 3.345838066868184058e+01 -2.389607985620435748e+00 1.029614309804377514e+00
1.958000000000000000e+03 3.344751164770323726e+01 -2.376824292970674879e+00 1.022459024133075767e+00
1.959000000000000000e+03 3.343578393619652900e+01 -2.363720392555580752e+00 1.015351960103380025e+00
1.960000000000000000e+03 3.342318498051452025e+01 -2.350302810281406529e+00 1.008294840498860090e+00
1.961000000000000000e+03 3.340970218340992659e+01 -2.336578101510260019e+00 1.001289394582967507e+00
1.962000000000000000e+03 3.339532290398292957e+01 -2.322552851098807380e+00 9.943373581070431566e-01
1.963000000000000000e+03 3.338003445762871024e+01 -2.308233673436987932e+00 9.874404733183191896e-01
1.964000000000000000e+03 3.336382411598496134e+01 -2.293627212486713862e+00 9.806004889679227343e-01
1.965000000000000000e+03 3.334667910687949899e+01 -2.278740141820591258e+00 9.738191603188819379e-01
1.966000000000000000e+03 3.332858661427773228e+01 -2.263579164660621146e+00 9.670982491541293413e-01
1.967000000000000000e+03 3.330953377823023231e+01 -2.248151013916907637e+00 9.604395237845048117e-01
1.968000000000000000e+03 3.328950769482027994e+01 -2.232462452226372740e+00 9.538447590567619150e-01
1.969000000000000000e+03 3.326849541611139216e+01 -2.216520271991460511e+00 9.473157363615700710e-01
1.970000000000000000e+03 3.324648395009484858e+01 -2.200331295418846977e+00 9.408542436415197052e-01
1.971000000000000000e+03 3.322346026063728175e+01 -2.183902374558150061e+00 9.344620753991264017e-01
1.972000000000000000e+03 3.319941126742814674e+01 -2.167240391340636840e+00 9.281410327048346121e-01
1.973000000000000000e+03 3.317432384592733285e+01 -2.150352257617935692e+00 9.218929232050221412e-01
1.974000000000000000e+03 3.314818482731265448e+01 -2.133244915200742220e+00 9.157195611300045224e-01
1.975000000000000000e+03 3.312098099842740595e+01 -2.115925335897527404e+00 9.096227673020382820e-01
1.976000000000000000e+03 3.309269910172790219e+01 -2.098400521553250186e+00 9.036043691433257585e-01
1.977000000000000000e+03 3.306332583523102642e+01 -2.080677504088063845e+00 8.976662006840195884e-01
1.978000000000000000e+03 3.303284785246174948e+01 -2.062763345536025028e+00 8.918101025702258600e-01
1.979000000000000000e+03 3.300125176240069891e+01 -2.044665138083804123e+00 8.860379220720092652e-01
1.980000000000000000e+03 3.296852412943166399e+01 -2.026390004109391629e+00 8.803515130913964759e-01
1.981000000000000000e+03 3.293465147328916487e+01 -2.007945096220809855e+00 8.747527361703806292e-01
1.982000000000000000e+03 3.289962026900599312e+01 -1.989337597294819959e+00 8.692434584989255919e-01
1.983000000000000000e+03 3.286341694686074533e+01 -1.970574720515632983e+00 8.638255539229701130e-01
1.984000000000000000e+03 3.282602789232530682e+01 -1.951663709413614223e+00 8.585009029524313107e-01
1.985000000000000000e+03 3.278743944601252025e+01 -1.932611837903998264e+00 8.532713927692098244e-01
1.986000000000000000e+03 3.274763790362359117e+01 -1.913426410325593574e+00 8.481389172351930794e-01
1.987000000000000000e+03 3.270661302521308045e+01 -1.894114667177663192e+00 8.431050700950040167e-01
1.988000000000000000e+03 3.266436859134673654e+01 -1.874683501493791260e+00 8.381702220977340634e-01
1.989000000000000000e+03 3.262091192459676847e+01 -1.855139740455931552e+00 8.333344370931475842e-01
1.990000000000000000e+03 3.257625038733789324e+01 -1.835490239542387769e+00 8.285977782184648088e-01
1.991000000000000000e+03 3.253039138180142942e+01 -1.815741882563653986e+00 8.239603078970425543e-01
1.992000000000000000e+03 3.248334235012951865e+01 -1.795901581698264637e+00 8.194220878370607197e-01
1.993000000000000000e+03 3.243511077442916957e+01 -1.775976277528633851e+00 8.149831790302045631e-01
1.994000000000000000e+03 3.238570417682655744e+01 -1.755972939076902772e+00 8.106436417503505298e-01
1.995000000000000000e+03 3.233513011952098282e+01 -1.735898563840779785e+00 8.064035355522470860e-01
1.996000000000000000e+03 3.228339620483921379e+01 -1.715760177829392275e+00 8.022629192702017686e-01
1.997000000000000000e+03 3.223051007528945888e+01 -1.695564835599120190e+00 7.982218510167617964e-01
1.998000000000000000e+03 3.217647941361566666e+01 -1.675319620289449807e+00 7.942803881814016753e-01
1.999000000000000000e+03 3.212131194285152702e+01 -1.655031643658811946e+00 7.904385874292034764e-01
2.000000000000000000e+03 3.206501542637478508e+01 -1.634708046120429525e+00 7.866965046995427757e-01
2.001000000000000000e+03 3.200759766796121397e+01 -1.614355996778158886e+00 7.830541952047715970e-01
2.002000000000000000e+03 3.194906651183890745e+01 -1.593982693462337119e+00 7.795117134289035743e-01
2.003000000000000000e+03 3.188942984274233439e+01 -1.573595362765623173e+00 7.760691131262957843e-01
2.004000000000000000e+03 3.182869558596654969e+01 -1.553201260078844292e+00 7.727264473203343531e-01
2.005000000000000000e+03 3.176687170742128785e+01 -1.532807669626838676e+00 7.694837683021168440e-01
2.006000000000000000e+03 3.170396621368515255e+01 -1.512421904504300807e+00 7.663411276291378638e-01
2.007000000000000000e+03 3.163998715205974577e+01 -1.492051306711624337e+00 7.632985761239710065e-01
2.008000000000000000e+03 3.157494261062383245e+01 -1.471703247190748742e+00 7.603561638729543493e-01
2.009000000000000000e+03 3.150884071828744126e+01 -1.451385125860999992e+00 7.575139402248735054e-01
2.010000000000000000e+03 3.144168964484607898e+01 -1.431104371654937424e+00 7.547719537896447894e-01
2.011000000000000000e+03 3.137349760103484186e+01 -1.410868442554196855e+00 7.521302524370008236e-01
2.012000000000000000e+03 3.130427283858255194e+01 -1.390684825625334797e+00 7.495888832951725922e-01
2.013000000000000000e+03 3.123402365026593586e+01 -1.370561037055673115e+00 7.471478927495744937e-01
2.014000000000000000e+03 3.116275836996376825e+01 -1.350504622189142134e+00 7.448073264414882821e-01
2.015000000000000000e+03 3.109048537271097601e+01 -1.330523155562126192e+00 7.425672292667448993e-01
2.016000000000000000e+03 3.101721307475285272e+01 -1.310624240939306961e+00 7.404276453744115249e-01
2.017000000000000000e+03 3.094294993359917356e+01 -1.290815511349507894e+00 7.383886181654728542e-01
2.018000000000000000e+03 3.086770444807831026e+01 -1.271104629121537322e+00 7.364501902915155940e-01
2.019000000000000000e+03 3.079148515839145617e+01 -1.251499285920035565e+00 7.346124036534137369e-01
2.020000000000000000e+03 3.071430064616669853e+01 -1.232007202781315147e+00 7.328752994000101717e-01
2.021000000000000000e+03 3.063615953451322582e+01 -1.212636130149208125e+00 7.312389179268017347e-01
2.022000000000000000e+03 3.055707048807543558e+01 -1.193393847910909411e+00 7.297032988746235960e-01
2.023000000000000000e+03 3.047704221308707417e+01 -1.174288165432818776e+00 7.282684811283310911e-01
2.024000000000000000e+03 3.039608345742546547e+01 -1.155326921596389722e+00 7.269345028154869937e-01
2.025000000000000000e+03 3.031420301066554046e+01 -1.136517984833967709e+00 7.257014013050413492e-01
2.026000000000000000e+03 3.023141136064112189e+01 -1.117868515689286024e+00 7.245689967748158988e-01
2.027000000000000000e+03 3.014772567610216569e+01 -1.099382748603154436e+00 7.235362412073511607e-01
2.028000000000000000e+03 3.006316486016305589e+01 -1.081064194173513071e+00 7.226018646881986474e-01
2.029000000000000000e+03 2.997774789716612887e+01 -1.062916375190134932e+00 7.217645914024913845e-01
2.030000000000000000e+03 2.989149385278432547e+01 -1.044942826648922241e+00 7.210231396273045767e-01
2.031000000000000000e+03 2.980442187412364774e+01 -1.027147095766199891e+00 7.203762217240137211e-01
2.032000000000000000e+03 2.971655118982576482e+01 -1.009532741993010463e+00 7.198225441306551620e-01
2.033000000000000000e+03 2.962790111017055139e+01 -9.921033370294092268e-01 7.193608073542859804e-01
2.034000000000000000e+03 2.953849102717864028e+01 -9.748624648387590463e-01 7.189897059633422183e-01
2.035000000000000000e+03 2.944834041471395736e+01 -9.578137216620247196e-01 7.187079285800002104e-01
2.036000000000000000e+03 2.935746882858630613e+01 -9.409607160320677677e-01 7.185141578725350309e-01
2.037000000000000000e+03 2.926589590665389551e+01 -9.243070687879412217e-01 7.184070705476802710e-01
2.038000000000000000e+03 2.917364136892590665e+01 -9.078564130891851880e-01 7.183853373429885947e-01
2.039000000000000000e+03 2.908072501766503137e+01 -8.916123944301203030e-01 7.184476230191900736e-01
2.040000000000000000e+03 2.898716673749002837e+01 -8.755786706541430764e-01 7.185925863525525203e-01
2.041000000000000000e+03 2.889298649547827935e+01 -8.597589119680210112e-01 7.188188801272406003e-01
2.042000000000000000e+03 2.879820434126834172e+01 -8.441568009561862818e-01 7.191251511276762765e-01
2.043000000000000000e+03 2.870284040716249763e+01 -8.287760325950318530e-01 7.195100401308974769e-01
2.044000000000000000e+03 2.860691490822929595e+01 -8.136203142672059352e-01 7.199721818989189837e-01
2.045000000000000000e+03 2.851044814240614045e+01 -7.986933657759052174e-01 7.205102051710899902e-01
2.046000000000000000e+03 2.841346049060178558e+01 -7.839989193591715422e-01 7.211227326564562112e-01
2.047000000000000000e+03 2.831597241679893884e+01 -7.695407197041860270e-01 7.218083810261173294e-01
2.048000000000000000e+03 2.821800446815679209e+01 -7.553225239615632969e-01 7.225657609055879949e-01
2.049000000000000000e+03 2.811957727511356353e+01 -7.413481017596467160e-01 7.233934768671568261e-01
2.050000000000000000e+03 2.802071155148907522e+01 -7.276212352188033972e-01 7.242901274222466323e-01
2.051000000000000000e+03 2.792142809458727370e+01 -7.141457189657181015e-01 7.252543050137726377e-01
2.052000000000000000e+03 2.782174778529882175e+01 -7.009253601476891360e-01 7.262845960085037023e-01
2.053000000000000000e+03 2.772169158820360479e+01 -6.879639784469218089e-01 7.273795806894213234e-01
2.054000000000000000e+03 2.762128055167332619e+01 -6.752654060948247716e-01 7.285378332480791919e-01
2.055000000000000000e+03 2.752053580797402432e+01 -6.628334878863025859e-01 7.297579217769623039e-01
2.056000000000000000e+03 2.741947857336864658e+01 -6.506720811940530647e-01 7.310384082618476276e-01
2.057000000000000000e+03 2.731813014821959484e+01 -6.387850559828598396e-01 7.323778485741628819e-01
2.058000000000000000e+03 2.721651191709127460e+01 -6.271762948238885915e-01 7.337747924633472030e-01
2.059000000000000000e+03 2.711464534885265110e+01 -6.158496929089803951e-01 7.352277835492085911e-01
2.060000000000000000e+03 2.701255199677979491e+01 -6.048091580649481713e-01 7.367353593142862422e-01
2.061000000000000000e+03 2.691025349865844873e+01 -5.940586107678701433e-01 7.382960510962081058e-01
2.062000000000000000e+03 2.680777157688656587e+01 -5.836019841573850675e-01 7.399083840800517731e-01
2.063000000000000000e+03 2.670512803857685924e+01 -5.734432240509867995e-01 7.415708772907035895e-01
2.064000000000000000e+03 2.660234477565936828e+01 -5.635862889583195257e-01 7.432820435852176555e-01
2.065000000000000000e+03 2.649944303411628965e+01 -5.540343059678508597e-01 7.450403673303547247e-01
2.066000000000000000e+03 2.639644121581856950e+01 -5.447870318378498222e-01 7.468442372775764282e-01
2.067000000000000000e+03 2.629335706131217165e+01 -5.358433739370596083e-01 7.486920131970136172e-01
2.068000000000000000e+03 2.619020837935313040e+01 -5.272022327289438426e-01 7.505820481408281841e-01
2.069000000000000000e+03 2.608701304698953294e+01 -5.188625017622376934e-01 7.525126884349426781e-01
2.070000000000000000e+03 2.598378900964349825e+01 -5.108230676614995414e-01 7.544822736707746946e-01
2.071000000000000000e+03 2.588055428119318790e+01 -5.030828101176627598e-01 7.564891366969674902e-01
2.072000000000000000e+03 2.577732694405481695e+01 -4.956406018785872725e-01 7.585316036111224847e-01
2.073000000000000000e+03 2.567412514926458300e+01 -4.884953087396100568e-01 7.606079937515299871e-01
2.074000000000000000e+03 2.557096711656075527e+01 -4.816457895340990336e-01 7.627166196889033634e-01
2.075000000000000000e+03 2.546787113446556461e+01 -4.750908961240019046e-01 7.648557872181088735e-01
2.076000000000000000e+03 2.536485556036731026e+01 -4.688294733903998202e-01 7.670237953498991734e-01
2.077000000000000000e+03 2.526193882060225349e+01 -4.628603592240578268e-01 7.692189363026437077e-01
2.078000000000000000e+03 2.515913941053666747e+01 -4.571823845159767585e-01 7.714394954940623217e-01
2.079000000000000000e+03 2.505647589464883396e+01 -4.517943731479453495e-01 7.736837515329566539e-01
2.080000000000000000e+03 2.495396690661100081e+01 -4.466951419830904602e-01 7.759499762109406396e-01
2.081000000000000000e+03 2.485163114937143192e+01 -4.418835008564300226e-01 7.782364344941754553e-01
2.082000000000000000e+03 2.474948739523632213e+01 -4.373582525654238218e-01 7.805413845150982466e-01
2.083000000000000000e+03 2.464755448595189335e+01 -4.331181928605254416e-01 7.828630775641567396e-01
2.084000000000000000e+03 2.454585133278629527e+01 -4.291621104357336569e-01 7.851997580815388567e-01
2.085000000000000000e+03 2.444439691661165881e+01 -4.254887869191438243e-01 7.875496636489071056e-01
2.086000000000000000e+03 2.434321028798605013e+01 -4.220969968634997183e-01 7.899110249811281959e-01
2.087000000000000000e+03 2.424231056723551347e+01 -4.189855077367452552e-01 7.922820659180069836e-01
2.088000000000000000e+03 2.414171694453604644e+01 -4.161530799125758295e-01 7.946610034160171976e-01
2.089000000000000000e+03 2.404144867999553270e+01 -4.135984666609893168e-01 7.970460475400331646e-01
2.090000000000000000e+03 2.394152510373584875e+01 -4.113204141388391299e-01 7.994354014550633103e-01
2.091000000000000000e+03 2.384196561597477881e+01 -4.093176613803843344e-01 8.018272614179804414e-01
2.092000000000000000e+03 2.374278968710801863e+01 -4.075889402878414836e-01 8.042198167692544697e-01
2.093000000000000000e+03 2.364401685779121465e+01 -4.061329756219372866e-01 8.066112499246848033e-01
2.094000000000000000e+03 2.354566673902188612e+01 -4.049484849924586127e-01 8.089997363671315167e-01
2.095000000000000000e+03 2.344775901222150338e+01 -4.040341788488052699e-01 8.113834446382471866e-01
2.096000000000000000e+03 2.335031342931740639e+01 -4.033887604705407859e-01 8.137605363302100603e-01
2.097000000000000000e+03 2.325334981282484748e+01 -4.030109259579445213e-01 8.161291660774540047e-01
2.098000000000000000e+03 2.315688805592895960e+01 -4.028993642225627281e-01 8.184874815484030064e-01
2.099000000000000000e+03 2.306094812256678850e+01 -4.030527569777609953e-01 8.208336234372007878e-01
2.100000000000000000e+03 2.296555004750922180e+01 -4.034697787292745863e-01 8.231657254554447523e-01
2.101000000000000000e+03 2.287071393644306028e+01 -4.041490967657610511e-01 8.254819143239158219e-01
2.102000000000000000e+03 2.277645996605295053e+01 -4.050893711493510074e-01 8.277803097643120500e-01
2.103000000000000000e+03 2.268280838410341360e+01 -4.062892547062006421e-01 8.300590244909804571e-01
2.104000000000000000e+03 2.258977730323629629e+01 -4.077469345791913113e-01 8.323163115241779542e-01
2.105000000000000000e+03 2.249737606542142387e+01 -4.094587534187101308e-01 8.345510072667117196e-01
2.106000000000000000e+03 2.240561183150395408e+01 -4.114205785802796944e-01 8.367620914934276177e-01
2.107000000000000000e+03 2.231449178331977734e+01 -4.136282596696063685e-01 8.389485403052845403e-01
2.108000000000000000e+03 2.222402312371761113e+01 -4.160776285207100633e-01 8.411093261250758291e-01
2.109000000000000000e+03 2.213421307658130743e+01 -4.187644991740550604e-01 8.432434176931554726e-01
2.110000000000000000e+03 2.204506888685202171e+01 -4.216846678546798399e-01 8.453497800631593062e-01
2.111000000000000000e+03 2.195659782055042797e+01 -4.248339129503277967e-01 8.474273745977298766e-01
2.112000000000000000e+03 2.186880716479897302e+01 -4.282079949895778448e-01 8.494751589642399736e-01
2.113000000000000000e+03 2.178170422784404181e+01 -4.318026566199742455e-01 8.514920871305162731e-01
2.114000000000000000e+03 2.169529633907821520e+01 -4.356136225861569344e-01 8.534771093605614256e-01
2.115000000000000000e+03 2.160959084906246019e+01 -4.396365997079926258e-01 8.554291722102803641e-01
2.116000000000000000e+03 2.152459512954834864e+01 -4.438672768587043072e-01 8.573472185232012821e-01
2.117000000000000000e+03 2.144031657350029363e+01 -4.483013249430019553e-01 8.592301874262004979e-01
2.118000000000000000e+03 2.135676259511775399e+01 -4.529343968752135297e-01 8.610770143252264308e-01
2.119000000000000000e+03 2.127394062985741741e+01 -4.577621275574136339e-01 8.628866309010218005e-01
2.120000000000000000e+03 2.119185813445549371e+01 -4.627801338575559531e-01 8.646579651048488246e-01
2.121000000000000000e+03 2.111052258694984118e+01 -4.679840145876023039e-01 8.663899411542108631e-01
2.122000000000000000e+03 2.102994148670225627e+01 -4.733693504816529618e-01 8.680814795285779484e-01
2.123000000000000000e+03 2.095012235442064608e+01 -4.789317041740779324e-01 8.697314969651097627e-01
2.124000000000000000e+03 2.087107273218126124e+01 -4.846666201776462790e-01 8.713389064543780593e-01
2.125000000000000000e+03 2.079280018345089687e+01 -4.905696248616572275e-01 8.729026172360919711e-01
2.126000000000000000e+03 2.071531229310913957e+01 -4.966362264300700491e-01 8.744215347948202099e-01
2.127000000000000000e+03 2.063861666747055068e+01 -5.028619148996348320e-01 8.758945608557153761e-01
2.128000000000000000e+03 2.056272093430690617e+01 -5.092421620780223090e-01 8.773205933802377121e-01
2.129000000000000000e+03 2.048763274286939051e+01 -5.157724215419550173e-01 8.786985265618783014e-01
2.130000000000000000e+03 2.041335976391082951e+01 -5.224481286153368487e-01 8.800272508218821566e-01
2.131000000000000000e+03 2.033990968970790547e+01 -5.292647003473834877e-01 8.813056528049726390e-01
2.132000000000000000e+03 2.026729023408337937e+01 -5.362175354907536828e-01 8.825326153750754354e-01
2.133000000000000000e+03 2.019550913242826695e+01 -5.433020144796785189e-01 8.837070176110405351e-01
2.134000000000000000e+03 2.012457414172411418e+01 -5.505134994080922439e-01 8.848277348023667610e-01
2.135000000000000000e+03 2.005449304056516269e+01 -5.578473340077624298e-01 8.858936384449257462e-01
2.136000000000000000e+03 1.998527362918060746e+01 -5.652988436264207994e-01 8.869035962366850212e-01
2.137000000000000000e+03 1.991692372945678713e+01 -5.728633352058933870e-01 8.878564720734318794e-01
2.138000000000000000e+03 1.984945118495938843e+01 -5.805360972602301439e-01 8.887511260444955763e-01
2.139000000000000000e+03 1.978286386095570037e+01 -5.883123998538364319e-01 8.895864144284737485e-01
2.140000000000000000e+03 1.971716964443680453e+01 -5.961874945796029612e-01 8.903611896889530586e-01
2.141000000000000000e+03 1.965237644413979012e+01 -6.041566145370357299e-01 8.910743004702348369e-01
2.142000000000000000e+03 1.958849219056999047e+01 -6.122149743103871833e-01 8.917245915930571698e-01
2.143000000000000000e+03 1.952552269437193999e+01 -6.203578655525426866e-01 8.923111049061600575e-01
2.144000000000000000e+03 1.946346520540805969e+01 -6.285809444942329627e-01 8.928336833491553604e-01
2.145000000000000000e+03 1.940231480972693490e+01 -6.368799463551798601e-01 8.932923710074281987e-01
2.146000000000000000e+03 1.934206656718615491e+01 -6.452505898972951126e-01 8.936872126319116427e-01
2.147000000000000000e+03 1.928271551141856932e+01 -6.536885774053071696e-01 8.940182536400543833e-01
2.148000000000000000e+03 1.922425664979861182e+01 -6.621895946673886924e-01 8.942855401167918439e-01
2.149000000000000000e+03 1.916668496340853878e+01 -6.707493109557838284e-01 8.944891188155138506e-01
2.150000000000000000e+03 1.910999540700473531e+01 -6.793633790074352641e-01 8.946290371590356338e-01
2.151000000000000000e+03 1.905418290898397515e+01 -6.880274350046123866e-01 8.947053432405661644e-01
2.152000000000000000e+03 1.899924237134973737e+01 -6.967370985555381147e-01 8.947180858246785995e-01
2.153000000000000000e+03 1.894516866967845559e+01 -7.054879726750160618e-01 8.946673143482792856e-01
2.154000000000000000e+03 1.889195665308579564e+01 -7.142756437650581436e-01 8.945530789215767609e-01
2.155000000000000000e+03 1.883960114419297227e+01 -7.230956815955125183e-01 8.943754303290517571e-01
2.156000000000000000e+03 1.878809693909298772e+01 -7.319436392846889738e-01 8.941344200304269796e-01
2.157000000000000000e+03 1.873743880731695199e+01 -7.408150532799895327e-01 8.938301001616357766e-01
2.158000000000000000e+03 1.868762149180032850e+01 -7.497054433385325067e-01 8.934625235357920303e-01
2.159000000000000000e+03 1.863863970884925436e+01 -7.586103125077821030e-01 8.930317436441602696e-01
2.160000000000000000e+03 1.859048814810677186e+01 -7.675251471061742548e-01 8.925378146571231186e-01
2.161000000000000000e+03 1.854316147251915936e+01 -7.764454167037456722e-01 8.919807914251536296e-01
2.162000000000000000e+03 1.849665431830217699e+01 -7.853665741027595626e-01 8.913607294797817326e-01
2.163000000000000000e+03 1.845096129490736203e+01 -7.942840553183332375e-01 8.906776850345664576e-01
2.164000000000000000e+03 1.840607698498832434e+01 -8.031932795590674967e-01 8.899317149860633824e-01
2.165000000000000000e+03 1.836199594436699911e+01 -8.120896492076704609e-01 8.891228769147950795e-01
2.166000000000000000e+03 1.831871270199994228e+01 -8.209685498015881766e-01 8.882512290862205617e-01
2.167000000000000000e+03 1.827622175994461173e+01 -8.298253500136301142e-01 8.873168304517039529e-01
2.168000000000000000e+03 1.823451759332564848e+01 -8.386554016325972194e-01 8.863197406494851549e-01
2.169000000000000000e+03 1.819359465030116141e+01 -8.474540395439090767e-01 8.852600200056484070e-01
2.170000000000000000e+03 1.815344735202898718e+01 -8.562165817102311838e-01 8.841377295350919541e-01
2.171000000000000000e+03 1.811407009263301404e+01 -8.649383291521026695e-01 8.829529309424977157e-01
2.172000000000000000e+03 1.807545723916942038e+01 -8.736145659285633469e-01 8.817056866233008439e-01
2.173000000000000000e+03 1.803760313159297368e+01 -8.822405591177809869e-01 8.803960596646585035e-01
2.174000000000000000e+03 1.800050208272330465e+01 -8.908115587976787042e-01 8.790241138464202075e-01
2.175000000000000000e+03 1.796414837821122035e+01 -8.993227980265633414e-01 8.775899136420968194e-01
2.176000000000000000e+03 1.792853627650493209e+01 -9.077694928237507455e-01 8.760935242198298889e-01
2.177000000000000000e+03 1.789366000881638286e+01 -9.161468421501949289e-01 8.745350114433619870e-01
2.178000000000000000e+03 1.785951377908748583e+01 -9.244500278891145673e-01 8.729144418730042654e-01
2.179000000000000000e+03 1.782609176395645889e+01 -9.326742148266208288e-01 8.712318827666081233e-01
2.180000000000000000e+03 1.779338811272405607e+01 -9.408145506323445373e-01 8.694874020805333226e-01
2.181000000000000000e+03 1.776139694731987717e+01 -9.488661658400635579e-01 8.676810684706185439e-01
2.182000000000000000e+03 1.773011142943624208e+01 -9.568246559498210235e-01 8.658130839328773698e-01
2.183000000000000000e+03 1.769952095515710866e+01 -9.646875313082923231e-01 8.638841826962666559e-01
2.184000000000000000e+03 1.766961394144057351e+01 -9.724527769171112945e-01 8.618952350080388847e-01
2.185000000000000000e+03 1.764037875718521420e+01 -9.801183711873627802e-01 8.598471147413128124e-01
2.186000000000000000e+03 1.761180372317283371e+01 -9.876822859323529658e-01 8.577406993993827999e-01
2.187000000000000000e+03 1.758387711201126535e+01 -9.951424863603851589e-01 8.555768701200302528e-01
2.188000000000000000e+03 1.755658714807713494e+01 -1.002496931067531794e+00 8.533565116798348393e-01
2.189000000000000000e+03 1.752992200745866924e+01 -1.009743572030409098e+00 8.510805124984860415e-01
2.190000000000000000e+03 1.750386981789841201e+01 -1.016880354598946434e+00 8.487497646430915976e-01
2.191000000000000000e+03 1.747841865873611411e+01 -1.023905217489164743e+00 8.463651638324924953e-01
2.192000000000000000e+03 1.745355656085139628e+01 -1.030816092775947102e+00 8.439276094415701923e-01
2.193000000000000000e+03 1.742927150660662150e+01 -1.037610905885811174e+00 8.414380045055609436e-01
2.194000000000000000e+03 1.740555142978961101e+01 -1.044287575589683437e+00 8.388972557243631334e-01
2.195000000000000000e+03 1.738238421555647051e+01 -1.050844013995674286e+00 8.363062734668520459e-01
2.196000000000000000e+03 1.735975770037434884e+01 -1.057278126541847607e+00 8.336659717751880860e-01
2.197000000000000000e+03 1.733765967196421443e+01 -1.063587811988996101e+00 8.309772683691295514e-01
2.198000000000000000e+03 1.731607786924364945e+01 -1.069770962413415294e+00 8.282410846503418522e-01
2.199000000000000000e+03 1.729499998226963342e+01 -1.075825463199675314e+00 8.254583457067107277e-01
2.200000000000000000e+03 1.727441365218130542e+01 -1.081749193033394230e+00 8.226299803166512437e-01
2.201000000000000000e+03 1.725430647114275828e+01 -1.087540023894012498e+00 8.197569209534201207e-01
2.202000000000000000e+03 1.723466598228581148e+01 -1.093195821047564520e+00 8.168401037894258421e-01
2.203000000000000000e+03 1.721547967965281600e+01 -1.098714443039453981e+00 8.138804687005402050e-01
2.204000000000000000e+03 1.719673500813938816e+01 -1.104093741687224295e+00 8.108789592704097604e-01
2.205000000000000000e+03 1.717841936343723575e+01 -1.109331562073334609e+00 8.078365227947649219e-01
2.206000000000000000e+03 1.716052009197691675e+01 -1.114425742537931807e+00 8.047541102857337370e-01
2.207000000000000000e+03 1.714302449087062286e+01 -1.119374114671623621e+00 8.016326764761504409e-01
2.208000000000000000e+03 1.712591980785496304e+01 -1.124174503308251527e+00 7.984731798238677847e-01
2.209000000000000000e+03 1.710919324123374352e+01 -1.128824726517665855e+00 7.952765825160678093e-01
2.210000000000000000e+03 1.709283193982074067e+01 -1.133322595598496907e+00 7.920438504735727303e-01
2.211000000000000000e+03 1.707682300288250232e+01 -1.137665915070928735e+00 7.887759533551558233e-01
2.212000000000000000e+03 1.706115348008110288e+01 -1.141852482669473368e+00 7.854738645618526416e-01
2.213000000000000000e+03 1.704581037141694466e+01 -1.145880089335743479e+00 7.821385612412717903e-01
2.214000000000000000e+03 1.703078062717152363e+01 -1.149746519211224394e+00 7.787710242919068104e-01
2.215000000000000000e+03 1.701605114785021655e+01 -1.153449549630049864e+00 7.753722383674448437e-01
2.216000000000000000e+03 1.700160878412506449e+01 -1.156986951111772965e+00 7.719431918810812920e-01
2.217000000000000000e+03 1.698744033677755638e+01 -1.160356487354141208e+00 7.684848770098273718e-01
2.218000000000000000e+03 1.697353255664139482e+01 -1.163555915225867876e+00 7.649982896988227754e-01
2.219000000000000000e+03 1.695987214454529024e+01 -1.166582984759406250e+00 7.614844296656468892e-01
2.220000000000000000e+03 1.694644575125574093e+01 -1.169435439143724276e+00 7.579443004046287902e-01
2.221000000000000000e+03 1.693324048834769258e+01 -1.172111529829397147e+00 7.543789141680737886e-01
2.222000000000000000e+03 1.692024546461170686e+01 -1.174611565569199101e+00 7.507893069371726069e-01
2.223000000000000000e+03 1.690745025965990322e+01 -1.176936373573532757e+00 7.471765235583653908e-01
2.224000000000000000e+03 1.689484441387280356e+01 -1.179086785330490939e+00 7.435416127798161190e-01
2.225000000000000000e+03 1.688241742835456449e+01 -1.181063636611157541e+00 7.398856272558456126e-01
2.226000000000000000e+03 1.687015876488814570e+01 -1.182867767474901965e+00 7.362096235513626574e-01
2.227000000000000000e+03 1.685805784589056344e+01 -1.184500022274682651e+00 7.325146621462963470e-01
2.228000000000000000e+03 1.684610405436805181e+01 -1.185961249662342398e+00 7.288018074400279822e-01
2.229000000000000000e+03 1.683428673387127716e+01 -1.187252302593907238e+00 7.250721277558229705e-01
2.230000000000000000e+03 1.682259518845055624e+01 -1.188374038334887084e+00 7.213266953452633912e-01
2.231000000000000000e+03 1.681101868261105992e+01 -1.189327318465571937e+00 7.175665863926795618e-01
2.232000000000000000e+03 1.679954644126798868e+01 -1.190113008886331869e+00 7.137928810195818263e-01
2.233000000000000000e+03 1.678816764970182618e+01 -1.190731979822915676e+00 7.100066632890936758e-01
2.234000000000000000e+03 1.677687145351348263e+01 -1.191185105831748414e+00 7.062090212103819820e-01
2.235000000000000000e+03 1.676564695857955911e+01 -1.191473265805232051e+00 7.024010467430908955e-01
2.236000000000000000e+03 1.675448323100751580e+01 -1.191597342977040563e+00 6.985838358017727456e-01
2.237000000000000000e+03 1.674336929709088650e+01 -1.191558224927423693e+00 6.947584882603197176e-01
2.238000000000000000e+03 1.673229414326447539e+01 -1.191356803588500046e+00 6.909261079563978614e-01
2.239000000000000000e+03 1.672124671605957857e+01 -1.190993975249559522e+00 6.870878026958762153e-01
2.240000000000000000e+03 1.671021592205917017e+01 -1.190470640562360627e+00 6.832446842572615919e-01
2.241000000000000000e+03 1.669919062785311326e+01 -1.189787704546429126e+00 6.793978683961283682e-01
2.242000000000000000e+03 1.668815965999337081e+01 -1.188946076594356249e+00 6.755484748495520497e-01
2.243000000000000000e+03 1.667711180494920242e+01 -1.187946670477098676e+00 6.716976273405407261e-01
2.244000000000000000e+03 1.666603580906236814e+01 -1.186790404349275629e+00 6.678464535824669701e-01
2.245000000000000000e+03 1.665492037850233942e+01 -1.185478200754467748e+00 6.639960852834998484e-01
2.246000000000000000e+03 1.664375417922149580e+01 -1.184010986630516626e+00 6.601476581510372643e-01
2.247000000000000000e+03 1.663252583691033948e+01 -1.182389693314823242e+00 6.563023118961378577e-01
2.248000000000000000e+03 1.662122393695268485e+01 -1.180615256549645498e+00 6.524611902379531259e-01
2.249000000000000000e+03 1.660983702438086596e+01 -1.178688616487397312e+00 6.486254409081584349e-01
2.250000000000000000e+03 1.659835360383096869e+01 -1.176610717695948161e+00 6.447962156553870283e-01
2.251000000000000000e+03 1.658676213949798850e+01 -1.174382509163920840e+00 6.409746702496604831e-01
2.252000000000000000e+03 1.657505105509106613e+01 -1.172004944305989893e+00 6.371619644868204979e-01
2.253000000000000000e+03 1.656320873378869507e+01 -1.169478980968180926e+00 6.333592621929626798e-01
2.254000000000000000e+03 1.655122351819390047e+01 -1.166805581433168149e+00 6.295677312288666672e-01
2.255000000000000000e+03 1.653908371028946434e+01 -1.163985712425574803e+00 6.257885434944291392e-01
2.256000000000000000e+03 1.652677757139312220e+01 -1.161020345117269814e+00 6.220228749330958262e-01
2.257000000000000000e+03 1.651429332211277767e+01 -1.157910455132668215e+00 6.182719055362934091e-01
2.258000000000000000e+03 1.650161914230168136e+01 -1.154657022554027135e+00 6.145368193478609742e-01
2.259000000000000000e+03 1.648874317101367026e+01 -1.151261031926748002e+00 6.108188044684831342e-01
2.260000000000000000e+03 1.647565486020407022e+01 -1.147723734154386444e+00 6.071189559121537016e-01
2.261000000000000000e+03 1.646234904550615497e+01 -1.144047434027182453e+00 6.034379834789325159e-01
2.262000000000000000e+03 1.644882190173553127e+01 -1.140234707805634295e+00 5.997765019986498469e-01
2.263000000000000000e+03 1.643506959152580293e+01 -1.136288141805446017e+00 5.961351283091953501e-01
2.264000000000000000e+03 1.642108826531560339e+01 -1.132210332408978060e+00 5.925144812586691234e-01
2.265000000000000000e+03 1.640687406133556792e+01 -1.128003886076694773e+00 5.889151817075310991e-01
2.266000000000000000e+03 1.639242310559533067e+01 -1.123671419358613477e+00 5.853378525307526559e-01
2.267000000000000000e+03 1.637773151187052889e+01 -1.119215558905753305e+00 5.817831186199673432e-01
2.268000000000000000e+03 1.636279538168977865e+01 -1.114638941481584489e+00 5.782516068856201619e-01
2.269000000000000000e+03 1.634761080432171809e+01 -1.109944213973476979e+00 5.747439462591200643e-01
2.270000000000000000e+03 1.633217385676192990e+01 -1.105134033404148841e+00 5.712607676949889024e-01
2.271000000000000000e+03 1.631648060372001297e+01 -1.100211066943115545e+00 5.678027041730125957e-01
2.272000000000000000e+03 1.630052709760651553e+01 -1.095177991918138805e+00 5.643703907003925213e-01
2.273000000000000000e+03 1.628430937851997840e+01 -1.090037495826674530e+00 5.609644643138942399e-01
2.274000000000000000e+03 1.626782347423390362e+01 -1.084792276347323670e+00 5.575855640820003289e-01
2.275000000000000000e+03 1.625106540018375156e+01 -1.079445041351279500e+00 5.542343311070596634e-01
2.276000000000000000e+03 1.623403115945394859e+01 -1.073998508913775352e+00 5.509114085274376960e-01
2.277000000000000000e+03 1.621671674276488062e+01 -1.068455407325537454e+00 5.476174415196681800e-01
2.278000000000000000e+03 1.619911812845986177e+01 -1.062818475104228444e+00 5.443530773006028944e-01
2.279000000000000000e+03 1.618123128249219533e+01 -1.057090461005900872e+00 5.411189651295627012e-01
2.280000000000000000e+03 1.616305215841208209e+01 -1.051274124036443380e+00 5.379157563104879358e-01
2.281000000000000000e+03 1.614457669735368484e+01 -1.045372233463030209e+00 5.347441041940890205e-01
2.282000000000000000e+03 1.612580082802210413e+01 -1.039387568825570263e+00 5.316046641799970773e-01
2.283000000000000000e+03 1.610672046668035051e+01 -1.033322919948155505e+00 5.284980937189145411e-01
2.284000000000000000e+03 1.608733151713638421e+01 -1.027181086950510469e+00 5.254250523147657725e-01
2.285000000000000000e+03 1.606762987073006244e+01 -1.020964880259440655e+00 5.223862015268478931e-01
2.286000000000000000e+03 1.604761140632018268e+01 -1.014677120620280926e+00 5.193822049719805101e-01
2.287000000000000000e+03 1.602727199027143001e+01 -1.008320639108345240e+00 5.164137283266575507e-01
2.288000000000000000e+03 1.600660747644142390e+01 -1.001898277140374605e+00 5.134814393291969870e-01
2.289000000000000000e+03 1.598561370616766908e+01 -9.954128864859872472e-01 5.105860077818915599e-01
2.290000000000000000e+03 1.596428650825457751e+01 -9.888673292791263503e-01 5.077281055531597254e-01
2.291000000000000000e+03 1.594262169896045656e+01 -9.822644780295080036e-01 5.049084065796960452e-01
2.292000000000000000e+03 1.592061508198449360e+01 -9.756072156340720447e-01 5.021275868686214672e-01
2.293000000000000000e+03 1.589826244845378689e+01 -9.688984353884304568e-01 4.993863244996346595e-01
2.294000000000000000e+03 1.587555957691029995e+01 -9.621410409983151002e-01 4.966852996271618470e-01
2.295000000000000000e+03 1.585250223329786756e+01 -9.553379465910269985e-01 4.940251944825078123e-01
2.296000000000000000e+03 1.582908617094922299e+01 -9.484920767268860686e-01 4.914066933760063982e-01
2.297000000000000000e+03 1.580530713057294534e+01 -9.416063664106788522e-01 4.888304826991713981e-01
2.298000000000000000e+03 1.578116084024049570e+01 -9.346837611031075799e-01 4.862972509268462251e-01
2.299000000000000000e+03 1.575664428064796141e+01 -9.277271342898506523e-01 4.838075640439625236e-01
2.300000000000000000e+03 1.573175948973313787e+01 -9.207390395920806991e-01 4.813614909545198550e-01
2.301000000000000000e+03 1.570650978226114880e+01 -9.137219571001574669e-01 4.789589756914167662e-01
2.302000000000000000e+03 1.568089848676539155e+01 -9.066783756822469620e-01 4.765999617745607098e-01
2.303000000000000000e+03 1.565492894556323122e+01 -8.996107929938998993e-01 4.742843922101925846e-01
2.304000000000000000e+03 1.562860451477174806e+01 -8.925217154876298187e-01 4.720122094902096110e-01
2.305000000000000000e+03 1.560192856432339070e+01 -8.854136584224895357e-01 4.697833555914885939e-01
2.306000000000000000e+03 1.557490447798173250e+01 -8.782891458736512558e-01 4.675977719752104078e-01
2.307000000000000000e+03 1.554753565335716381e+01 -8.711507107419822482e-01 4.654553995861816507e-01
2.308000000000000000e+03 1.551982550192260746e+01 -8.640008947636242942e-01 4.633561788521605718e-01
2.309000000000000000e+03 1.549177744902922171e+01 -8.568422485195710259e-01 4.613000496831779484e-01
2.310000000000000000e+03 1.546339493392211573e+01 -8.496773314452451542e-01 4.592869514708626255e-01
2.311000000000000000e+03 1.543468140975605607e+01 -8.425087118400770292e-01 4.573168230877635021e-01
2.312000000000000000e+03 1.540564034361118040e+01 -8.353389668770833110e-01 4.553896028866740164e-01
2.313000000000000000e+03 1.537627521650870754e+01 -8.281706826124427545e-01 4.535052286999551319e-01
2.314000000000000000e+03 1.534658952342664762e+01 -8.210064539950764351e-01 4.516636378388585449e-01
2.315000000000000000e+03 1.531658677331550145e+01 -8.138488848762233108e-01 4.498647670928510589e-01
2.316000000000000000e+03 1.528627048911399200e+01 -8.067005880190200040e-01 4.481085527289367931e-01
2.317000000000000000e+03 1.525564420776475849e+01 -7.995641851080778073e-01 4.463949304909821114e-01
2.318000000000000000e+03 1.522471148023006826e+01 -7.924423067590607994e-01 4.447238355990373870e-01
2.319000000000000000e+03 1.519347587150752155e+01 -7.853375925282630732e-01 4.430952027486618761e-01
2.320000000000000000e+03 1.516194096064579355e+01 -7.782526909221879619e-01 4.415089661102465923e-01
2.321000000000000000e+03 1.513011034076028594e+01 -7.711902594071242678e-01 4.399650593283377931e-01
2.322000000000000000e+03 1.509798761904890441e+01 -7.641529644187251558e-01 4.384634155209605200e-01
2.323000000000000000e+03 1.506557641680771198e+01 -7.571434813715863799e-01 4.370039672789420848e-01
2.324000000000000000e+03 1.503288036944667283e+01 -7.501644946688230675e-01 4.355866466652352775e-01
2.325000000000000000e+03 1.499990312650534463e+01 -7.432186977116482796e-01 4.342113852142421293e-01
2.326000000000000000e+03 1.496664835166860463e+01 -7.363087929089506822e-01 4.328781139311372317e-01
2.327000000000000000e+03 1.493311972278235267e+01 -7.294374916868725522e-01 4.315867632911913332e-01
2.328000000000000000e+03 1.489932093186920525e+01 -7.226075144983876708e-01 4.303372632390946584e-01
2.329000000000000000e+03 1.486525568514423412e+01 -7.158215908328788846e-01 4.291295431882801714e-01
2.330000000000000000e+03 1.483092770303066033e+01 -7.090824592257162218e-01 4.279635320202476167e-01
2.331000000000000000e+03 1.479634072017556257e+01 -7.023928672678351193e-01 4.268391580838866162e-01
2.332000000000000000e+03 1.476149848546559085e+01 -6.957555716153135394e-01 4.257563491947999323e-01
2.333000000000000000e+03 1.472640476204267657e+01 -6.891733379989504193e-01 4.247150326346271210e-01
2.334000000000000000e+03 1.469106332731975506e+01 -6.826489412338428986e-01 4.237151351503684604e-01
2.335000000000000000e+03 1.465547797299644017e+01 -6.761851652289654346e-01 4.227565829537075492e-01
2.336000000000000000e+03 1.461965250507477876e+01 -6.697848029967463646e-01 4.218393017203350692e-01
2.337000000000000000e+03 1.458359074387493237e+01 -6.634506566626464652e-01 4.209632165892730482e-01
2.338000000000000000e+03 1.454729700460445763e+01 -6.571852351772595746e-01 4.201281734573092952e-01
2.339000000000000000e+03 1.451077754232337114e+01 -6.509898453647012806e-01 4.193337023250454099e-01
2.340000000000000000e+03 1.447403911605903026e+01 -6.448654952013018749e-01 4.185792524675320814e-01
2.341000000000000000e+03 1.443708850910045527e+01 -6.388131955991704913e-01 4.178642710021864271e-01
2.342000000000000000e+03 1.439993252902460519e+01 -6.328339604091394177e-01 4.171882028863884151e-01
2.343000000000000000e+03 1.436257800772259507e+01 -6.269288064237080738e-01 4.165504909150768431e-01
2.344000000000000000e+03 1.432503180142598609e+01 -6.210987533799874338e-01 4.159505757183462604e-01
2.345000000000000000e+03 1.428730079073302406e+01 -6.153448239626448935e-01 4.153878957590431686e-01
2.346000000000000000e+03 1.424939188063489048e+01 -6.096680438068479146e-01 4.148618873303621113e-01
2.347000000000000000e+03 1.421131200054198196e+01 -6.040694415012098917e-01 4.143719845534428736e-01
2.348000000000000000e+03 1.417306810431012387e+01 -5.985500485907320201e-01 4.139176193749657950e-01
2.349000000000000000e+03 1.413466717026686581e+01 -5.931108995797506056e-01 4.134982215647489134e-01
2.350000000000000000e+03 1.409611620123772191e+01 -5.877530319348794885e-01 4.131132187133444433e-01
2.351000000000000000e+03 1.405742222457241475e+01 -5.824774860879546878e-01 4.127620362296345879e-01
2.352000000000000000e+03 1.401859229217114766e+01 -5.772853054389799343e-01 4.124440973384285170e-01
2.353000000000000000e+03 1.397963348051085397e+01 -5.721775363590697605e-01 4.121588230780583451e-01
2.354000000000000000e+03 1.394055289067143377e+01 -5.671552281933944784e-01 4.119056322979754992e-01
2.355000000000000000e+03 1.390135764836205468e+01 -5.622194332641247128e-01 4.116839416563480847e-01
2.356000000000000000e+03 1.386205490394735484e+01 -5.573712068733753799e-01 4.114931656176554209e-01
2.357000000000000000e+03 1.382265183247372953e+01 -5.526116073061506651e-01 4.113327164502864064e-01
2.358000000000000000e+03 1.378315563369558028e+01 -5.479416958332875565e-01 4.112020042241346651e-01
2.359000000000000000e+03 1.374357353210156774e+01 -5.433625367144012674e-01 4.111004368081953020e-01
2.360000000000000000e+03 1.370391277694086440e+01 -5.388751972008288815e-01 4.110274198681616031e-01
2.361000000000000000e+03 1.366418064224941276e+01 -5.344807475385742190e-01 4.109823568640208480e-01
2.362000000000000000e+03 1.362438442687617801e+01 -5.301802609712518155e-01 4.109646490476510095e-01
2.363000000000000000e+03 1.358453145450940980e+01 -5.259748137430314552e-01 4.109736954604173986e-01
2.364000000000000000e+03 1.354462907370289848e+01 -5.218654851015832596e-01 4.110088929307687544e-01
2.365000000000000000e+03 1.350468465790220840e+01 -5.178533573010204449e-01 4.110696360718333331e-01
2.366000000000000000e+03 1.346470560547095907e+01 -5.139395156048456315e-01 4.111553172790162747e-01
2.367000000000000000e+03 1.342469933971707619e+01 -5.101250482888943782e-01 4.112653267275951929e-01
2.368000000000000000e+03 1.338467330891903018e+01 -5.064110466442787173e-01 4.113990523703163760e-01
2.369000000000000000e+03 1.334463498635210499e+01 -5.027986049803333524e-01 4.115558799349922081e-01
2.370000000000000000e+03 1.330459187031465618e+01 -4.992888206275589158e-01 4.117351929220963713e-01
2.371000000000000000e+03 1.326455148415435126e+01 -4.958827939405660579e-01 4.119363726023614891e-01
2.372000000000000000e+03 1.322452137629444380e+01 -4.925816283010207575e-01 4.121587980143744390e-01
2.373000000000000000e+03 1.318450912026001376e+01 -4.893864301205884115e-01 4.124018459621729416e-01
2.374000000000000000e+03 1.314452231470422383e+01 -4.862983088438780910e-01 4.126648910128428716e-01
2.375000000000000000e+03 1.310456858343458464e+01 -4.833183769513868522e-01 4.129473054941134591e-01
2.376000000000000000e+03 1.306465557543920220e+01 -4.804477499624442705e-01 4.132484594919543786e-01
2.377000000000000000e+03 1.302479056441829819e+01 -4.776872399271746561e-01 4.135677193995753176e-01
2.378000000000000000e+03 1.298497924463048037e+01 -4.750364338333150083e-01 4.139044435594820270e-01
2.379000000000000000e+03 1.294522692768171268e+01 -4.724946095286163827e-01 4.142579865897851876e-01
2.380000000000000000e+03 1.290553894236426480e+01 -4.700610417127933927e-01 4.146277008279254384e-01
2.381000000000000000e+03 1.286592063467447922e+01 -4.677350019339628351e-01 4.150129363282398787e-01
2.382000000000000000e+03 1.282637736783052951e+01 -4.655157585850800972e-01 4.154130408595275159e-01
2.383000000000000000e+03 1.278691452229014835e+01 -4.634025769003763395e-01 4.158273599026146017e-01
2.384000000000000000e+03 1.274753749576840534e+01 -4.613947189517969560e-01 4.162552366479210231e-01
2.385000000000000000e+03 1.270825170325543674e+01 -4.594914436454373141e-01 4.166960119930245288e-01
2.386000000000000000e+03 1.266906257703422689e+01 -4.576920067179814366e-01 4.171490245402283970e-01
2.387000000000000000e+03 1.262997556669832910e+01 -4.559956607331382972e-01 4.176136105941248844e-01
2.388000000000000000e+03 1.259099613916965055e+01 -4.544016550780803354e-01 4.180891041591628388e-01
2.389000000000000000e+03 1.255212977871617497e+01 -4.529092359598792528e-01 4.185748369372120914e-01
2.390000000000000000e+03 1.251338198696973691e+01 -4.515176464019445279e-01 4.190701383251291823e-01
2.391000000000000000e+03 1.247475828294376576e+01 -4.502261262404603226e-01 4.195743354123239732e-01
2.392000000000000000e+03 1.243626420305104041e+01 -4.490339121208228867e-01 4.200867529783239851e-01
2.393000000000000000e+03 1.239790530112143863e+01 -4.479402374940772980e-01 4.206067134903409555e-01
2.394000000000000000e+03 1.235968714841969707e+01 -4.469443326133559768e-01 4.211335371008362860e-01
2.395000000000000000e+03 1.232161533366315709e+01 -4.460454245303149268e-01 4.216665416450863235e-01
2.396000000000000000e+03 1.228369546303952475e+01 -4.452427370915716387e-01 4.222050426387484734e-01
2.397000000000000000e+03 1.224593316022461131e+01 -4.445354909351418859e-01 4.227483532754267581e-01
2.398000000000000000e+03 1.220833406640009677e+01 -4.439229034868775736e-01 4.232957844242370427e-01
2.399000000000000000e+03 1.217090384027128813e+01 -4.434041889569037553e-01 4.238466446273733146e-01
2.400000000000000000e+03 1.213364815808485275e+01 -4.429785583360565937e-01 4.244002400976729650e-01
2.401000000000000000e+03 1.209657271364659081e+01 -4.426452193923191558e-01 4.249558747161821803e-01
2.402000000000000000e+03 1.205968321833917223e+01 -4.424033766672605950e-01 4.255128500297222782e-01
2.403000000000000000e+03 1.202298540113990377e+01 -4.422522314724718351e-01 4.260704652484546551e-01
2.404000000000000000e+03 1.198648500863847666e+01 -4.421909818860044750e-01 4.266280172434470663e-01
2.405000000000000000e+03 1.195018780505470524e+01 -4.422188227488065282e-01 4.271848005442384633e-01
2.406000000000000000e+03 1.191409957225630656e+01 -4.423349456611606612e-01 4.277401073364057726e-01
2.407000000000000000e+03 1.187822610977663196e+01 -4.425385389791218760e-01 4.282932274591281785e-01
2.408000000000000000e+03 1.184257323483242530e+01 -4.428287878109533615e-01 4.288434484027539573e-01
2.409000000000000000e+03 1.180714678234158832e+01 -4.432048740135655640e-01 4.293900553063655923e-01
2.410000000000000000e+03 1.177195260494090512e+01 -4.436659761889521492e-01 4.299323309553453876e-01
2.411000000000000000e+03 1.173699657300383059e+01 -4.442112696806283512e-01 4.304695557789410820e-01
2.412000000000000000e+03 1.170228457465821492e+01 -4.448399265700672123e-01 4.310010078478319073e-01
2.413000000000000000e+03 1.166782251580406893e+01 -4.455511156731379319e-01 4.315259628716935913e-01
2.414000000000000000e+03 1.163361632013130986e+01 -4.463440025365424391e-01 4.320436941967644162e-01
2.415000000000000000e+03 1.159967192913752854e+01 -4.472177494342531867e-01 4.325534728034111653e-01
2.416000000000000000e+03 1.156599444278367805e+01 -4.481713806289600033e-01 4.330546304788506218e-01
2.417000000000000000e+03 1.153258553573454392e+01 -4.492033772712510920e-01 4.335467497585651087e-01
2.418000000000000000e+03 1.149944602549521200e+01 -4.503120800382782174e-01 4.340294751311436494e-01
2.419000000000000000e+03 1.146657673035129577e+01 -4.514958236394820412e-01 4.345024499665188777e-01
2.420000000000000000e+03 1.143397846936903584e+01 -4.527529368102608531e-01 4.349653165148314460e-01
2.421000000000000000e+03 1.140165206239539586e+01 -4.540817423056396906e-01 4.354177159052937118e-01
2.422000000000000000e+03 1.136959833005815312e+01 -4.554805568939381821e-01 4.358592881450529810e-01
2.423000000000000000e+03 1.133781809376598559e+01 -4.569476913504392224e-01 4.362896721180563597e-01
2.424000000000000000e+03 1.130631217570857139e+01 -4.584814504510577593e-01 4.367085055839138308e-01
2.425000000000000000e+03 1.127508139885668115e+01 -4.600801329660093586e-01 4.371154251767628840e-01
2.426000000000000000e+03 1.124412658696227751e+01 -4.617420316534782132e-01 4.375100664041314813e-01
2.427000000000000000e+03 1.121344856455858974e+01 -4.634654332532863186e-01 4.378920636458027982e-01
2.428000000000000000e+03 1.118304815696023091e+01 -4.652486184805618707e-01 4.382610501526787994e-01
2.429000000000000000e+03 1.115292619026326371e+01 -4.670898620194074424e-01 4.386166580456437036e-01
2.430000000000000000e+03 1.112308349134532470e+01 -4.689874325165688806e-01 4.389585183144287805e-01
2.431000000000000000e+03 1.109352088786568657e+01 -4.709395925751038714e-01 4.392862608164753158e-01
2.432000000000000000e+03 1.106423920826538065e+01 -4.729445987480500047e-01 4.395995142757987972e-01
2.433000000000000000e+03 1.103523928176726265e+01 -4.750007015320941717e-01 4.398979062818533237e-01
2.434000000000000000e+03 1.100652193837611925e+01 -4.771061453612399639e-01 4.401810632883946250e-01
2.435000000000000000e+03 1.097808800887877290e+01 -4.792591686004775697e-01 4.404486106123443601e-01
2.436000000000000000e+03 1.094993832484414931e+01 -4.814580035394511182e-01 4.407001724326544134e-01
2.437000000000000000e+03 1.092207371862338583e+01 -4.837008763861277982e-01 4.409353717891699165e-01
2.438000000000000000e+03 1.089449502334992737e+01 -4.859860072604664238e-01 4.411538305814934890e-01
2.439000000000000000e+03 1.086720307293960808e+01 -4.883116101880854987e-01 4.413551695678497588e-01
2.440000000000000000e+03 1.084019870209075620e+01 -4.906758930939326135e-01 4.415390083639482710e-01
2.441000000000000000e+03 1.081348274628427930e+01 -4.930770577959520673e-01 4.417049654418478410e-01
2.442000000000000000e+03 1.078705604178375488e+01 -4.955132999987539866e-01 4.418526581288205191e-01
2.443000000000000000e+03 1.076091942563554227e+01 -4.979828092872828904e-01 4.419817026062152210e-01
2.444000000000000000e+03 1.073507373566885015e+01 -5.004837691204858663e-01 4.420917139083218039e-01
2.445000000000000000e+03 1.070951981049584312e+01 -5.030143568249810793e-01 4.421823059212346974e-01
2.446000000000000000e+03 1.068425848951173229e+01 -5.055727435887269472e-01 4.422530913817172560e-01
2.447000000000000000e+03 1.065929061289487478e+01 -5.081570944546899282e-01 4.423036818760650579e-01
2.448000000000000000e+03 1.063461702160685540e+01 -5.107655683145135850e-01 4.423336878389700355e-01
2.449000000000000000e+03 1.061023855739258970e+01 -5.133963179021868717e-01 4.423427185523850502e-01
2.450000000000000000e+03 1.058615606278040921e+01 -5.160474897877127543e-01 4.423303821443862471e-01
2.451000000000000000e+03 1.056237038108216097e+01 -5.187172243707766084e-01 4.422962855880381294e-01
2.452000000000000000e+03 1.053888235639329984e+01 -5.214036558744152838e-01 4.422400347002575782e-01
2.453000000000000000e+03 1.051569283359297025e+01 -5.241049123386846142e-01 4.421612341406767066e-01
2.454000000000000000e+03 1.049280265834411985e+01 -5.268191156143292586e-01 4.420594874105073235e-01
2.455000000000000000e+03 1.047021209202975811e+01 -5.295444448448899388e-01 4.419344659225077354e-01
2.456000000000000000e+03 1.044791905274852972e+01 -5.322793273394671454e-01 4.417861166633112457e-01
2.457000000000000000e+03 1.042592086382823346e+01 -5.350222488257412312e-01 4.416144557673780668e-01
2.458000000000000000e+03 1.040421483792538737e+01 -5.377716900598463745e-01 4.414194995586014914e-01
2.459000000000000000e+03 1.038279827701370372e+01 -5.405261268213017445e-01 4.412012645505470898e-01
2.460000000000000000e+03 1.036166847237252142e+01 -5.432840299079435553e-01 4.409597674466911310e-01
2.461000000000000000e+03 1.034082270457525610e+01 -5.460438651308581193e-01 4.406950251406586694e-01
2.462000000000000000e+03 1.032025824347785736e+01 -5.488040933093126794e-01 4.404070547164622984e-01
2.463000000000000000e+03 1.029997234820725183e+01 -5.515631702656887958e-01 4.400958734487412372e-01
2.464000000000000000e+03 1.027996226714979322e+01 -5.543195468204132892e-01 4.397614988029991956e-01
2.465000000000000000e+03 1.026022523793971075e+01 -5.570716687868908501e-01 4.394039484358431835e-01
2.466000000000000000e+03 1.024075848744756101e+01 -5.598179769664365368e-01 4.390232401952223196e-01
2.467000000000000000e+03 1.022155923176867276e+01 -5.625569071432070523e-01 4.386193921206655300e-01
2.468000000000000000e+03 1.020262467621160241e+01 -5.652868900791333528e-01 4.381924224435213566e-01
2.469000000000000000e+03 1.018395201528657346e+01 -5.680063515088529247e-01 4.377423495871954895e-01
2.470000000000000000e+03 1.016553843269393198e+01 -5.707137121346412822e-01 4.372691921673895199e-01
2.471000000000000000e+03 1.014738110131259496e+01 -5.734073876213447996e-01 4.367729689923400827e-01
2.472000000000000000e+03 1.012947718318850931e+01 -5.760857885913119869e-01 4.362536990630566658e-01
2.473000000000000000e+03 1.011182382952307179e+01 -5.787473206193264330e-01 4.357114015735604751e-01
2.474000000000000000e+03 1.009441818066161112e+01 -5.813903842275383038e-01 4.351460959111230209e-01
2.475000000000000000e+03 1.007725736608181677e+01 -5.840133748803963964e-01 4.345578016565045942e-01
2.476000000000000000e+03 1.006033850438219979e+01 -5.866146829795811923e-01 4.339465385841927425e-01
2.477000000000000000e+03 1.004365870327052335e+01 -5.891926938589353568e-01 4.333123266626411896e-01
2.478000000000000000e+03 1.002721505955228309e+01 -5.917457877793979026e-01 4.326551860545078676e-01
2.479000000000000000e+03 1.001100465911911819e+01 -5.942723399239338011e-01 4.319751371168935594e-01
2.480000000000000000e+03 9.995024576937296956e+00 -5.967707203924684789e-01 4.312722004015811517e-01
2.481000000000000000e+03 9.979271877036135052e+00 -5.992392941968180953e-01 4.305463966552730559e-01
2.482000000000000000e+03 9.963743612496463342e+00 -6.016764212556230396e-01 4.297977468198305173e-01
2.483000000000000000e+03 9.948436825439079811e+00 -6.040804563892789858e-01 4.290262720325123680e-01
2.484000000000000000e+03 9.933348547013176599e+00 -6.064497493148693907e-01 4.282319936262124482e-01
2.485000000000000000e+03 9.918475797384814996e+00 -6.087826446410981029e-01 4.274149331296994703e-01
2.486000000000000000e+03 9.903815585725348924e+00 -6.110774818632203065e-01 4.265751122678549390e-01
2.487000000000000000e+03 9.889364910199899938e+00 -6.133325953579757961e-01 4.257125529619115167e-01
2.488000000000000000e+03 9.875120757955793138e+00 -6.155463143785202540e-01 4.248272773296919991e-01
2.489000000000000000e+03 9.861080105110996641e+00 -6.177169630493576369e-01 4.239193076858476239e-01
2.490000000000000000e+03 9.847239916742591248e+00 -6.198428603612728960e-01 4.229886665420968250e-01
2.491000000000000000e+03 9.833597146875204587e+00 -6.219223201662626987e-01 4.220353766074632640e-01
2.492000000000000000e+03 9.820148738469464789e+00 -6.239536511724688150e-01 4.210594607885151386e-01
2.493000000000000000e+03 9.806891623410454173e+00 -6.259351569391096159e-01 4.200609421896032147e-01
2.494000000000000000e+03 9.793822301515312745e+00 -6.278653675683301127e-01 4.190399235899687214e-01
2.495000000000000000e+03 9.780935574878443006e+00 -6.297437362773158354e-01 4.179968263844651699e-01
2.496000000000000000e+03 9.768225806072470263e+00 -6.315699469057300952e-01 4.169321530461614911e-01
2.497000000000000000e+03 9.755687338434622546e+00 -6.333436825895798483e-01 4.158464077786360735e-01
2.498000000000000000e+03 9.743314496047057460e+00 -6.350646257606162859e-01 4.147400965177486243e-01
2.499000000000000000e+03 9.731101583717197911e+00 -6.367324581457346477e-01 4.136137269334106414e-01
2.500000000000000000e+03 9.719042886958060734e+00 -6.383468607663752570e-01 4.124678084313569415e-01
