# l   cl_TT   cl_TE   cl_EE
0.000000000000000000e+00 0.000000000000000000e+00 0.000000000000000000e+00 0.000000000000000000e+00
1.000000000000000000e+00 0.000000000000000000e+00 0.000000000000000000e+00 0.000000000000000000e+00
2.000000000000000000e+00 1.316950821819959856e+02 3.310327095347627147e-01 3.856214772907654281e-03
3.000000000000000000e+00 1.246661542654779851e+02 3.726957568028027024e-01 5.016236786332977336e-03
4.000000000000000000e+00 1.180145619953846250e+02 3.493347969946905551e-01 4.415172331125422414e-03
5.000000000000000000e+00 1.130295708104962387e+02 2.983653545773768401e-01 3.001666681430117684e-03
6.000000000000000000e+00 1.096127266618306066e+02 2.411861589457018895e-01 1.706391452161507916e-03
7.000000000000000000e+00 1.073988332937964003e+02 1.901195445073238233e-01 9.277648788427429131e-04
8.000000000000000000e+00 1.061205705807229833e+02 1.504803464426585358e-01 5.968861576000196543e-04
9.000000000000000000e+00 1.055420326877691082e+02 1.234434195142080776e-01 4.822395910906044432e-04
1.000000000000000000e+01 1.054579448650886633e+02 1.078742789339244418e-01 4.156881192600200402e-04
1.100000000000000000e+01 1.057994100144839820e+02 1.014087894346249741e-01 3.474454828866326353e-04
1.200000000000000000e+01 1.064374136764763108e+02 1.013091509092861192e-01 2.928147648941683136e-04
1.300000000000000000e+01 1.073165877559644059e+02 1.051630384388315964e-01 2.689454514795140737e-04
1.400000000000000000e+01 1.083820538262437481e+02 1.110974496916211363e-01 2.724056824405166727e-04
1.500000000000000000e+01 1.096298807317833450e+02 1.178512463750038819e-01 2.905378670357504876e-04
1.600000000000000000e+01 1.109984972770442369e+02 1.248046047364166078e-01 3.170205687705699728e-04
1.700000000000000000e+01 1.124980926930762308e+02 1.317298675437000577e-01 3.547778147473531563e-04
1.800000000000000000e+01 1.140757257625386671e+02 1.387300288319300023e-01 4.097084670396022518e-04
1.900000000000000000e+01 1.157421394902677036e+02 1.460330072512881217e-01 4.831768073073269831e-04
2.000000000000000000e+01 1.174855025986292674e+02 1.538574021010186699e-01 5.741617874035112156e-04
2.100000000000000000e+01 1.193104458460303192e+02 1.621919765740047759e-01 6.814642949025890087e-04
2.200000000000000000e+01 1.211972279515529607e+02 1.708858394290888039e-01 8.036262783300300236e-04
2.300000000000000000e+01 1.231470564335206603e+02 1.797013868949138560e-01 9.411651308692189910e-04
2.400000000000000000e+01 1.251486487150351792e+02 1.883194569968704990e-01 1.094974070769996711e-03
2.500000000000000000e+01 1.272083306976300179e+02 1.964334900294651687e-01 1.264796750278263885e-03
2.600000000000000000e+01 1.293216672688013489e+02 2.037375532526887745e-01 1.450189896064710444e-03
2.700000000000000000e+01 1.314794177117864251e+02 2.100970031878184874e-01 1.652585927366108636e-03
2.800000000000000000e+01 1.336631500163333044e+02 2.154525928689490499e-01 1.874014656205419014e-03
2.900000000000000000e+01 1.358819998070783299e+02 2.198351877036819613e-01 2.115782799924877285e-03
3.000000000000000000e+01 1.381435778934873326e+02 2.233335006320920912e-01 2.379003402424274220e-03
3.100000000000000000e+01 1.404454758791210054e+02 2.260483352316098316e-01 2.664764602304000099e-03
3.200000000000000000e+01 1.427900502168660353e+02 2.279747650774413548e-01 2.973949700953285903e-03
3.300000000000000000e+01 1.451725992257314033e+02 2.290766466490173348e-01 3.307341823203828555e-03
3.400000000000000000e+01 1.475820006199845125e+02 2.293022881144216873e-01 3.665672063723366455e-03
3.500000000000000000e+01 1.500211200897970514e+02 2.285343532566262992e-01 4.049645814469945634e-03
3.600000000000000000e+01 1.524919105157341335e+02 2.266200712767936776e-01 4.459916752411537122e-03
3.700000000000000000e+01 1.549920237041871189e+02 2.234128179268876635e-01 4.897107527118133366e-03
3.800000000000000000e+01 1.575244040182003573e+02 2.188755208667671204e-01 5.361921775937233264e-03
3.900000000000000000e+01 1.600897592238247000e+02 2.130113015181997194e-01 5.855063699272317762e-03
4.000000000000000000e+01 1.626832655854692860e+02 2.058368391578397627e-01 6.377205223824736029e-03
4.100000000000000000e+01 1.652978154348353144e+02 1.973736692564121986e-01 6.928974453543275056e-03
4.200000000000000000e+01 1.679363965623848287e+02 1.876167026733435717e-01 7.510921880418973233e-03
4.300000000000000000e+01 1.706027868582110045e+02 1.765568370182685753e-01 8.123539407542455446e-03
4.400000000000000000e+01 1.732977866178859472e+02 1.641897544205043191e-01 8.767265885420193541e-03
4.500000000000000000e+01 1.760203634845877900e+02 1.505080540498469899e-01 9.442517580481342779e-03
4.600000000000000000e+01 1.787722167054664908e+02 1.354744653954177980e-01 1.014979722822450560e-02
4.700000000000000000e+01 1.815540567738953257e+02 1.190409007414736792e-01 1.088961268461385162e-02
4.800000000000000000e+01 1.843640561539392593e+02 1.011554949333990649e-01 1.166244547453128277e-02
4.900000000000000000e+01 1.871976267772873257e+02 8.176230404325268708e-02 1.246874983287393247e-02
5.000000000000000000e+01 1.900496588485573568e+02 6.080923379303333071e-02 1.330891122631495081e-02
5.100000000000000000e+01 1.929224698860234071e+02 3.827506101585467085e-02 1.418311087020305943e-02
5.200000000000000000e+01 1.958196287479460409e+02 1.414922598987930664e-02 1.509142277878517194e-02
5.300000000000000000e+01 1.987435787607646489e+02 -1.157567235465608961e-02 1.603384827264094439e-02
5.400000000000000000e+01 2.016955310423073797e+02 -3.890379048717766686e-02 1.701031311298802778e-02
5.500000000000000000e+01 2.046759143761223356e+02 -6.783897729286016143e-02 1.802073886086363874e-02
5.600000000000000000e+01 2.076861000938347672e+02 -9.839463642521996400e-02 1.906528427875035098e-02
5.700000000000000000e+01 2.107269188378205911e+02 -1.305861634284992967e-01 2.014415887880707801e-02
5.800000000000000000e+01 2.137980584093577932e+02 -1.644281685659476078e-01 2.125755397775505942e-02
5.900000000000000000e+01 2.168979787756459530e+02 -1.999345086493904966e-01 2.240564272306138152e-02
6.000000000000000000e+01 2.200238270768246878e+02 -2.371183188687982779e-01 2.358858011912243202e-02
6.100000000000000000e+01 2.231726554100480939e+02 -2.759879782517857816e-01 2.480640611707943602e-02
6.200000000000000000e+01 2.263455858796823179e+02 -3.165338757941024150e-01 2.605872940596539247e-02
6.300000000000000000e+01 2.295444338704444363e+02 -3.587387168086040856e-01 2.734497236853756022e-02
6.400000000000000000e+01 2.327704449746945841e+02 -4.025812319059692279e-01 2.866445876541402413e-02
6.500000000000000000e+01 2.360242513355856318e+02 -4.480360798014196289e-01 3.001641068553955946e-02
6.600000000000000000e+01 2.393058279902133449e+02 -4.950737501214428349e-01 3.139994549665144769e-02
6.700000000000000000e+01 2.426144492127664591e+02 -5.436604662105135599e-01 3.281407279574535818e-02
6.800000000000000000e+01 2.459492565170965008e+02 -5.937638111298139121e-01 3.425781820077306722e-02
6.900000000000000000e+01 2.493111938979939453e+02 -6.453711466733640378e-01 3.573063066979988156e-02
7.000000000000000000e+01 2.527013880953961120e+02 -6.984747690751558213e-01 3.723205261632681062e-02
7.100000000000000000e+01 2.561205441193721981e+02 -7.530665643367648876e-01 3.876160056159363987e-02
7.200000000000000000e+01 2.595689172367369792e+02 -8.091380574072686294e-01 4.031876532906603777e-02
7.300000000000000000e+01 2.630462849576639996e+02 -8.666804613631655663e-01 4.190301223892270444e-02
7.400000000000000000e+01 2.665519190222985912e+02 -9.256847265882938158e-01 4.351378130254245774e-02
7.500000000000000000e+01 2.700845573873720014e+02 -9.861415899537486762e-01 4.515048741699138196e-02
7.600000000000000000e+01 2.736429676768279364e+02 -1.048037914661976266e+00 4.681245415889046663e-02
7.700000000000000000e+01 2.772278180792188778e+02 -1.111344830506408643e+00 4.849870079796640004e-02
7.800000000000000000e+01 2.808400983078731201e+02 -1.176027510233130124e+00 5.020811661729177033e-02
7.900000000000000000e+01 2.844805427752052651e+02 -1.242048660568628726e+00 5.193952272010367993e-02
8.000000000000000000e+01 2.881496147077784826e+02 -1.309368495336783234e+00 5.369167086269233807e-02
8.100000000000000000e+01 2.918474902613662039e+02 -1.377944708575843391e+00 5.546324228728975042e-02
8.200000000000000000e+01 2.955740426360140418e+02 -1.447732447655411869e+00 5.725284655495829073e-02
8.300000000000000000e+01 2.993288261911025074e+02 -1.518684286393430893e+00 5.905902037847941127e-02
8.400000000000000000e+01 3.031113429496084564e+02 -1.590752465713517028e+00 6.088029266272976248e-02
8.500000000000000000e+01 3.069219276691889036e+02 -1.663896101295461172e+00 6.271539457098246340e-02
8.600000000000000000e+01 3.107609810550909515e+02 -1.738075127067393755e+00 6.456308230522453395e-02
8.700000000000000000e+01 3.146286894418532256e+02 -1.813248144964950903e+00 6.642207394138985310e-02
8.800000000000000000e+01 3.185250136544051998e+02 -1.889372436158180513e+00 6.829104937497866568e-02
8.900000000000000000e+01 3.224496778691661234e+02 -1.966403972278444767e+00 7.016865026667706839e-02
9.000000000000000000e+01 3.264021584751436649e+02 -2.044297426645325988e+00 7.205347998797656528e-02
9.100000000000000000e+01 3.303816729350332366e+02 -2.123006185493532705e+00 7.394410356679358143e-02
9.200000000000000000e+01 3.343871686463168089e+02 -2.202482359199801731e+00 7.583904763308894903e-02
9.300000000000000000e+01 3.384176453817306651e+02 -2.282676858118285246e+00 7.773681597290515999e-02
9.400000000000000000e+01 3.424732022784688752e+02 -2.363539608748327137e+00 7.963593898455818831e-02
9.500000000000000000e+01 3.465541284542198923e+02 -2.445019390987039909e+00 8.153493159472680052e-02
9.600000000000000000e+01 3.506605769864361832e+02 -2.527063788369113606e+00 8.343227847052563095e-02
9.700000000000000000e+01 3.547925583524228728e+02 -2.609619200180592014e+00 8.532643417937894881e-02
9.800000000000000000e+01 3.589499338694261041e+02 -2.692630853572651084e+00 8.721582334889434185e-02
9.900000000000000000e+01 3.631324091347210583e+02 -2.776042815675366704e+00 8.909884082673637240e-02
1.000000000000000000e+02 3.673395274657001437e+02 -2.859798005711494007e+00 9.097385184050038598e-02
1.010000000000000000e+02 3.715706633399614702e+02 -2.943838207110241800e+00 9.283919215758609789e-02
1.020000000000000000e+02 3.758250158353969823e+02 -3.028104079621048328e+00 9.469316824507141572e-02
1.030000000000000000e+02 3.801016020702809328e+02 -3.112535171427353031e+00 9.653405742958606761e-02
1.040000000000000000e+02 3.843994776486210299e+02 -3.197070520291662721e+00 9.836015033962976217e-02
1.050000000000000000e+02 3.887184460399225827e+02 -3.281650523383390805e+00 1.001698844177704995e-01
1.060000000000000000e+02 3.930584332428427956e+02 -3.366215343796902904e+00 1.019617288260091514e-01
1.070000000000000000e+02 3.974192653208226602e+02 -3.450704362438282935e+00 1.037341443908667421e-01
1.080000000000000000e+02 4.018006643367382367e+02 -3.535056196611973789e+00 1.054855842279003586e-01
1.090000000000000000e+02 4.062022442875532420e+02 -3.619208718607435760e+00 1.072144943662193123e-01
1.100000000000000000e+02 4.106235070389692510e+02 -3.703099074285778336e+00 1.089193143730007723e-01
1.110000000000000000e+02 4.150638382600785690e+02 -3.786663701666413306e+00 1.105984779780059823e-01
1.120000000000000000e+02 4.195225033580150580e+02 -3.869838349513703424e+00 1.122504136980960882e-01
1.130000000000000000e+02 4.239986434126058725e+02 -3.952558095923600856e+00 1.138735454617481463e-01
1.140000000000000000e+02 4.284912711110234227e+02 -4.034757366910303844e+00 1.154662932335710351e-01
1.150000000000000000e+02 4.329992666824365415e+02 -4.116369954992889824e+00 1.170270736388214355e-01
1.160000000000000000e+02 4.375215466345842401e+02 -4.197329726454419152e+00 1.185543401144993070e-01
1.170000000000000000e+02 4.420576019289407554e+02 -4.277572800935207198e+00 1.200467075655445720e-01
1.180000000000000000e+02 4.466070179079513878e+02 -4.357035672973499807e+00 1.215028441077803945e-01
1.190000000000000000e+02 4.511693048379235051e+02 -4.435654571451604689e+00 1.229214338608445034e-01
1.200000000000000000e+02 4.557438953715470689e+02 -4.513365484271588457e+00 1.243011779221884217e-01
1.210000000000000000e+02 4.603301420104143631e+02 -4.590104183030986107e+00 1.256407953410769995e-01
1.220000000000000000e+02 4.649273145675404066e+02 -4.665806247698510489e+00 1.269390240925879210e-01
1.230000000000000000e+02 4.695345976298826258e+02 -4.740407091289745800e+00 1.281946220516108625e-01
1.240000000000000000e+02 4.741510880208612662e+02 -4.813841984542855279e+00 1.294063679668472355e-01
1.250000000000000000e+02 4.787757922628791789e+02 -4.886046080594293350e+00 1.305730624348092339e-01
1.260000000000000000e+02 4.834076240398417212e+02 -4.956954439654489342e+00 1.316935288738195209e-01
1.270000000000000000e+02 4.880454016596775659e+02 -5.026502053683580051e+00 1.327666144980106933e-01
1.280000000000000000e+02 4.926878455168578625e+02 -5.094623871067088139e+00 1.337911912913243850e-01
1.290000000000000000e+02 4.973337201835535666e+02 -5.161255446665243163e+00 1.347661960375367285e-01
1.300000000000000000e+02 5.019822836965022930e+02 -5.226334920175222720e+00 1.356907533064932170e-01
1.310000000000000000e+02 5.066328829915887582e+02 -5.289801302439764541e+00 1.365640678630694049e-01
1.320000000000000000e+02 5.112848122055012254e+02 -5.351593898391898918e+00 1.373853880616815459e-01
1.330000000000000000e+02 5.159373111731612198e+02 -5.411652336205600378e+00 1.381540070997563652e-01
1.340000000000000000e+02 5.205895639251534703e+02 -5.469916596446426027e+00 1.388692642712014425e-01
1.350000000000000000e+02 5.252406971851553408e+02 -5.526327041222174330e+00 1.395305462198749014e-01
1.360000000000000000e+02 5.298897788673669993e+02 -5.580824443333538554e+00 1.401372881930559033e-01
1.370000000000000000e+02 5.345358165739410197e+02 -5.633350015424738899e+00 1.406889752949145034e-01
1.380000000000000000e+02 5.391777560924124373e+02 -5.683845439134194599e+00 1.411851437399817277e-01
1.390000000000000000e+02 5.438144798931277819e+02 -5.732252894245148056e+00 1.416253821066198459e-01
1.400000000000000000e+02 5.484448056266761569e+02 -5.778515087836336050e+00 1.420093325904921433e-01
1.410000000000000000e+02 5.530674846213177034e+02 -5.822575283432628979e+00 1.423366922580333038e-01
1.420000000000000000e+02 5.576812003804146798e+02 -5.864377330155678969e+00 1.426072142999193493e-01
1.430000000000000000e+02 5.622845670798600395e+02 -5.903865691874574217e+00 1.428207092845377169e-01
1.440000000000000000e+02 5.668762470069945039e+02 -5.940985982726484593e+00 1.429770691919740044e-01
1.450000000000000000e+02 5.714553190982162505e+02 -5.975686571640634881e+00 1.430763395402002702e-01
1.460000000000000000e+02 5.760209440470704294e+02 -6.007917192149383467e+00 1.431186567854555447e-01
1.470000000000000000e+02 5.805722478135148776e+02 -6.037628481999353980e+00 1.431042275523675411e-01
1.480000000000000000e+02 5.851083208049220730e+02 -6.064772015212263945e+00 1.430333300183454504e-01
1.490000000000000000e+02 5.896282170570809740e+02 -6.089300334145748117e+00 1.429063152979724860e-01
1.500000000000000000e+02 5.941309534151981779e+02 -6.111166981554175592e+00 1.427236088273984571e-01
1.510000000000000000e+02 5.986155087148991925e+02 -6.130326532649478466e+00 1.424857117487322855e-01
1.520000000000000000e+02 6.030808229632309576e+02 -6.146734627161964504e+00 1.421932022944347729e-01
1.530000000000000000e+02 6.075257965196627765e+02 -6.160348001401145801e+00 1.418467371717110903e-01
1.540000000000000000e+02 6.119492892770875869e+02 -6.171124520316557671e+00 1.414470529469033788e-01
1.550000000000000000e+02 6.163501198428241423e+02 -6.179023209558582863e+00 1.409949674298833222e-01
1.560000000000000000e+02 6.207270647196182836e+02 -6.184004287539267786e+00 1.404913810584446920e-01
1.570000000000000000e+02 6.250788574866448926e+02 -6.186029197493150278e+00 1.399372782826961703e-01
1.580000000000000000e+02 6.294041879805080271e+02 -6.185060639538077609e+00 1.393337289494536446e-01
1.590000000000000000e+02 6.337017014762445797e+02 -6.181062602736032474e+00 1.386818896866329753e-01
1.600000000000000000e+02 6.379699978683244126e+02 -6.174000397153946551e+00 1.379830052876425683e-01
1.610000000000000000e+02 6.422077311113627047e+02 -6.163840732774142239e+00 1.372383939799871611e-01
1.620000000000000000e+02 6.464139191439506931e+02 -6.150551896759837156e+00 1.364493988607251851e-01
1.630000000000000000e+02 6.505876599345740487e+02 -6.134103653211896656e+00 1.356174347921154655e-01
1.640000000000000000e+02 6.547280333320474028e+02 -6.114467229748782984e+00 1.347440054309672897e-01
1.650000000000000000e+02 6.588341007077978020e+02 -6.091615349782921740e+00 1.338307045388859862e-01
1.660000000000000000e+02 6.629049045981483914e+02 -6.065522264797078122e+00 1.328792172925190584e-01
1.670000000000000000e+02 6.669394683466030074e+02 -6.036163786620722504e+00 1.318913215938017913e-01
1.680000000000000000e+02 6.709367957461291780e+02 -6.003517319706408450e+00 1.308688893802032738e-01
1.690000000000000000e+02 6.748958706814421475e+02 -5.967561893406134743e+00 1.298138879349723662e-01
1.700000000000000000e+02 6.788156567712899232e+02 -5.928278194247723398e+00 1.287283811973834180e-01
1.710000000000000000e+02 6.826950970107351395e+02 -5.885648598211187021e+00 1.276145310729820959e-01
1.720000000000000000e+02 6.865331134134406739e+02 -5.839657203005103270e+00 1.264745987438315455e-01
1.730000000000000000e+02 6.903286066539526473e+02 -5.790289860342978656e+00 1.253109459787579982e-01
1.740000000000000000e+02 6.940804557099842214e+02 -5.737534208219626564e+00 1.241260364435966962e-01
1.750000000000000000e+02 6.977875175047005314e+02 -5.681379703187536379e+00 1.229224370114378739e-01
1.760000000000000000e+02 7.014486265490005508e+02 -5.621817652633239959e+00 1.217028190728724896e-01
1.770000000000000000e+02 7.050625945838037296e+02 -5.558841247053689649e+00 1.204699598462383447e-01
1.780000000000000000e+02 7.086282102223310631e+02 -5.492445592332624749e+00 1.192267436878656078e-01
1.790000000000000000e+02 7.121442385923900247e+02 -5.422627742016939756e+00 1.179761634023229200e-01
1.800000000000000000e+02 7.156095017398763503e+02 -5.349385953805771088e+00 1.167212340244693641e-01
1.810000000000000000e+02 7.190231277334808055e+02 -5.272717325506121711e+00 1.154647237648342567e-01
1.820000000000000000e+02 7.223843207200384313e+02 -5.192620032707239375e+00 1.142094041438739688e-01
1.830000000000000000e+02 7.256922818828783193e+02 -5.109094116890033455e+00 1.129581365790724989e-01
1.840000000000000000e+02 7.289462093815718617e+02 -5.022141514846021337e+00 1.117138733728001987e-01
1.850000000000000000e+02 7.321452982916796373e+02 -4.931766088096297906e+00 1.104796587001720121e-01
1.860000000000000000e+02 7.352887405444969318e+02 -4.837973652310488148e+00 1.092586295969058263e-01
1.870000000000000000e+02 7.383757248668017610e+02 -4.740772006725705978e+00 1.080540169471810447e-01
1.880000000000000000e+02 7.414054367206015286e+02 -4.640170963565520168e+00 1.068691464714969647e-01
1.890000000000000000e+02 7.443770582428807074e+02 -4.536182377458906956e+00 1.057074397145311706e-01
1.900000000000000000e+02 7.472897681853456788e+02 -4.428820174859207981e+00 1.045724150329979396e-01
1.910000000000000000e+02 7.501427418541742327e+02 -4.318100383463097991e+00 1.034676885835067867e-01
1.920000000000000000e+02 7.529351510497600657e+02 -4.204041161629534784e+00 1.023969753104206903e-01
1.930000000000000000e+02 7.556661640064622816e+02 -4.086662827798724251e+00 1.013640899337146656e-01
1.940000000000000000e+02 7.583349453323494345e+02 -3.965987889911072539e+00 1.003729479368340866e-01
1.950000000000000000e+02 7.609406559489489155e+02 -3.842041074826159530e+00 9.942756655455328718e-02
1.960000000000000000e+02 7.634824530309922466e+02 -3.714849357741678570e+00 9.853206576083368973e-02
1.970000000000000000e+02 7.659594899461632167e+02 -3.584441991612411282e+00 9.769066925668253021e-02
1.980000000000000000e+02 7.683709161948432893e+02 -3.450850536569176619e+00 9.690770545801100089e-02
1.990000000000000000e+02 7.707158773498599658e+02 -3.314108889337799013e+00 9.618760848349296178e-02
2.000000000000000000e+02 7.729935149962336709e+02 -3.174253312658060100e+00 9.553491914242313865e-02
2.010000000000000000e+02 7.752030244994614350e+02 -3.031320409278599026e+00 9.495410361826453483e-02
2.020000000000000000e+02 7.773438330341487017e+02 -2.885340821487843321e+00 9.444899303178788674e-02
2.030000000000000000e+02 7.794154341707666163e+02 -2.736345137743740441e+00 9.402330570377584462e-02
2.040000000000000000e+02 7.814173313000458165e+02 -2.584365930841715286e+00 9.368082630738243377e-02
2.050000000000000000e+02 7.833490377436356766e+02 -2.429437781258778184e+00 9.342540631718738997e-02
2.060000000000000000e+02 7.852100768647658242e+02 -2.271597300497643079e+00 9.326096445825059200e-02
2.070000000000000000e+02 7.869999821789049292e+02 -2.110883154430840403e+00 9.319148715516673009e-02
2.080000000000000000e+02 7.887182974644232445e+02 -1.947336086644827047e+00 9.322102898111973845e-02
2.090000000000000000e+02 7.903645768732496890e+02 -1.780998941784102563e+00 9.335371310693707514e-02
2.100000000000000000e+02 7.919383850415351844e+02 -1.611916688895324246e+00 9.359373175014458479e-02
2.110000000000000000e+02 7.934392972003114437e+02 -1.440136444771415114e+00 9.394534662402061198e-02
2.120000000000000000e+02 7.948668992861510105e+02 -1.265707497295683659e+00 9.441288938665078068e-02
2.130000000000000000e+02 7.962207880518286629e+02 -1.088681328785930935e+00 9.500076208998232963e-02
2.140000000000000000e+02 7.975005711769803156e+02 -9.091116393385684225e-01 9.571343762887858653e-02
2.150000000000000000e+02 7.987058673787649923e+02 -7.270543701727313346e-01 9.655546019017353931e-02
2.160000000000000000e+02 7.998363065225232731e+02 -5.425677269743883757e-01 9.753144570172628258e-02
2.170000000000000000e+02 8.008915297324390394e+02 -3.557122032404584910e-01 9.864608228147546398e-02
2.180000000000000000e+02 8.018711895021988312e+02 -1.665506036229227604e-01 9.990413068649389716e-02
2.190000000000000000e+02 8.027749498056527955e+02 2.485193272706118575e-02 1.013104247620428972e-01
2.200000000000000000e+02 8.036024862074744988e+02 2.184279088150472281e-01 1.028698718906268655e-01
2.210000000000000000e+02 8.043534859738211935e+02 4.141074464591861792e-01 1.045874534410477369e-01
2.220000000000000000e+02 8.050276481829946533e+02 6.118182629461137445e-01 1.064682252174595362e-01
2.230000000000000000e+02 8.056246838361009850e+02 8.114856476868342883e-01 1.085173179084227141e-01
2.240000000000000000e+02 8.061443452897655106e+02 1.013036206893608737e+00 1.107396522624207458e-01
2.250000000000000000e+02 8.065865164273901655e+02 1.216409413443187315e+00 1.131390633396190532e-01
2.260000000000000000e+02 8.069511285003227385e+02 1.421546754509494193e+00 1.157191208166912927e-01
2.270000000000000000e+02 8.072381315063942111e+02 1.628388016007513039e+00 1.184834089699798865e-01
2.280000000000000000e+02 8.074474943703934287e+02 1.836871268220649389e+00 1.214355264453278044e-01
2.290000000000000000e+02 8.075792051245413177e+02 2.046932851428097333e+00 1.245790860279103879e-01
2.300000000000000000e+02 8.076332710889674900e+02 2.258507361532205326e+00 1.279177144120672571e-01
2.310000000000000000e+02 8.076097190521817311e+02 2.471527635685839996e+00 1.314550519711338017e-01
2.320000000000000000e+02 8.075085954515520825e+02 2.685924737919751060e+00 1.351947525272731154e-01
2.330000000000000000e+02 8.073299665537773535e+02 2.901627944769939571e+00 1.391404831213078619e-01
2.340000000000000000e+02 8.070739186353623609e+02 3.118564730905018845e+00 1.432959237825519871e-01
2.350000000000000000e+02 8.067405581630930556e+02 3.336660754753582925e+00 1.476647672986423354e-01
2.360000000000000000e+02 8.063300119745103984e+02 3.555839844131570171e+00 1.522507189853705700e-01
2.370000000000000000e+02 8.058424274583860552e+02 3.776023981869628177e+00 1.570574964565150666e-01
2.380000000000000000e+02 8.052779727351964993e+02 3.997133291440480907e+00 1.620888293936725844e-01
2.390000000000000000e+02 8.046368368375973432e+02 4.219086022586290952e+00 1.673484593160897427e-01
2.400000000000000000e+02 8.039192298908993735e+02 4.441798536946029330e+00 1.728401393504955252e-01
2.410000000000000000e+02 8.031253832935416312e+02 4.665185293682835521e+00 1.785676340009322849e-01
2.420000000000000000e+02 8.022555498975674482e+02 4.889158835111382828e+00 1.845347189185879699e-01
2.430000000000000000e+02 8.013100041890977536e+02 5.113629772325251288e+00 1.907451806716277398e-01
2.440000000000000000e+02 8.002890424688073381e+02 5.338506770824282377e+00 1.972028165150258583e-01
2.450000000000000000e+02 7.991929830323989563e+02 5.563696536141947924e+00 2.039114341603973923e-01
2.460000000000000000e+02 7.980221663510772032e+02 5.789103799472725242e+00 2.108748515458299944e-01
2.470000000000000000e+02 7.967769552520238676e+02 6.014631303299442955e+00 2.180968966057155733e-01
2.480000000000000000e+02 7.954577350988733997e+02 6.240179787020659674e+00 2.255814070405823546e-01
2.490000000000000000e+02 7.940649139721861047e+02 6.465647972578030256e+00 2.333322300869263566e-01
2.500000000000000000e+02 7.925989174809458291e+02 6.690938151224254504e+00 2.413528857323658239e-01
2.510000000000000000e+02 7.910601724924822520e+02 6.915973331045198513e+00 2.496455352819399454e-01
2.520000000000000000e+02 7.894491228139373789e+02 7.140681051313361394e+00 2.582119528082257309e-01
2.530000000000000000e+02 7.877662346460598428e+02 7.364987866768664126e+00 2.670538554795421904e-01
2.540000000000000000e+02 7.860119967534138823e+02 7.588819343957172947e+00 2.761729026861718950e-01
2.550000000000000000e+02 7.841869206345841121e+02 7.812100057569794309e+00 2.855706951665818449e-01
2.560000000000000000e+02 7.822915406923852970e+02 8.034753586780993828e+00 2.952487741336450311e-01
2.570000000000000000e+02 7.803264144040688279e+02 8.256702511587510784e+00 3.052086204008616632e-01
2.580000000000000000e+02 7.782921224915294260e+02 8.477868409147056639e+00 3.154516535085801765e-01
2.590000000000000000e+02 7.761892690915133244e+02 8.698171850117025983e+00 3.259792308502186264e-01
2.600000000000000000e+02 7.740184819258251991e+02 8.917532394993212819e+00 3.367926467984859729e-01
2.610000000000000000e+02 7.717804124715355556e+02 9.135868590448525950e+00 3.478931318316031973e-01
2.620000000000000000e+02 7.694757361311880004e+02 9.353097965671672398e+00 3.592818516595244760e-01
2.630000000000000000e+02 7.671051524030068549e+02 9.569137028705902992e+00 3.709599063501587968e-01
2.640000000000000000e+02 7.646693850511044275e+02 9.783901262787694009e+00 3.829283294555907990e-01
2.650000000000000000e+02 7.621691822756878310e+02 9.997305122685466117e+00 3.951880871383021132e-01
2.660000000000000000e+02 7.596053168832668234e+02 1.020926203103830332e+01 4.077400772973927556e-01
2.670000000000000000e+02 7.569785864568609668e+02 1.041968437469464348e+01 4.205851286948021350e-01
2.680000000000000000e+02 7.542898135262071264e+02 1.062848350105100437e+01 4.337240000815303920e-01
2.690000000000000000e+02 7.515398457379667434e+02 1.083556971439069017e+01 4.471573793238597383e-01
2.700000000000000000e+02 7.487295560259327658e+02 1.104085227222249976e+01 4.608858825295757966e-01
2.710000000000000000e+02 7.458598427812378304e+02 1.124423938161942971e+01 4.749100531741882736e-01
2.720000000000000000e+02 7.429316300225603982e+02 1.144563819555738959e+01 4.892303612271527991e-01
2.730000000000000000e+02 7.399458675663329359e+02 1.164495480925392101e+01 5.038472022780918769e-01
2.740000000000000000e+02 7.369035311969500981e+02 1.184209425650689340e+01 5.187608966630163909e-01
2.750000000000000000e+02 7.338056228369733844e+02 1.203696050603321410e+01 5.339716885905463339e-01
2.760000000000000000e+02 7.306531707173414816e+02 1.222945645780755264e+01 5.494797452681324801e-01
2.770000000000000000e+02 7.274472295475750343e+02 1.241948393940102946e+01 5.652851560282776688e-01
2.780000000000000000e+02 7.241888806859863053e+02 1.260694370231994554e+01 5.813879314547575339e-01
2.790000000000000000e+02 7.208791836739071641e+02 1.279174211977653641e+01 5.977877700826715879e-01
2.800000000000000000e+02 7.175190277088031507e+02 1.297381167163536198e+01 6.144833469170518647e-01
2.810000000000000000e+02 7.141092728077658194e+02 1.315309151363332418e+01 6.314729863510097907e-01
2.820000000000000000e+02 7.106507978454326349e+02 1.332952087814357434e+01 6.487548900466755253e-01
2.830000000000000000e+02 7.071445006494849395e+02 1.350303908080826787e+01 6.663271357043893950e-01
2.840000000000000000e+02 7.035912980961459198e+02 1.367358552717133513e+01 6.841876758318943264e-01
2.850000000000000000e+02 6.999921262056781188e+02 1.384109971931125393e+01 7.023343365135271688e-01
2.860000000000000000e+02 6.963479402378810619e+02 1.400552126247381324e+01 7.207648161794103503e-01
2.870000000000000000e+02 6.926597147875887686e+02 1.416678987170488035e+01 7.394766843746443108e-01
2.880000000000000000e+02 6.889284438801676060e+02 1.432484537848316819e+01 7.584673805284981585e-01
2.890000000000000000e+02 6.851551410670145970e+02 1.447962773735302022e+01 7.777342127236033242e-01
2.900000000000000000e+02 6.813408395210540220e+02 1.463107703255715286e+01 7.972743564651434411e-01
2.910000000000000000e+02 6.774865921322356144e+02 1.477913348466943688e+01 8.170848534500464444e-01
2.920000000000000000e+02 6.735934716030327536e+02 1.492373745722767175e+01 8.371626103361780036e-01
2.930000000000000000e+02 6.696625705439388412e+02 1.506482946336634399e+01 8.575043975115312911e-01
2.940000000000000000e+02 6.656950015689667453e+02 1.520235017244939613e+01 8.781068478634205254e-01
2.950000000000000000e+02 6.616918973911444937e+02 1.533624041670298865e+01 8.989664555476702956e-01
2.960000000000000000e+02 6.576544109180151736e+02 1.546644119784829208e+01 9.200795747578103256e-01
2.970000000000000000e+02 6.535837153471322836e+02 1.559289369373423995e+01 9.414424184942653540e-01
2.980000000000000000e+02 6.494810042615596331e+02 1.571553926497028186e+01 9.630510573335472335e-01
2.990000000000000000e+02 6.453474917253671492e+02 1.583431946155917558e+01 9.849014181974471427e-01
3.000000000000000000e+02 6.411844123791300945e+02 1.594917602952974534e+01 1.006989283122227130e+00
3.010000000000000000e+02 6.369930215354255552e+02 1.606005091756965086e+01 1.029310288027811993e+00
3.020000000000000000e+02 6.327745952743309772e+02 1.616688628365815461e+01 1.051859921486981264e+00
3.030000000000000000e+02 6.285304305389213368e+02 1.626962450169889252e+01 1.074633523494559206e+00
3.040000000000000000e+02 6.242618452307671078e+02 1.636820816815264124e+01 1.097626284236610017e+00
3.050000000000000000e+02 6.199701783054318867e+02 1.646258010867007471e+01 1.120833242859627488e+00
3.060000000000000000e+02 6.156567898679697919e+02 1.655268338472455980e+01 1.144249286239725549e+00
3.070000000000000000e+02 6.113230612684236576e+02 1.663846130024490932e+01 1.167869147751833259e+00
3.080000000000000000e+02 6.069703951973225458e+02 1.671985740824812439e+01 1.191687406038884012e+00
3.090000000000000000e+02 6.026002157811789175e+02 1.679681551747221135e+01 1.215698483781007866e+00
3.100000000000000000e+02 5.982139686779875092e+02 1.686927969900892066e+01 1.239896646464724750e+00
3.110000000000000000e+02 5.938131211727214804e+02 1.693719429293650336e+01 1.264276001152134343e+00
3.120000000000000000e+02 5.893990755176228049e+02 1.700050944096039629e+01 1.288830644875836429e+00
3.130000000000000000e+02 5.849729043130878381e+02 1.705919795445453602e+01 1.313555119958418116e+00
3.140000000000000000e+02 5.805356030350963010e+02 1.711323924205004943e+01 1.338443977415150643e+00
3.150000000000000000e+02 5.760881756723947547e+02 1.716261386755722285e+01 1.363491628190401261e+00
3.160000000000000000e+02 5.716316347153905326e+02 1.720730356338865619e+01 1.388692342110685152e+00
3.170000000000000000e+02 5.671670011450436277e+02 1.724729124398242419e+01 1.414040246837715786e+00
3.180000000000000000e+02 5.626953044217597153e+02 1.728256101922518084e+01 1.439529326821460398e+00
3.190000000000000000e+02 5.582175824742827217e+02 1.731309820787535614e+01 1.465153422253190119e+00
3.200000000000000000e+02 5.537348816885871656e+02 1.733888935098626405e+01 1.490906228018533453e+00
3.210000000000000000e+02 5.492482568967708403e+02 1.735992222532924956e+01 1.516781292650527302e+00
3.220000000000000000e+02 5.447587713659478368e+02 1.737618585681684635e+01 1.542772017282671770e+00
3.230000000000000000e+02 5.402674967871405443e+02 1.738767053392590611e+01 1.568871654601979859e+00
3.240000000000000000e+02 5.357755132641730142e+02 1.739436782112076330e+01 1.595073307802031159e+00
3.250000000000000000e+02 5.312839093025626198e+02 1.739627057227634666e+01 1.621369929536023990e+00
3.260000000000000000e+02 5.267937817984133062e+02 1.739337294410135470e+01 1.647754320869827760e+00
3.270000000000000000e+02 5.223062360273085005e+02 1.738567040956138143e+01 1.674219130235035768e+00
3.280000000000000000e+02 5.178223856332028845e+02 1.737315977130207756e+01 1.700756852382017126e+00
3.290000000000000000e+02 5.133433526173154178e+02 1.735583917507226914e+01 1.727359827332968445e+00
3.300000000000000000e+02 5.088702673270221908e+02 1.733370812314712239e+01 1.754020239334967091e+00
3.310000000000000000e+02 5.044042684447489364e+02 1.730676748775128360e+01 1.780730115813023540e+00
3.320000000000000000e+02 4.999465029768631439e+02 1.727501952448201550e+01 1.807481326323133075e+00
3.330000000000000000e+02 4.954981262425672526e+02 1.723846788573234790e+01 1.834265581505329479e+00
3.340000000000000000e+02 4.910603018627912206e+02 1.719711763411422467e+01 1.861074432036734949e+00
3.350000000000000000e+02 4.866342017490846388e+02 1.715097525588162952e+01 1.887899267584616236e+00
3.360000000000000000e+02 4.822210060925099810e+02 1.710004867435376497e+01 1.914731315759431673e+00
3.370000000000000000e+02 4.778219033525347754e+02 1.704434726333816741e+01 1.941561641067889754e+00
3.380000000000000000e+02 4.734380902459247409e+02 1.698388186055385063e+01 1.968381143865996830e+00
3.390000000000000000e+02 4.690707717356356170e+02 1.691866478105446348e+01 1.995180559312110580e+00
3.400000000000000000e+02 4.647211610197061304e+02 1.684870983065142980e+01 2.021950456319992373e+00
3.410000000000000000e+02 4.603904795201509046e+02 1.677403231933709193e+01 2.048681236511862291e+00
3.420000000000000000e+02 4.560799568718530850e+02 1.669464907470785775e+01 2.075363133171446606e+00
3.430000000000000000e+02 4.517908309114562257e+02 1.661057845538732636e+01 2.101986210197034133e+00
3.440000000000000000e+02 4.475243476662578814e+02 1.652184036444947779e+01 2.128540361054528596e+00
3.450000000000000000e+02 4.432817613431013797e+02 1.642845626284174898e+01 2.155015307730494101e+00
3.460000000000000000e+02 4.390643343172689015e+02 1.633044918280824476e+01 2.181400599685220598e+00
3.470000000000000000e+02 4.348733371213738792e+02 1.622784374131282803e+01 2.207685612805762698e+00
3.480000000000000000e+02 4.307100484342540199e+02 1.612066615346230591e+01 2.233859548358999803e+00
3.490000000000000000e+02 4.265756621510599871e+02 1.600894461586361572e+01 2.259912167902574875e+00
3.500000000000000000e+02 4.224710043558505959e+02 1.589271044680884515e+01 2.285836033851790461e+00
3.510000000000000000e+02 4.183968045710137744e+02 1.577199701973930601e+01 2.311624359929693284e+00
3.520000000000000000e+02 4.143537875132720387e+02 1.564683941131978173e+01 2.337270283284134997e+00
3.530000000000000000e+02 4.103426729912912378e+02 1.551727441522509210e+01 2.362766864163829528e+00
3.540000000000000000e+02 4.063641758032905500e+02 1.538334055592667937e+01 2.388107085594413537e+00
3.550000000000000000e+02 4.024190056346507163e+02 1.524507810247915707e+01 2.413283853054496220e+00
3.560000000000000000e+02 3.985078669555248894e+02 1.510252908230688718e+01 2.438289994151723761e+00
3.570000000000000000e+02 3.946314589184460715e+02 1.495573729499052895e+01 2.463118258298826024e+00
3.580000000000000000e+02 3.907904752559379631e+02 1.480474832605363744e+01 2.487761316389685007e+00
3.590000000000000000e+02 3.869856041781238218e+02 1.464960956074920517e+01 2.512211760475377087e+00
3.600000000000000000e+02 3.832175282703350376e+02 1.449037019784623048e+01 2.536462103440242810e+00
3.610000000000000000e+02 3.794869243907216969e+02 1.432708126341630184e+01 2.560504778677934912e+00
3.620000000000000000e+02 3.757944635678606460e+02 1.415979562462013774e+01 2.584332139767477443e+00
3.630000000000000000e+02 3.721408108983658281e+02 1.398856800349418172e+01 2.607936460149322677e+00
3.640000000000000000e+02 3.685266254444968013e+02 1.381345499073714223e+01 2.631309932801405793e+00
3.650000000000000000e+02 3.649525601317686778e+02 1.363451505949658937e+01 2.654444669915204003e+00
3.660000000000000000e+02 3.614192616465608126e+02 1.345180857915549133e+01 2.677332702571789902e+00
3.670000000000000000e+02 3.579273703337266284e+02 1.326539782911880216e+01 2.699965980417888378e+00
3.680000000000000000e+02 3.544775200942028164e+02 1.307534701260002308e+01 2.722336371341937511e+00
3.690000000000000000e+02 3.510703382826180814e+02 1.288172227040775475e+01 2.744435661150137484e+00
3.700000000000000000e+02 3.477064456049035357e+02 1.268459169473229409e+01 2.766255553242514154e+00
3.710000000000000000e+02 3.443864560159007624e+02 1.248402534293217592e+01 2.787787668288970622e+00
3.720000000000000000e+02 3.411109766169720956e+02 1.228009525132074309e+01 2.809023543905345033e+00
3.730000000000000000e+02 3.378806075536094227e+02 1.207287544895272902e+01 2.829954634329467034e+00
3.740000000000000000e+02 3.346959419130436117e+02 1.186244197141080292e+01 2.850572310097216899e+00
3.750000000000000000e+02 3.315575656218538825e+02 1.164887287459215592e+01 2.870867857718576666e+00
3.760000000000000000e+02 3.284660573435770061e+02 1.143224824849504628e+01 2.890832479353690587e+00
3.770000000000000000e+02 3.254219883763166763e+02 1.121265023100539615e+01 2.910457292488921599e+00
3.780000000000000000e+02 3.224259225503527659e+02 1.099016302168332437e+01 2.929733329612902448e+00
3.790000000000000000e+02 3.194784161257505843e+02 1.076487289554974147e+01 2.948651537892601482e+00
3.800000000000000000e+02 3.165800176899704184e+02 1.053686821687290198e+01 2.967202778849368006e+00
3.810000000000000000e+02 3.137312680554765620e+02 1.030623945295496924e+01 2.985377828035000736e+00
3.820000000000000000e+02 3.109327001573467442e+02 1.007307918791859436e+01 3.003167374707792714e+00
3.830000000000000000e+02 3.081848389508813284e+02 9.837482136493470364e+00 3.020562021508594874e+00
3.840000000000000000e+02 3.054882013092130251e+02 9.599545157802909401e+00 3.037552284136870728e+00
3.850000000000000000e+02 3.028432959209154092e+02 9.359367269150396851e+00 3.054128591026752826e+00
3.860000000000000000e+02 3.002506231876129732e+02 9.117049659806172102e+00 3.070281283023096552e+00
3.870000000000000000e+02 2.977106751215902705e+02 8.872695704793789773e+00 3.086000613057543251e+00
3.880000000000000000e+02 2.952238881424947863e+02 8.626404131259855390e+00 3.101277821661248879e+00
3.890000000000000000e+02 2.927904997299243632e+02 8.378248207642451817e+00 3.116108408515396722e+00
3.900000000000000000e+02 2.904106862078671725e+02 8.128295803114809814e+00 3.130488982639809237e+00
3.910000000000000000e+02 2.880846092220650121e+02 7.876616173024881817e+00 3.144416198136008145e+00
3.920000000000000000e+02 2.858124156001746314e+02 7.623279967237803767e+00 3.157886754718630229e+00
3.930000000000000000e+02 2.835942372119291690e+02 7.368359238478342732e+00 3.170897398246837806e+00
3.940000000000000000e+02 2.814301908292990788e+02 7.111927450673369400e+00 3.183444921255724758e+00
3.950000000000000000e+02 2.793203779866536820e+02 6.854059487294310138e+00 3.195526163487734106e+00
3.960000000000000000e+02 2.772648848409220363e+02 6.594831659699600834e+00 3.207138012424065376e+00
3.970000000000000000e+02 2.752637820317547721e+02 6.334321715477163828e+00 3.218277403816086402e+00
3.980000000000000000e+02 2.733171245416847910e+02 6.072608846786848424e+00 3.228941322216745125e+00
3.990000000000000000e+02 2.714249515562888746e+02 5.809773698702902500e+00 3.239126801511980958e+00
4.000000000000000000e+02 2.695872863243486677e+02 5.545898377556425451e+00 3.248830925452136587e+00
4.010000000000000000e+02 2.678041360180120591e+02 5.281066459277829139e+00 3.258050828183363556e+00
4.020000000000000000e+02 2.660754915929547906e+02 5.015362997739304163e+00 3.266783694779044733e+00
4.030000000000000000e+02 2.644013276485409847e+02 4.748874533097262152e+00 3.275026761771190564e+00
4.040000000000000000e+02 2.627816022879850948e+02 4.481689100134815362e+00 3.282777317681865537e+00
4.050000000000000000e+02 2.612162569785127744e+02 4.213896236604224299e+00 3.290032703554588434e+00
4.060000000000000000e+02 2.597052164115220307e+02 3.945586991569355995e+00 3.296790313485746804e+00
4.070000000000000000e+02 2.582483883627450041e+02 3.676853933748152059e+00 3.303047595156009653e+00
4.080000000000000000e+02 2.568456635524085527e+02 3.407791159855079410e+00 3.308802050361738356e+00
4.090000000000000000e+02 2.554969155053961742e+02 3.138494302943592551e+00 3.314051235546394913e+00
4.100000000000000000e+02 2.542020004114089033e+02 2.869060540748598509e+00 3.318792762331956858e+00
4.110000000000000000e+02 2.529607569851262951e+02 2.599588604028904459e+00 3.323024298050324177e+00
4.120000000000000000e+02 2.517730063263683746e+02 2.330178784909690215e+00 3.326743566274735553e+00
4.130000000000000000e+02 2.506385517802562504e+02 2.060932945224958956e+00 3.329948347351175730e+00
4.140000000000000000e+02 2.495571787973738083e+02 1.791954524859995068e+00 3.332636478929788204e+00
4.150000000000000000e+02 2.485286547939285811e+02 1.523348550093831966e+00 3.334805856496283916e+00
4.160000000000000000e+02 2.475527290119134705e+02 1.255221641941706601e+00 3.336454433903358385e+00
4.170000000000000000e+02 2.466291323792675598e+02 9.876820244975175189e-01 3.337580223902096854e+00
4.180000000000000000e+02 2.457575773700376942e+02 7.208395332762884689e-01 3.338181298673388309e+00
4.190000000000000000e+02 2.449377578645394919e+02 4.548056235566202421e-01 3.338255790359332842e+00
4.200000000000000000e+02 2.441693490095186974e+02 1.896933787231595558e-01 3.337801891594660564e+00
4.210000000000000000e+02 2.434520070783125902e+02 -7.438248139094819078e-02 3.336817856038135410e+00
4.220000000000000000e+02 2.427853693310109691e+02 -3.373055921615967234e-01 3.335301998903968723e+00
4.230000000000000000e+02 2.421690538746176742e+02 -5.989579358312602242e-01 3.333252697493233274e+00
4.240000000000000000e+02 2.416026595232115426e+02 -8.592198331665337196e-01 3.330668391725270183e+00
4.250000000000000000e+02 2.410857656581079596e+02 -1.117969935115676217e+00 3.327547584669099834e+00
4.260000000000000000e+02 2.406179320880199271e+02 -1.375085214466147177e+00 3.323888843074837673e+00
4.270000000000000000e+02 2.401987250142644541e+02 -1.630452282552191878e+00 3.319691508929225154e+00
4.280000000000000000e+02 2.398277961842332218e+02 -1.884001780420364147e+00 3.314957859702001741e+00
4.290000000000000000e+02 2.395048061559392920e+02 -2.135675141309442804e+00 3.309691022639570157e+00
4.300000000000000000e+02 2.392293983139602176e+02 -2.385413370411761047e+00 3.303894271376453418e+00
4.310000000000000000e+02 2.390011987467411529e+02 -2.633157043966925404e+00 3.297571026933576732e+00
4.320000000000000000e+02 2.388198161238962314e+02 -2.878846308355532013e+00 3.290724858716547185e+00
4.330000000000000000e+02 2.386848415735111075e+02 -3.122420879192883358e+00 3.283359485513928089e+00
4.340000000000000000e+02 2.385958485594452441e+02 -3.363820040422709656e+00 3.275478776495523991e+00
4.350000000000000000e+02 2.385523927586335446e+02 -3.602982643410881369e+00 3.267086752210651923e+00
4.360000000000000000e+02 2.385540119383894080e+02 -3.839847106039134594e+00 3.258187585586431734e+00
4.370000000000000000e+02 2.386002258337058493e+02 -4.074351411798780909e+00 3.248785602926051119e+00
4.380000000000000000e+02 2.386905360245587531e+02 -4.306433108884431427e+00 3.238885284907056406e+00
4.390000000000000000e+02 2.388244258132081086e+02 -4.536029309287707534e+00 3.228491267579626900e+00
4.400000000000000000e+02 2.390013601015006657e+02 -4.763076687890968941e+00 3.217608343364850576e+00
4.410000000000000000e+02 2.392207852681722784e+02 -4.987511481561026194e+00 3.206241462053011304e+00
4.420000000000000000e+02 2.394821290461494527e+02 -5.209269488242849633e+00 3.194395731801856986e+00
4.430000000000000000e+02 2.397848003998521449e+02 -5.428286066053304992e+00 3.182076420134889450e+00
4.440000000000000000e+02 2.401281894024955932e+02 -5.644496132374858810e+00 3.169288954939636138e+00
4.450000000000000000e+02 2.405116671133927468e+02 -5.857834162949300705e+00 3.156038925465932898e+00
4.460000000000000000e+02 2.409345854552559842e+02 -6.068234190971455000e+00 3.142332083324198777e+00
4.470000000000000000e+02 2.413962770914997691e+02 -6.275629806182910997e+00 3.128174343483719255e+00
4.480000000000000000e+02 2.418960553035426244e+02 -6.479954153965728381e+00 3.113571785270924597e+00
4.490000000000000000e+02 2.424332138681092772e+02 -6.681139934436162164e+00 3.098530653367666421e+00
4.500000000000000000e+02 2.430070269345328029e+02 -6.879119401538376977e+00 3.083057358809498272e+00
4.510000000000000000e+02 2.436167489020569690e+02 -7.073824362138169342e+00 3.067158479983954411e+00
4.520000000000000000e+02 2.442616142971383226e+02 -7.265186175116678413e+00 3.050840763628831276e+00
4.530000000000000000e+02 2.449408376507482785e+02 -7.453135750464111808e+00 3.034111125830459166e+00
4.540000000000000000e+02 2.456536133756752918e+02 -7.637603548373457230e+00 3.016976653021989474e+00
4.550000000000000000e+02 2.463991156438272014e+02 -7.818519578334205633e+00 2.999444602981670371e+00
4.560000000000000000e+02 2.471764982635333467e+02 -7.995813398226063740e+00 2.981522405831124711e+00
4.570000000000000000e+02 2.479848945568464842e+02 -8.169414113412670986e+00 2.963217665033628823e+00
4.580000000000000000e+02 2.488234172368454153e+02 -8.339250375835332463e+00 2.944538158392395300e+00
4.590000000000000000e+02 2.496911582849368187e+02 -8.505250383106710999e+00 2.925491839048847353e+00
4.600000000000000000e+02 2.505871888281573945e+02 -8.667341877604568978e+00 2.906086836480899382e+00
4.610000000000000000e+02 2.515105590164763498e+02 -8.825452145565469309e+00 2.886331457501238873e+00
4.620000000000000000e+02 2.524602979000972880e+02 -8.979508016178506580e+00 2.866234187255599419e+00
4.630000000000000000e+02 2.534354133067605517e+02 -9.129435860679009807e+00 2.845803690221045290e+00
4.640000000000000000e+02 2.544348917190450834e+02 -9.275161591442282472e+00 2.825048811204248445e+00
4.650000000000000000e+02 2.554576981516713090e+02 -9.416610661077296385e+00 2.803978576339765993e+00
4.660000000000000000e+02 2.565028652125897111e+02 -9.553718492548037844e+00 2.782602036882117602e+00
4.670000000000000000e+02 2.575697635937509631e+02 -9.686462129496963058e+00 2.760927793187817780e+00
4.680000000000000000e+02 2.586578397778566796e+02 -9.814829571601192626e+00 2.738964457847389955e+00
4.690000000000000000e+02 2.597665275441195263e+02 -9.938809437639561040e+00 2.716720812458081724e+00
4.700000000000000000e+02 2.608952478947422833e+02 -1.005839097033816287e+01 2.694205808535466318e+00
4.710000000000000000e+02 2.620434089813975902e+02 -1.017356404121588831e+01 2.671428568425031624e+00
4.720000000000000000e+02 2.632104060317066114e+02 -1.028431915542996933e+01 2.648398386213772326e+00
4.730000000000000000e+02 2.643956212757196909e+02 -1.039064745662152589e+01 2.625124728641783811e+00
4.740000000000000000e+02 2.655984238723945055e+02 -1.049254073176108548e+01 2.601617236013856083e+00
4.750000000000000000e+02 2.668181698360764358e+02 -1.058999141599414884e+01 2.577885723111068117e+00
4.760000000000000000e+02 2.680542019629774018e+02 -1.068299259748672192e+01 2.553940180102376445e+00
4.770000000000000000e+02 2.693058497576561194e+02 -1.077153802227085855e+01 2.529790773456215724e+00
4.780000000000000000e+02 2.705724293594963115e+02 -1.085562209909019593e+01 2.505447846852084215e+00
4.790000000000000000e+02 2.718532434691871345e+02 -1.093523990424549197e+01 2.480921922092138132e+00
4.800000000000000000e+02 2.731475812752024126e+02 -1.101038718644019632e+01 2.456223700012793110e+00
4.810000000000000000e+02 2.744547183802797576e+02 -1.108106037162594504e+01 2.431364061396304344e+00
4.820000000000000000e+02 2.757739167279003141e+02 -1.114725656784814944e+01 2.406354067882372494e+00
4.830000000000000000e+02 2.771044245287679928e+02 -1.120897357009149431e+01 2.381204962879725162e+00
4.840000000000000000e+02 2.784454761872891595e+02 -1.126620986512551781e+01 2.355928172477721017e+00
4.850000000000000000e+02 2.797962922280519251e+02 -1.131896463635012040e+01 2.330535306357933933e+00
4.860000000000000000e+02 2.811560792223053795e+02 -1.136723776864112878e+01 2.305038158705750906e+00
4.870000000000000000e+02 2.825240297144393367e+02 -1.141102985319582075e+01 2.279448709121963734e+00
4.880000000000000000e+02 2.838993221484636820e+02 -1.145034219237847850e+01 2.253779123534363382e+00
4.890000000000000000e+02 2.852811207944878902e+02 -1.148517680456592949e+01 2.228041755109330779e+00
4.900000000000000000e+02 2.866685756752001453e+02 -1.151553642899308016e+01 2.202249145163434285e+00
4.910000000000000000e+02 2.880608224923471425e+02 -1.154142453059845508e+01 2.176414024075016052e+00
4.920000000000000000e+02 2.894569825532133223e+02 -1.156284530486975193e+01 2.150549312195792151e+00
4.930000000000000000e+02 2.908561626971003307e+02 -1.157980368268936999e+01 2.124668120762441603e+00
4.940000000000000000e+02 2.922574552218067083e+02 -1.159230533517996165e+01 2.098783752808201175e+00
4.950000000000000000e+02 2.936599378101066122e+02 -1.160035667854996611e+01 2.072909704074456183e+00
4.960000000000000000e+02 2.950626734562304136e+02 -1.160396487893914497e+01 2.047059663922337958e+00
4.970000000000000000e+02 2.964647103923429654e+02 -1.160313785726414082e+01 2.021247516244313314e+00
4.980000000000000000e+02 2.978650820150236882e+02 -1.159788429406400567e+01 1.995487340375776908e+00
4.990000000000000000e+02 2.992628068117459179e+02 -1.158821363434574714e+01 1.969793412006649813e+00
5.000000000000000000e+02 3.006568882873561961e+02 -1.157413609242986396e+01 1.944180204092966102e+00
5.010000000000000000e+02 3.020463148905539583e+02 -1.155566265679589222e+01 1.918662387768471644e+00
5.020000000000000000e+02 3.034300599403706542e+02 -1.153280509492795147e+01 1.893254833256212244e+00
5.030000000000000000e+02 3.048070815526493220e+02 -1.150557595816027145e+01 1.867972610780130660e+00
5.040000000000000000e+02 3.061763225665241634e+02 -1.147398858652274534e+01 1.842830991476657188e+00
5.050000000000000000e+02 3.075368251259593535e+02 -1.143806131313932539e+01 1.817844309504882183e+00
5.060000000000000000e+02 3.088880782040424151e+02 -1.139783020078724363e+01 1.793022510473041287e+00
5.070000000000000000e+02 3.102296799456270833e+02 -1.135333668181798750e+01 1.768374505372255490e+00
5.080000000000000000e+02 3.115612238980633037e+02 -1.130462339858729948e+01 1.743909300761282033e+00
5.090000000000000000e+02 3.128822989915200310e+02 -1.125173421027290033e+01 1.719635999143313221e+00
5.100000000000000000e+02 3.141924895193081966e+02 -1.119471419969219461e+01 1.695563799342774347e+00
5.110000000000000000e+02 3.154913751182035639e+02 -1.113360968011994956e+01 1.671701996882122288e+00
5.120000000000000000e+02 3.167785307487692421e+02 -1.106846820210602722e+01 1.648059984358641206e+00
5.130000000000000000e+02 3.180535266756790520e+02 -1.099933856029306689e+01 1.624647251821244698e+00
5.140000000000000000e+02 3.193159284480402107e+02 -1.092627080023418351e+01 1.601473387147271277e+00
5.150000000000000000e+02 3.205652968797157314e+02 -1.084931622521069627e+01 1.578548076419282520e+00
5.160000000000000000e+02 3.218011880296479035e+02 -1.076852740304979861e+01 1.555881104301861884e+00
5.170000000000000000e+02 3.230231531821808630e+02 -1.068395817294228856e+01 1.533482354418413074e+00
5.180000000000000000e+02 3.242307388273835045e+02 -1.059566365226025120e+01 1.511361809727956862e+00
5.190000000000000000e+02 3.254234866413721079e+02 -1.050370024337477126e+01 1.489529552901931453e+00
5.200000000000000000e+02 3.266009334666333075e+02 -1.040812564047362798e+01 1.467995766700987748e+00
5.210000000000000000e+02 3.277626112923474011e+02 -1.030899883637901304e+01 1.446770734351789933e+00
5.220000000000000000e+02 3.289080472347103523e+02 -1.020638012936521299e+01 1.425864839923812299e+00
5.230000000000000000e+02 3.300367635172573273e+02 -1.010033112997632720e+01 1.405288568706137831e+00
5.240000000000000000e+02 3.311482774511851517e+02 -9.990914767843959154e+00 1.385052507584256576e+00
5.250000000000000000e+02 3.322421014156753927e+02 -9.878195298504923727e+00 1.365167345416862910e+00
5.260000000000000000e+02 3.333177428382172138e+02 -9.762238310218961601e+00 1.345643873412654346e+00
5.270000000000000000e+02 3.343747041749298319e+02 -9.643110730786409235e+00 1.326492985507129241e+00
5.280000000000000000e+02 3.354124828908861105e+02 -9.520880834365941681e+00 1.307725678739385389e+00
5.290000000000000000e+02 3.364305714404345053e+02 -9.395618248292242569e+00 1.289353053628918611e+00
5.300000000000000000e+02 3.374284572475226582e+02 -9.267393959893727384e+00 1.271386314552419350e+00
5.310000000000000000e+02 3.384056226860199104e+02 -9.136280323310229434e+00 1.253836770120571265e+00
5.320000000000000000e+02 3.393615450600402710e+02 -9.002351066310721350e+00 1.236715833554851596e+00
5.330000000000000000e+02 3.402956965842649311e+02 -8.865681297110995729e+00 1.220035023064325097e+00
5.340000000000000000e+02 3.412075443642656296e+02 -8.726347511191383077e+00 1.203805962222446402e+00
5.350000000000000000e+02 3.420965503768272242e+02 -8.584427598114453772e+00 1.188040380343855063e+00
5.360000000000000000e+02 3.429621714502704322e+02 -8.440000848342707584e+00 1.172750112861175475e+00
5.370000000000000000e+02 3.438038592447751398e+02 -8.293147960056296952e+00 1.157947101701813919e+00
5.380000000000000000e+02 3.446210602327023480e+02 -8.143951045970700520e+00 1.143643395664757811e+00
5.390000000000000000e+02 3.454132156789182773e+02 -7.992493640154465062e+00 1.129851150797373194e+00
5.400000000000000000e+02 3.461797616211161994e+02 -7.838860704846863037e+00 1.116582630772202211e+00
5.410000000000000000e+02 3.469201288501394060e+02 -7.683138637275632732e+00 1.103850207263762151e+00
5.420000000000000000e+02 3.476337428903049158e+02 -7.525415276474656245e+00 1.091666360325343810e+00
5.430000000000000000e+02 3.483200239797249083e+02 -7.365779910101671213e+00 1.080043678765808091e+00
5.440000000000000000e+02 3.489784791673600921e+02 -7.204319078008314392e+00 1.068993279974984167e+00
5.450000000000000000e+02 3.496089813528438981e+02 -7.041103845689871576e+00 1.058520022159452623e+00
5.460000000000000000e+02 3.502114976746991601e+02 -6.876202203736796470e+00 1.048627164733765493e+00
5.470000000000000000e+02 3.507859980866803085e+02 -6.709683245377652483e+00 1.039317937019201610e+00
5.480000000000000000e+02 3.513324553753809596e+02 -6.541617171595543567e+00 1.030595537980840470e+00
5.490000000000000000e+02 3.518508451778403696e+02 -6.372075296244573472e+00 1.022463135964633674e+00
5.500000000000000000e+02 3.523411459991505126e+02 -6.201130051166269475e+00 1.014923868434473908e+00
5.510000000000000000e+02 3.528033392300636706e+02 -6.028854991306037192e+00 1.007980841709269715e+00
5.520000000000000000e+02 3.532374091645986027e+02 -5.855324799829589644e+00 1.001637130700014477e+00
5.530000000000000000e+02 3.536433430176481352e+02 -5.680615293239412722e+00 9.958957786468578544e-01
5.540000000000000000e+02 3.540211309425861259e+02 -5.504803426491173823e+00 9.907597968561797641e-01
5.550000000000000000e+02 3.543707660488739180e+02 -5.327967298110192651e+00 9.862321644376587093e-01
5.560000000000000000e+02 3.546922444196682704e+02 -5.150186155307870273e+00 9.823158280413453181e-01
5.570000000000000000e+02 3.549855651294274708e+02 -4.971540399098128837e+00 9.790137015947326660e-01
5.580000000000000000e+02 3.552507302615190952e+02 -4.792111589413863726e+00 9.763286660398283745e-01
5.590000000000000000e+02 3.554877449258262345e+02 -4.611982450223372609e+00 9.742635690702259321e-01
5.600000000000000000e+02 3.556966172763552549e+02 -4.431236874646804935e+00 9.728212248681749053e-01
5.610000000000000000e+02 3.558773585288424783e+02 -4.249959930072606085e+00 9.720044138416552570e-01
5.620000000000000000e+02 3.560299829783610335e+02 -4.068237863273954424e+00 9.718158823614453379e-01
5.630000000000000000e+02 3.561545080169281050e+02 -3.886158105525202799e+00 9.722583424981959821e-01
5.640000000000000000e+02 3.562509541511118414e+02 -3.703809277718324466e+00 9.733344717595004969e-01
5.650000000000000000e+02 3.563193450196383765e+02 -3.521281195479351034e+00 9.750469128269666497e-01
5.660000000000000000e+02 3.563597074109990217e+02 -3.338664874284818396e+00 9.773982732932885442e-01
5.670000000000000000e+02 3.563720712810566624e+02 -3.156052534578203783e+00 9.803911253993158326e-01
5.680000000000000000e+02 3.563564697706537459e+02 -2.973537606886372586e+00 9.840280057711292550e-01
5.690000000000000000e+02 3.563129392232182795e+02 -2.791214736936017626e+00 9.883114151571077421e-01
5.700000000000000000e+02 3.562415192023715917e+02 -2.609179790770097540e+00 9.932438181650027342e-01
5.710000000000000000e+02 3.561422525095349556e+02 -2.427529859864287154e+00 9.988276429990086136e-01
5.720000000000000000e+02 3.560151852015366671e+02 -2.246363266243413204e+00 1.005065281196833249e+00
5.730000000000000000e+02 3.558603666082191808e+02 -2.065779567597896715e+00 1.011959087366772092e+00
5.740000000000000000e+02 3.556778493500458467e+02 -1.885879562400198717e+00 1.019511378924776279e+00
5.750000000000000000e+02 3.554676893557082735e+02 -1.706765295021254847e+00 1.027724435831526506e+00
5.760000000000000000e+02 3.552299458797331226e+02 -1.528540060846925952e+00 1.036600500329504015e+00
5.770000000000000000e+02 3.549646815200890160e+02 -1.351308411394433140e+00 1.046141776680060920e+00
5.780000000000000000e+02 3.546719622357938420e+02 -1.175176159428803491e+00 1.056350430900492743e+00
5.790000000000000000e+02 3.543518573645214360e+02 -1.000250384079311106e+00 1.067228590501109187e+00
5.800000000000000000e+02 3.540044396402089433e+02 -8.266394359559184890e-01 1.078778344222306895e+00
5.810000000000000000e+02 3.536297852106634991e+02 -6.544529422657168194e-01 1.091001741771638445e+00
5.820000000000000000e+02 3.532279736551692508e+02 -4.838018119293718278e-01 1.103900793560886662e+00
5.830000000000000000e+02 3.527991235964537964e+02 -3.147879344438854199e-01 1.117476324733418069e+00
5.840000000000000000e+02 3.523435004782321585e+02 -1.474729833905615572e-01 1.131724506328961155e+00
5.850000000000000000e+02 3.518614115148888004e+02 1.809115630514744957e-02 1.146640236942600088e+00
5.860000000000000000e+02 3.513531703708580949e+02 1.818521511662187506e-01 1.162218279927157871e+00
5.870000000000000000e+02 3.508190971907778817e+02 3.437572176800747226e-01 1.178453262726461004e+00
5.880000000000000000e+02 3.502595186296405245e+02 5.037531208146002193e-01 1.195339676208603930e+00
5.890000000000000000e+02 3.496747678829462416e+02 6.617861725341582790e-01 1.212871873999209926e+00
5.900000000000000000e+02 3.490651847168545601e+02 8.178022303156087247e-01 1.231044071814698881e+00
5.910000000000000000e+02 3.484311154983371353e+02 9.717466956643228126e-01 1.249850346795547962e+00
5.920000000000000000e+02 3.477729132253300008e+02 1.123564512630200740e+00 1.269284636839557390e+00
5.930000000000000000e+02 3.470909375568855921e+02 1.273200166323689597e+00 1.289340739935113112e+00
5.940000000000000000e+02 3.463855548433254512e+02 1.420597681431797321e+00 1.310012313494452352e+00
5.950000000000000000e+02 3.456571381563925343e+02 1.565700620734111759e+00 1.331292873686926281e+00
5.960000000000000000e+02 3.449060673194026663e+02 1.708452083618817285e+00 1.353175794772263130e+00
5.970000000000000000e+02 3.441327289373982694e+02 1.848794704598708316e+00 1.375654308433833961e+00
5.980000000000000000e+02 3.433375164272994766e+02 1.986670651827211254e+00 1.398721503111915343e+00
5.990000000000000000e+02 3.425208300480568937e+02 2.122021625614396889e+00 1.422370323336953346e+00
6.000000000000000000e+02 3.416830769308041909e+02 2.254788856942998798e+00 1.446593569062827989e+00
6.010000000000000000e+02 3.408246711090096710e+02 2.384913105984429293e+00 1.471383895000116349e+00
6.020000000000000000e+02 3.399460335486293729e+02 2.512334660614797599e+00 1.496733809949357008e+00
6.030000000000000000e+02 3.390475921782588671e+02 2.636993334930924693e+00 1.522635676134313609e+00
6.040000000000000000e+02 3.381297819192858469e+02 2.758828467766362813e+00 1.549081708535239521e+00
6.050000000000000000e+02 3.371930447160419817e+02 2.877778921207406526e+00 1.576063974222140063e+00
6.060000000000000000e+02 3.362378295659559058e+02 2.993783079109116674e+00 1.603574391688037615e+00
6.070000000000000000e+02 3.352645925497049575e+02 3.106778845611330997e+00 1.631604730182236285e+00
6.080000000000000000e+02 3.342737968613678845e+02 3.216703643654684974e+00 1.660146609043585020e+00
6.090000000000000000e+02 3.332659128385767531e+02 3.323494413496627331e+00 1.689191497033739164e+00
6.100000000000000000e+02 3.322414179926696534e+02 3.427087611227433328e+00 1.718730711670427569e+00
6.110000000000000000e+02 3.312007970388427793e+02 3.527419207286227820e+00 1.748755418560716812e+00
6.120000000000000000e+02 3.301445419263025087e+02 3.624424684976996769e+00 1.779256630734271205e+00
6.130000000000000000e+02 3.290731518684185630e+02 3.718039038984605860e+00 1.810225207976621231e+00
6.140000000000000000e+02 3.279871333728750642e+02 3.808196773890816456e+00 1.841651856162423551e+00
6.150000000000000000e+02 3.268870002718239789e+02 3.894831902690303771e+00 1.873527126588728553e+00
6.160000000000000000e+02 3.257732737520367436e+02 3.977877945306673269e+00 1.905841415308240139e+00
6.170000000000000000e+02 3.246464823850569132e+02 4.057267927108475725e+00 1.938584962462584160e+00
6.180000000000000000e+02 3.235071621573522407e+02 4.132934377425223182e+00 1.971747851615567981e+00
6.190000000000000000e+02 3.223558565004671550e+02 4.204809328063411122e+00 2.005320009086447364e+00
6.200000000000000000e+02 3.211931163211748412e+02 4.272824311822527754e+00 2.039291203283189358e+00
6.210000000000000000e+02 3.200195000316300025e+02 4.336910361011080184e+00 2.073651044035734969e+00
6.220000000000000000e+02 3.188355482550079500e+02 4.397008889567705303e+00 2.108388976251822200e+00
6.230000000000000000e+02 3.176417072306845739e+02 4.453104622356635289e+00 2.143494262071866441e+00
6.240000000000000000e+02 3.164384036743877573e+02 4.505193434322261936e+00 2.178955996978199305e+00
6.250000000000000000e+02 3.152260699625531402e+02 4.553271538592903234e+00 2.214763114767585250e+00
6.260000000000000000e+02 3.140051441546344790e+02 4.597335488367183309e+00 2.250904386882736752e+00
6.270000000000000000e+02 3.127760700154134952e+02 4.637382178800402599e+00 2.287368421743816604e+00
6.280000000000000000e+02 3.115392970373099502e+02 4.673408848890902689e+00 2.324143664079939331e+00
6.290000000000000000e+02 3.102952804626914940e+02 4.705413083366443594e+00 2.361218394260685915e+00
6.300000000000000000e+02 3.090444813061837976e+02 4.733392814570573925e+00 2.398580727627601217e+00
6.310000000000000000e+02 3.077873663769804011e+02 4.757346324349001065e+00 2.436218613825703816e+00
6.320000000000000000e+02 3.065244083011531870e+02 4.777272245935962225e+00 2.474119836134990980e+00
6.330000000000000000e+02 3.052560855439616034e+02 4.793169565840599944e+00 2.512272010801945399e+00
6.340000000000000000e+02 3.039828824321634215e+02 4.805037625733322493e+00 2.550662586371037932e+00
6.350000000000000000e+02 3.027052891763240723e+02 4.812876124332191807e+00 2.589278843016236120e+00
6.360000000000000000e+02 3.014238018931272336e+02 4.816685119289276784e+00 2.628107891872510482e+00
6.370000000000000000e+02 3.001389226276843374e+02 4.816465029077038551e+00 2.667136674367336813e+00
6.380000000000000000e+02 2.988511593758449862e+02 4.812216634874693533e+00 2.706351961552204699e+00
6.390000000000000000e+02 2.975610261065067448e+02 4.803941082454589839e+00 2.745740353434123371e+00
6.400000000000000000e+02 2.962690427839250447e+02 4.791639884068572997e+00 2.785288278307125776e+00
6.410000000000000000e+02 2.949757353900233170e+02 4.775314920334363222e+00 2.824981992083774873e+00
6.420000000000000000e+02 2.936816359467030679e+02 4.754968442121922045e+00 2.864807577626670376e+00
6.430000000000000000e+02 2.923872825381536131e+02 4.730603072439825141e+00 2.904750944079954156e+00
6.440000000000000000e+02 2.910932193331624944e+02 4.702221808321635166e+00 2.944797826200813429e+00
6.450000000000000000e+02 2.897999966074247595e+02 4.669828022712267490e+00 2.984933783690989273e+00
6.460000000000000000e+02 2.885081707658541745e+02 4.633425466354371025e+00 3.025144200528285143e+00
6.470000000000000000e+02 2.872183043648917646e+02 4.593018269674693066e+00 3.065414284298064729e+00
6.480000000000000000e+02 2.859309661348168561e+02 4.548610944670445910e+00 3.105729065524764465e+00
6.490000000000000000e+02 2.846467310020566401e+02 4.500208386795691240e+00 3.146073397003396277e+00
6.500000000000000000e+02 2.833661801114964760e+02 4.447815876847695193e+00 3.186431953131053874e+00
6.510000000000000000e+02 2.820899008487894548e+02 4.391439082853318965e+00 3.226789229238419043e+00
6.520000000000000000e+02 2.808184868626667026e+02 4.331084061955369435e+00 3.267129540921266617e+00
6.530000000000000000e+02 2.795525380872474557e+02 4.266757262298984443e+00 3.307437023371971208e+00
6.540000000000000000e+02 2.782926607643486250e+02 4.198465524917999403e+00 3.347695630711010395e+00
6.550000000000000000e+02 2.770394674657954397e+02 4.126216085621319252e+00 3.387889135318474576e+00
6.560000000000000000e+02 2.757935771157308409e+02 4.050016576879289509e+00 3.428001127165570594e+00
6.570000000000000000e+02 2.745556150129258413e+02 3.969875029710067338e+00 3.468015013146124925e+00
6.580000000000000000e+02 2.733262128530892028e+02 3.885799875565991712e+00 3.507914016408093083e+00
6.590000000000000000e+02 2.721060087511781944e+02 3.797799948219957589e+00 3.547681175685064581e+00
6.600000000000000000e+02 2.708956472637072466e+02 3.705884485651784299e+00 3.587299344627767894e+00
6.610000000000000000e+02 2.696957169575759963e+02 3.610068935660482925e+00 3.626752399385853032e+00
6.620000000000000000e+02 2.685065615601938021e+02 3.510392509411845996e+00 3.666028891936830014e+00
6.630000000000000000e+02 2.673284646890010094e+02 3.406901018709519668e+00 3.705118475997402516e+00
6.640000000000000000e+02 2.661617119330580294e+02 3.299641110788372966e+00 3.744010705731128930e+00
6.650000000000000000e+02 2.650065908582288898e+02 3.188660271792441936e+00 3.782695035411267170e+00
6.660000000000000000e+02 2.638633910123639907e+02 3.074006830252885347e+00 3.821160819083624816e+00
6.670000000000000000e+02 2.627324039304833718e+02 2.955729960565936398e+00 3.859397310229409683e+00
6.680000000000000000e+02 2.616139231399598657e+02 2.833879686470854864e+00 3.897393661428080414e+00
6.690000000000000000e+02 2.605082441657021377e+02 2.708506884527877911e+00 3.935138924020192164e+00
6.700000000000000000e+02 2.594156645353378963e+02 2.579663287596174914e+00 3.972622047770251186e+00
6.710000000000000000e+02 2.583364837843967052e+02 2.447401488311795159e+00 4.009831880529557857e+00
6.720000000000000000e+02 2.572710034614935921e+02 2.311774942565624880e+00 4.046757167899061258e+00
6.730000000000000000e+02 2.562195271335115763e+02 2.172837972981334964e+00 4.083386552892209309e+00
6.740000000000000000e+02 2.551823603907853055e+02 2.030645772393335768e+00 4.119708575597789135e+00
6.750000000000000000e+02 2.541598108522839539e+02 1.885254407324727266e+00 4.155711672842792304e+00
6.760000000000000000e+02 2.531521881707942043e+02 1.736720821465253861e+00 4.191384177855246307e+00
6.770000000000000000e+02 2.521598040381036014e+02 1.585102839149253207e+00 4.226714319927080687e+00
6.780000000000000000e+02 2.511829721901834489e+02 1.430459168833609240e+00 4.261690224076961186e+00
6.790000000000000000e+02 2.502220084123719914e+02 1.272849406575706999e+00 4.296299910713152315e+00
6.800000000000000000e+02 2.492772305445576819e+02 1.112334039511379435e+00 4.330531295296356831e+00
6.810000000000000000e+02 2.483489584863619939e+02 9.489744493328642339e-01 4.364372188002572983e+00
6.820000000000000000e+02 2.474375142023227454e+02 7.828329157667531790e-01 4.397810293385936653e+00
6.830000000000000000e+02 2.465432217270772242e+02 6.139726200519453059e-01 4.430833210041574155e+00
6.840000000000000000e+02 2.456664071705452272e+02 4.424576484175987701e-01 4.463428430268458591e+00
6.850000000000000000e+02 2.448073987231121578e+02 2.683529955610822193e-01 4.495583339732246664e+00
6.860000000000000000e+02 2.439665266608120362e+02 9.172456812592860720e-02 4.527285217128135031e+00
6.870000000000000000e+02 2.431441233505109381e+02 -8.736081182021596114e-02 4.558521233843705112e+00
6.880000000000000000e+02 2.423405232550898916e+02 -2.688354033076367777e-01 4.589278453621786547e+00
6.890000000000000000e+02 2.415560629386276332e+02 -4.526305429866003260e-01 4.619543832223283353e+00
6.900000000000000000e+02 2.407910810715845571e+02 -6.386766416494016330e-01 4.649304217090045377e+00
6.910000000000000000e+02 2.400459184359852429e+02 -8.269031807524123145e-01 4.678546347007707773e+00
6.920000000000000000e+02 2.393209179306013539e+02 -1.017238708938129843e+00 4.707256851768534034e+00
6.930000000000000000e+02 2.386164245761354721e+02 -1.209610838557222845e+00 4.735422251834281226e+00
6.940000000000000000e+02 2.379327855204034847e+02 -1.403946242190580840e+00 4.763028957999035029e+00
6.950000000000000000e+02 2.372703500435183059e+02 -1.600170649171362980e+00 4.790063271052068750e+00
6.960000000000000000e+02 2.366294695630724334e+02 -1.798208842107043237e+00 4.816511381440684580e+00
6.970000000000000000e+02 2.360104976393214713e+02 -1.997984653401460475e+00 4.842359368933070840e+00
6.980000000000000000e+02 2.354137899803671417e+02 -2.199420961776866967e+00 4.867593202281145892e+00
6.990000000000000000e+02 2.348397044473402389e+02 -2.402439688795976025e+00 4.892198738883412723e+00
7.000000000000000000e+02 2.342885395754129831e+02 -2.606963881246423753e+00 4.916163527038579062e+00
7.010000000000000000e+02 2.337603487211176230e+02 -2.812924012926933504e+00 4.939482254582835630e+00
7.020000000000000000e+02 2.332551220539086785e+02 -3.020251807246145059e+00 4.962151413082353635e+00
7.030000000000000000e+02 2.327728476798944541e+02 -3.228878160286049681e+00 4.984167505624658823e+00
7.040000000000000000e+02 2.323135116319845963e+02 -3.438733137834130371e+00 5.005527046922299661e+00
7.050000000000000000e+02 2.318770978600371961e+02 -3.649745972415505246e+00 5.026226563416521742e+00
7.060000000000000000e+02 2.314635882210061766e+02 -3.861845060325074908e+00 5.046262593380935080e+00
7.070000000000000000e+02 2.310729624690882815e+02 -4.074957958659658708e+00 5.065631687025185848e+00
7.080000000000000000e+02 2.307051982458704060e+02 -4.289011382350139456e+00 5.084330406598621899e+00
7.090000000000000000e+02 2.303602710704770402e+02 -4.503931201193608125e+00 5.102355326493971610e+00
7.100000000000000000e+02 2.300381543297173152e+02 -4.719642436885504999e+00 5.119703033351010291e+00
7.110000000000000000e+02 2.297388192682322767e+02 -4.936069260051765717e+00 5.136370126160229255e+00
7.120000000000000000e+02 2.294622349786420159e+02 -5.153134987280951762e+00 5.152353216366505784e+00
7.130000000000000000e+02 2.292083683916932273e+02 -5.370762078156412933e+00 5.167648927972778417e+00
7.140000000000000000e+02 2.289771842664062262e+02 -5.588872132288415173e+00 5.182253897643718688e+00
7.150000000000000000e+02 2.287686451802220233e+02 -5.807385886346282611e+00 5.196164774809384213e+00
7.160000000000000000e+02 2.285827115191501093e+02 -6.026223211090552034e+00 5.209378221768916184e+00
7.170000000000000000e+02 2.284193414679149896e+02 -6.245303108405106052e+00 5.221890913794190681e+00
7.180000000000000000e+02 2.282784910001040544e+02 -6.464543708329316019e+00 5.233699539233490405e+00
7.190000000000000000e+02 2.281601138683145962e+02 -6.683862266090193849e+00 5.244800799615187969e+00
7.200000000000000000e+02 2.280641615943007992e+02 -6.903175159134518069e+00 5.255191409751398979e+00
7.210000000000000000e+02 2.279905834591212681e+02 -7.122397884160994508e+00 5.264868097841667982e+00
7.220000000000000000e+02 2.279393264932864156e+02 -7.341445054152390348e+00 5.273827605576628663e+00
7.230000000000000000e+02 2.279103354669051100e+02 -7.560230395407671722e+00 5.282066688241678243e+00
7.240000000000000000e+02 2.279035528798326879e+02 -7.778666744574156411e+00 5.289582114820647440e+00
7.250000000000000000e+02 2.279189189518176022e+02 -7.996666045679652335e+00 5.296370668099474877e+00
7.260000000000000000e+02 2.279563716126489226e+02 -8.214139347164596927e+00 5.302429144769866376e+00
7.270000000000000000e+02 2.280158464923034387e+02 -8.430996798914208057e+00 5.307754355532980917e+00
7.280000000000000000e+02 2.280972769110932177e+02 -8.647147649290619853e+00 5.312343125203088157e+00
7.290000000000000000e+02 2.282005938698123941e+02 -8.862500242165021191e+00 5.316192292811242837e+00
7.300000000000000000e+02 2.283257260398847563e+02 -9.076962013949813723e+00 5.319298711708958294e+00
7.310000000000000000e+02 2.284725997535108775e+02 -9.290439490630738817e+00 5.321659249671878200e+00
7.320000000000000000e+02 2.286411389938152752e+02 -9.502838284799027591e+00 5.323270789003436754e+00
7.330000000000000000e+02 2.288312653849938840e+02 -9.714063092683550948e+00 5.324130226638541963e+00
7.340000000000000000e+02 2.290428981824609593e+02 -9.924017691182939416e+00 5.324234474247235838e+00
7.350000000000000000e+02 2.292759542629966347e+02 -1.013260493489775271e+01 5.323580458338374122e+00
7.360000000000000000e+02 2.295303481148941671e+02 -1.033972675316260492e+01 5.322165120363290036e+00
7.370000000000000000e+02 2.298059918281066132e+02 -1.054528414707831452e+01 5.319985416819462465e+00
7.380000000000000000e+02 2.301027950843949554e+02 -1.074917718654404020e+01 5.317038319354196574e+00
7.390000000000000000e+02 2.304206360761403687e+02 -1.095131346419221963e+01 5.313322227852314228e+00
7.400000000000000000e+02 2.307592736530683339e+02 -1.115163364622842579e+01 5.308841240084273494e+00
7.410000000000000000e+02 2.311184334220436369e+02 -1.135008642001418977e+01 5.303600966533867478e+00
7.420000000000000000e+02 2.314978366451366298e+02 -1.154662008173411536e+01 5.297607125460515931e+00
7.430000000000000000e+02 2.318972002233914509e+02 -1.174118253528381928e+01 5.290865543312993857e+00
7.440000000000000000e+02 2.323162366805933914e+02 -1.193372129115773994e+01 5.283382155143151238e+00
7.450000000000000000e+02 2.327546541470379111e+02 -1.212418346533708302e+01 5.275163005019649631e+00
7.460000000000000000e+02 2.332121563432976075e+02 -1.231251577817765686e+01 5.266214246441689006e+00
7.470000000000000000e+02 2.336884425639906908e+02 -1.249866455329776471e+01 5.256542142752728353e+00
7.480000000000000000e+02 2.341832076615489484e+02 -1.268257571646610060e+01 5.246153067554224947e+00
7.490000000000000000e+02 2.346961420299858219e+02 -1.286419479448959891e+01 5.235053505119348749e+00
7.500000000000000000e+02 2.352269315886640015e+02 -1.304346691410134085e+01 5.223250050806726996e+00
7.510000000000000000e+02 2.357752577660639020e+02 -1.322033680084842189e+01 5.210749411474157711e+00
7.520000000000000000e+02 2.363407974835511425e+02 -1.339474877797982622e+01 5.197558405892345412e+00
7.530000000000000000e+02 2.369232231391451649e+02 -1.356664676533431901e+01 5.183683965158627061e+00
7.540000000000000000e+02 2.375222025912866002e+02 -1.373597427822832628e+01 5.169133133110703326e+00
7.550000000000000000e+02 2.381373991426055170e+02 -1.390267442634379336e+01 5.153913066740357429e+00
7.560000000000000000e+02 2.387684715236896125e+02 -1.406668991261609669e+01 5.138031036607193514e+00
7.570000000000000000e+02 2.394150738768517783e+02 -1.422796303212189706e+01 5.121494427252361703e+00
7.580000000000000000e+02 2.400768557398984910e+02 -1.438643567096703357e+01 5.104310737612284044e+00
7.590000000000000000e+02 2.407534620298972925e+02 -1.454204930517438399e+01 5.086487581432380445e+00
7.600000000000000000e+02 2.414445330269455496e+02 -1.469474499957178892e+01 5.068032687680804393e+00
7.610000000000000000e+02 2.421497043579376509e+02 -1.484446340667986952e+01 5.048953900962162678e+00
7.620000000000000000e+02 2.428686069803334533e+02 -1.499114476559996589e+01 5.029259181931252876e+00
7.630000000000000000e+02 2.436008671659260187e+02 -1.513472890090197254e+01 5.008956607706778641e+00
7.640000000000000000e+02 2.443461064846099475e+02 -1.527515522151223948e+01 4.988054372285089855e+00
7.650000000000000000e+02 2.451039417881490294e+02 -1.541236271960145920e+01 4.966560786953904127e+00
7.660000000000000000e+02 2.458739851939442076e+02 -1.554628996947251984e+01 4.944484280706037183e+00
7.670000000000000000e+02 2.466558440688019402e+02 -1.567687512644841163e+01 4.921833400653128798e+00
7.680000000000000000e+02 2.474491210127016529e+02 -1.580405592576009433e+01 4.898616812439374080e+00
7.690000000000000000e+02 2.482534138425644699e+02 -1.592776968143437344e+01 4.874843300655248512e+00
7.700000000000000000e+02 2.490683155760203817e+02 -1.604795328518178721e+01 4.850521769251236570e+00
7.710000000000000000e+02 2.498934144151764940e+02 -1.616454320528447752e+01 4.825661241951561209e+00
7.720000000000000000e+02 2.507282937303855306e+02 -1.627747548548408929e+01 4.800270862667912475e+00
7.730000000000000000e+02 2.515725320440132293e+02 -1.638668574386963428e+01 4.774359895913173446e+00
7.740000000000000000e+02 2.524257030142064195e+02 -1.649210917176535318e+01 4.747937727215145287e+00
7.750000000000000000e+02 2.532873754186610995e+02 -1.659368053261864162e+01 4.721013863530285626e+00
7.760000000000000000e+02 2.541571131383905140e+02 -1.669133416088788024e+01 4.693597933657422949e+00
7.770000000000000000e+02 2.550344751414930613e+02 -1.678500396093036073e+01 4.665699688651498533e+00
7.780000000000000000e+02 2.559190303977089229e+02 -1.687463350653379734e+01 4.637329249615318894e+00
7.790000000000000000e+02 2.568104029616142157e+02 -1.696020654946055473e+01 4.608497855334860560e+00
7.800000000000000000e+02 2.577082277027080295e+02 -1.704171708082380121e+01 4.579217129484001170e+00
7.810000000000000000e+02 2.586121354379650938e+02 -1.711915928316294710e+01 4.549498834978603412e+00
7.820000000000000000e+02 2.595217529185601961e+02 -1.719252753133147138e+01 4.519354874439230230e+00
7.830000000000000000e+02 2.604367028165920601e+02 -1.726181639338470930e+01 4.488797290653852912e+00
7.840000000000000000e+02 2.613566037118079635e+02 -1.732702063146767557e+01 4.457838267040553859e+00
7.850000000000000000e+02 2.622810700783283551e+02 -1.738813520270284485e+01 4.426490128110248001e+00
7.860000000000000000e+02 2.632097122713702220e+02 -1.744515526007795714e+01 4.394765339929375791e+00
7.870000000000000000e+02 2.641421365139719342e+02 -1.749807615333383382e+01 4.362676510582621070e+00
7.880000000000000000e+02 2.650779448837177483e+02 -1.754689342985216527e+01 4.330236390635623600e+00
7.890000000000000000e+02 2.660167352994614589e+02 -1.759160283554332338e+01 4.297457873597676503e+00
7.900000000000000000e+02 2.669581015080512998e+02 -1.763220031573416691e+01 4.264353996384445011e+00
7.910000000000000000e+02 2.679016330710534817e+02 -1.766868201605581490e+01 4.230937939780670121e+00
7.920000000000000000e+02 2.688469153514775485e+02 -1.770104428333151247e+01 4.197223028902878461e+00
7.930000000000000000e+02 2.697935295004993463e+02 -1.772928366646435450e+01 4.163222733662094832e+00
7.940000000000000000e+02 2.707410524441863799e+02 -1.775339691732514424e+01 4.128950669226543191e+00
7.950000000000000000e+02 2.716890568702215205e+02 -1.777338099164017748e+01 4.094420596484360964e+00
7.960000000000000000e+02 2.726371112146275664e+02 -1.778923304987904430e+01 4.059646422506308916e+00
7.970000000000000000e+02 2.735847796484911782e+02 -1.780095045814243093e+01 4.024642201008475695e+00
7.980000000000000000e+02 2.745316220646876104e+02 -1.780853078904993225e+01 3.989422132814989919e+00
7.990000000000000000e+02 2.754771940646044754e+02 -1.781197182262783940e+01 3.954000566320727827e+00
8.000000000000000000e+02 2.764210469448664185e+02 -1.781127154719694516e+01 3.918391997954018713e+00
8.010000000000000000e+02 2.773627276840593936e+02 -1.780642816026036712e+01 3.882611072639362781e+00
8.020000000000000000e+02 2.783017789294545992e+02 -1.779744006939132106e+01 3.846672584260129923e+00
8.030000000000000000e+02 2.792377389837329815e+02 -1.778430589312094057e+01 3.810591476121273136e+00
8.040000000000000000e+02 2.801701417917095114e+02 -1.776702446182607531e+01 3.774382841412037948e+00
8.050000000000000000e+02 2.810985169270576307e+02 -1.774559481861708932e+01 3.738061923668671405e+00
8.060000000000000000e+02 2.820223895790329607e+02 -1.772001622022568412e+01 3.701644117237126608e+00
8.070000000000000000e+02 2.829412805391983170e+02 -1.769028813789266152e+01 3.665144967735776138e+00
8.080000000000000000e+02 2.838547061881474178e+02 -1.765641025825576094e+01 3.628580172518119262e+00
8.090000000000000000e+02 2.847621784822293307e+02 -1.761838248423746478e+01 3.591965581135491359e+00
8.100000000000000000e+02 2.856632049402729194e+02 -1.757620493593275768e+01 3.555317195799770680e+00
8.110000000000000000e+02 2.865572886303109499e+02 -1.752987795149698869e+01 3.518651171846089554e+00
8.120000000000000000e+02 2.874439281563043096e+02 -1.747940208803362339e+01 3.481983818195540703e+00
8.130000000000000000e+02 2.883226176448663978e+02 -1.742477812248206703e+01 3.445331597817890668e+00
8.140000000000000000e+02 2.891928467319874017e+02 -1.736600705250547705e+01 3.408711128194280793e+00
8.150000000000000000e+02 2.900541005497586298e+02 -1.730309009737855774e+01 3.372139181779945982e+00
8.160000000000000000e+02 2.909058597130965040e+02 -1.723602869887533373e+01 3.335632686466912133e+00
8.170000000000000000e+02 2.917476466444319954e+02 -1.716483091712486342e+01 3.299207677316408294e+00
8.180000000000000000e+02 2.925791654818044094e+02 -1.708953074164057284e+01 3.262876130292478472e+00
8.190000000000000000e+02 2.934001646435177122e+02 -1.701016912698785433e+01 3.226649072889075764e+00
8.200000000000000000e+02 2.942103907116730852e+02 -1.692678763110437856e+01 3.190537628009642024e+00
8.210000000000000000e+02 2.950095884272134299e+02 -1.683942841733615836e+01 3.154553014241509246e+00
8.220000000000000000e+02 2.957975006849686110e+02 -1.674813425647366927e+01 3.118706546130306290e+00
8.230000000000000000e+02 2.965738685286994496e+02 -1.665294852878784582e+01 3.083009634454348280e+00
8.240000000000000000e+02 2.973384311461426819e+02 -1.655391522606622701e+01 3.047473786499042880e+00
8.250000000000000000e+02 2.980909258640555777e+02 -1.645107895364898098e+01 3.012110606331291685e+00
8.260000000000000000e+02 2.988310881432604447e+02 -1.634448493246501144e+01 2.976931795073885390e+00
8.270000000000000000e+02 2.995586515736895876e+02 -1.623417900106798939e+01 2.941949151179913624e+00
8.280000000000000000e+02 3.002733478694296991e+02 -1.612020761767247379e+01 2.907174570707153016e+00
8.290000000000000000e+02 3.009749068637665914e+02 -1.600261786218997528e+01 2.872620047592479686e+00
8.300000000000000000e+02 3.016630565042296439e+02 -1.588145743826497380e+01 2.838297673926258202e+00
8.310000000000000000e+02 3.023375228476371035e+02 -1.575677467531108178e+01 2.804219640226752741e+00
8.320000000000000000e+02 3.029980300551399068e+02 -1.562861853054703687e+01 2.770398235714519153e+00
8.330000000000000000e+02 3.036443003872668669e+02 -1.549703859103283321e+01 2.736845848586811680e+00
8.340000000000000000e+02 3.042760541989688932e+02 -1.536208507570574611e+01 2.703574966291975912e+00
8.350000000000000000e+02 3.048930099346642919e+02 -1.522380883741645619e+01 2.670598175803857721e+00
8.360000000000000000e+02 3.054948841232828727e+02 -1.508226136496507408e+01 2.637928163896197553e+00
8.370000000000000000e+02 3.060813913733105665e+02 -1.493749478513724682e+01 2.605577717417033146e+00
8.380000000000000000e+02 3.066522443678344985e+02 -1.478956186474021273e+01 2.573559723563097812e+00
8.390000000000000000e+02 3.072071538595874358e+02 -1.463851601263888824e+01 2.541887170154226716e+00
8.400000000000000000e+02 3.077458286659921214e+02 -1.448441128179192283e+01 2.510573145907748049e+00
8.410000000000000000e+02 3.082679756642065740e+02 -1.432730237128780004e+01 2.479630840712892415e+00
8.420000000000000000e+02 3.087732997861680815e+02 -1.416724462838087817e+01 2.449073545905186666e+00
8.430000000000000000e+02 3.092615040136381594e+02 -1.400429405052748777e+01 2.418914654540857523e+00
8.440000000000000000e+02 3.097322893732475109e+02 -1.383850728742199365e+01 2.389167661671232512e+00
8.450000000000000000e+02 3.101853549315399050e+02 -1.366994164303287285e+01 2.359846164617137809e+00
8.460000000000000000e+02 3.106203977900174209e+02 -1.349865507763877837e+01 2.330963863243299627e+00
8.470000000000000000e+02 3.110371130801851223e+02 -1.332470620986463317e+01 2.302534560232746941e+00
8.480000000000000000e+02 3.114351939585954483e+02 -1.314815431871768325e+01 2.274572161361207989e+00
8.490000000000000000e+02 3.118143316018927749e+02 -1.296905934562356499e+01 2.247090675771512558e+00
8.500000000000000000e+02 3.121742152018583170e+02 -1.278748189646240974e+01 2.220104216247993367e+00
8.510000000000000000e+02 3.125145319604548604e+02 -1.260348324360488625e+01 2.193626999490885243e+00
8.520000000000000000e+02 3.128349670848710389e+02 -1.241712532794829116e+01 2.167673346390724287e+00
8.530000000000000000e+02 3.131352037825662364e+02 -1.222847076095261265e+01 2.142257682302751487e+00
8.540000000000000000e+02 3.134149232563153760e+02 -1.203758282667661028e+01 2.117394537321310999e+00
8.550000000000000000e+02 3.136738046992530258e+02 -1.184452548381388048e+01 2.093098546554249317e+00
8.560000000000000000e+02 3.139115766311629727e+02 -1.164936302569727644e+01 2.069382681792553136e+00
8.570000000000000000e+02 3.141281718769041049e+02 -1.145215904984685018e+01 2.046252912912414956e+00
8.580000000000000000e+02 3.143235752208887561e+02 -1.125297747488780864e+01 2.023713455982190546e+00
8.590000000000000000e+02 3.144977723087736194e+02 -1.105188288296681876e+01 2.001768533602208855e+00
8.600000000000000000e+02 3.146507496509033786e+02 -1.084894052173213375e+01 1.980422374889875936e+00
8.610000000000000000e+02 3.147824946257526335e+02 -1.064421630631371052e+01 1.959679215464762425e+00
8.620000000000000000e+02 3.148929954833698162e+02 -1.043777682130333595e+01 1.939543297433700131e+00
8.630000000000000000e+02 3.149822413488196844e+02 -1.022968932273475851e+01 1.920018869375876180e+00
8.640000000000000000e+02 3.150502222256264986e+02 -1.002002174006380564e+01 1.901110186327928053e+00
8.650000000000000000e+02 3.150969289992170275e+02 -9.808842678148511851e+00 1.882821509769037949e+00
8.660000000000000000e+02 3.151223534403633266e+02 -9.596221419229228999e+00 1.865157107606025377e+00
8.670000000000000000e+02 3.151264882086258581e+02 -9.382227924908768557e+00 1.848121254158442861e+00
8.680000000000000000e+02 3.151093268557965530e+02 -9.166932838132529682e+00 1.831718230143672077e+00
8.690000000000000000e+02 3.150708638293415333e+02 -8.950407485168586419e+00 1.815952322662014451e+00
8.700000000000000000e+02 3.150110944758445157e+02 -8.732723877587856620e+00 1.800827825181787967e+00
8.710000000000000000e+02 3.149300150444493624e+02 -8.513954714244208688e+00 1.786349037524422867e+00
8.720000000000000000e+02 3.148276226903030874e+02 -8.294173383254564769e+00 1.772520265849551580e+00
8.730000000000000000e+02 3.147039154779994874e+02 -8.073453963979066117e+00 1.759345822640108414e+00
8.740000000000000000e+02 3.145588923850210108e+02 -7.851871229001160302e+00 1.746830026687418380e+00
8.750000000000000000e+02 3.143925533051829575e+02 -7.629500646107744366e+00 1.734977203076297991e+00
8.760000000000000000e+02 3.142048990520752909e+02 -7.406418380269285784e+00 1.723791683170142974e+00
8.770000000000000000e+02 3.139959313625066102e+02 -7.182701295619940751e+00 1.713277804596027964e+00
8.780000000000000000e+02 3.137656528999464172e+02 -6.958426957437687577e+00 1.703439911229797543e+00
8.790000000000000000e+02 3.135140672579686907e+02 -6.733673634124444973e+00 1.694282353181163270e+00
8.800000000000000000e+02 3.132411789636942672e+02 -6.508520299186193903e+00 1.685809486778794719e+00
8.810000000000000000e+02 3.129469934812344150e+02 -6.283046633213109189e+00 1.678025674555417623e+00
8.820000000000000000e+02 3.126315172151331581e+02 -6.057333025859670705e+00 1.670935285232904466e+00
8.830000000000000000e+02 3.122947575138110210e+02 -5.831460577824807423e+00 1.664542693707372845e+00
8.840000000000000000e+02 3.119367226730073526e+02 -5.605511102831999715e+00 1.658852281034276510e+00
8.850000000000000000e+02 3.115574219392236728e+02 -5.379567129609422516e+00 1.653868434413501731e+00
8.860000000000000000e+02 3.111568655131664514e+02 -5.153711903870053845e+00 1.649595547174459886e+00
8.870000000000000000e+02 3.107350645531903410e+02 -4.928029390291807310e+00 1.646038018761184496e+00
8.880000000000000000e+02 3.102920311787408991e+02 -4.702604274497653947e+00 1.643200254717422926e+00
8.890000000000000000e+02 3.098277784737978209e+02 -4.477521965035751172e+00 1.641086666671732530e+00
8.900000000000000000e+02 3.093423204903174906e+02 -4.252868595359555748e+00 1.639701672322573023e+00
8.910000000000000000e+02 3.088356722516764989e+02 -4.028731025807960719e+00 1.639049695423404840e+00
8.920000000000000000e+02 3.083078497561143649e+02 -3.805196845585408827e+00 1.639135165767778624e+00
8.930000000000000000e+02 3.077588699801763710e+02 -3.582354374742022340e+00 1.639962519174432476e+00
8.940000000000000000e+02 3.071887508821569099e+02 -3.360292666153726682e+00 1.641536197472386327e+00
8.950000000000000000e+02 3.065975421466192756e+02 -3.139095058704717722e+00 1.643859118452111856e+00
8.960000000000000000e+02 3.059854179606315938e+02 -2.918819717588847951e+00 1.646928058396295524e+00
8.970000000000000000e+02 3.053525857577799911e+02 -2.699518780498374682e+00 1.650738194196691877e+00
8.980000000000000000e+02 3.046992556222954249e+02 -2.481244778663544537e+00 1.655284626317488517e+00
8.990000000000000000e+02 3.040256402970960607e+02 -2.264050637867713434e+00 1.660562378551449170e+00
9.000000000000000000e+02 3.033319551918311276e+02 -2.047989679462467461e+00 1.666566397776050534e+00
9.010000000000000000e+02 3.026184183909233525e+02 -1.833115621382742422e+00 1.673291553709621127e+00
9.020000000000000000e+02 3.018852506616124742e+02 -1.619482579161946711e+00 1.680732638667480794e+00
9.030000000000000000e+02 3.011326754619980193e+02 -1.407145066947076639e+00 1.688884367318077784e+00
9.040000000000000000e+02 3.003609189490829294e+02 -1.196157998513844412e+00 1.697741376439129590e+00
9.050000000000000000e+02 2.995702099868159962e+02 -9.865766882817906813e-01 1.707298224673761133e+00
9.060000000000000000e+02 2.987607801541356025e+02 -7.784568523294114195e-01 1.717549392286643162e+00
9.070000000000000000e+02 2.979328637530123842e+02 -5.718546094092740173e-01 1.728489280920130433e+00
9.080000000000000000e+02 2.970866978164923466e+02 -3.668264819631383844e-01 1.740112213350401227e+00
9.090000000000000000e+02 2.962225221167404925e+02 -1.634293971370816834e-01 1.752412433243597967e+00
9.100000000000000000e+02 2.953405791730831425e+02 3.827931220338810087e-02 1.765384104911961627e+00
9.110000000000000000e+02 2.944411142600515063e+02 2.382419064582064205e-01 1.779021313069974131e+00
9.120000000000000000e+02 2.935243754154248563e+02 4.364002382776341338e-01 1.793318062590497197e+00
9.130000000000000000e+02 2.925906134482733592e+02 6.326957515471358651e-01 1.808268278260907636e+00
9.140000000000000000e+02 2.916400819470014767e+02 8.270694803722613564e-01 1.823865804539241520e+00
9.150000000000000000e+02 2.906730372873906276e+02 1.019462048063523474e+00 1.840104405310326596e+00
9.160000000000000000e+02 2.896897386406427586e+02 1.209813666121277054e+00 1.856977763641926682e+00
9.170000000000000000e+02 2.886904479814231195e+02 1.398064133220601635e+00 1.874479481540878512e+00
9.180000000000000000e+02 2.876754300959035504e+02 1.584152834196176807e+00 1.892603079709227254e+00
9.190000000000000000e+02 2.866449525898055413e+02 1.768018739027165775e+00 1.911341997300371576e+00
9.200000000000000000e+02 2.855992858964433481e+02 1.949600401822090934e+00 1.930689591675197381e+00
9.210000000000000000e+02 2.845387032847671094e+02 2.128835959803719202e+00 1.950639138158218433e+00
9.220000000000000000e+02 2.834634808674056217e+02 2.305663132293934048e+00 1.971183829793715203e+00
9.230000000000000000e+02 2.823738976087101378e+02 2.480019219698621935e+00 1.992316777101873937e+00
9.240000000000000000e+02 2.812702353327966875e+02 2.651841102492546565e+00 2.014031007834923948e+00
9.250000000000000000e+02 2.801527787315898195e+02 2.821065240204232438e+00 2.036319466733277572e+00
9.260000000000000000e+02 2.790218153728653192e+02 2.987627670400843094e+00 2.059175015281669907e+00
9.270000000000000000e+02 2.778776357082936102e+02 3.151464007673059342e+00 2.082590431465295655e+00
9.280000000000000000e+02 2.767205330814824151e+02 3.312509442619960165e+00 2.106558409525948861e+00
9.290000000000000000e+02 2.755508037360202138e+02 3.470698740833901841e+00 2.131071559718161090e+00
9.300000000000000000e+02 2.743687468235192455e+02 3.625966241885396624e+00 2.156122408065341833e+00
9.310000000000000000e+02 2.731746644116588527e+02 3.778245858307998528e+00 2.181703396115914906e+00
9.320000000000000000e+02 2.719688614922281431e+02 3.927471074583170463e+00 2.207806880699459740e+00
9.330000000000000000e+02 2.707516459891691625e+02 4.073574946125175344e+00 2.234425133682846898e+00
9.340000000000000000e+02 2.695233266170669708e+02 4.216498957193938857e+00 2.261549845365654843e+00
9.350000000000000000e+02 2.682842064037087653e+02 4.356219748422830662e+00 2.289170626651157114e+00
9.360000000000000000e+02 2.670345890822140404e+02 4.492722805145518805e+00 2.317276482973759322e+00
9.370000000000000000e+02 2.657747812391446587e+02 4.625993636549036836e+00 2.345856308225322095e+00
9.380000000000000000e+02 2.645050923222526080e+02 4.756017775875993614e+00 2.374898884443100044e+00
9.390000000000000000e+02 2.632258346482277034e+02 4.882780780626759132e+00 2.404392881497669610e+00
9.400000000000000000e+02 2.619373234104456856e+02 5.006268232761671655e+00 2.434326856780867576e+00
9.410000000000000000e+02 2.606398766867151835e+02 5.126465738903226210e+00 2.464689254893718484e+00
9.420000000000000000e+02 2.593338154470262111e+02 5.243358930538277285e+00 2.495468407334371808e+00
9.430000000000000000e+02 2.580194635612974139e+02 5.356933464220237084e+00 2.526652532186035582e+00
9.440000000000000000e+02 2.566971478071239403e+02 5.467175021771268462e+00 2.558229733804904704e+00
9.450000000000000000e+02 2.553671978775254843e+02 5.574069310484481399e+00 2.590188002508100329e+00
9.460000000000000000e+02 2.540299463886931619e+02 5.677602063326137483e+00 2.622515214261598171e+00
9.470000000000000000e+02 2.526857288877384349e+02 5.777759039137840169e+00 2.655199130368164795e+00
9.480000000000000000e+02 2.513348838604397884e+02 5.874526022838735706e+00 2.688227397155289022e+00
9.490000000000000000e+02 2.499777527389909721e+02 5.967888825627705174e+00 2.721587545663114227e+00
9.500000000000000000e+02 2.486146799097487303e+02 6.057833285185574290e+00 2.755266991332376847e+00
9.510000000000000000e+02 2.472460127209804170e+02 6.144345265877293905e+00 2.789253033692331574e+00
9.520000000000000000e+02 2.458721014906115840e+02 6.227410658954146250e+00 2.823532856048688977e+00
9.530000000000000000e+02 2.444932995139742218e+02 6.307015382755946753e+00 2.858093525171551796e+00
9.540000000000000000e+02 2.431099630715537216e+02 6.383145382913233412e+00 2.892921990983339242e+00
9.550000000000000000e+02 2.417224514367373445e+02 6.455786632549462389e+00 2.928005086246730393e+00
9.560000000000000000e+02 2.403311268835615522e+02 6.524925132483213375e+00 2.963329526252588941e+00
9.570000000000000000e+02 2.389363546944597658e+02 6.590546911430383403e+00 2.998881908507902150e+00
9.580000000000000000e+02 2.375385031680101235e+02 6.652638026206379784e+00 3.034648712423709149e+00
9.590000000000000000e+02 2.361379436266833807e+02 6.711184561928327241e+00 3.070616299003039451e+00
9.600000000000000000e+02 2.347350504245903835e+02 6.766172632217253735e+00 3.106770910528841689e+00
9.610000000000000000e+02 2.333302009552298841e+02 6.817588379400291387e+00 3.143098670251917692e+00
9.620000000000000000e+02 2.319237756592364974e+02 6.865417974712885396e+00 3.179585582078860106e+00
9.630000000000000000e+02 2.305161580321279189e+02 6.909647618500969202e+00 3.216217530259975810e+00
9.640000000000000000e+02 2.291077346320532513e+02 6.950263540423180508e+00 3.252980279077230641e+00
9.650000000000000000e+02 2.276988950875403077e+02 6.987251999653052437e+00 3.289859472532173257e+00
9.660000000000000000e+02 2.262900321052434833e+02 7.020599285081204677e+00 3.326840634033874533e+00
9.670000000000000000e+02 2.248815414776915418e+02 7.050291715517550628e+00 3.363909166086857194e+00
9.680000000000000000e+02 2.234738220910353164e+02 7.076315639893492104e+00 3.401050349979030329e+00
9.690000000000000000e+02 2.220672759327952974e+02 7.098657437464106934e+00 3.438249345469620799e+00
9.700000000000000000e+02 2.206623080996095325e+02 7.117303518010361429e+00 3.475491190477109082e+00
9.710000000000000000e+02 2.192593268049813844e+02 7.132240322041300651e+00 3.512760800767162461e+00
9.720000000000000000e+02 2.178587433870270047e+02 7.143454320996235118e+00 3.550042969640564650e+00
9.730000000000000000e+02 2.164609427821291376e+02 7.150938698258412884e+00 3.587323121960215744e+00
9.740000000000000000e+02 2.150661944447432461e+02 7.154713501650734386e+00 3.624589589260596156e+00
9.750000000000000000e+02 2.136747401058436253e+02 7.154805793837846650e+00 3.661831368169094159e+00
9.760000000000000000e+02 2.122868231897978717e+02 7.151242999985308657e+00 3.699037368946692883e+00
9.770000000000000000e+02 2.109026888183753954e+02 7.144052908807744018e+00 3.736196415271430205e+00
9.780000000000000000e+02 2.095225838147549950e+02 7.133263673616968781e+00 3.773297244021840857e+00
9.790000000000000000e+02 2.081467567075334273e+02 7.118903813370125455e+00 3.810328505060408322e+00
9.800000000000000000e+02 2.067754577347328677e+02 7.101002213717815259e+00 3.847278761017012716e+00
9.810000000000000000e+02 2.054089388478094804e+02 7.079588128052243690e+00 3.884136487072377353e+00
9.820000000000000000e+02 2.040474537156613621e+02 7.054691178555353659e+00 3.920890070741526845e+00
9.830000000000000000e+02 2.026912577286363728e+02 7.026341357246948860e+00 3.957527811657226557e+00
9.840000000000000000e+02 2.013406080025405913e+02 6.994569027032847330e+00 3.994037921353436271e+00
9.850000000000000000e+02 1.999957633826458903e+02 6.959404922753003930e+00 4.030408523048759406e+00
9.860000000000000000e+02 1.986569844476983349e+02 6.920880152229646143e+00 4.066627651429887358e+00
9.870000000000000000e+02 1.973245335139263545e+02 6.879026197315421420e+00 4.102683252435058492e+00
9.880000000000000000e+02 1.959986746390483745e+02 6.833874914941521439e+00 4.138563183037499371e+00
9.890000000000000000e+02 1.946796736262811862e+02 6.785458538165817899e+00 4.174255211028873092e+00
9.900000000000000000e+02 1.933677980283479769e+02 6.733809677221000989e+00 4.209747014802733389e+00
9.910000000000000000e+02 1.920633171514864159e+02 6.678961320562723181e+00 4.245026183137975195e+00
9.920000000000000000e+02 1.907665020594565419e+02 6.620946835917718154e+00 4.280080214982272757e+00
9.930000000000000000e+02 1.894776255775490199e+02 6.559799971331945478e+00 4.314896519235544403e+00
9.940000000000000000e+02 1.881969622965930000e+02 6.495554856218726414e+00 4.349462414533386223e+00
9.950000000000000000e+02 1.869247885769644597e+02 6.428246002406878823e+00 4.383765129030533281e+00
9.960000000000000000e+02 1.856613825525939774e+02 6.357908305188852083e+00 4.417791800184304840e+00
9.970000000000000000e+02 1.844070241349750177e+02 6.284577044368861110e+00 4.451529474538046927e+00
9.980000000000000000e+02 1.831619950171719609e+02 6.208287885311026599e+00 4.484965107504595316e+00
9.990000000000000000e+02 1.819265786778277061e+02 6.129076879987498394e+00 4.518085563149707440e+00
1.000000000000000000e+03 1.807010603851727240e+02 6.046980468026614375e+00 4.550877613975528924e+00
1.001000000000000000e+03 1.794857272010320628e+02 5.962035477761006952e+00 4.583327940704031711e+00
1.002000000000000000e+03 1.782808679848340603e+02 5.874279127275761958e+00 4.615423132060464617e+00
1.003000000000000000e+03 1.770867733976181455e+02 5.783749025456543791e+00 4.647149684556803884e+00
1.004000000000000000e+03 1.759037359060430390e+02 5.690483173037725884e+00 4.678494002275204622e+00
1.005000000000000000e+03 1.747320497863947537e+02 5.594519963650542493e+00 4.709442396651446039e+00
1.006000000000000000e+03 1.735720111285945109e+02 5.495898184871209402e+00 4.739981086258384657e+00
1.007000000000000000e+03 1.724239178402070820e+02 5.394657019269060605e+00 4.770096196589395099e+00
1.008000000000000000e+03 1.712880696504486195e+02 5.290836045454697434e+00 4.799773759841833076e+00
1.009000000000000000e+03 1.701647681141949136e+02 5.184475239128106594e+00 4.828999714700469958e+00
1.010000000000000000e+03 1.690543166159891086e+02 5.075614974126799517e+00 4.857759906120950433e+00
1.011000000000000000e+03 1.679570203740502734e+02 4.964296023473962371e+00 4.886040085113243947e+00
1.012000000000000000e+03 1.668731471610258836e+02 4.850561007177963901e+00 4.913827457800046261e+00
1.013000000000000000e+03 1.658028088371547142e+02 4.734458756408196578e+00 4.941115357519583640e+00
1.014000000000000000e+03 1.647460781150836624e+02 4.616040014393954394e+00 4.967898639731102683e+00
1.015000000000000000e+03 1.637030276874921810e+02 4.495355996600450155e+00 4.994172138819252815e+00
1.016000000000000000e+03 1.626737302265022436e+02 4.372458391946289602e+00 5.019930668058889545e+00
1.017000000000000000e+03 1.616582583830885937e+02 4.247399364020973067e+00 5.045169019579879510e+00
1.018000000000000000e+03 1.606566847864876593e+02 4.120231552302367817e+00 5.069881964331891311e+00
1.019000000000000000e+03 1.596690820436079150e+02 3.991008073374199050e+00 5.094064252049197883e+00
1.020000000000000000e+03 1.586955227384391947e+02 3.859782522143532901e+00 5.117710611215481542e+00
1.021000000000000000e+03 1.577360794314630539e+02 3.726608973058268770e+00 5.140815749028632808e+00
1.022000000000000000e+03 1.567908246590617409e+02 3.591541981324615218e+00 5.163374351365542125e+00
1.023000000000000000e+03 1.558598309329284461e+02 3.454636584124580967e+00 5.185381082746912007e+00
1.024000000000000000e+03 1.549431707394770683e+02 3.315948301833459677e+00 5.206830586302051422e+00
1.025000000000000000e+03 1.540409165392515547e+02 3.175533139237314284e+00 5.227717483733670178e+00
1.026000000000000000e+03 1.531531407663362074e+02 3.033447586750467995e+00 5.248036375282694621e+00
1.027000000000000000e+03 1.522799158277648814e+02 2.889748621632977521e+00 5.267781839693046031e+00
1.028000000000000000e+03 1.514213141029312055e+02 2.744493709208132071e+00 5.286948434176465206e+00
1.029000000000000000e+03 1.505774079429978372e+02 2.597740804079931021e+00 5.305530694377290857e+00
1.030000000000000000e+03 1.497482696703067404e+02 2.449548351350570474e+00 5.323523134337268203e+00
1.031000000000000000e+03 1.489339715777884976e+02 2.299975287837932481e+00 5.340920246460357568e+00
1.032000000000000000e+03 1.481345859283723314e+02 2.149081043293064486e+00 5.357716501477519877e+00
1.033000000000000000e+03 1.473501849543957007e+02 1.996925541617670330e+00 5.373906348411525258e+00
1.034000000000000000e+03 1.465808408570140671e+02 1.843569202081592806e+00 5.389484214541750084e+00
1.035000000000000000e+03 1.458266258056107461e+02 1.689072940540299328e+00 5.404444505368980245e+00
1.036000000000000000e+03 1.450876119372064181e+02 1.533498170652368930e+00 5.418781604580206412e+00
1.037000000000000000e+03 1.443638713558692643e+02 1.376906805096977715e+00 5.432489874013435305e+00
1.038000000000000000e+03 1.436554761321242779e+02 1.219361256791378967e+00 5.445563653622464528e+00
1.039000000000000000e+03 1.429624983023632581e+02 1.060924440108398370e+00 5.457997261441713377e+00
1.040000000000000000e+03 1.422850098682546047e+02 9.016597720939117933e-01 5.469784993551005670e+00
1.041000000000000000e+03 1.416230827961527723e+02 7.416311736843329561e-01 5.480921124040372128e+00
1.042000000000000000e+03 1.409767890165085475e+02 5.809030709241015389e-01 5.491399904974852753e+00
1.043000000000000000e+03 1.403462004232779918e+02 4.195403961831623563e-01 5.501215566359292097e+00
1.044000000000000000e+03 1.397313888733330600e+02 2.576085893744582966e-01 5.510362316103146973e+00
1.045000000000000000e+03 1.391324261858707985e+02 9.517359917141135495e-02 5.518834339985280835e+00
1.046000000000000000e+03 1.385493841418231398e+02 -6.769811577459124152e-02 5.526625801618761713e+00
1.047000000000000000e+03 1.379823344832669250e+02 -2.309395856167106575e-01 5.533730842415673479e+00
1.048000000000000000e+03 1.374313489128333288e+02 -3.944833280951709487e-01 5.540143581551904006e+00
1.049000000000000000e+03 1.368964990931178249e+02 -5.582613473197758358e-01 5.545858115931950216e+00
1.050000000000000000e+03 1.363778566460897821e+02 -7.222051325524196930e-01 5.550868520153716013e+00
1.051000000000000000e+03 1.358754642769566772e+02 -8.862495896405636620e-01 5.555170345325873171e+00
1.052000000000000000e+03 1.353892487073472068e+02 -1.050344897621722007e+00 5.558765138408263695e+00
1.053000000000000000e+03 1.349191065306657435e+02 -1.214444814516075777e+00 5.561655985623590759e+00
1.054000000000000000e+03 1.344649329741731094e+02 -1.378502758830785435e+00 5.563846019428699385e+00
1.055000000000000000e+03 1.340266218952623660e+02 -1.542471808769326769e+00 5.565338418642038931e+00
1.056000000000000000e+03 1.336040657777346041e+02 -1.706304701440830796e+00 5.566136408571151328e+00
1.057000000000000000e+03 1.331971557280746197e+02 -1.869953832069416455e+00 5.566243261140130016e+00
1.058000000000000000e+03 1.328057814717269594e+02 -2.033371253203537510e+00 5.565662295017110850e+00
1.059000000000000000e+03 1.324298313493714829e+02 -2.196508673925311683e+00 5.564396875741738135e+00
1.060000000000000000e+03 1.320691923131991814e+02 -2.359317459059862454e+00 5.562450415852643104e+00
1.061000000000000000e+03 1.317237499231879667e+02 -2.521748628384657742e+00 5.559826375014917943e+00
1.062000000000000000e+03 1.313933883433787173e+02 -2.683752855838846596e+00 5.556528260147599596e+00
1.063000000000000000e+03 1.310779903381506415e+02 -2.845280468732595214e+00 5.552559625551129585e+00
1.064000000000000000e+03 1.307774372684973798e+02 -3.006281446956429626e+00 5.547924073034840475e+00
1.065000000000000000e+03 1.304916090883026243e+02 -3.166705422190565944e+00 5.542625252044430795e+00
1.066000000000000000e+03 1.302203843406160502e+02 -3.326501677114258371e+00 5.536666859789437289e+00
1.067000000000000000e+03 1.299636401539290205e+02 -3.485619144615129006e+00 5.530052641370709843e+00
1.068000000000000000e+03 1.297212522384502904e+02 -3.644006406998506531e+00 5.522786389907889948e+00
1.069000000000000000e+03 1.294930948823820245e+02 -3.801611695196768004e+00 5.514871946666885627e+00
1.070000000000000000e+03 1.292790409481954157e+02 -3.958382887978674880e+00 5.506313201187343687e+00
1.071000000000000000e+03 1.290789618689064469e+02 -4.114267511158709922e+00 5.497114091410126413e+00
1.072000000000000000e+03 1.288927276443518224e+02 -4.269212736806415442e+00 5.487278603804790933e+00
1.073000000000000000e+03 1.287202068374646728e+02 -4.423165382455732875e+00 5.476810773497061469e+00
1.074000000000000000e+03 1.285612665705502877e+02 -4.576071910314336577e+00 5.465714684396298928e+00
1.075000000000000000e+03 1.284157725215620758e+02 -4.727878426472976514e+00 5.453994469322991812e+00
1.076000000000000000e+03 1.282835889203771274e+02 -4.878530680114811169e+00 5.441654310136212480e+00
1.077000000000000000e+03 1.281645785450723167e+02 -5.027974062724756443e+00 5.428698437861111614e+00
1.078000000000000000e+03 1.280586027181996371e+02 -5.176153607298802584e+00 5.415131132816373594e+00
1.079000000000000000e+03 1.279655213030624452e+02 -5.323013987553375514e+00 5.400956724741709181e+00
1.080000000000000000e+03 1.278851926999910660e+02 -5.468499517134659094e+00 5.386179592925325998e+00
1.081000000000000000e+03 1.278174738426184405e+02 -5.612554148827939571e+00 5.370804166331394569e+00
1.082000000000000000e+03 1.277622201941561570e+02 -5.755121473766938500e+00 5.354834923727538332e+00
1.083000000000000000e+03 1.277192857436701132e+02 -5.896144720643158976e+00 5.338276393812298792e+00
1.084000000000000000e+03 1.276885230023562912e+02 -6.035566754915216769e+00 5.321133155342613108e+00
1.085000000000000000e+03 1.276697829998165901e+02 -6.173330078018175016e+00 5.303409837261291671e+00
1.086000000000000000e+03 1.276629152803346727e+02 -6.309376826572892227e+00 5.285111118824493914e+00
1.087000000000000000e+03 1.276677678991516132e+02 -6.443648771595356983e+00 5.266241729729199683e+00
1.088000000000000000e+03 1.276841874187418000e+02 -6.576087317706015511e+00 5.246806450240690367e+00
1.089000000000000000e+03 1.277120189050886552e+02 -6.706633502339125030e+00 5.226810111320014940e+00
1.090000000000000000e+03 1.277510993057049831e+02 -6.835234762909327522e+00 5.206258287194427403e+00
1.091000000000000000e+03 1.278012374939934972e+02 -6.961865339238898720e+00 5.185159382977989395e+00
1.092000000000000000e+03 1.278622339499784886e+02 -7.086506143058445950e+00 5.163522575289183791e+00
1.093000000000000000e+03 1.279338873499151816e+02 -7.209138014744344680e+00 5.141357122542888014e+00
1.094000000000000000e+03 1.280159945618980259e+02 -7.329741723211022908e+00 5.118672365147732606e+00
1.095000000000000000e+03 1.281083506414684905e+02 -7.448297965803245546e+00 5.095477725703441152e+00
1.096000000000000000e+03 1.282107488272230000e+02 -7.564787368188404137e+00 5.071782709198185302e+00
1.097000000000000000e+03 1.283229805364208573e+02 -7.679190484248799464e+00 5.047596903205933572e+00
1.098000000000000000e+03 1.284448353605922648e+02 -7.791487795973925046e+00 5.022929978083797486e+00
1.099000000000000000e+03 1.285761010611462893e+02 -7.901659713352758629e+00 4.997791687169383934e+00
1.100000000000000000e+03 1.287165635649787134e+02 -8.009686574266048353e+00 4.972191866978143082e+00
1.101000000000000000e+03 1.288660069600800284e+02 -8.115548644378586474e+00 4.946140437400713630e+00
1.102000000000000000e+03 1.290242134911433709e+02 -8.219226117031510626e+00 4.919647401900279604e+00
1.103000000000000000e+03 1.291909635551725728e+02 -8.320699113134587321e+00 4.892722847709914724e+00
1.104000000000000000e+03 1.293660356970899272e+02 -8.419947681058483013e+00 4.865376946029932093e+00
1.105000000000000000e+03 1.295492066053442386e+02 -8.516951796527065355e+00 4.837619952225233000e+00
1.106000000000000000e+03 1.297402511075188727e+02 -8.611691362509692027e+00 4.809462206022660169e+00
1.107000000000000000e+03 1.299389421659394657e+02 -8.704146209113478250e+00 4.780914131708336789e+00
1.108000000000000000e+03 1.301450508732820595e+02 -8.794296093475594489e+00 4.751986238325026868e+00
1.109000000000000000e+03 1.303583464481809528e+02 -8.882120699655557061e+00 4.722689119869480479e+00
1.110000000000000000e+03 1.305785962308368084e+02 -8.967599638527502748e+00 4.693033455489781680e+00
1.111000000000000000e+03 1.308055656786242480e+02 -9.050712447672481176e+00 4.663030009682697319e+00
1.112000000000000000e+03 1.310390183617002720e+02 -9.131438591270734761e+00 4.632689632491024057e+00
1.113000000000000000e+03 1.312787159586118264e+02 -9.209757459993999973e+00 4.602023259700947833e+00
1.114000000000000000e+03 1.315244182519039668e+02 -9.285648370897773063e+00 4.571041913039382010e+00
1.115000000000000000e+03 1.317758831237275956e+02 -9.359090567313602449e+00 4.539756700371317955e+00
1.116000000000000000e+03 1.320328665514477393e+02 -9.430063218741388198e+00 4.508178815897179170e+00
1.117000000000000000e+03 1.322951226032511727e+02 -9.498545420741647760e+00 4.476319540350168324e+00
1.118000000000000000e+03 1.325624034337544970e+02 -9.564516194827815454e+00 4.444190241193614277e+00
1.119000000000000000e+03 1.328344592796121617e+02 -9.627954488358518859e+00 4.411802372818325324e+00
1.120000000000000000e+03 1.331110384551242021e+02 -9.688839174429867640e+00 4.379167476739930009e+00
1.121000000000000000e+03 1.333918873478444880e+02 -9.747149051767751260e+00 4.346297181796241027e+00
1.122000000000000000e+03 1.336767504141883762e+02 -9.802862844620106486e+00 4.313203204344587149e+00
1.123000000000000000e+03 1.339653701750408743e+02 -9.855959202649216877e+00 4.279897348459178019e+00
1.124000000000000000e+03 1.342574872113643778e+02 -9.906416700823980293e+00 4.246391506128436966e+00
1.125000000000000000e+03 1.345528401598068626e+02 -9.954213839312226142e+00 4.212697657452367572e+00
1.126000000000000000e+03 1.348511657083096793e+02 -9.999329043372966908e+00 4.178827870839890934e+00
1.127000000000000000e+03 1.351521985917155178e+02 -1.004174066324870473e+01 4.144794303206198016e+00
1.128000000000000000e+03 1.354556715873763721e+02 -1.008142697405772026e+01 4.110609200170100230e+00
1.129000000000000000e+03 1.357613306930729777e+02 -1.011837213535630298e+01 4.076284495452132894e+00
1.130000000000000000e+03 1.360689808847187692e+02 -1.015258415450043117e+01 4.041830602994122223e+00
1.131000000000000000e+03 1.363784409422075896e+02 -1.018407715558440785e+01 4.007257609597181691e+00
1.132000000000000000e+03 1.366895283178573948e+02 -1.021286544131061369e+01 3.972575674462484052e+00
1.133000000000000000e+03 1.370020591334458970e+02 -1.023896349344234480e+01 3.937795029350909193e+00
1.134000000000000000e+03 1.373158481772470623e+02 -1.026238597325668422e+01 3.902925978742691537e+00
1.135000000000000000e+03 1.376307089010665550e+02 -1.028314772199734151e+01 3.867978899997071007e+00
1.136000000000000000e+03 1.379464534172781782e+02 -1.030126376132753308e+01 3.832964243511939983e+00
1.137000000000000000e+03 1.382628924958597736e+02 -1.031674929378282002e+01 3.797892532883499150e+00
1.138000000000000000e+03 1.385798355614289790e+02 -1.032961970322396894e+01 3.762774365065899129e+00
1.139000000000000000e+03 1.388970906902796685e+02 -1.033989055528982881e+01 3.727620410530898099e+00
1.140000000000000000e+03 1.392144646074175682e+02 -1.034757759785015274e+01 3.692441413427502539e+00
1.141000000000000000e+03 1.395317626835965825e+02 -1.035269676145849083e+01 3.657248191741627075e+00
1.142000000000000000e+03 1.398487889323545517e+02 -1.035526415980502435e+01 3.622051637455736994e+00
1.143000000000000000e+03 1.401653460070493509e+02 -1.035529609016943198e+01 3.586862716708498766e+00
1.144000000000000000e+03 1.404812351978949607e+02 -1.035280903387374885e+01 3.551692469954432330e+00
1.145000000000000000e+03 1.407962564289974239e+02 -1.034781965673521853e+01 3.516552012123556281e+00
1.146000000000000000e+03 1.411102082553908303e+02 -1.034034480951915569e+01 3.481452532781043718e+00
1.147000000000000000e+03 1.414228878600733879e+02 -1.033040152839179981e+01 3.446405296286867870e+00
1.148000000000000000e+03 1.417340910510433503e+02 -1.031800703537317254e+01 3.411421641955449946e+00
1.149000000000000000e+03 1.420436122583351164e+02 -1.030317873878993495e+01 3.376512984215313651e+00
1.150000000000000000e+03 1.423512445310551584e+02 -1.028593423372825200e+01 3.341690812768730368e+00
1.151000000000000000e+03 1.426567795344180354e+02 -1.026629130248663735e+01 3.306966692751374115e+00
1.152000000000000000e+03 1.429600075467825775e+02 -1.024426791502882317e+01 3.272352264891964513e+00
1.153000000000000000e+03 1.432607174566874733e+02 -1.021988222943660851e+01 3.237859245671919517e+00
1.154000000000000000e+03 1.435586967598878232e+02 -1.019315259236271842e+01 3.203499427485008599e+00
1.155000000000000000e+03 1.438537315563908408e+02 -1.016409753948367367e+01 3.169284678796996602e+00
1.156000000000000000e+03 1.441456065474916670e+02 -1.013273579595262142e+01 3.135226944305296914e+00
1.157000000000000000e+03 1.444341050328098959e+02 -1.009908627685222093e+01 3.101338245098617996e+00
1.158000000000000000e+03 1.447190089073251613e+02 -1.006316808764748139e+01 3.067630678816616996e+00
1.159000000000000000e+03 1.450000986584132647e+02 -1.002500052463863511e+01 3.034116419809548493e+00
1.160000000000000000e+03 1.452771533628823306e+02 -9.984603075413978956e+00 3.000807719297910570e+00
1.161000000000000000e+03 1.455499506840084791e+02 -9.941995419302736892e+00 2.967716905532098881e+00
1.162000000000000000e+03 1.458182668685722376e+02 -9.897197427827933325e+00 2.934856383952052727e+00
1.163000000000000000e+03 1.460818767438942700e+02 -9.850229165159221978e+00 2.902238637346907346e+00
1.164000000000000000e+03 1.463405537148714473e+02 -9.801110888565764512e+00 2.869876226014643095e+00
1.165000000000000000e+03 1.465940697610129178e+02 -9.749863048869084281e+00 2.837781787921732413e+00
1.166000000000000000e+03 1.468421954334760642e+02 -9.696506290895916536e+00 2.805968038862794778e+00
1.167000000000000000e+03 1.470846998521025455e+02 -9.641061453931071057e+00 2.774447772620241004e+00
1.168000000000000000e+03 1.473213768650726649e+02 -9.583551953955288027e+00 2.743232663972296592e+00
1.169000000000000000e+03 1.475521238921887459e+02 -9.524010962080273757e+00 2.712329660998433312e+00
1.170000000000000000e+03 1.477768640622765588e+02 -9.462474316838358490e+00 2.681744547947711332e+00
1.171000000000000000e+03 1.479955201393853486e+02 -9.398978151205996667e+00 2.651483138350270607e+00
1.172000000000000000e+03 1.482080145221232499e+02 -9.333558893265976764e+00 2.621551275071770437e+00
1.173000000000000000e+03 1.484142692429925887e+02 -9.266253266869588501e+00 2.591954830367819707e+00
1.174000000000000000e+03 1.486142059677252405e+02 -9.197098292298818478e+00 2.562699705938416006e+00
1.175000000000000000e+03 1.488077459946179317e+02 -9.126131286928528041e+00 2.533791832982380310e+00
1.176000000000000000e+03 1.489948102538677404e+02 -9.053389865888634702e+00 2.505237172251791655e+00
1.177000000000000000e+03 1.491753193069073404e+02 -8.978911942726314876e+00 2.477041714106425374e+00
1.178000000000000000e+03 1.493491933457405025e+02 -8.902735730068167541e+00 2.449211478568189104e+00
1.179000000000000000e+03 1.495163521922771395e+02 -8.824899740282409866e+00 2.421752515375552139e+00
1.180000000000000000e+03 1.496767152976690056e+02 -8.745442786141065739e+00 2.394670904037991210e+00
1.181000000000000000e+03 1.498302017416449416e+02 -8.664403981482143635e+00 2.367972753890418058e+00
1.182000000000000000e+03 1.499767302318461475e+02 -8.581822741871823368e+00 2.341664204147619444e+00
1.183000000000000000e+03 1.501162191031617112e+02 -8.497738785266639283e+00 2.315751423958691380e+00
1.184000000000000000e+03 1.502485863170636833e+02 -8.412192132675672340e+00 2.290240612461474701e+00
1.185000000000000000e+03 1.503737494609428325e+02 -8.325223108822726203e+00 2.265137998836991962e+00
1.186000000000000000e+03 1.504916257474436065e+02 -8.236872342808517544e+00 2.240449842363881672e+00
1.187000000000000000e+03 1.506021320137997748e+02 -8.147180768772866344e+00 2.216182432472836084e+00
1.188000000000000000e+03 1.507051847211697293e+02 -8.056189626556863104e+00 2.192342088801034983e+00
1.189000000000000000e+03 1.508006999539715878e+02 -7.963940462365070694e+00 2.168935161246581700e+00
1.190000000000000000e+03 1.508885934192190916e+02 -7.870475129427703997e+00 2.145968030022940454e+00
1.191000000000000000e+03 1.509687804458563107e+02 -7.775835788662814885e+00 2.123447105713369698e+00
1.192000000000000000e+03 1.510411759840935417e+02 -7.680064909338473633e+00 2.101378829325360353e+00
1.193000000000000000e+03 1.511056946047423537e+02 -7.583205269734961895e+00 2.079769672345070486e+00
1.194000000000000000e+03 1.511622504985511171e+02 -7.485299957806948790e+00 2.058626136791760430e+00
1.195000000000000000e+03 1.512107574755402766e+02 -7.386392371845683869e+00 2.037954755272227914e+00
1.196000000000000000e+03 1.512511289643376244e+02 -7.286526221141173210e+00 2.017762091035247174e+00
1.197000000000000000e+03 1.512832780115139713e+02 -7.185745526644373271e+00 1.998054738026002086e+00
1.198000000000000000e+03 1.513071172809180212e+02 -7.084094621629369648e+00 1.978839320940521063e+00
1.199000000000000000e+03 1.513225590530122702e+02 -6.981618152355565599e+00 1.960122495280113952e+00
1.200000000000000000e+03 1.513295152242079666e+02 -6.878361078729868794e+00 1.941910947405810273e+00
1.201000000000000000e+03 1.513278973062006116e+02 -6.774368674968866522e+00 1.924211394592790558e+00
1.202000000000000000e+03 1.513176164253052320e+02 -6.669686530261023982e+00 1.907030585084825036e+00
1.203000000000000000e+03 1.512985833217920231e+02 -6.564360549428856828e+00 1.890375298148707639e+00
1.204000000000000000e+03 1.512707083492213087e+02 -6.458436953591127683e+00 1.874252344128692904e+00
1.205000000000000000e+03 1.512339014737791842e+02 -6.351962280825020457e+00 1.858668564500933096e+00
1.206000000000000000e+03 1.511880722736127325e+02 -6.244983386828335092e+00 1.843630831927909997e+00
1.207000000000000000e+03 1.511331528196069769e+02 -6.137545566613973769e+00 1.829144728017677357e+00
1.208000000000000000e+03 1.510691666223613367e+02 -6.029686893361456690e+00 1.815210558964352128e+00
1.209000000000000000e+03 1.509961605188516671e+02 -5.921443812324266531e+00 1.801827291764547923e+00
1.210000000000000000e+03 1.509141818679424603e+02 -5.812853014085920478e+00 1.788993872081535264e+00
1.211000000000000000e+03 1.508232785516052559e+02 -5.703951435067498466e+00 1.776709224190846870e+00
1.212000000000000000e+03 1.507234989761371651e+02 -5.594776258035204286e+00 1.764972250925892494e+00
1.213000000000000000e+03 1.506148920733794512e+02 -5.485364912607894716e+00 1.753781833623563768e+00
1.214000000000000000e+03 1.504975073019360536e+02 -5.375755075764630853e+00 1.743136832069843267e+00
1.215000000000000000e+03 1.503713946483921120e+02 -5.265984672352218787e+00 1.733036084445415348e+00
1.216000000000000000e+03 1.502366046285324899e+02 -5.156091875592752061e+00 1.723478407271275437e+00
1.217000000000000000e+03 1.500931882885603272e+02 -5.046115107591157667e+00 1.714462595354335983e+00
1.218000000000000000e+03 1.499411972063155361e+02 -4.936093039842735841e+00 1.705987421733040410e+00
1.219000000000000000e+03 1.497806834924933810e+02 -4.826064593740710507e+00 1.698051637622966847e+00
1.220000000000000000e+03 1.496116997918630318e+02 -4.716068941083759292e+00 1.690653972362440749e+00
1.221000000000000000e+03 1.494342992844860021e+02 -4.606145504583575523e+00 1.683793133358143512e+00
1.222000000000000000e+03 1.492485356869347015e+02 -4.496333958372391137e+00 1.677467806030719988e+00
1.223000000000000000e+03 1.490544632535111020e+02 -4.386674228510536899e+00 1.671676653760389764e+00
1.224000000000000000e+03 1.488521367774650912e+02 -4.277206493493979522e+00 1.666418317832553120e+00
1.225000000000000000e+03 1.486416115922130814e+02 -4.167971184761858794e+00 1.661691417383403424e+00
1.226000000000000000e+03 1.484229435725566475e+02 -4.059008987204044239e+00 1.657494549345534640e+00
1.227000000000000000e+03 1.481961891359008234e+02 -3.950360839668662916e+00 1.653826288393548838e+00
1.228000000000000000e+03 1.479614052434728251e+02 -3.842067935469658302e+00 1.650685186889668810e+00
1.229000000000000000e+03 1.477186494015406026e+02 -3.734171722894322087e+00 1.648069774829344913e+00
1.230000000000000000e+03 1.474679796626311656e+02 -3.626713905710842401e+00 1.645978559786862361e+00
1.231000000000000000e+03 1.472094546267493058e+02 -3.519736443675847593e+00 1.644410026860954277e+00
1.232000000000000000e+03 1.469431334425961211e+02 -3.413281553041947802e+00 1.643362638620407656e+00
1.233000000000000000e+03 1.466690758087873689e+02 -3.307391707065277409e+00 1.642834835049674869e+00
1.234000000000000000e+03 1.463873419750722462e+02 -3.202109636513041480e+00 1.642825033494479614e+00
1.235000000000000000e+03 1.460979927435517993e+02 -3.097478330171059113e+00 1.643331628607428430e+00
1.236000000000000000e+03 1.458010894698974198e+02 -2.993541035351302337e+00 1.644352992293619975e+00
1.237000000000000000e+03 1.454966940645693967e+02 -2.890341258399446112e+00 1.645887473656250988e+00
1.238000000000000000e+03 1.451848689940355541e+02 -2.787922765202403674e+00 1.647933398942229122e+00
1.239000000000000000e+03 1.448656772819896048e+02 -2.686329581695876545e+00 1.650489071487780235e+00
1.240000000000000000e+03 1.445391825105698445e+02 -2.585605994371896976e+00 1.653552771664056564e+00
1.241000000000000000e+03 1.442054488215776189e+02 -2.485796550786367298e+00 1.657122756822747789e+00
1.242000000000000000e+03 1.438645409176957912e+02 -2.386946060066607700e+00 1.661197261241689205e+00
1.243000000000000000e+03 1.435165240637074362e+02 -2.289099593418896905e+00 1.665774496070468791e+00
1.244000000000000000e+03 1.431614640877142506e+02 -2.192302484636017734e+00 1.670852649276040491e+00
1.245000000000000000e+03 1.427994273823550202e+02 -2.096600330604798224e+00 1.676429885588329505e+00
1.246000000000000000e+03 1.424304902988759522e+02 -2.002034388212311278e+00 1.682503567526140831e+00
1.247000000000000000e+03 1.420547674475184294e+02 -1.908627704934128477e+00 1.689067908581484145e+00
1.248000000000000000e+03 1.416723837315844321e+02 -1.816398826534173283e+00 1.696116292393403890e+00
1.249000000000000000e+03 1.412834649866462087e+02 -1.725366386057029633e+00 1.703642049055593688e+00
1.250000000000000000e+03 1.408881379824903206e+02 -1.635549103979938357e+00 1.711638455001851522e+00
1.251000000000000000e+03 1.404865304250616020e+02 -1.546965788364796035e+00 1.720098732891528481e+00
1.252000000000000000e+03 1.400787709584069489e+02 -1.459635335010154078e+00 1.729016051494981721e+00
1.253000000000000000e+03 1.396649891666196197e+02 -1.373576727603214920e+00 1.738383525579026090e+00
1.254000000000000000e+03 1.392453155757827972e+02 -1.288809037871831764e+00 1.748194215792384432e+00
1.255000000000000000e+03 1.388198816559138038e+02 -1.205351425736509441e+00 1.758441128551140986e+00
1.256000000000000000e+03 1.383888198229079762e+02 -1.123223139462398601e+00 1.769117215924192132e+00
1.257000000000000000e+03 1.379522634404827386e+02 -1.042443515811297239e+00 1.780215375518696685e+00
1.258000000000000000e+03 1.375103468221214200e+02 -9.630319801936478852e-01 1.791728450365531300e+00
1.259000000000000000e+03 1.370632052330171859e+02 -8.850080468205360207e-01 1.803649228804736104e+00
1.260000000000000000e+03 1.366109748920171683e+02 -8.083913188556896001e-01 1.815970444370972769e+00
1.261000000000000000e+03 1.361537929735663113e+02 -7.332014885674762450e-01 1.828684775678971919e+00
1.262000000000000000e+03 1.356917976096513598e+02 -6.594583374809022125e-01 1.841784846308985424e+00
1.263000000000000000e+03 1.352251278917448474e+02 -5.871817365296109203e-01 1.855263224692239810e+00
1.264000000000000000e+03 1.347539238727489419e+02 -5.163916462078814718e-01 1.869112423996385219e+00
1.265000000000000000e+03 1.342783265689396330e+02 -4.471081167226276243e-01 1.883324902010948154e+00
1.266000000000000000e+03 1.337984779619104074e+02 -3.793512881453942609e-01 1.897893061032785544e+00
1.267000000000000000e+03 1.333145210005163790e+02 -3.131413905643581908e-01 1.912809247751530828e+00
1.268000000000000000e+03 1.328265996028183338e+02 -2.484987442363255361e-01 1.928065753135050686e+00
1.269000000000000000e+03 1.323348586580264623e+02 -1.854437597387299519e-01 1.943654812314894897e+00
1.270000000000000000e+03 1.318394440284444897e+02 -1.239969381216319277e-01 1.959568604471747300e+00
1.271000000000000000e+03 1.313405025514134934e+02 -6.417887105971661899e-02 1.975799252720876531e+00
1.272000000000000000e+03 1.308381820412561751e+02 -6.010241004292023702e-03 1.992338823997591657e+00
1.273000000000000000e+03 1.303326312912203377e+02 5.048817866471181498e-02 2.009179328942688691e+00
1.274000000000000000e+03 1.298240000754232994e+02 1.052955234867446882e-01 2.026312721787906224e+00
1.275000000000000000e+03 1.293124391507955693e+02 1.583908377686375490e-01 2.043730900241373494e+00
1.276000000000000000e+03 1.287981002590248636e+02 2.097530744326042695e-01 2.061425705373065576e+00
1.277000000000000000e+03 1.282811361285002363e+02 2.593610948642439129e-01 2.079388921500252785e+00
1.278000000000000000e+03 1.277617004762558821e+02 3.071936687605406058e-01 2.097612276072952309e+00
1.279000000000000000e+03 1.272399480099150253e+02 3.532294739778662485e-01 2.116087439559380723e+00
1.280000000000000000e+03 1.267160344296339787e+02 3.974470963799818790e-01 2.134806025331404733e+00
1.281000000000000000e+03 1.261901164300462170e+02 4.398250296860389263e-01 2.153759589549993692e+00
1.282000000000000000e+03 1.256623517022061520e+02 4.803416753185811294e-01 2.172939631050669451e+00
1.283000000000000000e+03 1.251328989355331629e+02 5.189753422515464010e-01 2.192337591228961990e+00
1.284000000000000000e+03 1.246019178197556130e+02 5.557042468582666928e-01 2.211944853925853938e+00
1.285000000000000000e+03 1.240695629922523580e+02 5.905112176876624597e-01 2.231752832880311121e+00
1.286000000000000000e+03 1.235359658008018613e+02 6.233978686795786928e-01 2.251753235406268594e+00
1.287000000000000000e+03 1.230012523372061253e+02 6.543705869017965027e-01 2.271937801487812880e+00
1.288000000000000000e+03 1.224655494745721853e+02 6.834358424401084653e-01 2.292298216376182918e+00
1.289000000000000000e+03 1.219289848688165989e+02 7.106001885879761337e-01 2.312826110481581487e+00
1.290000000000000000e+03 1.213916869601694799e+02 7.358702620361902147e-01 2.333513059264985756e+00
1.291000000000000000e+03 1.208537849746790300e+02 7.592527830625274143e-01 2.354350583129958707e+00
1.292000000000000000e+03 1.203154089257157722e+02 7.807545557214096155e-01 2.375330147314458351e+00
1.293000000000000000e+03 1.197766896154766556e+02 8.003824680335618336e-01 2.396443161782647824e+00
1.294000000000000000e+03 1.192377586364896445e+02 8.181434921756712830e-01 2.417680981116705929e+00
1.295000000000000000e+03 1.186987483731177520e+02 8.340446846700451111e-01 2.439034904408640347e+00
1.296000000000000000e+03 1.181597920030636288e+02 8.480931865742690201e-01 2.460496175152092846e+00
1.297000000000000000e+03 1.176210234988735266e+02 8.602962236708660004e-01 2.482055981134155154e+00
1.298000000000000000e+03 1.170825776294417864e+02 8.706611066569536206e-01 2.503705454327175950e+00
1.299000000000000000e+03 1.165445899615151149e+02 8.791952313339044256e-01 2.525435670780572739e+00
1.300000000000000000e+03 1.160071968611968600e+02 8.859060787970022277e-01 2.547237650512640617e+00
1.301000000000000000e+03 1.154705354954513297e+02 8.908012156251020608e-01 2.569102357402365922e+00
1.302000000000000000e+03 1.149347438336079961e+02 8.938882940702870261e-01 2.591020699081232781e+00
1.303000000000000000e+03 1.143999606488659424e+02 8.951750522475292460e-01 2.612983526825035874e+00
1.304000000000000000e+03 1.138663255197979680e+02 8.946693143243448221e-01 2.634981635445692305e+00
1.305000000000000000e+03 1.133339788318550916e+02 8.923789907104552332e-01 2.657005763183047264e+00
1.306000000000000000e+03 1.128030617788706564e+02 8.883120782474438482e-01 2.679046591596688565e+00
1.307000000000000000e+03 1.122737163645648053e+02 8.824766603984166569e-01 2.701094745457759405e+00
1.308000000000000000e+03 1.117460854040485714e+02 8.748809074376562300e-01 2.723140792640758256e+00
1.309000000000000000e+03 1.112203125253283957e+02 8.655330766402858922e-01 2.745175244015363170e+00
1.310000000000000000e+03 1.106965421708101758e+02 8.544415124719233479e-01 2.767188553338232104e+00
1.311000000000000000e+03 1.101749195988037968e+02 8.416146467783413021e-01 2.789171117144816137e+00
1.312000000000000000e+03 1.096555908850272942e+02 8.270609989751258606e-01 2.811113274641172222e+00
1.313000000000000000e+03 1.091387029241111151e+02 8.107891762373342637e-01 2.833005307595771072e+00
1.314000000000000000e+03 1.086244034311026070e+02 7.928078736891538414e-01 2.854837440231308587e+00
1.315000000000000000e+03 1.081128409429700383e+02 7.731258745935597476e-01 2.876599839116514623e+00
1.316000000000000000e+03 1.076041648201071013e+02 7.517520505419741372e-01 2.898282613057968415e+00
1.317000000000000000e+03 1.070985252478371308e+02 7.286953616439237891e-01 2.919875812991902464e+00
1.318000000000000000e+03 1.065960732379174232e+02 7.039648567166995052e-01 2.941369431876017515e+00
1.319000000000000000e+03 1.060969606300434549e+02 6.775696734750134009e-01 2.962753404581289107e+00
1.320000000000000000e+03 1.056013400933533148e+02 6.495190387206581928e-01 2.984017607783783887e+00
1.321000000000000000e+03 1.051093651279318948e+02 6.198222685321652659e-01 3.005151859856465268e+00
1.322000000000000000e+03 1.046211900663151511e+02 5.884887684544626296e-01 3.026145920761003083e+00
1.323000000000000000e+03 1.041369700749945508e+02 5.555280336885338732e-01 3.046989491939589456e+00
1.324000000000000000e+03 1.036568454152179157e+02 5.209521195341432209e-01 3.067673029106991134e+00
1.325000000000000000e+03 1.031808940321640478e+02 4.847830821906942145e-01 3.088190190666674440e+00
1.326000000000000000e+03 1.027091784451873195e+02 4.470456205047274034e-01 3.108535416118138439e+00
1.327000000000000000e+03 1.022417614414472382e+02 4.077646135300379560e-01 3.128703115557190717e+00
1.328000000000000000e+03 1.017787060763363058e+02 3.669651208863078384e-01 3.148687669623369878e+00
1.329000000000000000e+03 1.013200756739073114e+02 3.246723831177373287e-01 3.168483429447356059e+00
1.330000000000000000e+03 1.008659338273011628e+02 2.809118220516770292e-01 3.188084716598386770e+00
1.331000000000000000e+03 1.004163443991741786e+02 2.357090411572601574e-01 3.207485823031674954e+00
1.332000000000000000e+03 9.997137152212589228e+01 1.890898259040343088e-01 3.226681011035820390e+00
1.333000000000000000e+03 9.953107959912665592e+01 1.410801441205938311e-01 3.245664513180232191e+00
1.334000000000000000e+03 9.909553330394490445e+01 9.170614635321093500e-02 3.264430532262534435e+00
1.335000000000000000e+03 9.866479758157514368e+01 4.099416622446876157e-02 3.282973241255991326e+00
1.336000000000000000e+03 9.823893764866529921e+01 -1.102927920810719588e-02 3.301286783256918156e+00
1.337000000000000000e+03 9.781801899394423572e+01 -6.433748909341743816e-02 3.319365271432096254e+00
1.338000000000000000e+03 9.740210737864954638e+01 -1.189035784281553820e-01 3.337202788966188827e+00
1.339000000000000000e+03 9.699126883695488743e+01 -1.747004776981766205e-01 3.354793389009159466e+00
1.340000000000000000e+03 9.658556967639781021e+01 -2.317009325198660930e-01 3.372131094623684877e+00
1.341000000000000000e+03 9.618507647830713836e+01 -2.898775032815064101e-01 3.389209898732569837e+00
1.342000000000000000e+03 9.578985609823060088e+01 -3.492025647846458969e-01 3.406023764066165249e+00
1.343000000000000000e+03 9.539997566636250781e+01 -4.096483058854660242e-01 3.422566623109782213e+00
1.344000000000000000e+03 9.501550258797115589e+01 -4.711867291361508947e-01 3.438832378051106975e+00
1.345000000000000000e+03 9.463650454382651844e+01 -5.337896504262531483e-01 3.454814900727618099e+00
1.346000000000000000e+03 9.426304949062784999e+01 -5.974286986240638919e-01 3.470508032574000534e+00
1.347000000000000000e+03 9.389520566143121982e+01 -6.620753152179796874e-01 3.485905584569563231e+00
1.348000000000000000e+03 9.353304156607694608e+01 -7.277007539578703721e-01 3.501001337185649209e+00
1.349000000000000000e+03 9.317662599161752723e+01 -7.942760804964477117e-01 3.515789040333060722e+00
1.350000000000000000e+03 9.282602800274479193e+01 -8.617721720306332767e-01 3.530262413309465330e+00
1.351000000000000000e+03 9.248131694221787313e+01 -9.301597169429266510e-01 3.544415144746816626e+00
1.352000000000000000e+03 9.214256243129052848e+01 -9.994092144427730862e-01 3.558240892558768742e+00
1.353000000000000000e+03 9.180983437013871651e+01 -1.069490974207929934e+00 3.571733283888089971e+00
1.354000000000000000e+03 9.148320293828840022e+01 -1.140375116025838631e+00 3.584885915054083050e+00
1.355000000000000000e+03 9.116273859504286747e+01 -1.212031569434989020e+00 3.597692351499993890e+00
1.356000000000000000e+03 9.084851207991042088e+01 -1.284430073366288783e+00 3.610146127740432753e+00
1.357000000000000000e+03 9.054059441303199662e+01 -1.357540175784431646e+00 3.622240747308788755e+00
1.358000000000000000e+03 9.023905689560868382e+01 -1.431331233329264707e+00 3.633969682704641713e+00
1.359000000000000000e+03 8.994397111032930070e+01 -1.505772410957157303e+00 3.645326375341184200e+00
1.360000000000000000e+03 8.965540892179799926e+01 -1.580832681582367449e+00 3.656304235492629839e+00
1.361000000000000000e+03 8.937344247696182720e+01 -1.656480825718413818e+00 3.666896642241635806e+00
1.362000000000000000e+03 8.909814420553828995e+01 -1.732685431119436847e+00 3.677096943426710673e+00
1.363000000000000000e+03 8.882957089465409695e+01 -1.809415523592054598e+00 3.686899507595247094e+00
1.364000000000000000e+03 8.856771572495605938e+01 -1.886642467557359426e+00 3.696302892317046229e+00
1.365000000000000000e+03 8.831255572078069349e+01 -1.964338085165264980e+00 3.705306709756741146e+00
1.366000000000000000e+03 8.806406762865665883e+01 -2.042474026656388997e+00 3.713910577767429722e+00
1.367000000000000000e+03 8.782222791670444906e+01 -2.121021770044166921e+00 3.722114119906001495e+00
1.368000000000000000e+03 8.758701277403591234e+01 -2.199952620796955305e+00 3.729916965448447197e+00
1.369000000000000000e+03 8.735839811015397061e+01 -2.279237711520142096e+00 3.737318749405185603e+00
1.370000000000000000e+03 8.713635955435226776e+01 -2.358848001638252700e+00 3.744319112536376171e+00
1.371000000000000000e+03 8.692087245511460480e+01 -2.438754277077055832e+00 3.750917701367238788e+00
1.372000000000000000e+03 8.671191187951487223e+01 -2.518927149945678678e+00 3.757114168203375293e+00
1.373000000000000000e+03 8.650945261261637143e+01 -2.599337058218704755e+00 3.762908171146085223e+00
1.374000000000000000e+03 8.631346915687169030e+01 -2.679954265418288628e+00 3.768299374107683342e+00
1.375000000000000000e+03 8.612393573152218096e+01 -2.760748860296260432e+00 3.773287446826822489e+00
1.376000000000000000e+03 8.594082627199757951e+01 -2.841690756516234817e+00 3.777872064883807557e+00
1.377000000000000000e+03 8.576411442931585327e+01 -2.922749692335718574e+00 3.782052909715917899e+00
1.378000000000000000e+03 8.559377356948240845e+01 -3.003895230288216034e+00 3.785829668632720413e+00
1.379000000000000000e+03 8.542977677289026417e+01 -3.085096756865343348e+00 3.789202034831398169e+00
1.380000000000000000e+03 8.527209683371910387e+01 -3.166323482198926342e+00 3.792169707412056834e+00
1.381000000000000000e+03 8.512070625933542090e+01 -3.247544439743117017e+00 3.794732391393052406e+00
1.382000000000000000e+03 8.497557726969175462e+01 -3.328728485956494509e+00 3.796889797726301641e+00
1.383000000000000000e+03 8.483668179672650922e+01 -3.409844299984179372e+00 3.798641643312610228e+00
1.384000000000000000e+03 8.470399148376364451e+01 -3.490860383339936757e+00 3.799987651016986323e+00
1.385000000000000000e+03 8.457747768491211104e+01 -3.571745059588283588e+00 3.800927549683954965e+00
1.386000000000000000e+03 8.445711146446555517e+01 -3.652466474026600185e+00 3.801461074152884922e+00
1.387000000000000000e+03 8.434286359630203833e+01 -3.732992593367233436e+00 3.801587965273300895e+00
1.388000000000000000e+03 8.423470456328355738e+01 -3.813291205419607532e+00 3.801307969920205476e+00
1.389000000000000000e+03 8.413260455665567861e+01 -3.893329918772333365e+00 3.800620841009395789e+00
1.390000000000000000e+03 8.403653347544729968e+01 -3.973076162475310813e+00 3.799526337512784568e+00
1.391000000000000000e+03 8.394646092587004205e+01 -4.052497185721838591e+00 3.798024224473715460e+00
1.392000000000000000e+03 8.386235622071805551e+01 -4.131560057530724528e+00 3.796114273022281882e+00
1.393000000000000000e+03 8.378418837876765224e+01 -4.210231666428391861e+00 3.793796260390649877e+00
1.394000000000000000e+03 8.371192612417679868e+01 -4.288478720130985522e+00 3.791069969928372974e+00
1.395000000000000000e+03 8.364553788588487748e+01 -4.366267745226481090e+00 3.787935191117708822e+00
1.396000000000000000e+03 8.358499179701227888e+01 -4.443565086856793300e+00 3.784391719588942937e+00
1.397000000000000000e+03 8.353025569425993524e+01 -4.520336908399878340e+00 3.780439357135705336e+00
1.398000000000000000e+03 8.348129711730908298e+01 -4.596549191151848568e+00 3.776077911730283176e+00
1.399000000000000000e+03 8.343808330822091079e+01 -4.672167734009082807e+00 3.771307197538952938e+00
1.400000000000000000e+03 8.340058121083590947e+01 -4.747158153150319748e+00 3.766127034937283735e+00
1.401000000000000000e+03 8.336875747017391802e+01 -4.821485881718779787e+00 3.760537250525465058e+00
1.402000000000000000e+03 8.334257017348063812e+01 -4.895119154062869349e+00 3.754538424218921921e+00
1.403000000000000000e+03 8.332194398032279992e+01 -4.968037993154683640e+00 3.748134139015361743e+00
1.404000000000000000e+03 8.330679473188767759e+01 -5.040225316284260515e+00 3.741328754724888128e+00
1.405000000000000000e+03 8.329703768469525471e+01 -5.111663958871201174e+00 3.734126663084774478e+00
1.406000000000000000e+03 8.329258750949401247e+01 -5.182336674328857917e+00 3.726532287820360612e+00
1.407000000000000000e+03 8.329335829015677461e+01 -5.252226133928516560e+00 3.718550084705944947e+00
1.408000000000000000e+03 8.329926352257653832e+01 -5.321314926663584188e+00 3.710184541625684673e+00
1.409000000000000000e+03 8.331021611356217704e+01 -5.389585559113774238e+00 3.701440178634481715e+00
1.410000000000000000e+03 8.332612837973439923e+01 -5.457020455309286255e+00 3.692321548018887789e+00
1.411000000000000000e+03 8.334691204642146545e+01 -5.523601956594996309e+00 3.682833234357992147e+00
1.412000000000000000e+03 8.337247824655510442e+01 -5.589312321494642077e+00 3.672979854584318637e+00
1.413000000000000000e+03 8.340273751956618753e+01 -5.654133725575001712e+00 3.662766058044723660e+00
1.414000000000000000e+03 8.343759981028065909e+01 -5.718048261310088698e+00 3.652196526561287016e+00
1.415000000000000000e+03 8.347697446781528186e+01 -5.781037937945321836e+00 3.641275974492205414e+00
1.416000000000000000e+03 8.352077024447356735e+01 -5.843084681361730759e+00 3.630009148792696649e+00
1.417000000000000000e+03 8.356889529464135080e+01 -5.904170333940119697e+00 3.618400829075881120e+00
1.418000000000000000e+03 8.362125717368294886e+01 -5.964276654425269442e+00 3.606455827673690440e+00
1.419000000000000000e+03 8.367776283683662086e+01 -6.023385317790108218e+00 3.594178989697750293e+00
1.420000000000000000e+03 8.373831863811066967e+01 -6.081477915099910092e+00 3.581575193100284604e+00
1.421000000000000000e+03 8.380283032917911612e+01 -6.138535953376470289e+00 3.568649348735007276e+00
1.422000000000000000e+03 8.387120305827743039e+01 -6.194540855462291162e+00 3.555406400418011259e+00
1.423000000000000000e+03 8.394334136909860433e+01 -6.249473959884772611e+00 3.541851324988675831e+00
1.424000000000000000e+03 8.401914919968875495e+01 -6.303316520720390059e+00 3.527989132370551228e+00
1.425000000000000000e+03 8.409852988134295515e+01 -6.356049707458884868e+00 3.513824865632254379e+00
1.426000000000000000e+03 8.418138613750116406e+01 -6.407654604867450310e+00 3.499363601048373074e+00
1.427000000000000000e+03 8.426762008264391568e+01 -6.458112212854905110e+00 3.484610448160349261e+00
1.428000000000000000e+03 8.435713322118824919e+01 -6.507403446335895403e+00 3.469570549837380558e+00
1.429000000000000000e+03 8.444982644638345448e+01 -6.555509135095066497e+00 3.454249082337313315e+00
1.430000000000000000e+03 8.454560003920680344e+01 -6.602410023651251514e+00 3.438651255367537907e+00
1.431000000000000000e+03 8.464435366725959398e+01 -6.648086771121659133e+00 3.422782312145884909e+00
1.432000000000000000e+03 8.474598638366276759e+01 -6.692519951086059571e+00 3.406647529461519497e+00
1.433000000000000000e+03 8.485039662595279708e+01 -6.735690051450960780e+00 3.390252217735831408e+00
1.434000000000000000e+03 8.495748221497747465e+01 -6.777577474313797090e+00 3.373601721083338667e+00
1.435000000000000000e+03 8.506714035379179961e+01 -6.818162535827126725e+00 3.356701417372577101e+00
1.436000000000000000e+03 8.517926762655365280e+01 -6.857425466062795572e+00 3.339556718286995629e+00
1.437000000000000000e+03 8.529375999741982639e+01 -6.895346408876140032e+00 3.322173069385853328e+00
1.438000000000000000e+03 8.541051280944154200e+01 -6.931905421770159670e+00 3.304555950165109834e+00
1.439000000000000000e+03 8.552942078346062260e+01 -6.967082475759706739e+00 3.286710874118325965e+00
1.440000000000000000e+03 8.565037801700499642e+01 -7.000857455235679261e+00 3.268643388797558114e+00
1.441000000000000000e+03 8.577328021209598319e+01 -7.033213697033014355e+00 3.250359193160374360e+00
1.442000000000000000e+03 8.589803138562656670e+01 -7.064148647203560394e+00 3.231864490791422018e+00
1.443000000000000000e+03 8.602453722489114796e+01 -7.093663312130859211e+00 3.213165640386956845e+00
1.444000000000000000e+03 8.615270286387908527e+01 -7.121758729208952587e+00 3.194269038861613730e+00
1.445000000000000000e+03 8.628243288229963071e+01 -7.148435966910983375e+00 3.175181121416081886e+00
1.446000000000000000e+03 8.641363130460621278e+01 -7.173696124857751322e+00 3.155908361604760959e+00
1.447000000000000000e+03 8.654620159902110288e+01 -7.197540333886291997e+00 3.136457271403440217e+00
1.448000000000000000e+03 8.668004667655988271e+01 -7.219969756118450377e+00 3.116834401276961763e+00
1.449000000000000000e+03 8.681506889005588334e+01 -7.240985585029457106e+00 3.097046340246885965e+00
1.450000000000000000e+03 8.695117003318497950e+01 -7.260589045516498530e+00 3.077099715959167980e+00
1.451000000000000000e+03 8.708825133948988650e+01 -7.278781393967295621e+00 3.057001194751817419e+00
1.452000000000000000e+03 8.722621348140481246e+01 -7.295563918328674902e+00 3.036757481722572205e+00
1.453000000000000000e+03 8.736495656927996833e+01 -7.310937938175141149e+00 3.016375320796564452e+00
1.454000000000000000e+03 8.750438015040604967e+01 -7.324904804777451872e+00 2.995861494793988111e+00
1.455000000000000000e+03 8.764438320803890292e+01 -7.337465901171195348e+00 2.975222825497770618e+00
1.456000000000000000e+03 8.778486416042387930e+01 -7.348622642225362434e+00 2.954466173721234767e+00
1.457000000000000000e+03 8.792572085982051533e+01 -7.358376474710913939e+00 2.933598439375773914e+00
1.458000000000000000e+03 8.806685059152704298e+01 -7.366728877369365769e+00 2.912626561538516068e+00
1.459000000000000000e+03 8.820815007290484289e+01 -7.373681360981353627e+00 2.891557518519993764e+00
1.460000000000000000e+03 8.834951545240312498e+01 -7.379235468435217271e+00 2.870398327931811711e+00
1.461000000000000000e+03 8.849084230858325384e+01 -7.383392774795558111e+00 2.849156046754313110e+00
1.462000000000000000e+03 8.863202564914351456e+01 -7.386154887371835009e+00 2.827837771404252631e+00
1.463000000000000000e+03 8.877295990994346653e+01 -7.387523445786915666e+00 2.806450637802459180e+00
1.464000000000000000e+03 8.891353895402860985e+01 -7.387500122045665307e+00 2.785001821441508874e+00
1.465000000000000000e+03 8.905365607065476752e+01 -7.386086620603518504e+00 2.763498537453389137e+00
1.466000000000000000e+03 8.919320397431282288e+01 -7.383284678435048320e+00 2.741948040677170795e+00
1.467000000000000000e+03 8.933207480375310183e+01 -7.379096065102547897e+00 2.720357625726673056e+00
1.468000000000000000e+03 8.947016012100989713e+01 -7.373522582824595162e+00 2.698734627058133384e+00
1.469000000000000000e+03 8.960735091042610634e+01 -7.366566066544629088e+00 2.677086419037876031e+00
1.470000000000000000e+03 8.974353757767774198e+01 -7.358228383999533939e+00 2.655420416009978357e+00
1.471000000000000000e+03 8.987860994879841314e+01 -7.348511435788197765e+00 2.633744072363942923e+00
1.472000000000000000e+03 9.001245726920386403e+01 -7.337417155440099314e+00 2.612064882602359361e+00
1.473000000000000000e+03 9.014496820271658351e+01 -7.324947509483873631e+00 2.590390381408580023e+00
1.474000000000000000e+03 9.027603083059020150e+01 -7.311104497515888312e+00 2.568728143714382739e+00
1.475000000000000000e+03 9.040553265053425491e+01 -7.295890152268819762e+00 2.547085784767640249e+00
1.476000000000000000e+03 9.053336057573848450e+01 -7.279306539680229449e+00 2.525470960199992287e+00
1.477000000000000000e+03 9.065940093389740184e+01 -7.261355758961123286e+00 2.503891366094504356e+00
1.478000000000000000e+03 9.078353946623502679e+01 -7.242039942664542984e+00 2.482354739053349579e+00
1.479000000000000000e+03 9.090566132652922704e+01 -7.221361256754136981e+00 2.460868856265465254e+00
1.480000000000000000e+03 9.102566100483619493e+01 -7.199324193337276689e+00 2.439441048323606864e+00
1.481000000000000000e+03 9.114347220790882886e+01 -7.175942473512866293e+00 2.418076732272588014e+00
1.482000000000000000e+03 9.125903827213070940e+01 -7.151232212877463468e+00 2.396780864198544858e+00
1.483000000000000000e+03 9.137230226518012444e+01 -7.125209635244938333e+00 2.375558425204983060e+00
1.484000000000000000e+03 9.148320698559835762e+01 -7.097891072840570637e+00 2.354414421453776107e+00
1.485000000000000000e+03 9.159169496235716679e+01 -7.069292966495130948e+00 2.333353884206153417e+00
1.486000000000000000e+03 9.169770845442700136e+01 -7.039431865838970737e+00 2.312381869863693762e+00
1.487000000000000000e+03 9.180118945034472233e+01 -7.008324429496133767e+00 2.291503460009321369e+00
1.488000000000000000e+03 9.190207966778153548e+01 -6.975987425278421306e+00 2.270723761448290912e+00
1.489000000000000000e+03 9.200032055311083923e+01 -6.942437730379507954e+00 2.250047906249188490e+00
1.490000000000000000e+03 9.209585328097614365e+01 -6.907692331569007749e+00 2.229481051784915735e+00
1.491000000000000000e+03 9.218861875385897520e+01 -6.871768325386593546e+00 2.209028380773690792e+00
1.492000000000000000e+03 9.227855760164675303e+01 -6.834682918336071111e+00 2.188695101320034198e+00
1.493000000000000000e+03 9.236561018120062272e+01 -6.796453427079466536e+00 2.168486446955762759e+00
1.494000000000000000e+03 9.244971657592347469e+01 -6.757097278631140291e+00 2.148407676680984757e+00
1.495000000000000000e+03 9.253081659532765002e+01 -6.716632010551855103e+00 2.128464075005089384e+00
1.496000000000000000e+03 9.260884977460300149e+01 -6.675075271142881128e+00 2.108660951987741061e+00
1.497000000000000000e+03 9.268375537418467047e+01 -6.632444819640079814e+00 2.089003643279871536e+00
1.498000000000000000e+03 9.275547237932097744e+01 -6.588758526408005523e+00 2.069497510164669762e+00
1.499000000000000000e+03 9.282393949964139779e+01 -6.544034373133989391e+00 2.050147939598579327e+00
1.500000000000000000e+03 9.288909516872438132e+01 -6.498290453022228519e+00 2.030960344252286109e+00
1.501000000000000000e+03 9.295087754366524280e+01 -6.451544970987886707e+00 2.011940162551714373e+00
1.502000000000000000e+03 9.300922450464402402e+01 -6.403816243851181866e+00 1.993092858719016647e+00
1.503000000000000000e+03 9.306407365449349811e+01 -6.355122700531472546e+00 1.974423922813567822e+00
1.504000000000000000e+03 9.311536231826687526e+01 -6.305482882241362219e+00 1.955938870772956584e+00
1.505000000000000000e+03 9.316302754280583542e+01 -6.254915442680773374e+00 1.937643244453978175e+00
1.506000000000000000e+03 9.320700609630841882e+01 -6.203439148231056244e+00 1.919542611673626942e+00
1.507000000000000000e+03 9.324723446789677439e+01 -6.151072878149072665e+00 1.901642566250090427e+00
1.508000000000000000e+03 9.328364886718520665e+01 -6.097835624761281714e+00 1.883948728043737031e+00
1.509000000000000000e+03 9.331618522384795256e+01 -6.043746493657846663e+00 1.866466742998115214e+00
1.510000000000000000e+03 9.334477918718712885e+01 -5.988824703886712619e+00 1.849202283180939155e+00
1.511000000000000000e+03 9.336936612570059424e+01 -5.933089588147702820e+00 1.832161046825087514e+00
1.512000000000000000e+03 9.338988112664989671e+01 -5.876560592986617593e+00 1.815348758369590421e+00
1.513000000000000000e+03 9.340625899562800782e+01 -5.819257278989308446e+00 1.798771168500625350e+00
1.514000000000000000e+03 9.341843425612739793e+01 -5.761199320975792126e+00 1.782434054192508999e+00
1.515000000000000000e+03 9.342634114910775622e+01 -5.702406508194320267e+00 1.766343218748688049e+00
1.516000000000000000e+03 9.342991363256406601e+01 -5.642898744515493448e+00 1.750504491842734822e+00
1.517000000000000000e+03 9.342908538109428207e+01 -5.582696048626329954e+00 1.734923729559336492e+00
1.518000000000000000e+03 9.342378978546742019e+01 -5.521818554224374509e+00 1.719606814435288511e+00
1.519000000000000000e+03 9.341397159036648645e+01 -5.460286650200503189e+00 1.704558884368767568e+00
1.520000000000000000e+03 9.339962193106994448e+01 -5.398121402273718950e+00 1.689782011142638485e+00
1.521000000000000000e+03 9.338074363329465655e+01 -5.335344135802785992e+00 1.675277499628167188e+00
1.522000000000000000e+03 9.335733960581003998e+01 -5.271976296367150816e+00 1.661046656889027417e+00
1.523000000000000000e+03 9.332941284061097065e+01 -5.208039449968303813e+00 1.647090792182219321e+00
1.524000000000000000e+03 9.329696641309037375e+01 -5.143555283231153297e+00 1.633411216958979173e+00
1.525000000000000000e+03 9.326000348221209890e+01 -5.078545603605386205e+00 1.620009244865696418e+00
1.526000000000000000e+03 9.321852729068365306e+01 -5.013032339566841245e+00 1.606886191744827608e+00
1.527000000000000000e+03 9.317254116512894768e+01 -4.947037540818874035e+00 1.594043375635809001e+00
1.528000000000000000e+03 9.312204851626108848e+01 -4.880583378493721369e+00 1.581482116775973612e+00
1.529000000000000000e+03 9.306705283905512260e+01 -4.813692145353874352e+00 1.569203737601461812e+00
1.530000000000000000e+03 9.300755771292079999e+01 -4.746386255993441772e+00 1.557209562748139486e+00
1.531000000000000000e+03 9.294356680187526365e+01 -4.678688247039516135e+00 1.545500919052508193e+00
1.532000000000000000e+03 9.287508385471595318e+01 -4.610620777353545030e+00 1.534079135552623541e+00
1.533000000000000000e+03 9.280211270519332345e+01 -4.542206628232698939e+00 1.522945543489006903e+00
1.534000000000000000e+03 9.272465727218344966e+01 -4.473468703611230168e+00 1.512101476305559355e+00
1.535000000000000000e+03 9.264272155986105872e+01 -4.404430030261854867e+00 1.501548269650478273e+00
1.536000000000000000e+03 9.255630965787202058e+01 -4.335113757997103079e+00 1.491287261377167939e+00
1.537000000000000000e+03 9.246542574150632277e+01 -4.265543159870699874e+00 1.481319791545157694e+00
1.538000000000000000e+03 9.237007407187068964e+01 -4.195741632378929609e+00 1.471647202421013434e+00
1.539000000000000000e+03 9.227025899606150006e+01 -4.125732695661994853e+00 1.462270838479253543e+00
1.540000000000000000e+03 9.216598494733727875e+01 -4.055539993705396640e+00 1.453192046403262161e+00
1.541000000000000000e+03 9.205725644529174190e+01 -3.985187294541290726e+00 1.444412175086202232e+00
1.542000000000000000e+03 9.194407809602643056e+01 -3.914698490449861623e+00 1.435932575631933217e+00
1.543000000000000000e+03 9.182645459232348628e+01 -3.844097598160687745e+00 1.427754601355921915e+00
1.544000000000000000e+03 9.170439071381835561e+01 -3.773408759054110106e+00 1.419879607786159514e+00
1.545000000000000000e+03 9.157789132717270775e+01 -3.702656239362596136e+00 1.412308952664072192e+00
1.546000000000000000e+03 9.144696138624696857e+01 -3.631864430372111041e+00 1.405043995945439050e+00
1.547000000000000000e+03 9.131160593227330935e+01 -3.561057848623482069e+00 1.398086099801305160e+00
1.548000000000000000e+03 9.117183009402828020e+01 -3.490261136113769425e+00 1.391436628618893723e+00
1.549000000000000000e+03 9.102763908800555726e+01 -3.419499060497628751e+00 1.385096949002523781e+00
1.550000000000000000e+03 9.087903821858876086e+01 -3.348796515288682940e+00 1.379068429774522153e+00
1.551000000000000000e+03 9.072603287822430218e+01 -3.278178520060886836e+00 1.373352441976137595e+00
1.552000000000000000e+03 9.056862854759387460e+01 -3.207670220649895931e+00 1.367950358868456506e+00
1.553000000000000000e+03 9.040683079578748504e+01 -3.137296889354434182e+00 1.362863555933316650e+00
1.554000000000000000e+03 9.024064528047613010e+01 -3.067083925137657818e+00 1.358093410874219753e+00
1.555000000000000000e+03 9.007007774808448630e+01 -2.997056853828528489e+00 1.353641303617248992e+00
1.556000000000000000e+03 8.989513403396375679e+01 -2.927241328323173519e+00 1.349508616311979159e+00
1.557000000000000000e+03 8.971582006256439001e+01 -2.857663128786260831e+00 1.345696733332395034e+00
1.558000000000000000e+03 8.953214933217991245e+01 -2.788346398316831731e+00 1.342206396039406835e+00
1.559000000000000000e+03 8.934416544569599239e+01 -2.719308331422053193e+00 1.339035760440255407e+00
1.560000000000000000e+03 8.915191979172770687e+01 -2.650564436074135610e+00 1.336182321294197450e+00
1.561000000000000000e+03 8.895546407978815751e+01 -2.582130293834148826e+00 1.333643555664951297e+00
1.562000000000000000e+03 8.875485034083099833e+01 -2.514021559966219233e+00 1.331416922889732346e+00
1.563000000000000000e+03 8.855013092779321937e+01 -2.446253963551716204e+00 1.329499864548290722e+00
1.564000000000000000e+03 8.834135851613740442e+01 -2.378843307603444313e+00 1.327889804431946708e+00
1.565000000000000000e+03 8.812858610439444362e+01 -2.311805469179837313e+00 1.326584148512627737e+00
1.566000000000000000e+03 8.791186701470594755e+01 -2.245156399499143696e+00 1.325580284911905160e+00
1.567000000000000000e+03 8.769125489336688872e+01 -2.178912124053623334e+00 1.324875583870030127e+00
1.568000000000000000e+03 8.746680371136804411e+01 -2.113088742723736146e+00 1.324467397714969241e+00
1.569000000000000000e+03 8.723856776493859400e+01 -2.047702429892330755e+00 1.324353060831443107e+00
1.570000000000000000e+03 8.700660167608864981e+01 -1.982769434558842025e+00 1.324529889629962209e+00
1.571000000000000000e+03 8.677096039315171083e+01 -1.918306080453474838e+00 1.324995182515861680e+00
1.572000000000000000e+03 8.653169919132730570e+01 -1.854328766151401631e+00 1.325746219858339847e+00
1.573000000000000000e+03 8.628887367322342072e+01 -1.790853965186947949e+00 1.326780263959493222e+00
1.574000000000000000e+03 8.604253976939915560e+01 -1.727898226167787321e+00 1.328094559023354160e+00
1.575000000000000000e+03 8.579275373890715173e+01 -1.665478172889131692e+00 1.329686331124926957e+00
1.576000000000000000e+03 8.553957216983617684e+01 -1.603610504447922080e+00 1.331552788179223068e+00
1.577000000000000000e+03 8.528305197985366704e+01 -1.542311995357017906e+00 1.333691119910299872e+00
1.578000000000000000e+03 8.502325041674818351e+01 -1.481599495659391863e+00 1.336098497820295439e+00
1.579000000000000000e+03 8.476022505897206827e+01 -1.421489931042317911e+00 1.338772075158465746e+00
1.580000000000000000e+03 8.449403381618387243e+01 -1.362000302951563713e+00 1.341708986890219890e+00
1.581000000000000000e+03 8.422473492979094090e+01 -1.303147688705582397e+00 1.344906349666159295e+00
1.582000000000000000e+03 8.395238697349198276e+01 -1.244949241609701662e+00 1.348361261791111376e+00
1.583000000000000000e+03 8.367704885381948543e+01 -1.187422191070316657e+00 1.352070803193166526e+00
1.584000000000000000e+03 8.339877981068232771e+01 -1.130583842709079967e+00 1.356032035392716217e+00
1.585000000000000000e+03 8.311763941790840704e+01 -1.074451578477094049e+00 1.360242001471489104e+00
1.586000000000000000e+03 8.283368758378696839e+01 -1.019042856769100780e+00 1.364697726041584902e+00
1.587000000000000000e+03 8.254698455161125992e+01 -9.643752125376735540e-01 1.369396215214513157e+00
1.588000000000000000e+03 8.225759090022113185e+01 -9.104662574074088299e-01 1.374334456570231566e+00
1.589000000000000000e+03 8.196556754454536531e+01 -8.573336797891152328e-01 1.379509419126177416e+00
1.590000000000000000e+03 8.167097573614444173e+01 -8.049952449940072086e-01 1.384918053306307462e+00
1.591000000000000000e+03 8.137387706375291430e+01 -7.534687953478944600e-01 1.390557290910135357e+00
1.592000000000000000e+03 8.107433345382196421e+01 -7.027722503053729364e-01 1.396424045081765097e+00
1.593000000000000000e+03 8.077240717106205636e+01 -6.529236065640182662e-01 1.402515210278929114e+00
1.594000000000000000e+03 8.046816081898529660e+01 -6.039409381785737496e-01 1.408827662242025491e+00
1.595000000000000000e+03 8.016165734044805902e+01 -5.558423966751429024e-01 1.415358257963152067e+00
1.596000000000000000e+03 7.985296001819357059e+01 -5.086462111653807794e-01 1.422103835655145865e+00
1.597000000000000000e+03 7.954213306167891062e+01 -4.623681631872763043e-01 1.429060991893918997e+00
1.598000000000000000e+03 7.922924337234519498e+01 -4.170139856989427685e-01 1.436225410874948372e+00
1.599000000000000000e+03 7.891435879559811895e+01 -3.725868946843030050e-01 1.443592528950899290e+00
1.600000000000000000e+03 7.859754753656036996e+01 -3.290901081028384523e-01 1.451157756859293491e+00
1.601000000000000000e+03 7.827887816064192350e+01 -2.865268458850395716e-01 1.458916479681067857e+00
1.602000000000000000e+03 7.795841959411001199e+01 -2.449003299278522394e-01 1.466864056799132676e+00
1.603000000000000000e+03 7.763624112465930693e+01 -2.042137840901270263e-01 1.474995821856931455e+00
1.604000000000000000e+03 7.731241240198197318e+01 -1.644704341880667275e-01 1.483307082716998737e+00
1.605000000000000000e+03 7.698700343833779414e+01 -1.256735079906740882e-01 1.491793121419518586e+00
1.606000000000000000e+03 7.666008460912426870e+01 -8.782623521520137311e-02 1.500449194140884401e+00
1.607000000000000000e+03 7.633172665344670804e+01 -5.093184752259670434e-02 1.509270531152256956e+00
1.608000000000000000e+03 7.600200067468833254e+01 -1.499357851295363489e-02 1.518252336778123768e+00
1.609000000000000000e+03 7.567097814108041121e+01 1.998533627904135537e-02 1.527389789354856253e+00
1.610000000000000000e+03 7.533873088627230175e+01 5.400165938866108989e-02 1.536678041189271315e+00
1.611000000000000000e+03 7.500533110990160424e+01 8.705215142568864528e-02 1.546112218517187165e+00
1.612000000000000000e+03 7.467085137816425799e+01 1.191335710789698660e-01 1.555687421461983577e+00
1.613000000000000000e+03 7.433536462438458159e+01 1.502426751209653688e-01 1.565398723993160379e+00
1.614000000000000000e+03 7.399894414958551181e+01 1.803762184123017531e-01 1.575241173884897039e+00
1.615000000000000000e+03 7.366166362305851578e+01 2.095309539063240911e-01 1.585209792674609597e+00
1.616000000000000000e+03 7.332359708293390099e+01 2.377036326536474120e-01 1.595299575621510479e+00
1.617000000000000000e+03 7.298481893675069898e+01 2.648910038067091022e-01 1.605505491665167650e+00
1.618000000000000000e+03 7.264540396202697536e+01 2.910898146243199314e-01 1.615822483384062869e+00
1.619000000000000000e+03 7.230542730682978458e+01 3.162968104762167720e-01 1.626245466954151064e+00
1.620000000000000000e+03 7.196496449034535203e+01 3.405087348476137921e-01 1.636769332107416153e+00
1.621000000000000000e+03 7.162409140344912828e+01 3.637223293437548133e-01 1.647388942090434849e+00
1.622000000000000000e+03 7.128288430927590014e+01 3.859343336944647818e-01 1.658099133622931598e+00
1.623000000000000000e+03 7.094141984378995858e+01 4.071414857587024039e-01 1.668894716856338833e+00
1.624000000000000000e+03 7.059977501635509611e+01 4.273405215291109505e-01 1.679770475332354573e+00
1.625000000000000000e+03 7.025802721030477471e+01 4.465281751365708929e-01 1.690721165941502457e+00
1.626000000000000000e+03 6.991625418351219423e+01 4.647011788547513733e-01 1.701741518881690007e+00
1.627000000000000000e+03 6.957453406896046033e+01 4.818562631046622857e-01 1.712826237616767111e+00
1.628000000000000000e+03 6.923294537531258186e+01 4.979901564592062457e-01 1.723969998835085615e+00
1.629000000000000000e+03 6.889156698748162455e+01 5.130995856477302830e-01 1.735167452408056477e+00
1.630000000000000000e+03 6.855047816720092158e+01 5.271812755605777001e-01 1.746413221348710687e+00
1.631000000000000000e+03 6.820975855359397144e+01 5.402319492536397094e-01 1.757701901770256203e+00
1.632000000000000000e+03 6.786948816374463433e+01 5.522483279529083466e-01 1.769028062844637539e+00
1.633000000000000000e+03 6.752974739326730003e+01 5.632271310590264424e-01 1.780386246761093583e+00
1.634000000000000000e+03 6.719061701687689947e+01 5.731650761518418680e-01 1.791770968684718524e+00
1.635000000000000000e+03 6.685217818895904429e+01 5.820588789949573405e-01 1.803176716715017891e+00
1.636000000000000000e+03 6.651450705103370353e+01 5.899072242789801246e-01 1.814598193733480302e+00
1.637000000000000000e+03 6.617765850026168550e+01 5.967166971158911482e-01 1.826031045394829189e+00
1.638000000000000000e+03 6.584168227692278208e+01 6.024959045962677839e-01 1.837471138563337769e+00
1.639000000000000000e+03 6.550662834467655671e+01 6.072535099574607464e-01 1.848914319984088950e+00
1.640000000000000000e+03 6.517254689089085673e+01 6.109982326764475946e-01 1.860356416252371581e+00
1.641000000000000000e+03 6.483948832697032572e+01 6.137388485626901202e-01 1.871793233783079158e+00
1.642000000000000000e+03 6.450750328868465999e+01 6.154841898509881837e-01 1.883220558780105858e+00
1.643000000000000000e+03 6.417664263649727729e+01 6.162431452943362142e-01 1.894634157205742575e+00
1.644000000000000000e+03 6.384695745589359461e+01 6.160246602567782670e-01 1.906029774750078731e+00
1.645000000000000000e+03 6.351849905770965421e+01 6.148377368062636350e-01 1.917403136800392760e+00
1.646000000000000000e+03 6.319131897846037305e+01 6.126914338075022393e-01 1.928749948410555470e+00
1.647000000000000000e+03 6.286546898066814038e+01 6.095948670148199078e-01 1.940065894270422309e+00
1.648000000000000000e+03 6.254100105319126612e+01 6.055572091650138766e-01 1.951346638675234058e+00
1.649000000000000000e+03 6.221796741155231558e+01 6.005876900702085130e-01 1.962587825495011540e+00
1.650000000000000000e+03 6.189642049826674253e+01 5.946955967107107055e-01 1.973785078143954541e+00
1.651000000000000000e+03 6.157641298317109602e+01 5.878902733278649206e-01 1.984933999549838513e+00
1.652000000000000000e+03 6.125799776375175298e+01 5.801811215169089264e-01 1.996030172123411717e+00
1.653000000000000000e+03 6.094122796547313214e+01 5.715776003198298483e-01 2.007069157727789932e+00
1.654000000000000000e+03 6.062615694210629158e+01 5.620892263182180049e-01 2.018046497647858484e+00
1.655000000000000000e+03 6.031283827605729186e+01 5.517255737261244075e-01 2.028957712559664728e+00
1.656000000000000000e+03 6.000132577869572970e+01 5.404962744829143739e-01 2.039798302499819638e+00
1.657000000000000000e+03 5.969167349068310102e+01 5.284110183461241395e-01 2.050563746834889844e+00
1.658000000000000000e+03 5.938393568230130626e+01 5.154795529843160251e-01 2.061249504230798557e+00
1.659000000000000000e+03 5.907816685378112709e+01 5.017116840699338276e-01 2.071851012622222488e+00
1.660000000000000000e+03 5.877442173563058958e+01 4.871172753721580984e-01 2.082363689181986999e+00
1.661000000000000000e+03 5.847275528896349783e+01 4.717062488497620332e-01 2.092782930290465693e+00
1.662000000000000000e+03 5.817322270582783972e+01 4.554885847439660296e-01 2.103104111504974227e+00
1.663000000000000000e+03 5.787587940953427079e+01 4.384743216712945202e-01 2.113322587529172125e+00
1.664000000000000000e+03 5.758078105498454846e+01 4.206735567164303635e-01 2.123433692182455701e+00
1.665000000000000000e+03 5.728798352899995194e+01 4.020964455250705116e-01 2.133432738369358095e+00
1.666000000000000000e+03 5.699754295064979459e+01 3.827532023967816777e-01 2.143315018048942644e+00
1.667000000000000000e+03 5.670951567157985096e+01 3.626541003778557259e-01 2.153075802204206912e+00
1.668000000000000000e+03 5.642395827634075545e+01 3.418094713541646734e-01 2.162710340811471621e+00
1.669000000000000000e+03 5.614092758271657857e+01 3.202297061440170789e-01 2.172213862809783791e+00
1.670000000000000000e+03 5.586048064205311903e+01 2.979252545910126559e-01 2.181581576070311446e+00
1.671000000000000000e+03 5.558267473958647997e+01 2.749066256568979405e-01 2.190808667365740980e+00
1.672000000000000000e+03 5.530756739477147477e+01 2.511843875144220140e-01 2.199890302339674530e+00
1.673000000000000000e+03 5.503521636161004693e+01 2.267691676401915601e-01 2.208821625476026895e+00
1.674000000000000000e+03 5.476567962897979669e+01 2.016716529075266995e-01 2.217597760068425128e+00
1.675000000000000000e+03 5.449900769437507364e+01 1.759031744635572159e-01 2.226214331760166143e+00
1.676000000000000000e+03 5.423522031066733007e+01 1.494774677608005642e-01 2.234669044226591073e+00
1.677000000000000000e+03 5.397432953688596768e+01 1.224089280840398170e-01 2.242960117195075487e+00
1.678000000000000000e+03 5.371634744636884307e+01 9.471202727918534570e-02 2.251085764115437815e+00
1.679000000000000000e+03 5.346128612676036340e+01 6.640131387112689632e-02 2.259044192151721031e+00
1.680000000000000000e+03 5.320915768000968171e+01 3.749141318158608766e-02 2.266833602173965900e+00
1.681000000000000000e+03 5.295997422236889918e+01 7.997027446969227557e-03 2.274452188749990000e+00
1.682000000000000000e+03 5.271374788439122483e+01 -2.206706406378077662e-02 2.281898140137167630e+00
1.683000000000000000e+03 5.247049081092909972e+01 -5.268600493133143020e-02 2.289169638274202612e+00
1.684000000000000000e+03 5.223021516113244900e+01 -8.384486146810857243e-02 2.296264858772911754e+00
1.685000000000000000e+03 5.199293310844680605e+01 -1.155286226004437061e-01 2.303181970909995879e+00
1.686000000000000000e+03 5.175865684061150063e+01 -1.477221997507216222e-01 2.309919137618823282e+00
1.687000000000000000e+03 5.152739855965777593e+01 -1.804104267195277556e-01 2.316474515481202978e+00
1.688000000000000000e+03 5.129917048190707618e+01 -2.135780595677960469e-01 2.322846254719164616e+00
1.689000000000000000e+03 5.107398483796917787e+01 -2.472097764989564239e-01 2.329032499186736160e+00
1.690000000000000000e+03 5.085185387274022162e+01 -2.812901777410817816e-01 2.335031386361717587e+00
1.691000000000000000e+03 5.063278984540110628e+01 -3.158037854290363100e-01 2.340841047337466119e+00
1.692000000000000000e+03 5.041680502941557052e+01 -3.507350434866226552e-01 2.346459606814666365e+00
1.693000000000000000e+03 5.020391171252825302e+01 -3.860683175087293306e-01 2.351885183093109788e+00
1.694000000000000000e+03 4.999412219676306535e+01 -4.217878946434784337e-01 2.357115888063475939e+00
1.695000000000000000e+03 4.978744879842121662e+01 -4.578779834743735289e-01 2.362149827199103491e+00
1.696000000000000000e+03 4.958390384807945850e+01 -4.943227139024460315e-01 2.366985099547775473e+00
1.697000000000000000e+03 4.938349969058822353e+01 -5.311061370284042571e-01 2.371619797723490741e+00
1.698000000000000000e+03 4.918624868506980619e+01 -5.682122250347798609e-01 2.376052007898242557e+00
1.699000000000000000e+03 4.899216320491655807e+01 -6.056248710680758318e-01 2.380279809793799828e+00
1.700000000000000000e+03 4.880125563778900499e+01 -6.433278891209136541e-01 2.384301276673479464e+00
1.701000000000000000e+03 4.861353838561411322e+01 -6.813050139141818562e-01 2.388114475333928066e+00
1.702000000000000000e+03 4.842902386458336395e+01 -7.195399007791819512e-01 2.391717466096897393e+00
1.703000000000000000e+03 4.824772450515096978e+01 -7.580161255397774855e-01 2.395108302801022493e+00
1.704000000000000000e+03 4.806965275203207000e+01 -7.967171843945406451e-01 2.398285032793598948e+00
1.705000000000000000e+03 4.789482106420086183e+01 -8.356264937988997499e-01 2.401245696922361006e+00
1.706000000000000000e+03 4.772324191488880274e+01 -8.747273903472879697e-01 2.403988329527257939e+00
1.707000000000000000e+03 4.755492779158276306e+01 -9.140031306552891532e-01 2.406510958432233505e+00
1.708000000000000000e+03 4.738989119602319988e+01 -9.534368912417863218e-01 2.408811604937001860e+00
1.709000000000000000e+03 4.722814464420236646e+01 -9.930117684111102738e-01 2.410888283808825694e+00
1.710000000000000000e+03 4.706970066636242933e+01 -1.032710778135184304e+00 2.412739003274293470e+00
1.711000000000000000e+03 4.691457180699367768e+01 -1.072516855935674362e+00 2.414361765011096672e+00
1.712000000000000000e+03 4.676277062483268310e+01 -1.112412856766135327e+00 2.415754564139810157e+00
1.713000000000000000e+03 4.661430969286048764e+01 -1.152381554894158722e+00 2.416915389215664955e+00
1.714000000000000000e+03 4.646919550756020811e+01 -1.192406484225177588e+00 2.417842738193892504e+00
1.715000000000000000e+03 4.632741015983721411e+01 -1.232474467355013870e+00 2.418537171158742005e+00
1.716000000000000000e+03 4.618892950762830907e+01 -1.272573107871995735e+00 2.418999770833024865e+00
1.717000000000000000e+03 4.605372925219023017e+01 -1.312689951791402132e+00 2.419231627820477293e+00
1.718000000000000000e+03 4.592178493784910387e+01 -1.352812487471916958e+00 2.419233840618603804e+00
1.719000000000000000e+03 4.579307195175000800e+01 -1.392928145532087880e+00 2.419007515631517169e+00
1.720000000000000000e+03 4.566756552360651256e+01 -1.433024298766783167e+00 2.418553767182780589e+00
1.721000000000000000e+03 4.554524072545017077e+01 -1.473088262063647180e+00 2.417873717528246313e+00
1.722000000000000000e+03 4.542607247138006699e+01 -1.513107292319560093e+00 2.416968496868898253e+00
1.723000000000000000e+03 4.531003551731240719e+01 -1.553068588357092050e+00 2.415839243363697264e+00
1.724000000000000000e+03 4.519710446072991061e+01 -1.592959290840961772e+00 2.414487103142414881e+00
1.725000000000000000e+03 4.508725374043147127e+01 -1.632766482194493607e+00 2.412913230318479485e+00
1.726000000000000000e+03 4.498045763628164195e+01 -1.672477186516073688e+00 2.411118787001816699e+00
1.727000000000000000e+03 4.487669026896012525e+01 -1.712078369495607433e+00 2.409104943311689340e+00
1.728000000000000000e+03 4.477592559971139252e+01 -1.751556938330977253e+00 2.406872877389541365e+00
1.729000000000000000e+03 4.467813743009408967e+01 -1.790899741644495613e+00 2.404423775411834274e+00
1.730000000000000000e+03 4.458329940173069161e+01 -1.830093569399371178e+00 2.401758831602894162e+00
1.731000000000000000e+03 4.449138499605696495e+01 -1.869125152816153435e+00 2.398879248247748119e+00
1.732000000000000000e+03 4.440236753407148740e+01 -1.907981164289200171e+00 2.395786235704967293e+00
1.733000000000000000e+03 4.431622017608523834e+01 -1.946648217303128980e+00 2.392481012419509945e+00
1.734000000000000000e+03 4.423291592147105433e+01 -1.985112866349275196e+00 2.388964804935557851e+00
1.735000000000000000e+03 4.415242760841320546e+01 -2.023361606842150717e+00 2.385238847909364246e+00
1.736000000000000000e+03 4.407472791365693610e+01 -2.061380875035898619e+00 2.381304384122088003e+00
1.737000000000000000e+03 4.399978935225794174e+01 -2.099157047940750864e+00 2.377162664492639355e+00
1.738000000000000000e+03 4.392758427733193827e+01 -2.136676443239486911e+00 2.372814948090520737e+00
1.739000000000000000e+03 4.385808487980420978e+01 -2.173925319203886986e+00 2.368262502148664517e+00
1.740000000000000000e+03 4.379126318815907837e+01 -2.210889874611195349e+00 2.363506602076279162e+00
1.741000000000000000e+03 4.372709106818948754e+01 -2.247556248660568468e+00 2.358548531471687859e+00
1.742000000000000000e+03 4.366554022274650748e+01 -2.283910520889542273e+00 2.353389582135168467e+00
1.743000000000000000e+03 4.360658219148886161e+01 -2.319938711090479888e+00 2.348031054081797464e+00
1.744000000000000000e+03 4.355018835063247451e+01 -2.355626779227034007e+00 2.342474255554289897e+00
1.745000000000000000e+03 4.349632991269998428e+01 -2.390960625350601720e+00 2.336720503035838892e+00
1.746000000000000000e+03 4.344497792627029753e+01 -2.425926089516784678e+00 2.330771121262960932e+00
1.747000000000000000e+03 4.339610327572807336e+01 -2.460508951701840807e+00 2.324627443238332702e+00
1.748000000000000000e+03 4.334967668101331384e+01 -2.494694931719145359e+00 2.318290810243635036e+00
1.749000000000000000e+03 4.330566869737081959e+01 -2.528469689135646625e+00 2.311762571852393311e+00
1.750000000000000000e+03 4.326404971509980157e+01 -2.561818823188323435e+00 2.305044085942819176e+00
1.751000000000000000e+03 4.322478995930335088e+01 -2.594727872700640869e+00 2.298136718710650062e+00
1.752000000000000000e+03 4.318785948963797949e+01 -2.627182315999009976e+00 2.291041844681991790e+00
1.753000000000000000e+03 4.315322631617767257e+01 -2.659169189329942284e+00 2.283761107846504768e+00
1.754000000000000000e+03 4.312085073031230564e+01 -2.690681957051017648e+00 2.276297207414571311e+00
1.755000000000000000e+03 4.309069092602994289e+01 -2.721715681925345187e+00 2.268653118644475164e+00
1.756000000000000000e+03 4.306270487918342837e+01 -2.752265410290430481e+00 2.260831832340395753e+00
1.757000000000000000e+03 4.303685034716637858e+01 -2.782326172037797196e+00 2.252836354875451974e+00
1.758000000000000000e+03 4.301308486858916780e+01 -2.811892980592605173e+00 2.244669708214722892e+00
1.759000000000000000e+03 4.299136576295494905e+01 -2.840960832893280941e+00 2.236334929938287530e+00
1.760000000000000000e+03 4.297165013033566794e+01 -2.869524709371134463e+00 2.227835073264254451e+00
1.761000000000000000e+03 4.295389485104804805e+01 -2.897579573929984775e+00 2.219173207071792220e+00
1.762000000000000000e+03 4.293805658532962610e+01 -2.925120373925783834e+00 2.210352415924164315e+00
1.763000000000000000e+03 4.292409177301473733e+01 -2.952142040146235491e+00 2.201375800091758261e+00
1.764000000000000000e+03 4.291195663321050091e+01 -2.978639486790422009e+00 2.192246475575120979e+00
1.765000000000000000e+03 4.290160716397289065e+01 -3.004607611448426585e+00 2.182967574127987920e+00
1.766000000000000000e+03 4.289299914198269192e+01 -3.030041295080954100e+00 2.173542243280316200e+00
1.767000000000000000e+03 4.288608812222152267e+01 -3.054935401998957634e+00 2.163973646361318615e+00
1.768000000000000000e+03 4.288082943764781163e+01 -3.079284779843254771e+00 2.154264962522490556e+00
1.769000000000000000e+03 4.287717819887288329e+01 -3.103084259564159453e+00 2.144419386760648027e+00
1.770000000000000000e+03 4.287508929383685796e+01 -3.126328655401099166e+00 2.134440129940955888e+00
1.771000000000000000e+03 4.287451738748472962e+01 -3.149012764862235247e+00 2.124330418819961430e+00
1.772000000000000000e+03 4.287541692144240812e+01 -3.171131368704094289e+00 2.114093496068625733e+00
1.773000000000000000e+03 4.287774211369257671e+01 -3.192679230911183108e+00 2.103732620295356348e+00
1.774000000000000000e+03 4.288144695825086927e+01 -3.213651098675617046e+00 2.093251066069038213e+00
1.775000000000000000e+03 4.288648522484177761e+01 -3.234041702376736716e+00 2.082652123942067224e+00
1.776000000000000000e+03 4.289281045857468655e+01 -3.253845755560738962e+00 2.071939100473382034e+00
1.777000000000000000e+03 4.290037597961988070e+01 -3.273057954920292278e+00 2.061115318251493633e+00
1.778000000000000000e+03 4.290913488288453692e+01 -3.291672980274164662e+00 2.050184115917522476e+00
1.779000000000000000e+03 4.291904003768875242e+01 -3.309685494546843909e+00 2.039148848188224505e+00
1.780000000000000000e+03 4.293004408744153721e+01 -3.327090143748161033e+00 2.028012885879028282e+00
1.781000000000000000e+03 4.294209944931681378e+01 -3.343881556952915002e+00 2.016779615927064118e+00
1.782000000000000000e+03 4.295515831392946637e+01 -3.360054346280492155e+00 2.005452441414196763e+00
1.783000000000000000e+03 4.296917264501126255e+01 -3.375603106874491832e+00 1.994034781590058314e+00
1.784000000000000000e+03 4.298409417908698771e+01 -3.390522416882347567e+00 1.982530071895078239e+00
1.785000000000000000e+03 4.299987442515028846e+01 -3.404806837434952271e+00 1.970941763983518280e+00
1.786000000000000000e+03 4.301646466433984273e+01 -3.418450912626279425e+00 1.959273325746503147e+00
1.787000000000000000e+03 4.303381594961525280e+01 -3.431449169493004270e+00 1.947528241335050758e+00
1.788000000000000000e+03 4.305187910543307339e+01 -3.443796117994131656e+00 1.935710011183107371e+00
1.789000000000000000e+03 4.307060472742288937e+01 -3.455486250990613240e+00 1.923822152030578936e+00
1.790000000000000000e+03 4.308994318206322305e+01 -3.466514044224975333e+00 1.911868196946359566e+00
1.791000000000000000e+03 4.310984460635761906e+01 -3.476873956300936985e+00 1.899851695351370440e+00
1.792000000000000000e+03 4.313026127828511846e+01 -3.486561941081700589e+00 1.887776148598236947e+00
1.793000000000000000e+03 4.315115474996761691e+01 -3.495579998429299895e+00 1.875644816088895883e+00
1.794000000000000000e+03 4.317248877210537472e+01 -3.503931660585196006e+00 1.863460907619655771e+00
1.795000000000000000e+03 4.319422692825451549e+01 -3.511620483160827089e+00 1.851227647701449763e+00
1.796000000000000000e+03 4.321633263459157348e+01 -3.518650045173721708e+00 1.838948275580453595e+00
1.797000000000000000e+03 4.323876913967807667e+01 -3.525023949083605501e+00 1.826626045258716191e+00
1.798000000000000000e+03 4.326149952422502309e+01 -3.530745820828507409e+00 1.814264225514780726e+00
1.799000000000000000e+03 4.328448670085749228e+01 -3.535819309860871673e+00 1.801866099924315012e+00
1.800000000000000000e+03 4.330769341387919980e+01 -3.540248089183658742e+00 1.789434966880731448e+00
1.801000000000000000e+03 4.333108223903697365e+01 -3.544035855386464373e+00 1.776974139615816073e+00
1.802000000000000000e+03 4.335461558328539411e+01 -3.547186328681615652e+00 1.764486946220351404e+00
1.803000000000000000e+03 4.337825568455128433e+01 -3.549703252940289655e+00 1.751976729664743937e+00
1.804000000000000000e+03 4.340196461149827201e+01 -3.551590395728613903e+00 1.739446847819646758e+00
1.805000000000000000e+03 4.342570426329135813e+01 -3.552851548343779697e+00 1.726900673476586157e+00
1.806000000000000000e+03 4.344943636936145026e+01 -3.553490525850146575e+00 1.714341594368588684e+00
1.807000000000000000e+03 4.347312248916990995e+01 -3.553511167115352087e+00 1.701773013190802653e+00
1.808000000000000000e+03 4.349672401197310023e+01 -3.552917334846421582e+00 1.689198347621126972e+00
1.809000000000000000e+03 4.352020215658693303e+01 -3.551712915625870437e+00 1.676621030340832208e+00
1.810000000000000000e+03 4.354351797115148059e+01 -3.549901819947822723e+00 1.664044509055192078e+00
1.811000000000000000e+03 4.356663233289537374e+01 -3.547487982254105887e+00 1.651472246514101405e+00
1.812000000000000000e+03 4.358950594790054822e+01 -3.544475360970370748e+00 1.638907720532707835e+00
1.813000000000000000e+03 4.361209935086664302e+01 -3.540867938542193727e+00 1.626354424012032229e+00
1.814000000000000000e+03 4.363437290487559039e+01 -3.536669721471183081e+00 1.613815864959596391e+00
1.815000000000000000e+03 4.365628680115620597e+01 -3.531884740351094898e+00 1.601295566510049229e+00
1.816000000000000000e+03 4.367780105884870068e+01 -3.526517049903933554e+00 1.588797066945788927e+00
1.817000000000000000e+03 4.369887552476922110e+01 -3.520570729016061495e+00 1.576323919717589783e+00
1.818000000000000000e+03 4.371946987317443245e+01 -3.514049880774310797e+00 1.563879693465229037e+00
1.819000000000000000e+03 4.373954360552603760e+01 -3.506958632502088058e+00 1.551467972038109933e+00
1.820000000000000000e+03 4.375905605025534584e+01 -3.499301135795481965e+00 1.539092354515886329e+00
1.821000000000000000e+03 4.377796636252784879e+01 -3.491081566559376625e+00 1.526756455229092202e+00
1.822000000000000000e+03 4.379623352400765413e+01 -3.482304125043551579e+00 1.514463903779761367e+00
1.823000000000000000e+03 4.381381634262221070e+01 -3.472973035878796910e+00 1.502218345062056315e+00
1.824000000000000000e+03 4.383067345232669965e+01 -3.463092548113018587e+00 1.490023439282892603e+00
1.825000000000000000e+03 4.384676331286868844e+01 -3.452666935247345581e+00 1.477882861982564133e+00
1.826000000000000000e+03 4.386204420955261440e+01 -3.441700495272240090e+00 1.465800304055367542e+00
1.827000000000000000e+03 4.387647425300438186e+01 -3.430197550703605103e+00 1.453779471770228815e+00
1.828000000000000000e+03 4.389001137893587412e+01 -3.418162448618891514e+00 1.441824086791328119e+00
1.829000000000000000e+03 4.390261334790952930e+01 -3.405599560693206573e+00 1.429937886198723529e+00
1.830000000000000000e+03 4.391423774510287359e+01 -3.392513283235423227e+00 1.418124622508978971e+00
1.831000000000000000e+03 4.392484661995272432e+01 -3.378908741136639637e+00 1.406387745153982349e+00
1.832000000000000000e+03 4.393442044610372932e+01 -3.364793905794406736e+00 1.394729442092612626e+00
1.833000000000000000e+03 4.394294427256264157e+01 -3.350177494187475347e+00 1.383151590580449231e+00
1.834000000000000000e+03 4.395040309387715638e+01 -3.335068266561236783e+00 1.371656075025491806e+00
1.835000000000000000e+03 4.395678185006649841e+01 -3.319475026489018266e+00 1.360244786997390154e+00
1.836000000000000000e+03 4.396206542655193772e+01 -3.303406620933368121e+00 1.348919625236674413e+00
1.837000000000000000e+03 4.396623865408729159e+01 -3.286871940307344975e+00 1.337682495663981008e+00
1.838000000000000000e+03 4.396928630868951871e+01 -3.269879918535814944e+00 1.326535311389289262e+00
1.839000000000000000e+03 4.397119311156919963e+01 -3.252439533116731507e+00 1.315479992721144464e+00
1.840000000000000000e+03 4.397194372906113813e+01 -3.234559805182434911e+00 1.304518467175890928e+00
1.841000000000000000e+03 4.397152277255481323e+01 -3.216249799560932932e+00 1.293652669486902163e+00
1.842000000000000000e+03 4.396991479842500183e+01 -3.197518624837198509e+00 1.282884541613807938e+00
1.843000000000000000e+03 4.396710430796225211e+01 -3.178375433414455387e+00 1.272216032751727344e+00
1.844000000000000000e+03 4.396307574730346346e+01 -3.158829421575469532e+00 1.261649099340495628e+00
1.845000000000000000e+03 4.395781350736240256e+01 -3.138889829543836996e+00 1.251185705073896148e+00
1.846000000000000000e+03 4.395130192376022649e+01 -3.118565941545277997e+00 1.240827820908888546e+00
1.847000000000000000e+03 4.394352527675601294e+01 -3.097867085868921233e+00 1.230577425074838693e+00
1.848000000000000000e+03 4.393446779117738288e+01 -3.076802634928599289e+00 1.220436503082749979e+00
1.849000000000000000e+03 4.392411363635090282e+01 -3.055382005324135175e+00 1.210407047734491037e+00
1.850000000000000000e+03 4.391244692603272881e+01 -3.033614657902631073e+00 1.200491059132026139e+00
1.851000000000000000e+03 4.389945171833907978e+01 -3.011510097819762866e+00 1.190690544686645813e+00
1.852000000000000000e+03 4.388511201567683173e+01 -2.989077874601065332e+00 1.181007519128195460e+00
1.853000000000000000e+03 4.386941176467398407e+01 -2.966327582203225344e+00 1.171444004514305748e+00
1.854000000000000000e+03 4.385233485611026794e+01 -2.943268859075368837e+00 1.162002030239621897e+00
1.855000000000000000e+03 4.383386512484759123e+01 -2.919911388220354009e+00 1.152683633045033185e+00
1.856000000000000000e+03 4.381398634976067541e+01 -2.896264897256057402e+00 1.143490857026904006e+00
1.857000000000000000e+03 4.379268225366756440e+01 -2.872339158476668874e+00 1.134425753646302937e+00
1.858000000000000000e+03 4.376993650326008378e+01 -2.848143988913975022e+00 1.125490381738230905e+00
1.859000000000000000e+03 4.374573270903448474e+01 -2.823689250398653705e+00 1.116686807520853364e+00
1.860000000000000000e+03 4.372005442522191743e+01 -2.798984849621564130e+00 1.108017104604728686e+00
1.861000000000000000e+03 4.369288514971899673e+01 -2.774040738195033384e+00 1.099483354002038560e+00
1.862000000000000000e+03 4.366420832401828989e+01 -2.748866912714148292e+00 1.091087644135816381e+00
1.863000000000000000e+03 4.363400733313891777e+01 -2.723473414818047722e+00 1.082832070849178763e+00
1.864000000000000000e+03 4.360226550555706382e+01 -2.697870331251206899e+00 1.074718737414554148e+00
1.865000000000000000e+03 4.356896611313648293e+01 -2.672067793924731927e+00 1.066749754542912987e+00
1.866000000000000000e+03 4.353409237105909568e+01 -2.646075979977647208e+00 1.058927240392997016e+00
1.867000000000000000e+03 4.349762743775546170e+01 -2.619905111838188638e+00 1.051253320580549877e+00
1.868000000000000000e+03 4.345955441483535964e+01 -2.593565457285087472e+00 1.043730128187545958e+00
1.869000000000000000e+03 4.341985634701833163e+01 -2.567067329508867513e+00 1.036359803771420562e+00
1.870000000000000000e+03 4.337852055630996517e+01 -2.540420816327001674e+00 1.029144118459222490e+00
1.871000000000000000e+03 4.333555168175435313e+01 -2.513634965389427656e+00 1.022083339986674222e+00
1.872000000000000000e+03 4.329095874159195034e+01 -2.486718592718586418e+00 1.015177357803163982e+00
1.873000000000000000e+03 4.324475080835645713e+01 -2.459680553028656735e+00 1.008426059177535361e+00
1.874000000000000000e+03 4.319693700895428634e+01 -2.432529739777567812e+00 1.001829329194390938e+00
1.875000000000000000e+03 4.314752652474349048e+01 -2.405275085218987474e+00 9.953870507503943532e-01
1.876000000000000000e+03 4.309652859161315774e+01 -2.377925560454331677e+00 9.890991045505719281e-01
1.877000000000000000e+03 4.304395250006244567e+01 -2.350490175484760691e+00 9.829653691046155162e-01
1.878000000000000000e+03 4.298980759527987772e+01 -2.322977979263178394e+00 9.769857207231850138e-01
1.879000000000000000e+03 4.293410327722250486e+01 -2.295398059746236452e+00 9.711600335142109852e-01
1.880000000000000000e+03 4.287684900069506710e+01 -2.267759543946334055e+00 9.654881793791961764e-01
1.881000000000000000e+03 4.281805427542922615e+01 -2.240071597983613660e+00 9.599700280095189164e-01
1.882000000000000000e+03 4.275772866616274115e+01 -2.212343427137969165e+00 9.546054468827348538e-01
1.883000000000000000e+03 4.269588179271861605e+01 -2.184584275901038986e+00 9.493943012588790253e-01
1.884000000000000000e+03 4.263252333008443173e+01 -2.156803428028213787e+00 9.443364541767702569e-01
1.885000000000000000e+03 4.256766300849131568e+01 -2.129010206590628229e+00 9.394317664503104570e-01
1.886000000000000000e+03 4.250131061349335226e+01 -2.101213974027169140e+00 9.346800966647887954e-01
1.887000000000000000e+03 4.243347598604664483e+01 -2.073424132196473924e+00 9.300813011731855484e-01
1.888000000000000000e+03 4.236416902258851280e+01 -2.045650122428928075e+00 9.256352340924706157e-01
1.889000000000000000e+03 4.229339967511678111e+01 -2.017901425578668473e+00 9.213417472999098079e-01
1.890000000000000000e+03 4.222117795126882100e+01 -1.990187562075583783e+00 9.172006904293644736e-01
1.891000000000000000e+03 4.214751391440087502e+01 -1.962518091977312862e+00 9.132119108675956776e-01
1.892000000000000000e+03 4.207241768366717594e+01 -1.934902615021247829e+00 9.093752537505659372e-01
1.893000000000000000e+03 4.199589943409917225e+01 -1.907350770676534024e+00 9.056905619597410695e-01
1.894000000000000000e+03 4.191796939668468980e+01 -1.879872238196067524e+00 9.021576761183937032e-01
1.895000000000000000e+03 4.183863785844714300e+01 -1.852476736668499768e+00 8.987764345879042382e-01
1.896000000000000000e+03 4.175791516252473201e+01 -1.825174025070235739e+00 8.955466734640650239e-01
1.897000000000000000e+03 4.167581170824960424e+01 -1.797973902317434147e+00 8.924682265733809849e-01
1.898000000000000000e+03 4.159233795122707988e+01 -1.770886207318009387e+00 8.895409254693734669e-01
1.899000000000000000e+03 4.150750440341481351e+01 -1.743920819023631053e+00 8.867645994288817501e-01
1.900000000000000000e+03 4.142132163320201954e+01 -1.717087656481723679e+00 8.841390754483654524e-01
1.901000000000000000e+03 4.133380026548863384e+01 -1.690396678887469362e+00 8.816641782402069305e-01
1.902000000000000000e+03 4.124495098176453212e+01 -1.663857885635805944e+00 8.793397302290145712e-01
1.903000000000000000e+03 4.115478452018866307e+01 -1.637481316373429419e+00 8.771655515479244158e-01
1.904000000000000000e+03 4.106331167566833784e+01 -1.611277051050792775e+00 8.751414600349018968e-01
1.905000000000000000e+03 4.097054329993832766e+01 -1.585255209974107515e+00 8.732672712290455719e-01
1.906000000000000000e+03 4.087649030164008224e+01 -1.559425953857342728e+00 8.715427983668886380e-01
1.907000000000000000e+03 4.078116364640098368e+01 -1.533799483874228375e+00 8.699678523787017781e-01
1.908000000000000000e+03 4.068457435691344415e+01 -1.508386041710253034e+00 8.685422418847954518e-01
1.909000000000000000e+03 4.058673554438328779e+01 -1.483194964629878321e+00 8.672655237290729513e-01
1.910000000000000000e+03 4.048766851974207981e+01 -1.458231842653932464e+00 8.661362524962532561e-01
1.911000000000000000e+03 4.038739672944369374e+01 -1.433501339691537702e+00 8.651527252337622986e-01
1.912000000000000000e+03 4.028594372849427430e+01 -1.409008136567285741e+00 8.643132303802760763e-01
1.913000000000000000e+03 4.018333318059834625e+01 -1.384756931042142147e+00 8.636160477538136204e-01
1.914000000000000000e+03 4.007958885830479545e+01 -1.360752437834343853e+00 8.630594485398283000e-01
1.915000000000000000e+03 3.997473464315292091e+01 -1.336999388640298880e+00 8.626416952793006798e-01
1.916000000000000000e+03 3.986879452581853656e+01 -1.313502532155487623e+00 8.623610418568310454e-01
1.917000000000000000e+03 3.976179260625991674e+01 -1.290266634095362797e+00 8.622157334887310398e-01
1.918000000000000000e+03 3.965375309386398328e+01 -1.267296477216248940e+00 8.622040067111164108e-01
1.919000000000000000e+03 3.954470030759217991e+01 -1.244596861336241478e+00 8.623240893679994246e-01
1.920000000000000000e+03 3.943465867612667353e+01 -1.222172603356108889e+00 8.625742005993803918e-01
1.921000000000000000e+03 3.932365273801629257e+01 -1.200028537280190655e+00 8.629525508293414138e-01
1.922000000000000000e+03 3.921170714182265016e+01 -1.178169514237299209e+00 8.634573417541370199e-01
1.923000000000000000e+03 3.909884664626615347e+01 -1.156600402501618774e+00 8.640867663302883583e-01
1.924000000000000000e+03 3.898509612037204164e+01 -1.135326087513604865e+00 8.648390087626733891e-01
1.925000000000000000e+03 3.887048054361640226e+01 -1.114351471900885127e+00 8.657122444926206306e-01
1.926000000000000000e+03 3.875502500607231582e+01 -1.093681475499159506e+00 8.667046401860007965e-01
1.927000000000000000e+03 3.863875470855580829e+01 -1.073321035373099530e+00 8.678143537213199865e-01
1.928000000000000000e+03 3.852169496277195293e+01 -1.053275105837249370e+00 8.690395341778109906e-01
1.929000000000000000e+03 3.840387119146086548e+01 -1.033548658476925119e+00 8.703783218235261465e-01
1.930000000000000000e+03 3.828530892854381307e+01 -1.014146682169114300e+00 8.718288481034290882e-01
1.931000000000000000e+03 3.816603381926920235e+01 -9.950741831033769191e-01 8.733892356274881585e-01
1.932000000000000000e+03 3.804607162035863865e+01 -9.763361848027444223e-01 8.750575981587670471e-01
1.933000000000000000e+03 3.792544820015301354e+01 -9.579377281446214143e-01 8.768320406015188695e-01
1.934000000000000000e+03 3.780418953875850008e+01 -9.398838713816840551e-01 8.787106589892778041e-01
1.935000000000000000e+03 3.768232172819260484e+01 -9.221796901627797860e-01 8.806915404729498409e-01
1.936000000000000000e+03 3.755987097253027684e+01 -9.048302775538294984e-01 8.827727633089088588e-01
1.937000000000000000e+03 3.743686358804983882e+01 -8.878407440587255950e-01 8.849523968470841551e-01
1.938000000000000000e+03 3.731332600337913163e+01 -8.712162176402319380e-01 8.872285015190568558e-01
1.939000000000000000e+03 3.718928475964153080e+01 -8.549618437408855742e-01 8.895991288261495544e-01
1.940000000000000000e+03 3.706476651060199146e+01 -8.390827853038949069e-01 8.920623213275200580e-01
1.941000000000000000e+03 3.693979802281306490e+01 -8.235842227940411986e-01 8.946161126282533571e-01
1.942000000000000000e+03 3.681440617576099328e+01 -8.084713542185770763e-01 8.972585273674535955e-01
1.943000000000000000e+03 3.668861796201169767e+01 -7.937493951481277010e-01 8.999875812063362623e-01
1.944000000000000000e+03 3.656246048735691545e+01 -7.794235787375908275e-01 9.028012808163214942e-01
1.945000000000000000e+03 3.643596097096016706e+01 -7.654991557470358643e-01 9.056976238671254897e-01
1.946000000000000000e+03 3.630914674550278676e+01 -7.519813945626043772e-01 9.086745990148525909e-01
1.947000000000000000e+03 3.618204525733004573e+01 -7.388755812174099269e-01 9.117301858900885847e-01
1.948000000000000000e+03 3.605468335410870395e+01 -7.261859752199383289e-01 9.148623271530577084e-01
1.949000000000000000e+03 3.592708514165563827e+01 -7.139126684209129436e-01 9.180688444534838011e-01
1.950000000000000000e+03 3.579927411129798287e+01 -7.020547025879195768e-01 9.213475218155875446e-01
1.951000000000000000e+03 3.567127385102322279e+01 -6.906111114433219900e-01 9.246961335009172833e-01
1.952000000000000000e+03 3.554310804560280701e+01 -6.795809206521590262e-01 9.281124439955604766e-01
1.953000000000000000e+03 3.541480047671556264e+01 -6.689631478100395157e-01 9.315942079973508205e-01
1.954000000000000000e+03 3.528637502307125828e+01 -6.587568024310394010e-01 9.351391704030783680e-01
1.955000000000000000e+03 3.515785566053417455e+01 -6.489608859355993076e-01 9.387450662956997594e-01
1.956000000000000000e+03 3.502926646224653950e+01 -6.395743916384182270e-01 9.424096209315468986e-01
1.957000000000000000e+03 3.490063159875218446e+01 -6.305963047363535301e-01 9.461305497275362963e-01
1.958000000000000000e+03 3.477197533811995100e+01 -6.220256022963137621e-01 9.499055582483790783e-01
1.959000000000000000e+03 3.464332204606723309e+01 -6.138612532431584334e-01 9.537323421937898837e-01
1.960000000000000000e+03 3.451469618608359724e+01 -6.061022183475912595e-01 9.576085873856963193e-01
1.961000000000000000e+03 3.438612231955418963e+01 -5.987474502140591737e-01 9.615319697554488565e-01
1.962000000000000000e+03 3.425762510588335630e+01 -5.917958932686475659e-01 9.655001553310302853e-01
1.963000000000000000e+03 3.412922930261812837e+01 -5.852464837469772974e-01 9.695108002242649459e-01
1.964000000000000000e+03 3.400095976557172861e+01 -5.790981496820998276e-01 9.735615506180267387e-01
1.965000000000000000e+03 3.387284144894712057e+01 -5.733498108923950065e-01 9.776500427534514648e-01
1.966000000000000000e+03 3.374489940546056488e+01 -5.680003789694676453e-01 9.817739029171442811e-01
1.967000000000000000e+03 3.361715878646506184e+01 -5.630487572660423101e-01 9.859307474283890427e-01
1.968000000000000000e+03 3.348964484207399295e+01 -5.584938408838618917e-01 9.901181826263589780e-01
1.969000000000000000e+03 3.336238292128454930e+01 -5.543345166615820663e-01 9.943338048573248100e-01
1.970000000000000000e+03 3.323539847210130205e+01 -5.505696631626689763e-01 9.985752004618652089e-01
1.971000000000000000e+03 3.310871704165971607e+01 -5.471981506632955794e-01 1.002839945762075802e+00
1.972000000000000000e+03 3.298236427634969914e+01 -5.442188411402373305e-01 1.007125607048777960e+00
1.973000000000000000e+03 3.285636592193907290e+01 -5.416305882587691967e-01 1.011429740568729141e+00
1.974000000000000000e+03 3.273074782369719316e+01 -5.394322373605627829e-01 1.015749892511833341e+00
1.975000000000000000e+03 3.260553592651837107e+01 -5.376226254515804603e-01 1.020083598998347441e+00
1.976000000000000000e+03 3.248075627504547214e+01 -5.362005811899747121e-01 1.024428386066093433e+00
1.977000000000000000e+03 3.235643501379343689e+01 -5.351649248739825948e-01 1.028781769657667100e+00
1.978000000000000000e+03 3.223259838727273063e+01 -5.345144684298223092e-01 1.033141255607645581e+00
1.979000000000000000e+03 3.210927274011299204e+01 -5.342480153995911030e-01 1.037504339629801153e+00
1.980000000000000000e+03 3.198648451718646868e+01 -5.343643609291598429e-01 1.041868507304305691e+00
1.981000000000000000e+03 3.186426026373155196e+01 -5.348622917560703627e-01 1.046231234064943338e+00
1.982000000000000000e+03 3.174262662547637959e+01 -5.357405861974318118e-01 1.050589985186318742e+00
1.983000000000000000e+03 3.162161034876225330e+01 -5.369980141378177807e-01 1.054942215771067504e+00
1.984000000000000000e+03 3.150123828066722709e+01 -5.386333370171609847e-01 1.059285370737063081e+00
1.985000000000000000e+03 3.138153736912964575e+01 -5.406453078186513883e-01 1.063616884804630125e+00
1.986000000000000000e+03 3.126253466307162654e+01 -5.430326710566316661e-01 1.067934182483750050e+00
1.987000000000000000e+03 3.114425475476107152e+01 -5.457935324162002111e-01 1.072234844702109280e+00
1.988000000000000000e+03 3.102671208605453401e+01 -5.489234626204450018e-01 1.076517110056663507e+00
1.989000000000000000e+03 3.090991858572753515e+01 -5.524173795719935498e-01 1.080779377228852978e+00
1.990000000000000000e+03 3.079388622213681614e+01 -5.562701774020668566e-01 1.085020038671248077e+00
1.991000000000000000e+03 3.067862700326613279e+01 -5.604767264392256365e-01 1.089237480599819508e+00
1.992000000000000000e+03 3.056415297677214937e+01 -5.650318731781199810e-01 1.093430082986212248e+00
1.993000000000000000e+03 3.045047623003021187e+01 -5.699304402482341381e-01 1.097596219550015073e+00
1.994000000000000000e+03 3.033760889018020279e+01 -5.751672263826365095e-01 1.101734257751034063e+00
1.995000000000000000e+03 3.022556312417230728e+01 -5.807370063867239862e-01 1.105842558781562790e+00
1.996000000000000000e+03 3.011435113881295678e+01 -5.866345311069728341e-01 1.109919477558656054e+00
1.997000000000000000e+03 3.000398518081051691e+01 -5.928545273996825848e-01 1.113963362716398731e+00
1.998000000000000000e+03 2.989447753682121700e+01 -5.993916980997264776e-01 1.117972556598181288e+00
1.999000000000000000e+03 2.978584053349490546e+01 -6.062407219892959054e-01 1.121945395248967081e+00
2.000000000000000000e+03 2.967808653752092951e+01 -6.133962537666508563e-01 1.125880208407568972e+00
2.001000000000000000e+03 2.957122795567391904e+01 -6.208529240148639161e-01 1.129775319498916186e+00
2.002000000000000000e+03 2.946527723485965211e+01 -6.286053391705711535e-01 1.133629045626330267e+00
2.003000000000000000e+03 2.936024686216082102e+01 -6.366480814927163445e-01 1.137439697563793928e+00
2.004000000000000000e+03 2.925614936488294404e+01 -6.449757090313009700e-01 1.141205579748224563e+00
2.005000000000000000e+03 2.915299731060009591e+01 -6.535827555961292168e-01 1.144924990271743992e+00
2.006000000000000000e+03 2.905080330720079118e+01 -6.624637307255567542e-01 1.148596220873953744e+00
2.007000000000000000e+03 2.894958000293380351e+01 -6.716131196552387328e-01 1.152217556934201914e+00
2.008000000000000000e+03 2.884934008645398507e+01 -6.810253832868750079e-01 1.155787277463859342e+00
2.009000000000000000e+03 2.875009628686808938e+01 -6.906949581569594709e-01 1.159303655098589125e+00
2.010000000000000000e+03 2.865186137378059072e+01 -7.006162564055266051e-01 1.162764956090618806e+00
2.011000000000000000e+03 2.855464815733952122e+01 -7.107836657448984852e-01 1.166169440301011662e+00
2.012000000000000000e+03 2.845846948828229017e+01 -7.211915494284332206e-01 1.169515361191938885e+00
2.013000000000000000e+03 2.836333825798151409e+01 -7.318342462192712894e-01 1.172800965818951768e+00
2.014000000000000000e+03 2.826926739849085024e+01 -7.427060703590836477e-01 1.176024494823253219e+00
2.015000000000000000e+03 2.817626988259077692e+01 -7.538013115368181749e-01 1.179184182423968386e+00
2.016000000000000000e+03 2.808435872383449450e+01 -7.651142348574484497e-01 1.182278256410418171e+00
2.017000000000000000e+03 2.799354697659368085e+01 -7.766390808107195287e-01 1.185304938134389197e+00
2.018000000000000000e+03 2.790384773610434621e+01 -7.883700652398965003e-01 1.188262442502407090e+00
2.019000000000000000e+03 2.781527413851268093e+01 -8.003013793105112628e-01 1.191148977968007783e+00
2.020000000000000000e+03 2.772783936092082513e+01 -8.124271894791103010e-01 1.193962746524008134e+00
2.021000000000000000e+03 2.764155662143275194e+01 -8.247416374620017976e-01 1.196701943694779668e+00
2.022000000000000000e+03 2.755643917920005492e+01 -8.372388402040026323e-01 1.199364758528518315e+00
2.023000000000000000e+03 2.747250033446777095e+01 -8.499128898471860483e-01 1.201949373589517478e+00
2.024000000000000000e+03 2.738975342862026352e+01 -8.627578536996302061e-01 1.204453964950439548e+00
2.025000000000000000e+03 2.730821184422696035e+01 -8.757677742041631852e-01 1.206876702184587202e+00
2.026000000000000000e+03 2.722788619943095156e+01 -8.889366667219955609e-01 1.209215996395551995e+00
2.027000000000000000e+03 2.714877590886573699e+01 -9.022585129288587247e-01 1.211471246280449776e+00
2.028000000000000000e+03 2.707087756186087901e+01 -9.157272673088778792e-01 1.213642097441284928e+00
2.029000000000000000e+03 2.699418772252792564e+01 -9.293368593040578496e-01 1.215728194836437570e+00
2.030000000000000000e+03 2.691870292972425460e+01 -9.430811932829692434e-01 1.217729182780185715e+00
2.031000000000000000e+03 2.684441969701693509e+01 -9.569541485094315014e-01 1.219644704942221880e+00
2.032000000000000000e+03 2.677133451264655051e+01 -9.709495791111955043e-01 1.221474404347174803e+00
2.033000000000000000e+03 2.669944383949101407e+01 -9.850613140486278452e-01 1.223217923374128713e+00
2.034000000000000000e+03 2.662874411502949812e+01 -9.992831570833943244e-01 1.224874903756141498e+00
2.035000000000000000e+03 2.655923175130617864e+01 -1.013608886747143112e+00 1.226444986579765528e+00
2.036000000000000000e+03 2.649090313489412196e+01 -1.028032256310188686e+00 1.227927812284567155e+00
2.037000000000000000e+03 2.642375462685914655e+01 -1.042546993750194773e+00 1.229323020662644206e+00
2.038000000000000000e+03 2.635778256272363507e+01 -1.057146801720858731e+00 1.230630250858149699e+00
2.039000000000000000e+03 2.629298325243037482e+01 -1.071825357520594046e+00 1.231849141366807121e+00
2.040000000000000000e+03 2.622935298030644446e+01 -1.086576313061214716e+00 1.232979330035432142e+00
2.041000000000000000e+03 2.616688800502697632e+01 -1.101393294836618075e+00 1.234020454061451222e+00
2.042000000000000000e+03 2.610558455957909274e+01 -1.116269903891468962e+00 1.234972149992421775e+00
2.043000000000000000e+03 2.604543885122566849e+01 -1.131199715789882765e+00 1.235834053725552328e+00
2.044000000000000000e+03 2.598644706146922445e+01 -1.146176280584109142e+00 1.236605800507219799e+00
2.045000000000000000e+03 2.592860534601575395e+01 -1.161193122783215514e+00 1.237287024932491653e+00
2.046000000000000000e+03 2.587190983473855965e+01 -1.176243741321771008e+00 1.237877360944642957e+00
2.047000000000000000e+03 2.581635663164209404e+01 -1.191321609528527947e+00 1.238376441834678321e+00
2.048000000000000000e+03 2.576194181482583190e+01 -1.206420175095109348e+00 1.238783900240850278e+00
2.049000000000000000e+03 2.570866143644805746e+01 -1.221532860044687530e+00 1.239099368148177449e+00
2.050000000000000000e+03 2.565651152268976887e+01 -1.236653060700672491e+00 1.239322476887966928e+00
2.051000000000000000e+03 2.560548807371847602e+01 -1.251774147655390745e+00 1.239452857137331110e+00
2.052000000000000000e+03 2.555558706365205879e+01 -1.266889465738773035e+00 1.239490138918708961e+00
2.053000000000000000e+03 2.550680444052261109e+01 -1.281992333987035160e+00 1.239433951599385075e+00
2.054000000000000000e+03 2.545913612624029199e+01 -1.297076045611362805e+00 1.239283923891009165e+00
2.055000000000000000e+03 2.541257801655714132e+01 -1.312133867966593481e+00 1.239039683849114892e+00
2.056000000000000000e+03 2.536712598103094862e+01 -1.327159042519902465e+00 1.238700858872640032e+00
2.057000000000000000e+03 2.532277586298908290e+01 -1.342144784819484515e+00 1.238267075703447739e+00
2.058000000000000000e+03 2.527952347949233669e+01 -1.357084284463236923e+00 1.237737960425841388e+00
2.059000000000000000e+03 2.523736462129878433e+01 -1.371970705067445673e+00 1.237113138466089834e+00
2.060000000000000000e+03 2.519629505282757975e+01 -1.386797184235465386e+00 1.236392234591941808e+00
2.061000000000000000e+03 2.515631051212286096e+01 -1.401556833526406143e+00 1.235574872912148958e+00
2.062000000000000000e+03 2.511740671081754073e+01 -1.416242738423814984e+00 1.234660676875984908e+00
2.063000000000000000e+03 2.507957933409718265e+01 -1.430847958304360512e+00 1.233649269272762972e+00
2.064000000000000000e+03 2.504282404066383094e+01 -1.445365526406514611e+00 1.232540272231356093e+00
2.065000000000000000e+03 2.500713480908532915e+01 -1.459788962583305150e+00 1.231333507888562773e+00
2.066000000000000000e+03 2.497249896410318826e+01 -1.474113815596341803e+00 1.230029601949975904e+00
2.067000000000000000e+03 2.493890211499707732e+01 -1.488336131691795794e+00 1.228629384406443315e+00
2.068000000000000000e+03 2.490632980591587042e+01 -1.502451942792007111e+00 1.227133689258811611e+00
2.069000000000000000e+03 2.487476751579497858e+01 -1.516457266478588028e+00 1.225543354523087825e+00
2.070000000000000000e+03 2.484420065827368163e+01 -1.530348105975531503e+00 1.223859222235605504e+00
2.071000000000000000e+03 2.481461458161246014e+01 -1.544120450132320688e+00 1.222082138458187250e+00
2.072000000000000000e+03 2.478599456861032380e+01 -1.557770273407030670e+00 1.220212953283308810e+00
2.073000000000000000e+03 2.475832583652211483e+01 -1.571293535849439094e+00 1.218252520839262720e+00
2.074000000000000000e+03 2.473159353697590745e+01 -1.584686183084132560e+00 1.216201699295323069e+00
2.075000000000000000e+03 2.470578275589025807e+01 -1.597944146293610590e+00 1.214061350866907807e+00
2.076000000000000000e+03 2.468087851339159755e+01 -1.611063342201397575e+00 1.211832341820743508e+00
2.077000000000000000e+03 2.465686576373151340e+01 -1.624039673055144295e+00 1.209515542480029460e+00
2.078000000000000000e+03 2.463372939520412430e+01 -1.636869026609738320e+00 1.207111827229600642e+00
2.079000000000000000e+03 2.461145423006339783e+01 -1.649547276110409744e+00 1.204622074521092712e+00
2.080000000000000000e+03 2.459002502444042904e+01 -1.662070280275836476e+00 1.202047166878104312e+00
2.081000000000000000e+03 2.456942646826088961e+01 -1.674433883281256197e+00 1.199387990901363166e+00
2.082000000000000000e+03 2.454964318516220345e+01 -1.686633914741564988e+00 1.196645437273886392e+00
2.083000000000000000e+03 2.453065973241101361e+01 -1.698666189694431727e+00 1.193820400766148593e+00
2.084000000000000000e+03 2.451246060082043954e+01 -1.710526508583401828e+00 1.190913780241241948e+00
2.085000000000000000e+03 2.449503021466742325e+01 -1.722210657241003195e+00 1.187926478660043195e+00
2.086000000000000000e+03 2.447835293161007186e+01 -1.733714406871854630e+00 1.184859403086373941e+00
2.087000000000000000e+03 2.446241304260496463e+01 -1.745033514035772004e+00 1.181713464692168314e+00
2.088000000000000000e+03 2.444719477182451683e+01 -1.756163720630875780e+00 1.178489578762634382e+00
2.089000000000000000e+03 2.443268227657426195e+01 -1.767100753876696517e+00 1.175188664701417807e+00
2.090000000000000000e+03 2.441885964721024749e+01 -1.777840326297283058e+00 1.171811646035767485e+00
2.091000000000000000e+03 2.440571090705629587e+01 -1.788378135704309368e+00 1.168359450421697865e+00
2.092000000000000000e+03 2.439322001232138248e+01 -1.798709865180178724e+00 1.164833009649153261e+00
2.093000000000000000e+03 2.438137085201696053e+01 -1.808831183061135217e+00 1.161233259647171501e+00
2.094000000000000000e+03 2.437014724787427866e+01 -1.818737742920367051e+00 1.157561140489048679e+00
2.095000000000000000e+03 2.435953295426169873e+01 -1.828425183551113609e+00 1.153817596397501477e+00
2.096000000000000000e+03 2.434951165810207030e+01 -1.837889128949773854e+00 1.150003575749831697e+00
2.097000000000000000e+03 2.434006697879001280e+01 -1.847125188299012954e+00 1.146120031083091018e+00
2.098000000000000000e+03 2.433118246810927232e+01 -1.856128955950867354e+00 1.142167919099243534e+00
2.099000000000000000e+03 2.432284161015007129e+01 -1.864896011409853616e+00 1.138148200670329624e+00
2.100000000000000000e+03 2.431502782122637996e+01 -1.873421919316074380e+00 1.134061840843630709e+00
2.101000000000000000e+03 2.430772444979330160e+01 -1.881702229428324769e+00 1.129909808846832897e+00
2.102000000000000000e+03 2.430091477636437958e+01 -1.889732476607200118e+00 1.125693078093189303e+00
2.103000000000000000e+03 2.429458201342894341e+01 -1.897508180798203270e+00 1.121412626186686579e+00
2.104000000000000000e+03 2.428870939522436601e+01 -1.905025537538858504e+00 1.117069504811837088e+00
2.105000000000000000e+03 2.428328044790165663e+01 -1.912283494764985603e+00 1.112665049924182803e+00
2.106000000000000000e+03 2.427827872107471308e+01 -1.919281690419674113e+00 1.108200673032435635e+00
2.107000000000000000e+03 2.427368769805587334e+01 -1.926019763242942773e+00 1.103677791453674395e+00
2.108000000000000000e+03 2.426949079577568824e+01 -1.932497352773552279e+00 1.099097828320398040e+00
2.109000000000000000e+03 2.426567136470264430e+01 -1.938714099350822950e+00 1.094462212587585581e+00
2.110000000000000000e+03 2.426221268876295767e+01 -1.944669644116451046e+00 1.089772379039752659e+00
2.111000000000000000e+03 2.425909798526034322e+01 -1.950363629016325318e+00 1.085029768298007902e+00
2.112000000000000000e+03 2.425631040479575162e+01 -1.955795696802342665e+00 1.080235826827111723e+00
2.113000000000000000e+03 2.425383303118717393e+01 -1.960965491034225128e+00 1.075392006942532674e+00
2.114000000000000000e+03 2.425164888138937513e+01 -1.965872656081335990e+00 1.070499766817505138e+00
2.115000000000000000e+03 2.424974090541368454e+01 -1.970516837124496323e+00 1.065560570490087011e+00
2.116000000000000000e+03 2.424809198624771156e+01 -1.974897680157799984e+00 1.060575887870216283e+00
2.117000000000000000e+03 2.424668493977516448e+01 -1.979014831990431933e+00 1.055547194746768502e+00
2.118000000000000000e+03 2.424550251469563023e+01 -1.982867940248485006e+00 1.050475972794615576e+00
2.119000000000000000e+03 2.424452739244424748e+01 -1.986456653376772019e+00 1.045363709581679679e+00
2.120000000000000000e+03 2.424374218711157525e+01 -1.989780620640647646e+00 1.040211898575995608e+00
2.121000000000000000e+03 2.424312944536329084e+01 -1.992839492127821188e+00 1.035022039152762918e+00
2.122000000000000000e+03 2.424267164635997318e+01 -1.995632918750174012e+00 1.029795636601406494e+00
2.123000000000000000e+03 2.424235120167691804e+01 -1.998160552245575872e+00 1.024534202132634020e+00
2.124000000000000000e+03 2.424215045522378276e+01 -2.000422045179700792e+00 1.019239252885490554e+00
2.125000000000000000e+03 2.424205168316448678e+01 -2.002417050947844501e+00 1.013912311934418664e+00
2.126000000000000000e+03 2.424203709383688832e+01 -2.004145223776739648e+00 1.008554908296314778e+00
2.127000000000000000e+03 2.424208882767258899e+01 -2.005606218726372347e+00 1.003168576937585765e+00
2.128000000000000000e+03 2.424218895711667443e+01 -2.006799691691798948e+00 9.977548587812079539e-01
2.129000000000000000e+03 2.424231948654750468e+01 -2.007725299404962360e+00 9.923153007137828219e-01
2.130000000000000000e+03 2.424246235219646195e+01 -2.008382699436509267e+00 9.868514555925952392e-01
2.131000000000000000e+03 2.424259942206770901e+01 -2.008771550197601563e+00 9.813648822526699345e-01
2.132000000000000000e+03 2.424271249585798671e+01 -2.008891510941741565e+00 9.758571455138309592e-01
2.133000000000000000e+03 2.424278330487636168e+01 -2.008742241766580783e+00 9.703298161877559336e-01
2.134000000000000000e+03 2.424279351196395638e+01 -2.008323403615738023e+00 9.647844710850358441e-01
2.135000000000000000e+03 2.424272471141375718e+01 -2.007634658280617490e+00 9.592226930222303993e-01
2.136000000000000000e+03 2.424255842889040125e+01 -2.006675668402225110e+00 9.536460708289283827e-01
2.137000000000000000e+03 2.424227612134988163e+01 -2.005446097472982636e+00 9.480561993548017874e-01
2.138000000000000000e+03 2.424185917695931991e+01 -2.003945609838545305e+00 9.424546794766638369e-01
2.139000000000000000e+03 2.424128891501678496e+01 -2.002173870699618607e+00 9.368431181055282275e-01
2.140000000000000000e+03 2.424054658587101230e+01 -2.000130546113774610e+00 9.312231281936648175e-01
2.141000000000000000e+03 2.423961337084118028e+01 -1.997815302997266729e+00 9.255963287416565377e-01
2.142000000000000000e+03 2.423847038213667915e+01 -1.995227809126847829e+00 9.199643448054581896e-01
2.143000000000000000e+03 2.423710012105302880e+01 -1.992368243748696255e+00 9.143287387464290594e-01
2.144000000000000000e+03 2.423549086360791804e+01 -1.989238833213841762e+00 9.086908034539686874e-01
2.145000000000000000e+03 2.423363230470310725e+01 -1.985842325836139288e+00 9.030517677244708219e-01
2.146000000000000000e+03 2.423151410252615534e+01 -1.982181482252717064e+00 8.974128648953609844e-01
2.147000000000000000e+03 2.422912587850826682e+01 -1.978259075439123826e+00 8.917753328503578159e-01
2.148000000000000000e+03 2.422645721728217438e+01 -1.974077890724486917e+00 8.861404140247355343e-01
2.149000000000000000e+03 2.422349766663995396e+01 -1.969640725806659720e+00 8.805093554105843934e-01
2.150000000000000000e+03 2.422023673749087180e+01 -1.964950390767376431e+00 8.748834085620722512e-01
2.151000000000000000e+03 2.421666390381926703e+01 -1.960009708087402602e+00 8.692638296007068055e-01
2.152000000000000000e+03 2.421276860264239872e+01 -1.954821512661689242e+00 8.636518792205973849e-01
2.153000000000000000e+03 2.420854023396827159e+01 -1.949388651814524254e+00 8.580488226937155183e-01
2.154000000000000000e+03 2.420396816075351509e+01 -1.943713985314682535e+00 8.524559298751562819e-01
2.155000000000000000e+03 2.419904170886121619e+01 -1.937800385390582747e+00 8.468744752084021998e-01
2.156000000000000000e+03 2.419375016701879133e+01 -1.931650736745433639e+00 8.413057377305812601e-01
2.157000000000000000e+03 2.418808278677582990e+01 -1.925267936572393479e+00 8.357510010777320364e-01
2.158000000000000000e+03 2.418202878246192000e+01 -1.918654894569714608e+00 8.302115534900622595e-01
2.159000000000000000e+03 2.417557733114455942e+01 -1.911814532955900869e+00 8.246886878172131619e-01
2.160000000000000000e+03 2.416871757258692810e+01 -1.904749786484858598e+00 8.191837015235179376e-01
2.161000000000000000e+03 2.416143860920582753e+01 -1.897463602461046950e+00 8.136978966932658652e-01
2.162000000000000000e+03 2.415372950602947455e+01 -1.889958940754633776e+00 8.082325800359629886e-01
2.163000000000000000e+03 2.414557929065534481e+01 -1.882238773816643285e+00 8.027890628915931304e-01
2.164000000000000000e+03 2.413697695320808023e+01 -1.874306086694111917e+00 7.973686612358805714e-01
2.165000000000000000e+03 2.412791144629728635e+01 -1.866163877045240227e+00 7.919726956855505096e-01
2.166000000000000000e+03 2.411837168497542905e+01 -1.857815155154542097e+00 7.866024915035916276e-01
2.167000000000000000e+03 2.410834654669563193e+01 -1.849262943947999949e+00 7.812593786045164412e-01
2.168000000000000000e+03 2.409782487126958017e+01 -1.840510279008216843e+00 7.759446915596242000e-01
2.169000000000000000e+03 2.408679546082536049e+01 -1.831560208589565253e+00 7.706597696022612354e-01
2.170000000000000000e+03 2.407524707976527978e+01 -1.822415793633345160e+00 7.654059566330835285e-01
2.171000000000000000e+03 2.406316845472376897e+01 -1.813080107782930384e+00 7.601846012253178353e-01
2.172000000000000000e+03 2.405054827452518040e+01 -1.803556237398924011e+00 7.549970566300227004e-01
2.173000000000000000e+03 2.403737519014169877e+01 -1.793847281574310948e+00 7.498446807813513582e-01
2.174000000000000000e+03 2.402363781465112069e+01 -1.783956352149607794e+00 7.447288363018118584e-01
2.175000000000000000e+03 2.400932472319479771e+01 -1.773886573728016947e+00 7.396508905075297458e-01
2.176000000000000000e+03 2.399442445293539450e+01 -1.763641083690578260e+00 7.346122154135085180e-01
2.177000000000000000e+03 2.397892550301480696e+01 -1.753223032211321364e+00 7.296141877388925279e-01
2.178000000000000000e+03 2.396281633451199156e+01 -1.742635582272416883e+00 7.246581889122275522e-01
2.179000000000000000e+03 2.394608537040079810e+01 -1.731881909679330533e+00 7.197456050767221392e-01
2.180000000000000000e+03 2.392872099550785947e+01 -1.720965203075973893e+00 7.148778270955106207e-01
2.181000000000000000e+03 2.391071155647042445e+01 -1.709888663959856503e+00 7.100562505569127936e-01
2.182000000000000000e+03 2.389204723204027303e+01 -1.698655635741572745e+00 7.052821253276702063e-01
2.183000000000000000e+03 2.387272565779455391e+01 -1.687269991839198235e+00 7.005561030989041482e-01
2.184000000000000000e+03 2.385274633907735264e+01 -1.675735750217838271e+00 6.958786868151111138e-01
2.185000000000000000e+03 2.383210878408494082e+01 -1.664056944600094345e+00 6.912503808520453763e-01
2.186000000000000000e+03 2.381081250387074277e+01 -1.652237624484469425e+00 6.866716910181904776e-01
2.187000000000000000e+03 2.378885701235028094e+01 -1.640281855163769231e+00 6.821431245562288304e-01
2.188000000000000000e+03 2.376624182630617454e+01 -1.628193717743507740e+00 6.776651901445150949e-01
2.189000000000000000e+03 2.374296646539310984e+01 -1.615977309160308240e+00 6.732383978985463369e-01
2.190000000000000000e+03 2.371903045214277839e+01 -1.603636742200305942e+00 6.688632593724328501e-01
2.191000000000000000e+03 2.369443331196890767e+01 -1.591176145517555263e+00 6.645402875603714232e-01
2.192000000000000000e+03 2.366917457317215678e+01 -1.578599663652428209e+00 6.602699968981139422e-01
2.193000000000000000e+03 2.364325376694516123e+01 -1.565911457050020106e+00 6.560529032644408787e-01
2.194000000000000000e+03 2.361667042737743216e+01 -1.553115702078551985e+00 6.518895239826312249e-01
2.195000000000000000e+03 2.358942409146039410e+01 -1.540216591047774086e+00 6.477803778219347608e-01
2.196000000000000000e+03 2.356151429909231965e+01 -1.527218332227368691e+00 6.437259849990426552e-01
2.197000000000000000e+03 2.353294059308328556e+01 -1.514125149865353848e+00 6.397268671795588446e-01
2.198000000000000000e+03 2.350370251916018205e+01 -1.500941284206485760e+00 6.357835474794713004e-01
2.199000000000000000e+03 2.347379962597168301e+01 -1.487670991510663177e+00 6.318965504666240740e-01
2.200000000000000000e+03 2.344323146509313460e+01 -1.474318544071328452e+00 6.280664021621873427e-01
2.201000000000000000e+03 2.341199759103167821e+01 -1.460888230233873486e+00 6.242936300421295659e-01
2.202000000000000000e+03 2.338009756123105731e+01 -1.447384354414039676e+00 6.205787630386884191e-01
2.203000000000000000e+03 2.334753093607670138e+01 -1.433811237116324966e+00 6.169223315418421727e-01
2.204000000000000000e+03 2.331429727890066772e+01 -1.420173214952382690e+00 6.133248674007810708e-01
2.205000000000000000e+03 2.328039615598657264e+01 -1.406474640659428399e+00 6.097869039253784873e-01
2.206000000000000000e+03 2.324582713657461497e+01 -1.392719883118641366e+00 6.063089758876623048e-01
2.207000000000000000e+03 2.321058979286652857e+01 -1.378913327373567643e+00 6.028916195232859598e-01
2.208000000000000000e+03 2.317468370003053479e+01 -1.365059374648523338e+00 5.995353725329998218e-01
2.209000000000000000e+03 2.313810843620633761e+01 -1.351162442366997896e+00 5.962407740841231263e-01
2.210000000000000000e+03 2.310086358251008321e+01 -1.337226964170058263e+00 5.930083648120140216e-01
2.211000000000000000e+03 2.306294872303933730e+01 -1.323257389934750394e+00 5.898386868215421686e-01
2.212000000000000000e+03 2.302436344487804831e+01 -1.309258185792502971e+00 5.867322836885585646e-01
2.213000000000000000e+03 2.298510733810151763e+01 -1.295233834147531571e+00 5.836897004613688100e-01
2.214000000000000000e+03 2.294517999578138046e+01 -1.281188833695240392e+00 5.807114836622020437e-01
2.215000000000000000e+03 2.290458101399054769e+01 -1.267127699440625532e+00 5.777981812886839874e-01
2.216000000000000000e+03 2.286330999180824719e+01 -1.253054962716680043e+00 5.749503428153081019e-01
2.217000000000000000e+03 2.282136653132489812e+01 -1.238975171202794989e+00 5.721685191949055227e-01
2.218000000000000000e+03 2.277875023764715223e+01 -1.224892888943162950e+00 5.694532628601177704e-01
2.219000000000000000e+03 2.273546071890284992e+01 -1.210812696365182628e+00 5.668051277248676856e-01
2.220000000000000000e+03 2.269149758624595492e+01 -1.196739190297859468e+00 5.642246691858301411e-01
2.221000000000000000e+03 2.264686177976518522e+01 -1.182676743571408950e+00 5.617122973253494411e-01
2.222000000000000000e+03 2.260155955575149989e+01 -1.168628782047279824e+00 5.592678354597162560e-01
2.223000000000000000e+03 2.255559852572239166e+01 -1.154598502859393916e+00 5.568909586840157244e-01
2.224000000000000000e+03 2.250898633294177742e+01 -1.140589114412804861e+00 5.545813404043795636e-01
2.225000000000000000e+03 2.246173065245726619e+01 -1.126603836396256941e+00 5.523386523358879696e-01
2.226000000000000000e+03 2.241383919113729917e+01 -1.112645899794740822e+00 5.501625645004708520e-01
2.227000000000000000e+03 2.236531968770844259e+01 -1.098718546902051507e+00 5.480527452248104003e-01
2.228000000000000000e+03 2.231617991279252777e+01 -1.084825031333346290e+00 5.460088611382422075e-01
2.229000000000000000e+03 2.226642766894390491e+01 -1.070968618037699827e+00 5.440305771706567262e-01
2.230000000000000000e+03 2.221607079068663282e+01 -1.057152583310662752e+00 5.421175565504022797e-01
2.231000000000000000e+03 2.216511714455170790e+01 -1.043380214806820083e+00 5.402694608021859635e-01
2.232000000000000000e+03 2.211357462911426097e+01 -1.029654811552345173e+00 5.384859497449749899e-01
2.233000000000000000e+03 2.206145117503077913e+01 -1.015979683957560109e+00 5.367666814898993666e-01
2.234000000000000000e+03 2.200875474507628127e+01 -1.002358153829490339e+00 5.351113124381530195e-01
2.235000000000000000e+03 2.195549333418160742e+01 -9.887935543844246222e-01 5.335194972788961376e-01
2.236000000000000000e+03 2.190167496947054815e+01 -9.752892302604696528e-01 5.319908889871561852e-01
2.237000000000000000e+03 2.184730771029708762e+01 -9.618485375301077944e-01 5.305251388217304687e-01
2.238000000000000000e+03 2.179239964828264320e+01 -9.484748437127560328e-01 5.291218963230870376e-01
2.239000000000000000e+03 2.173695890735321967e+01 -9.351715277873207111e-01 5.277808093112671406e-01
2.240000000000000000e+03 2.168099364377667015e+01 -9.219419802047572610e-01 5.265015238837869038e-01
2.241000000000000000e+03 2.162451204619987166e+01 -9.087896029006239385e-01 5.252836844135386762e-01
2.242000000000000000e+03 2.156752233568596822e+01 -8.957178093076431091e-01 5.241269335466930412e-01
2.243000000000000000e+03 2.151003276575155354e+01 -8.827300243682552061e-01 5.230309122006006062e-01
2.244000000000000000e+03 2.145205162240390351e+01 -8.698296845471779060e-01 5.219952595616939028e-01
2.245000000000000000e+03 2.139358722417817660e+01 -8.570202378439621960e-01 5.210196130833889550e-01
2.246000000000000000e+03 2.133464792217461081e+01 -8.443051438055494406e-01 5.201036084839866236e-01
2.247000000000000000e+03 2.127524210009577743e+01 -8.316878735388298916e-01 5.192468797445753959e-01
2.248000000000000000e+03 2.121537817428375305e+01 -8.191719097231987545e-01 5.184490591069325083e-01
2.249000000000000000e+03 2.115506459375733428e+01 -8.067607466231134783e-01 5.177097770714251812e-01
2.250000000000000000e+03 2.109430984024927014e+01 -7.944578901006510430e-01 5.170286623949134075e-01
2.251000000000000000e+03 2.103312242824346612e+01 -7.822668576280660258e-01 5.164053420886514090e-01
2.252000000000000000e+03 2.097151090501216686e+01 -7.701911783003456691e-01 5.158394414161889818e-01
2.253000000000000000e+03 2.090948385065322057e+01 -7.582343928477697226e-01 5.153305838912732861e-01
2.254000000000000000e+03 2.084704987812724042e+01 -7.464000536484654003e-01 5.148783912757514125e-01
2.255000000000000000e+03 2.078421763329482985e+01 -7.346917247409658902e-01 5.144824835774711724e-01
2.256000000000000000e+03 2.072099579495382571e+01 -7.231129818367673101e-01 5.141424790481834428e-01
2.257000000000000000e+03 2.065739307487647025e+01 -7.116674123328854407e-01 5.138579941814437335e-01
2.258000000000000000e+03 2.059341821784661519e+01 -7.003586153244133472e-01 5.136286437105135327e-01
2.259000000000000000e+03 2.052908000169698965e+01 -6.891902016170781131e-01 5.134540406062633178e-01
2.260000000000000000e+03 2.046438753933291821e+01 -6.781653656892303594e-01 5.133337208623297565e-01
2.261000000000000000e+03 2.039935118686721793e+01 -6.672855985222480024e-01 5.132669173223097792e-01
2.262000000000000000e+03 2.033398164144234599e+01 -6.565519664569956504e-01 5.132527843832571657e-01
2.263000000000000000e+03 2.026828963982221055e+01 -6.459655384897869945e-01 5.132904730715286412e-01
2.264000000000000000e+03 2.020228595843654773e+01 -6.355273862748921365e-01 5.133791310389210771e-01
2.265000000000000000e+03 2.013598141342517067e+01 -6.252385841270406974e-01 5.135179025588049173e-01
2.266000000000000000e+03 2.006938686068228250e+01 -6.151002090239267028e-01 5.137059285222610461e-01
2.267000000000000000e+03 2.000251319590080357e+01 -6.051133406087146893e-01 5.139423464342156578e-01
2.268000000000000000e+03 1.993537135461664533e+01 -5.952790611925430353e-01 5.142262904095757925e-01
2.269000000000000000e+03 1.986797231225303406e+01 -5.855984557570301785e-01 5.145568911693653158e-01
2.270000000000000000e+03 1.980032708416479537e+01 -5.760726119567780579e-01 5.149332760368592332e-01
2.271000000000000000e+03 1.973244672568267788e+01 -5.667026201218782200e-01 5.153545689337205582e-01
2.272000000000000000e+03 1.966434233215763783e+01 -5.574895732604161491e-01 5.158198903761346266e-01
2.273000000000000000e+03 1.959602503900514847e+01 -5.484345670609755974e-01 5.163283574709449653e-01
2.274000000000000000e+03 1.952750602174951666e+01 -5.395386998951445801e-01 5.168790839117891611e-01
2.275000000000000000e+03 1.945879649606816741e+01 -5.308030728200193726e-01 5.174711799752338415e-01
2.276000000000000000e+03 1.938990771783593914e+01 -5.222287895807092850e-01 5.181037525169099878e-01
2.277000000000000000e+03 1.932085098316942506e+01 -5.138169566128423238e-01 5.187759049676492484e-01
2.278000000000000000e+03 1.925163762847123294e+01 -5.055686830450688563e-01 5.194867373296178092e-01
2.279000000000000000e+03 1.918227903047431937e+01 -4.974850807015678278e-01 5.202353461724543715e-01
2.280000000000000000e+03 1.911278660628627790e+01 -4.895672641045503148e-01 5.210208246294024681e-01
2.281000000000000000e+03 1.904317181343363430e+01 -4.818163504767650762e-01 5.218422623934489968e-01
2.282000000000000000e+03 1.897344614990617373e+01 -4.742334597440039379e-01 5.226987457134573134e-01
2.283000000000000000e+03 1.890362115420122890e+01 -4.668197145376047907e-01 5.235893573903040998e-01
2.284000000000000000e+03 1.883370840536797175e+01 -4.595762401969586408e-01 5.245131767730140115e-01
2.285000000000000000e+03 1.876371952305174418e+01 -4.525041647720129956e-01 5.254692797548961014e-01
2.286000000000000000e+03 1.869366616753833910e+01 -4.456046190257771378e-01 5.264567387696783562e-01
2.287000000000000000e+03 1.862356003979830277e+01 -4.388787364368271215e-01 5.274746227876431215e-01
2.288000000000000000e+03 1.855341288153125845e+01 -4.323276532018103802e-01 5.285219973117634140e-01
2.289000000000000000e+03 1.848323647521019097e+01 -4.259525082379509997e-01 5.295979243738380138e-01
2.290000000000000000e+03 1.841304264412576330e+01 -4.197544431855538272e-01 5.307014625306263333e-01
2.291000000000000000e+03 1.834284325243058333e+01 -4.137346024105099662e-01 5.318316668599846198e-01
2.292000000000000000e+03 1.827265020518357019e+01 -4.078941330068011628e-01 5.329875889570011571e-01
2.293000000000000000e+03 1.820247544839420684e+01 -4.022341847990053565e-01 5.341682769301319134e-01
2.294000000000000000e+03 1.813233096906685304e+01 -3.967559103448006774e-01 5.353727753973356318e-01
2.295000000000000000e+03 1.806222879524505842e+01 -3.914604649374707757e-01 5.366001254822092559e-01
2.296000000000000000e+03 1.799218099605586829e+01 -3.863490066084094288e-01 5.378493648101240199e-01
2.297000000000000000e+03 1.792219968175410116e+01 -3.814226961296259821e-01 5.391195275043605406e-01
2.298000000000000000e+03 1.785229700376668660e+01 -3.766826970162491794e-01 5.404096441822439090e-01
2.299000000000000000e+03 1.778248451295609200e+01 -3.721297947026601105e-01 5.417187596278224548e-01
2.300000000000000000e+03 1.771277122985554797e+01 -3.677632514154990373e-01 5.430459859406517875e-01
2.301000000000000000e+03 1.764316556223300125e+01 -3.635819440132356806e-01 5.443904497177682877e-01
2.302000000000000000e+03 1.757367594578578363e+01 -3.595847441442416859e-01 5.457512744044193953e-01
2.303000000000000000e+03 1.750431084417039429e+01 -3.557705182406530331e-01 5.471275802905994912e-01
2.304000000000000000e+03 1.743507874903218990e+01 -3.521381275122324461e-01 5.485184845075871118e-01
2.305000000000000000e+03 1.736598818003515277e+01 -3.486864279402311917e-01 5.499231010244806095e-01
2.306000000000000000e+03 1.729704768489162703e+01 -3.454142702712518775e-01 5.513405406447355883e-01
2.307000000000000000e+03 1.722826583939202294e+01 -3.423205000111105289e-01 5.527699110027007867e-01
2.308000000000000000e+03 1.715965124743462766e+01 -3.394039574186990538e-01 5.542103165601564019e-01
2.309000000000000000e+03 1.709121254105526333e+01 -3.366634774998474855e-01 5.556608586028484176e-01
2.310000000000000000e+03 1.702295838045708365e+01 -3.340978900011861152e-01 5.571206352370263737e-01
2.311000000000000000e+03 1.695489745404026394e+01 -3.317060194040079013e-01 5.585887413859800255e-01
2.312000000000000000e+03 1.688703847843179418e+01 -3.294866849181310453e-01 5.600642687865761138e-01
2.313000000000000000e+03 1.681939019851517259e+01 -3.274387004757609576e-01 5.615463059857945805e-01
2.314000000000000000e+03 1.675196138746016672e+01 -3.255608747253526669e-01 5.630339383372650053e-01
2.315000000000000000e+03 1.668476084675253190e+01 -3.238520110254729523e-01 5.645262479978037096e-01
2.316000000000000000e+03 1.661779740622377588e+01 -3.223109074386631967e-01 5.660223139239499712e-01
2.317000000000000000e+03 1.655107992408088791e+01 -3.209363567253011862e-01 5.675212118685039053e-01
2.318000000000000000e+03 1.648461728693606076e+01 -3.197271463374632972e-01 5.690220143770604588e-01
2.319000000000000000e+03 1.641841840983644119e+01 -3.186820584127874056e-01 5.705237907845486234e-01
2.320000000000000000e+03 1.635249223629388737e+01 -3.177998697683346863e-01 5.720256072117667623e-01
2.321000000000000000e+03 1.628684773831465549e+01 -3.170793518944520772e-01 5.735265265619196029e-01
2.322000000000000000e+03 1.622149391642920691e+01 -3.165192709486347455e-01 5.750256085171546738e-01
2.323000000000000000e+03 1.615643979972188404e+01 -3.161183877493879968e-01 5.765219095350992973e-01
2.324000000000000000e+03 1.609169444586069631e+01 -3.158754577700901289e-01 5.780144828453961381e-01
2.325000000000000000e+03 1.602726694112701367e+01 -3.157892311328539536e-01 5.795023784462414174e-01
2.326000000000000000e+03 1.596316640044534907e+01 -3.158584526023900940e-01 5.809846431009202394e-01
2.327000000000000000e+03 1.589940196741306799e+01 -3.160818615798684506e-01 5.824603203343442503e-01
2.328000000000000000e+03 1.583598281433013533e+01 -3.164581920967811102e-01 5.839284504295868539e-01
2.329000000000000000e+03 1.577291814222885513e+01 -3.169861728088040342e-01 5.853880704244213140e-01
2.330000000000000000e+03 1.571021718090360331e+01 -3.176645269896599122e-01 5.868382141078564151e-01
2.331000000000000000e+03 1.564788918894058156e+01 -3.184919725249802935e-01 5.882779120166736764e-01
2.332000000000000000e+03 1.558594345374752876e+01 -3.194672219061678309e-01 5.897061914319634557e-01
2.333000000000000000e+03 1.552438929158348735e+01 -3.205889822242585230e-01 5.911220763756617202e-01
2.334000000000000000e+03 1.546323604758852532e+01 -3.218559551637842353e-01 5.925245876070870388e-01
2.335000000000000000e+03 1.540249309581347248e+01 -3.232668369966347766e-01 5.939127426194766857e-01
2.336000000000000000e+03 1.534216983924967437e+01 -3.248203185759203637e-01 5.952855556365234113e-01
2.337000000000000000e+03 1.528227570985871253e+01 -3.265150853298339206e-01 5.966420376089123234e-01
2.338000000000000000e+03 1.522281904983762324e+01 -3.283496461268345934e-01 5.979812793528291870e-01
2.339000000000000000e+03 1.516380374769881101e+01 -3.303218187123621585e-01 5.993027015413904257e-01
2.340000000000000000e+03 1.510523258118395162e+01 -3.324292410376005757e-01 6.006058062717984924e-01
2.341000000000000000e+03 1.504710833412092263e+01 -3.346695420856737879e-01 6.018900940638836072e-01
2.342000000000000000e+03 1.498943379642895657e+01 -3.370403418617526903e-01 6.031550638584650681e-01
2.343000000000000000e+03 1.493221176412385098e+01 -3.395392513831626546e-01 6.044002130157130059e-01
2.344000000000000000e+03 1.487544503932313766e+01 -3.421638726694899990e-01 6.056250373135075860e-01
2.345000000000000000e+03 1.481913643025130511e+01 -3.449117987326898449e-01 6.068290309458023168e-01
2.346000000000000000e+03 1.476328875124494822e+01 -3.477806135671929200e-01 6.080116865209836963e-01
2.347000000000000000e+03 1.470790482275799071e+01 -3.507678921400126937e-01 6.091724950602326327e-01
2.348000000000000000e+03 1.465298747136684021e+01 -3.538712003808522910e-01 6.103109459958853122e-01
2.349000000000000000e+03 1.459853952977560532e+01 -3.570880951722121832e-01 6.114265271697943982e-01
2.350000000000000000e+03 1.454456383682127552e+01 -3.604161243394968794e-01 6.125187248316902311e-01
2.351000000000000000e+03 1.449106323747889924e+01 -3.638528266411222845e-01 6.135870236375416953e-01
2.352000000000000000e+03 1.443804058286679393e+01 -3.673957317586227789e-01 6.146309066479171968e-01
2.353000000000000000e+03 1.438549873025171166e+01 -3.710423602867581327e-01 6.156498553263458628e-01
2.354000000000000000e+03 1.433344054305404036e+01 -3.747902237236211409e-01 6.166433495376784091e-01
2.355000000000000000e+03 1.428186889085299782e+01 -3.786368244607441480e-01 6.176108675464484499e-01
2.356000000000000000e+03 1.423078664939180271e+01 -3.825796557732068504e-01 6.185518860152333653e-01
2.357000000000000000e+03 1.418019670058288106e+01 -3.866162018097428210e-01 6.194658800030151680e-01
2.358000000000000000e+03 1.413010193251304791e+01 -3.907439375828471451e-01 6.203523229635421465e-01
2.359000000000000000e+03 1.408050523944868893e+01 -3.949603289588832222e-01 6.212106867436893998e-01
2.360000000000000000e+03 1.403140952184096513e+01 -3.992628326481899026e-01 6.220404415818195920e-01
2.361000000000000000e+03 1.398281768633098210e+01 -4.036488961951889554e-01 6.228410561061450412e-01
2.362000000000000000e+03 1.393473264575499648e+01 -4.081159579684918159e-01 6.236119973330875865e-01
2.363000000000000000e+03 1.388715731914959761e+01 -4.126614471510068327e-01 6.243527306656405651e-01
2.364000000000000000e+03 1.384009463175689092e+01 -4.172827837300471243e-01 6.250627198917296790e-01
2.365000000000000000e+03 1.379354751502969023e+01 -4.219773784874359945e-01 6.257414271825733065e-01
2.366000000000000000e+03 1.374751890663671539e+01 -4.267426329896161774e-01 6.263883130910440356e-01
2.367000000000000000e+03 1.370201175046777387e+01 -4.315759395777551410e-01 6.270028365500306400e-01
2.368000000000000000e+03 1.365702899663893000e+01 -4.364746813578535001e-01 6.275844548707973924e-01
2.369000000000000000e+03 1.361257360149774165e+01 -4.414362321908515963e-01 6.281326237413461522e-01
2.370000000000000000e+03 1.356864852762839746e+01 -4.464579566827365231e-01 6.286467972247774538e-01
2.371000000000000000e+03 1.352525674385693755e+01 -4.515372101746498168e-01 6.291264277576513742e-01
2.372000000000000000e+03 1.348240122525642271e+01 -4.566713387329939255e-01 6.295709661483479547e-01
2.373000000000000000e+03 1.344008495315215157e+01 -4.618576791395395120e-01 6.299798615754294007e-01
2.374000000000000000e+03 1.339831091512680850e+01 -4.670935588815334771e-01 6.303525615860003928e-01
2.375000000000000000e+03 1.335708210502569138e+01 -4.723762961418046524e-01 6.306885120940696199e-01
2.376000000000000000e+03 1.331640152296188084e+01 -4.777031997888721015e-01 6.309871573789096466e-01
2.377000000000000000e+03 1.327627116038484445e+01 -4.830716397553298513e-01 6.312480367168188389e-01
2.378000000000000000e+03 1.323668894844420763e+01 -4.884792586665869796e-01 6.314710749301348791e-01
2.379000000000000000e+03 1.319765179083946194e+01 -4.939237614959529621e-01 6.316562936246208348e-01
2.380000000000000000e+03 1.315915657703331654e+01 -4.994028452863343848e-01 6.318037147189883296e-01
2.381000000000000000e+03 1.312120018223536988e+01 -5.049141991418371056e-01 6.319133604453118780e-01
2.382000000000000000e+03 1.308377946738572994e+01 -5.104555042193679171e-01 6.319852533494406677e-01
2.383000000000000000e+03 1.304689127913865399e+01 -5.160244337202347653e-01 6.320194162914108960e-01
2.384000000000000000e+03 1.301053244984622026e+01 -5.216186528817495782e-01 6.320158724458582178e-01
2.385000000000000000e+03 1.297469979754191982e+01 -5.272358189688285401e-01 6.319746453024306376e-01
2.386000000000000000e+03 1.293939012592436200e+01 -5.328735812655946980e-01 6.318957586662014014e-01
2.387000000000000000e+03 1.290460022434084664e+01 -5.385295810669780137e-01 6.317792366580801122e-01
2.388000000000000000e+03 1.287032686777106960e+01 -5.442014516703187477e-01 6.316251037152269543e-01
2.389000000000000000e+03 1.283656681681072520e+01 -5.498868183669666232e-01 6.314333845914643639e-01
2.390000000000000000e+03 1.280331681765515661e+01 -5.555832984338838765e-01 6.312041043576892552e-01
2.391000000000000000e+03 1.277057360208300985e+01 -5.612885011252466416e-01 6.309372884022864669e-01
2.392000000000000000e+03 1.273833388743986816e+01 -5.670000276640451142e-01 6.306329624315399895e-01
2.393000000000000000e+03 1.270659437662187763e+01 -5.727154712336867126e-01 6.302911524700470780e-01
2.394000000000000000e+03 1.267535175805942238e+01 -5.784324169695963525e-01 6.299118848611294785e-01
2.395000000000000000e+03 1.264460270570074307e+01 -5.841484419508181647e-01 6.294951862672466536e-01
2.396000000000000000e+03 1.261434387899558907e+01 -5.898611151916171025e-01 6.290410836704080078e-01
2.397000000000000000e+03 1.258457192287884574e+01 -5.955679976330803260e-01 6.285496043725855575e-01
2.398000000000000000e+03 1.255528346775419557e+01 -6.012666421347188095e-01 6.280207759961261571e-01
2.399000000000000000e+03 1.252647512947775432e+01 -6.069545934660680597e-01 6.274546264841647236e-01
2.400000000000000000e+03 1.249814350934170193e+01 -6.126293882982908334e-01 6.268511841010361296e-01
2.401000000000000000e+03 1.247028519405794356e+01 -6.182885551957773007e-01 6.262104774326876511e-01
2.402000000000000000e+03 1.244289675574173515e+01 -6.239296146077472072e-01 6.255325353870921923e-01
2.403000000000000000e+03 1.241597475189533561e+01 -6.295500788598514808e-01 6.248173871946599567e-01
2.404000000000000000e+03 1.238951572539164125e+01 -6.351474521457731726e-01 6.240650624086517828e-01
2.405000000000000000e+03 1.236351620445783439e+01 -6.407192305188286197e-01 6.232755909055910370e-01
2.406000000000000000e+03 1.233797270265902313e+01 -6.462629018835700512e-01 6.224490028856766166e-01
2.407000000000000000e+03 1.231288171888188288e+01 -6.517759459873864181e-01 6.215853288731948423e-01
2.408000000000000000e+03 1.228823973731829788e+01 -6.572558344121041118e-01 6.206845997169326834e-01
2.409000000000000000e+03 1.226404322744900632e+01 -6.627000305655897927e-01 6.197468465905904278e-01
2.410000000000000000e+03 1.224028864402723649e+01 -6.681059896733504422e-01 6.187721009931927973e-01
2.411000000000000000e+03 1.221697242706235542e+01 -6.734711587701360802e-01 6.177603947495031722e-01
2.412000000000000000e+03 1.219409100180351224e+01 -6.787929766915409280e-01 6.167117600104354835e-01
2.413000000000000000e+03 1.217164077872326899e+01 -6.840688740656032385e-01 6.156262292534663283e-01
2.414000000000000000e+03 1.214961815350124930e+01 -6.892962733044093460e-01 6.145038352830474171e-01
2.415000000000000000e+03 1.212801950700778875e+01 -6.944725885956931632e-01 6.133446112310196874e-01
2.416000000000000000e+03 1.210684075576656582e+01 -6.995954692493412397e-01 6.121486564903954042e-01
2.417000000000000000e+03 1.208607600039830032e+01 -7.046635313653225596e-01 6.109163349525325026e-01
2.418000000000000000e+03 1.206571886895354595e+01 -7.096756305831722900e-01 6.096480779721691334e-01
2.419000000000000000e+03 1.204576296566431282e+01 -7.146306191263454011e-01 6.083443185449128876e-01
2.420000000000000000e+03 1.202620187091848081e+01 -7.195273457988214938e-01 6.070054913090090487e-01
2.421000000000000000e+03 1.200702914123419518e+01 -7.243646559817049635e-01 6.056320325471065136e-01
2.422000000000000000e+03 1.198823830923427280e+01 -7.291413916298279396e-01 6.042243801880265996e-01
2.423000000000000000e+03 1.196982288362061020e+01 -7.338563912683536694e-01 6.027829738085304090e-01
2.424000000000000000e+03 1.195177634914858267e+01 -7.385084899893771260e-01 6.013082546350848601e-01
2.425000000000000000e+03 1.193409216660145589e+01 -7.430965194485288361e-01 5.998006655456318281e-01
2.426000000000000000e+03 1.191676377276477972e+01 -7.476193078615764875e-01 5.982606510713547321e-01
2.427000000000000000e+03 1.189978458040081044e+01 -7.520756800010274246e-01 5.966886573984461206e-01
2.428000000000000000e+03 1.188314797822289393e+01 -7.564644571927310324e-01 5.950851323698752582e-01
2.429000000000000000e+03 1.186684733086988075e+01 -7.607844573124808996e-01 5.934505254871551561e-01
2.430000000000000000e+03 1.185087597888053956e+01 -7.650344947826172026e-01 5.917852879121104914e-01
2.431000000000000000e+03 1.183522723866794379e+01 -7.692133805686296455e-01 5.900898724686451935e-01
2.432000000000000000e+03 1.181989440249388856e+01 -7.733199221757588449e-01 5.883647336445089193e-01
2.433000000000000000e+03 1.180487073844329160e+01 -7.773529236455993807e-01 5.866103275930658612e-01
2.434000000000000000e+03 1.179014949039858884e+01 -7.813111855527016258e-01 5.848271121350607782e-01
2.435000000000000000e+03 1.177572387801416731e+01 -7.851935050011749073e-01 5.830155467603876929e-01
2.436000000000000000e+03 1.176158709669072877e+01 -7.889986756212882257e-01 5.811760926298565888e-01
2.437000000000000000e+03 1.174773231754972969e+01 -7.927254875660750821e-01 5.793092125769609968e-01
2.438000000000000000e+03 1.173415268740776085e+01 -7.963727275079333090e-01 5.774153711096454700e-01
2.439000000000000000e+03 1.172084132875097318e+01 -7.999391786352291200e-01 5.754950344120732808e-01
2.440000000000000000e+03 1.170779133970946440e+01 -8.034236206488984955e-01 5.735486703463933411e-01
2.441000000000000000e+03 1.169499579403169420e+01 -8.068248297590500107e-01 5.715767484545084542e-01
2.442000000000000000e+03 1.168244774105887629e+01 -8.101415786815669984e-01 5.695797399598415689e-01
2.443000000000000000e+03 1.167014020569941302e+01 -8.133726366347102665e-01 5.675581177691043644e-01
2.444000000000000000e+03 1.165806618840325726e+01 -8.165167693357197054e-01 5.655123564740645037e-01
2.445000000000000000e+03 1.164621866513634707e+01 -8.195727389974172272e-01 5.634429323533118872e-01
2.446000000000000000e+03 1.163459058735500129e+01 -8.225393043248090397e-01 5.613503233740281262e-01
2.447000000000000000e+03 1.162317488198032400e+01 -8.254152205116873642e-01 5.592350091937519085e-01
2.448000000000000000e+03 1.161196445137261080e+01 -8.281992392372335976e-01 5.570974711621480280e-01
2.449000000000000000e+03 1.160095217330574791e+01 -8.308901086626211407e-01 5.549381923227743041e-01
2.450000000000000000e+03 1.159013090094162735e+01 -8.334865734276155624e-01 5.527576574148487243e-01
2.451000000000000000e+03 1.157949346280453895e+01 -8.359873746471790934e-01 5.505563528750166968e-01
2.452000000000000000e+03 1.156903266275557840e+01 -8.383912499080722336e-01 5.483347668391200802e-01
2.453000000000000000e+03 1.155874127996706413e+01 -8.406969332654560256e-01 5.460933891439623267e-01
2.454000000000000000e+03 1.154861206889692049e+01 -8.429031552394938842e-01 5.438327113290771786e-01
2.455000000000000000e+03 1.153863799168666837e+01 -8.450088682608593027e-01 5.415532359218671044e-01
2.456000000000000000e+03 1.152881291692129118e+01 -8.470139244833680969e-01 5.392555043499821510e-01
2.457000000000000000e+03 1.151913092498589108e+01 -8.489184020072013670e-01 5.369400691989405505e-01
2.458000000000000000e+03 1.150958607599960182e+01 -8.507223797981964264e-01 5.346074849458273270e-01
2.459000000000000000e+03 1.150017240979464184e+01 -8.524259376889363748e-01 5.322583079612458468e-01
2.460000000000000000e+03 1.149088394589531958e+01 -8.540291563798388941e-01 5.298930965112705893e-01
2.461000000000000000e+03 1.148171468349708846e+01 -8.555321174402457096e-01 5.275124107593990308e-01
2.462000000000000000e+03 1.147265860144555738e+01 -8.569349033095119417e-01 5.251168127685038600e-01
2.463000000000000000e+03 1.146370965821552801e+01 -8.582375972980957890e-01 5.227068665027855277e-01
2.464000000000000000e+03 1.145486179189002485e+01 -8.594402835886467695e-01 5.202831378297237963e-01
2.465000000000000000e+03 1.144610892013933068e+01 -8.605430472370961814e-01 5.178461945220305118e-01
2.466000000000000000e+03 1.143744494020000424e+01 -8.615459741737453436e-01 5.153966062596019304e-01
2.467000000000000000e+03 1.142886372885392809e+01 -8.624491512043556130e-01 5.129349446314700467e-01
2.468000000000000000e+03 1.142035914240731920e+01 -8.632526660112374017e-01 5.104617831377560311e-01
2.469000000000000000e+03 1.141192501666977677e+01 -8.639566071543390846e-01 5.079776971916212247e-01
2.470000000000000000e+03 1.140355516693329641e+01 -8.645610640723371265e-01 5.054832641212199107e-01
2.471000000000000000e+03 1.139524338795131442e+01 -8.650661270837246564e-01 5.029790631716520855e-01
2.472000000000000000e+03 1.138698345391773969e+01 -8.654718873879003738e-01 5.004656755069145646e-01
2.473000000000000000e+03 1.137876911844595362e+01 -8.657784370662594542e-01 4.979436842118538098e-01
2.474000000000000000e+03 1.137059411454789526e+01 -8.659858690832811234e-01 4.954136742941181448e-01
2.475000000000000000e+03 1.136245215461302749e+01 -8.660942772876184526e-01 4.928762326861096388e-01
2.476000000000000000e+03 1.135433693038742398e+01 -8.661037564131884858e-01 4.903319482469370993e-01
2.477000000000000000e+03 1.134624211295275842e+01 -8.660144020802592602e-01 4.877814117643669012e-01
2.478000000000000000e+03 1.133816135270536307e+01 -8.658263107965429306e-01 4.852252159567765344e-01
2.479000000000000000e+03 1.133008827933524287e+01 -8.655395799582805694e-01 4.826639554751059324e-01
2.480000000000000000e+03 1.132201650180510732e+01 -8.651543078513346252e-01 4.800982269048102435e-01
2.481000000000000000e+03 1.131393960832940593e+01 -8.646705936522770530e-01 4.775286287678119357e-01
2.482000000000000000e+03 1.130585116635335474e+01 -8.640885374294784427e-01 4.749557615244524578e-01
2.483000000000000000e+03 1.129774472253197004e+01 -8.634082401441979249e-01 4.723802275754451219e-01
2.484000000000000000e+03 1.128961380270909487e+01 -8.626298036516719669e-01 4.698026312638270419e-01
2.485000000000000000e+03 1.128145191189642915e+01 -8.617533307022035016e-01 4.672235788769112386e-01
2.486000000000000000e+03 1.127325253425256868e+01 -8.607789249422518330e-01 4.646436786482389669e-01
2.487000000000000000e+03 1.126500913306201568e+01 -8.597066909155209880e-01 4.620635407595320987e-01
2.488000000000000000e+03 1.125671515071423201e+01 -8.585367340640505107e-01 4.594837773426447280e-01
2.489000000000000000e+03 1.124836400868266040e+01 -8.572691607293027038e-01 4.569050024815162203e-01
2.490000000000000000e+03 1.123994910750374565e+01 -8.559040781532536446e-01 4.543278322141225400e-01
2.491000000000000000e+03 1.123146382675597543e+01 -8.544415944794815365e-01 4.517528845344291888e-01
2.492000000000000000e+03 1.122290152503890859e+01 -8.528818187542562823e-01 4.491807793943430882e-01
2.493000000000000000e+03 1.121425553995220525e+01 -8.512248609276289457e-01 4.466121387056648517e-01
2.494000000000000000e+03 1.120551987180911624e+01 -8.494711102141752068e-01 4.440475622616916751e-01
2.495000000000000000e+03 1.119669123920531995e+01 -8.476220719588388741e-01 4.414875553436389266e-01
2.496000000000000000e+03 1.118776703547676377e+01 -8.456795356865991486e-01 4.389326006930802659e-01
2.497000000000000000e+03 1.117874464605334950e+01 -8.436452971954511160e-01 4.363831825551866550e-01
2.498000000000000000e+03 1.116962144845117244e+01 -8.415211585628643576e-01 4.338397866802145564e-01
2.499000000000000000e+03 1.116039481226471786e+01 -8.393089281522392309e-01 4.313029003249930771e-01
2.500000000000000000e+03 1.115106209915907876e+01 -8.370104206193647034e-01 4.287730122544122779e-01
